gbifID	datasetKey	occurrenceID	kingdom	phylum	class	order	family	genus	species	infraspecificEpithet	taxonRank	scientificName	verbatimScientificName	verbatimScientificNameAuthorship	countryCode	locality	stateProvince	occurrenceStatus	individualCount	publishingOrgKey	decimalLatitude	decimalLongitude	coordinateUncertaintyInMeters	coordinatePrecision	elevation	elevationAccuracy	depth	depthAccuracy	eventDate	day	month	year	taxonKey	speciesKey	basisOfRecord	institutionCode	collectionCode	catalogNumber	recordNumber	identifiedBy	dateIdentified	license	rightsHolder	recordedBy	typeStatus	establishmentMeans	lastInterpreted	mediaType	issue
912693816	cd6e21c8-9e8a-493a-8a76-fbf7862069e5	http://specimens.kew.org/herbarium/K000944311	Plantae	Tracheophyta	Magnoliopsida	Fabales	Fabaceae	Inga			GENUS	Inga Mill.	Inga	Mill.	BR	Mineração Vale do São Miguel.		PRESENT		061b4f20-f241-11da-a328-b8a03c50a862	-20.353889	-45.668333			680.0				2006-07-14T00:00	14	7	2006	2965936		PRESERVED_SPECIMEN	K	Herbarium	K000944311	194			CC_BY_4_0		Borges, R.A.X.; Bernardo, P.H.			2026-07-14T09:49:48.253Z	StillImage	COORDINATE_ROUNDED;GEODETIC_DATUM_ASSUMED_WGS84;CONTINENT_DERIVED_FROM_COORDINATES;INSTITUTION_MATCH_FUZZY;INSTITUTION_COLLECTION_MISMATCH
6415469332	4300f8d5-1ae5-49e5-a101-63894b005868	urn:catalog:JBRJ:RB:1610281	Plantae	Tracheophyta	Magnoliopsida	Gentianales	Loganiaceae	Strychnos	Strychnos bicolor		SPECIES	Strychnos bicolor Progel	Strychnos bicolor Progel	Progel	BR	Conglomerado MG_1253, subunidade 1, subparcela 3, indivíduo 11. Formulário F6. UTM do Ponto Central: E(424846m) N(7750730m), fuso do GPS (23K).	Minas Gerais	PRESENT		838537fc-4aeb-4980-8b58-97fbdcd1d91a	-20.34	-45.72							2025-02-07	7	2	2025	5645781	5645781	PRESERVED_SPECIMEN	JBRJ	RB	RB01610281	1696	D. Monteiro	2026-02-04T00:00:00	CC_BY_4_0	Rio de Janeiro Botanical Garden	R.P. Viana			2026-07-01T12:15:02.982Z		GEODETIC_DATUM_ASSUMED_WGS84;CONTINENT_DERIVED_FROM_COORDINATES;INSTITUTION_MATCH_FUZZY;COLLECTION_MATCH_FUZZY
6402829465	fdf55163-54d8-4bc7-862d-7e41068589e3	https://specieslink.net/guid/15/41509	Plantae	Tracheophyta	Magnoliopsida	Rosales	Urticaceae	Urera			GENUS	Urera Gaudich.	Urera		BR		Minas Gerais	PRESENT		92bd7d31-3255-4f1c-8552-cbb6fbe60478	-20.256389	-45.669167			700.0				2003-03-08	8	3	2003	2984329		PRESERVED_SPECIMEN	UNESP-RC	HRCB	41509	466			CC_BY_4_0	Herbário Rioclarense	Melo, P.H.A.			2026-06-26T18:23:22.508Z		CONTINENT_DERIVED_FROM_COORDINATES;INSTITUTION_MATCH_NONE
6402828753	fdf55163-54d8-4bc7-862d-7e41068589e3	https://specieslink.net/guid/15/41505	Plantae	Tracheophyta	Magnoliopsida	Rosales	Urticaceae	Urera	Urera baccifera		SPECIES	Urera baccifera (L.) Gaudich. ex Wedd.	Urera baccifera	(L.) Gaudich. ex Wedd.	BR		Minas Gerais	PRESENT		92bd7d31-3255-4f1c-8552-cbb6fbe60478	-20.250278	-45.670833							2002-08-09	9	8	2002	2984339	7411905	PRESERVED_SPECIMEN	UNESP-RC	HRCB	41505	21	Gaglioti, A.L.	2010-01-20T00:00:00	CC_BY_4_0	Herbário Rioclarense	Melo, P.H.A.		native	2026-06-26T18:23:22.591Z		CONTINENT_DERIVED_FROM_COORDINATES;INSTITUTION_MATCH_NONE
6402826786	fdf55163-54d8-4bc7-862d-7e41068589e3	https://specieslink.net/guid/15/41520	Plantae	Tracheophyta	Magnoliopsida	Rosales	Urticaceae	Urera	Urera baccifera		SPECIES	Urera baccifera (L.) Gaudich. ex Wedd.	Urera baccifera	(L.) Gaudich. ex Wedd.	BR		Minas Gerais	PRESENT		92bd7d31-3255-4f1c-8552-cbb6fbe60478	-20.256389	-45.669167							2002-10-04	4	10	2002	2984339	7411905	PRESERVED_SPECIMEN	UNESP-RC	HRCB	41520	91	Gaglioti, A.L.	2010-01-20T00:00:00	CC_BY_4_0	Herbário Rioclarense	Melo, P.H.A.		native	2026-06-26T18:23:21.383Z		CONTINENT_DERIVED_FROM_COORDINATES;INSTITUTION_MATCH_NONE
6402826663	fdf55163-54d8-4bc7-862d-7e41068589e3	https://specieslink.net/guid/15/41535	Plantae	Tracheophyta	Magnoliopsida	Rosales	Urticaceae	Pilea			GENUS	Pilea Lindl.	Pilea		BR		Minas Gerais	PRESENT		92bd7d31-3255-4f1c-8552-cbb6fbe60478	-20.251389	-45.662778							2003-02-01	1	2	2003	2984417		PRESERVED_SPECIMEN	UNESP-RC	HRCB	41535	387			CC_BY_4_0	Herbário Rioclarense	Melo, P.H.A.			2026-06-26T18:23:21.318Z		CONTINENT_DERIVED_FROM_COORDINATES;INSTITUTION_MATCH_NONE
6327426311	d2470ef8-edfa-4ba7-821e-c3e1a537bdba	https://specieslink.net/guid/220/88369	Plantae	Tracheophyta	Magnoliopsida	Boraginales	Cordiaceae	Varronia	Varronia polycephala		SPECIES	Cordia urticifolia Cham.	Cordia urticifolia		BR	Fazenda Amargoso, MG 439 km 16, divisa com Francisco Golçalves Costa.	Minas Gerais	PRESENT		4265f332-341c-45f6-b30b-5dc2e39b86e8	-20.382778	-45.64945							2004-02-16	16	2	2004	5660427	4059364	PRESERVED_SPECIMEN	UFMG	BHCB	88369	1099	Stapf, MNS de	2004-07-14T00:00:00	CC_BY_4_0	Herbário da UFMG - Fanerógamas, Algas e Fungos	Melo, PHA de			2026-06-25T20:18:18.102Z		CONTINENT_DERIVED_FROM_COORDINATES;INSTITUTION_MATCH_NONE
6327424309	d2470ef8-edfa-4ba7-821e-c3e1a537bdba	https://specieslink.net/guid/220/88372	Plantae	Tracheophyta	Magnoliopsida	Boraginales	Cordiaceae	Varronia	Varronia polycephala		SPECIES	Cordia urticaefolia Cham.	Cordia urticaefolia	Cham.	BR	Fazenda Faroeste, Margem direita do Rio São Miguel	Minas Gerais	PRESENT		4265f332-341c-45f6-b30b-5dc2e39b86e8	-20.255842	-45.662508							2004-02-15	15	2	2004	8809793	4059364	PRESERVED_SPECIMEN	UFMG	BHCB	88372	1078	Melo, PHA de		CC_BY_4_0	Herbário da UFMG - Fanerógamas, Algas e Fungos	Melo, PHA de; Souza, DT; Palmeira, LRM; Carvalho, FA			2026-06-25T20:18:18.109Z		CONTINENT_DERIVED_FROM_COORDINATES;IDENTIFIED_DATE_INVALID;INSTITUTION_MATCH_NONE
6220016319	3b8e9d83-b2d4-4a97-973c-31d98b67b1e9	https://specieslink.net/guid/40/452664	Plantae	Tracheophyta	Magnoliopsida	Malpighiales	Malpighiaceae				FAMILY	Malpighiaceae			BR	Calciolândia. Estrada de Ferro próximo ao Rio São Miguel	Minas Gerais	PRESENT		ab5c0b99-5af3-4958-b03c-0b7e85481cc1	-20.237778	-45.660833			593.0				2018-05-21	21	5	2018	6676		PRESERVED_SPECIMEN	MBM	MBM	452664	86	Valente, B.	2018-05-01T00:00:00	CC_BY_4_0	Herbário do Museu Botânico Municipal	Valente, E.; Baumgratz, J.F.A.; Bovini, M.; Ferreira, C.D.M.; Leite, G.A.			2026-06-26T20:12:41.587Z		COORDINATE_ROUNDED;CONTINENT_DERIVED_FROM_COORDINATES;INSTITUTION_MATCH_FUZZY;COLLECTION_MATCH_FUZZY
6220015328	3b8e9d83-b2d4-4a97-973c-31d98b67b1e9	https://specieslink.net/guid/40/452665	Plantae	Tracheophyta	Magnoliopsida	Solanales	Convolvulaceae				FAMILY	Convolvulaceae		Juss.	BR	Estrada Calciolândia x Pains	Minas Gerais	PRESENT		ab5c0b99-5af3-4958-b03c-0b7e85481cc1	-20.264722	-45.669167			645.0				2018-05-21	21	5	2018	2389		PRESERVED_SPECIMEN	MBM	MBM	452665	89	Valente, B.	2018-05-01T00:00:00	CC_BY_4_0	Herbário do Museu Botânico Municipal	Valente, B.; Baumgratz, J.F.A.; Bovini, M.; Ferreira, C.D.M.; Leite, G.A.			2026-06-26T20:12:41.683Z		COORDINATE_ROUNDED;CONTINENT_DERIVED_FROM_COORDINATES;INSTITUTION_MATCH_FUZZY;COLLECTION_MATCH_FUZZY;TAXON_MATCH_HIGHERRANK
6220002303	3b8e9d83-b2d4-4a97-973c-31d98b67b1e9	https://specieslink.net/guid/40/452662	Plantae	Tracheophyta	Magnoliopsida	Laurales	Lauraceae				FAMILY	Lauraceae			BR	Calciolândia. Estrada de Ferro próximo ao Rio São Miguel	Minas Gerais	PRESENT		ab5c0b99-5af3-4958-b03c-0b7e85481cc1	-20.237778	-45.660833			593.0				2018-05-21	21	5	2018	6688		PRESERVED_SPECIMEN	MBM	MBM	452662	85			CC_BY_4_0	Herbário do Museu Botânico Municipal	Valente, E.; Baumgratz, J.F.A.; Bovini, M.; Ferreira, C.D.M.; Leite, G.A.			2026-06-26T20:12:41.524Z		COORDINATE_ROUNDED;CONTINENT_DERIVED_FROM_COORDINATES;INSTITUTION_MATCH_FUZZY;COLLECTION_MATCH_FUZZY
6184282493	4300f8d5-1ae5-49e5-a101-63894b005868	urn:catalog:JBRJ:RB:1604946	Plantae	Tracheophyta	Magnoliopsida	Asterales	Asteraceae	Baccharis	Baccharis trinervis		SPECIES	Baccharis trinervis (Lam.) Pers.	Baccharis aff. trinervis Pers.	Pers.	BR	Conglomerado MG_1253, subunidade 2, subparcela 1, indivíduo 4. Formulário F8. UTM do Ponto Central: E(424846m) N(7750730m), fuso do GPS (23K).	Minas Gerais	PRESENT		838537fc-4aeb-4980-8b58-97fbdcd1d91a	-20.34	-45.72							2025-02-07	7	2	2025	3129535	3129535	PRESERVED_SPECIMEN	JBRJ	RB	RB01604946	1719	D.Monteiro	2026-03-03T00:00:00	CC_BY_4_0	Rio de Janeiro Botanical Garden	R.P. Viana			2026-07-01T12:15:02.819Z		GEODETIC_DATUM_ASSUMED_WGS84;CONTINENT_DERIVED_FROM_COORDINATES;INSTITUTION_MATCH_FUZZY;COLLECTION_MATCH_FUZZY
6184282488	4300f8d5-1ae5-49e5-a101-63894b005868	urn:catalog:JBRJ:RB:1603893	Plantae	Tracheophyta	Magnoliopsida	Sapindales	Rutaceae	Zanthoxylum	Zanthoxylum rhoifolium		SPECIES	Zanthoxylum rhoifolium Lam.	Zanthoxylum rhoifolium Lam.	Lam.	BR	Conglomerado MG_1253, subunidade 1, subparcela 6, indivíduo 30. Formulário F6. UTM do Ponto Central: E(424846m) N(7750730m), fuso do GPS (23K).	Minas Gerais	PRESENT		838537fc-4aeb-4980-8b58-97fbdcd1d91a	-20.34	-45.72							2025-02-07	7	2	2025	7269222	7269222	PRESERVED_SPECIMEN	JBRJ	RB	RB01603893	1701	A.A. Corrêa	2026-03-23T00:00:00	CC_BY_4_0	Rio de Janeiro Botanical Garden	R.P. Viana			2026-07-01T12:15:02.672Z		GEODETIC_DATUM_ASSUMED_WGS84;CONTINENT_DERIVED_FROM_COORDINATES;INSTITUTION_MATCH_FUZZY;COLLECTION_MATCH_FUZZY
6184282054	4300f8d5-1ae5-49e5-a101-63894b005868	urn:catalog:JBRJ:RB:1602985	Plantae	Tracheophyta	Magnoliopsida	Sapindales	Anacardiaceae	Tapirira	Tapirira guianensis		SPECIES	Tapirira guianensis Aubl.	Tapirira guianensis Aubl.	Aubl.	BR	Conglomerado MG_1253, subunidade 2, subparcela 3, indivíduo 3. Formulário F6. UTM do Ponto Central: E(424846m) N(7750730m), fuso do GPS (23K).	Minas Gerais	PRESENT		838537fc-4aeb-4980-8b58-97fbdcd1d91a	-20.34	-45.72							2025-02-07	7	2	2025	7321555	7321555	PRESERVED_SPECIMEN	JBRJ	RB	RB01602985	1705	A.A CORRÊA	2026-05-05T00:00:00	CC_BY_4_0	Rio de Janeiro Botanical Garden	R.P. Viana			2026-07-01T12:15:02.512Z		GEODETIC_DATUM_ASSUMED_WGS84;CONTINENT_DERIVED_FROM_COORDINATES;INSTITUTION_MATCH_FUZZY;COLLECTION_MATCH_FUZZY
6184281968	4300f8d5-1ae5-49e5-a101-63894b005868	urn:catalog:JBRJ:RB:1602984	Plantae	Tracheophyta	Magnoliopsida	Sapindales	Anacardiaceae	Tapirira	Tapirira guianensis		SPECIES	Tapirira guianensis Aubl.	Tapirira guianensis Aubl.	Aubl.	BR	Conglomerado MG_1253, subunidade 4, subparcela 10, indivíduo 10. Formulário F8. UTM do Ponto Central: E(424846m) N(7750730m), fuso do GPS (23K).	Minas Gerais	PRESENT		838537fc-4aeb-4980-8b58-97fbdcd1d91a	-20.34	-45.72							2025-02-07	7	2	2025	7321555	7321555	PRESERVED_SPECIMEN	JBRJ	RB	RB01602984	1725	A.A CORRÊA	2026-05-05T00:00:00	CC_BY_4_0	Rio de Janeiro Botanical Garden	R.P. Viana			2026-07-01T12:15:02.511Z		GEODETIC_DATUM_ASSUMED_WGS84;CONTINENT_DERIVED_FROM_COORDINATES;INSTITUTION_MATCH_FUZZY;COLLECTION_MATCH_FUZZY
6184281718	4300f8d5-1ae5-49e5-a101-63894b005868	urn:catalog:JBRJ:RB:1604911	Plantae	Tracheophyta	Magnoliopsida	Rosales	Rhamnaceae	Gouania	Gouania latifolia		SPECIES	Gouania latifolia Reissek	Gouania latifolia Reissek	Reissek	BR	Conglomerado MG_1253, subunidade 2, subparcela 1, indivíduo 3. Formulário F8. UTM do Ponto Central: E(424846m) N(7750730m), fuso do GPS (23K).	Minas Gerais	PRESENT		838537fc-4aeb-4980-8b58-97fbdcd1d91a	-20.34	-45.72							2025-02-07	7	2	2025	5603000	5603000	PRESERVED_SPECIMEN	JBRJ	RB	RB01604911	1718	D. Monteiro	2026-03-10T00:00:00	CC_BY_4_0	Rio de Janeiro Botanical Garden	R.P. Viana			2026-07-01T12:15:02.790Z		GEODETIC_DATUM_ASSUMED_WGS84;CONTINENT_DERIVED_FROM_COORDINATES;INSTITUTION_MATCH_FUZZY;COLLECTION_MATCH_FUZZY
6184281344	4300f8d5-1ae5-49e5-a101-63894b005868	urn:catalog:JBRJ:RB:1603828	Plantae	Tracheophyta	Magnoliopsida	Malpighiales	Euphorbiaceae	Croton	Croton salutaris		SPECIES	Croton salutaris Casar.	Croton cf. salutaris Casar.	Casar.	BR	Conglomerado MG_1253, subunidade 2, subparcela 10, indivíduo 8. Formulário F6. UTM do Ponto Central: E(424846m) N(7750730m), fuso do GPS (23K).	Minas Gerais	PRESENT		838537fc-4aeb-4980-8b58-97fbdcd1d91a	-20.34	-45.72							2025-02-07	7	2	2025	3058577	3058577	PRESERVED_SPECIMEN	JBRJ	RB	RB01603828	1707	A.A. Corrêa	2026-05-29T00:00:00	CC_BY_4_0	Rio de Janeiro Botanical Garden	R.P. Viana			2026-07-01T12:15:30.177Z		GEODETIC_DATUM_ASSUMED_WGS84;CONTINENT_DERIVED_FROM_COORDINATES;INSTITUTION_MATCH_FUZZY;COLLECTION_MATCH_FUZZY
6184281004	4300f8d5-1ae5-49e5-a101-63894b005868	urn:catalog:JBRJ:RB:1603736	Plantae	Tracheophyta	Liliopsida	Poales	Poaceae				FAMILY	Poaceae	Poaceae		BR	Conglomerado MG_1253, subunidade 3, subparcela 1, indivíduo 1. Formulário F9. UTM do Ponto Central: E(424846m) N(7750730m), fuso do GPS (23K).	Minas Gerais	PRESENT		838537fc-4aeb-4980-8b58-97fbdcd1d91a	-20.34	-45.72							2025-02-07	7	2	2025	3073		PRESERVED_SPECIMEN	JBRJ	RB	RB01603736	1728			CC_BY_4_0	Rio de Janeiro Botanical Garden	R.P. Viana			2026-07-01T12:15:02.600Z		GEODETIC_DATUM_ASSUMED_WGS84;CONTINENT_DERIVED_FROM_COORDINATES;INSTITUTION_MATCH_FUZZY;COLLECTION_MATCH_FUZZY
6163445973	4300f8d5-1ae5-49e5-a101-63894b005868	urn:catalog:JBRJ:RB:1602965	Plantae	Tracheophyta	Magnoliopsida	Cucurbitales	Cucurbitaceae	Wilbrandia	Wilbrandia hibiscoides		SPECIES	Wilbrandia hibiscoides Silva Manso	Wilbrandia hibiscoides Silva Manso	Silva Manso	BR	Conglomerado MG_1253, subunidade 2, subparcela 1, indivíduo 5. Formulário F8. UTM do Ponto Central: E(424846m) N(7750730m), fuso do GPS (23K).	Minas Gerais	PRESENT		838537fc-4aeb-4980-8b58-97fbdcd1d91a	-20.34	-45.72							2025-02-07	7	2	2025	7317954	7317954	PRESERVED_SPECIMEN	JBRJ	RB	RB01602965	1720	I.T. Lopes	2026-06-01T00:00:00	CC_BY_4_0	Rio de Janeiro Botanical Garden	R.P. Viana			2026-07-01T12:15:02.412Z		GEODETIC_DATUM_ASSUMED_WGS84;CONTINENT_DERIVED_FROM_COORDINATES;INSTITUTION_MATCH_FUZZY;COLLECTION_MATCH_FUZZY
6163445927	4300f8d5-1ae5-49e5-a101-63894b005868	urn:catalog:JBRJ:RB:1602963	Plantae	Tracheophyta	Magnoliopsida	Sapindales	Sapindaceae	Matayba	Matayba guianensis		SPECIES	Matayba guianensis Aubl.	Matayba guianensis Aubl.	Aubl.	BR	Conglomerado MG_1253, subunidade 3, subparcela 5, indivíduo 18. Formulário F6. UTM do Ponto Central: E(424846m) N(7750730m), fuso do GPS (23K).	Minas Gerais	PRESENT		838537fc-4aeb-4980-8b58-97fbdcd1d91a	-20.34	-45.72							2025-02-07	7	2	2025	3784329	3784329	PRESERVED_SPECIMEN	JBRJ	RB	RB01602963	1709	D. Monteiro	2026-03-03T00:00:00	CC_BY_4_0	Rio de Janeiro Botanical Garden	R.P. Viana			2026-07-01T12:15:02.461Z		GEODETIC_DATUM_ASSUMED_WGS84;CONTINENT_DERIVED_FROM_COORDINATES;INSTITUTION_MATCH_FUZZY;COLLECTION_MATCH_FUZZY
6160800509	fdf55163-54d8-4bc7-862d-7e41068589e3	https://specieslink.net/guid/15/41427	Plantae	Tracheophyta	Liliopsida	Dioscoreales	Dioscoreaceae	Dioscorea	Dioscorea martiana		SPECIES	Dioscorea leptostachya Gardner	Dioscorea leptostachya	Gardner	BR	Fazenda Faroeste Margem direita do Rio São Miguel	Minas Gerais	PRESENT		92bd7d31-3255-4f1c-8552-cbb6fbe60478	-20.251389	-45.662972							2003-02-01	1	2	2003	2755323	2755322	PRESERVED_SPECIMEN	UNESP-RC	HRCB	41427	389	Araújo, D.	2012-02-24T00:00:00	CC_BY_4_0	Herbário Rioclarense	Melo, P.H.A.		native	2026-06-26T18:23:19.816Z		CONTINENT_DERIVED_FROM_COORDINATES;INSTITUTION_MATCH_NONE
5934868305	e1278068-7d2d-44e0-8274-a46ae6ebf957	https://specieslink.net/guid/391/14220	Plantae	Tracheophyta	Magnoliopsida	Caryophyllales	Cactaceae	Cereus			GENUS	Cereus Mill.	Cereus		BR	Afloramento de calcário Bambuí (L45)	Minas Gerais	PRESENT		69e3ffff-c8fa-43a5-8d76-0c24261df2d7	-20.376611	-45.670056			705.0				2024-03-24	24	3	2024	3084079		PRESERVED_SPECIMEN	UFSCar	SORO	14220	GO 470	Olsthoorn, G.		CC_BY_4_0	Herbário do Centro de Ciências e Tecnologias para a Sustentabilidade	Olsthoorn, G.			2026-06-26T19:31:19.960Z		CONTINENT_DERIVED_FROM_COORDINATES;INSTITUTION_MATCH_NONE
5933032335	d2470ef8-edfa-4ba7-821e-c3e1a537bdba	https://specieslink.net/guid/220/147248	Plantae	Tracheophyta	Magnoliopsida	Laurales	Lauraceae	Ocotea			GENUS	Ocotea Aubl.	Ocotea		BR		Minas Gerais	PRESENT		4265f332-341c-45f6-b30b-5dc2e39b86e8	-20.3709	-45.5941							2008-11-28	28	11	2008	3034076		PRESERVED_SPECIMEN	UFMG	BHCB	147248	6			CC_BY_4_0	Herbário da UFMG - Fanerógamas, Algas e Fungos	Mansur, T			2026-06-25T20:18:17.793Z		CONTINENT_DERIVED_FROM_COORDINATES;IDENTIFIED_DATE_INVALID;INSTITUTION_MATCH_NONE
5868800431	330d773a-abe3-4234-b423-129dc4d00963	https://specieslink.net/guid/229/43913	Plantae	Tracheophyta	Magnoliopsida	Sapindales	Meliaceae	Cedrela	Cedrela odorata		SPECIES	Cedrela odorata L.	Cedrela odorata	L.	BR	Fazenda Faroeste	Minas Gerais	PRESENT		303e2432-448c-41ec-be2b-020a25c7adc4	-20.256389	-45.669167							2002-11-16	16	11	2002	3190511	3190511	PRESERVED_SPECIMEN	UFJF	CESJ	43913	214	J.A. Lombardi		CC_BY_4_0	Herbário Leopoldo Krieger	P.H.A. Melo		native	2026-06-25T20:53:08.443Z		CONTINENT_DERIVED_FROM_COORDINATES;IDENTIFIED_DATE_INVALID;INSTITUTION_MATCH_FUZZY;INSTITUTION_COLLECTION_MISMATCH
5867705718	4300f8d5-1ae5-49e5-a101-63894b005868	urn:catalog:JBRJ:RB:1591342	Plantae	Tracheophyta	Magnoliopsida	Malpighiales	Malpighiaceae	Banisteriopsis			GENUS	Banisteriopsis C.B.Rob.	Banisteriopsis		BR	Fazenda Amargoso, MG 439 Km 16. Encosta de afloramento	Minas Gerais	PRESENT		838537fc-4aeb-4980-8b58-97fbdcd1d91a	-20.380833	-45.661667							2004-03-03	3	3	2004	7618041		PRESERVED_SPECIMEN	JBRJ	RB	RB01591342	1116			CC_BY_4_0	Rio de Janeiro Botanical Garden	P.H.A. Melo			2026-07-01T12:15:02.195Z		COORDINATE_ROUNDED;GEODETIC_DATUM_ASSUMED_WGS84;CONTINENT_DERIVED_FROM_COORDINATES;INSTITUTION_MATCH_FUZZY;COLLECTION_MATCH_FUZZY
5867704938	4300f8d5-1ae5-49e5-a101-63894b005868	urn:catalog:JBRJ:RB:1591063	Plantae	Tracheophyta	Magnoliopsida	Cornales	Loasaceae	Mentzelia	Mentzelia aspera		SPECIES	Mentzelia aspera L.	Mentzelia aspera L.	L.	BR	Fazenda Faraoeste, margem direita do Rio São Miguel	Minas Gerais	PRESENT		838537fc-4aeb-4980-8b58-97fbdcd1d91a	-20.266389	-45.660278							2006-12-14	14	12	2006	5331416	5331416	PRESERVED_SPECIMEN	JBRJ	RB	RB01591063	1765	P.H.A. Melo	2018-07-16T00:00:00	CC_BY_4_0	Rio de Janeiro Botanical Garden	P.H.A. Melo; L.C.M. da Silva			2026-07-01T12:15:32.464Z		COORDINATE_ROUNDED;GEODETIC_DATUM_ASSUMED_WGS84;CONTINENT_DERIVED_FROM_COORDINATES;INSTITUTION_MATCH_FUZZY;COLLECTION_MATCH_FUZZY
5867704830	4300f8d5-1ae5-49e5-a101-63894b005868	urn:catalog:JBRJ:RB:1591177	Plantae	Tracheophyta	Magnoliopsida	Sapindales	Meliaceae	Trichilia	Trichilia claussenii		SPECIES	Trichilia claussenii C.DC.	Trichilia clausseni C.DC.	C.DC.	BR	Fazenda Amargoso, MG 439 Km 16	Minas Gerais	PRESENT		838537fc-4aeb-4980-8b58-97fbdcd1d91a	-20.393055	-45.646389							2002-12-31	31	12	2002	8059494	8059494	PRESERVED_SPECIMEN	JBRJ	RB	RB01591177	783	P.H.A. Melo	2018-07-13T00:00:00	CC_BY_4_0	Rio de Janeiro Botanical Garden	P.H.A. Melo			2026-07-01T12:15:02.249Z		COORDINATE_ROUNDED;GEODETIC_DATUM_ASSUMED_WGS84;CONTINENT_DERIVED_FROM_COORDINATES;INSTITUTION_MATCH_FUZZY;COLLECTION_MATCH_FUZZY;TAXON_MATCH_FUZZY
5867704482	4300f8d5-1ae5-49e5-a101-63894b005868	urn:catalog:JBRJ:RB:1583923	Plantae	Tracheophyta	Magnoliopsida	Cucurbitales	Cucurbitaceae				FAMILY	Cucurbitaceae	Cucurbitaceae		BR	Fazenda Amargoso, MG 439 Km 16	Minas Gerais	PRESENT		838537fc-4aeb-4980-8b58-97fbdcd1d91a	-20.387222	-45.649722							2003-04-15	15	4	2003	6634		PRESERVED_SPECIMEN	JBRJ	RB	RB01583923	558			CC_BY_4_0	Rio de Janeiro Botanical Garden	P.H.A. Melo; F.V. Bezerra			2026-07-01T12:15:01.928Z		COORDINATE_ROUNDED;GEODETIC_DATUM_ASSUMED_WGS84;CONTINENT_DERIVED_FROM_COORDINATES;INSTITUTION_MATCH_FUZZY;COLLECTION_MATCH_FUZZY
5867703791	4300f8d5-1ae5-49e5-a101-63894b005868	urn:catalog:JBRJ:RB:1583987	Plantae	Tracheophyta	Magnoliopsida	Myrtales	Myrtaceae	Eugenia	Eugenia florida		SPECIES	Eugenia florida DC.	Eugenia cf. florida DC.	DC.	BR	Nascentes do Rio São Miguel, Região da Onça	Minas Gerais	PRESENT		838537fc-4aeb-4980-8b58-97fbdcd1d91a	-20.431111	-45.618889							2006-11-25	25	11	2006	5417919	5417919	PRESERVED_SPECIMEN	JBRJ	RB	RB01583987	2435	T. Fernandes	2025-09-01T00:00:00	CC_BY_4_0	Rio de Janeiro Botanical Garden	P.H.A. Melo; R.M. Santos			2026-07-01T12:15:02.241Z		COORDINATE_ROUNDED;GEODETIC_DATUM_ASSUMED_WGS84;CONTINENT_DERIVED_FROM_COORDINATES;INSTITUTION_MATCH_FUZZY;COLLECTION_MATCH_FUZZY
5867703719	4300f8d5-1ae5-49e5-a101-63894b005868	urn:catalog:JBRJ:RB:1591442	Plantae	Tracheophyta	Magnoliopsida	Cucurbitales	Cucurbitaceae				FAMILY	Cucurbitaceae	Cucurbitaceae		BR	Fazenda Amargoso, MG 439, Km 16	Minas Gerais	PRESENT		838537fc-4aeb-4980-8b58-97fbdcd1d91a	-20.387222	-45.649722							2003-03-22	22	3	2003	6634		PRESERVED_SPECIMEN	JBRJ	RB	RB01591442	482			CC_BY_4_0	Rio de Janeiro Botanical Garden	P.H.A. Melo			2026-07-01T12:15:01.916Z		COORDINATE_ROUNDED;GEODETIC_DATUM_ASSUMED_WGS84;CONTINENT_DERIVED_FROM_COORDINATES;INSTITUTION_MATCH_FUZZY;COLLECTION_MATCH_FUZZY
5867703513	4300f8d5-1ae5-49e5-a101-63894b005868	urn:catalog:JBRJ:RB:1591216	Plantae	Tracheophyta	Magnoliopsida	Laurales	Lauraceae	Nectandra			GENUS	Nectandra Rol. ex Rottb.	Nectandra		BR	Fazenda Posse Grande, proximidades da CSN	Minas Gerais	PRESENT		838537fc-4aeb-4980-8b58-97fbdcd1d91a	-20.338611	-45.5875							2006-10		10	2006	3034018		PRESERVED_SPECIMEN	JBRJ	RB	RB01591216	2442			CC_BY_4_0	Rio de Janeiro Botanical Garden	P.H.A. Melo; A.V.A. Souza			2026-07-01T12:15:02.264Z		COORDINATE_ROUNDED;GEODETIC_DATUM_ASSUMED_WGS84;CONTINENT_DERIVED_FROM_COORDINATES;INSTITUTION_MATCH_FUZZY;COLLECTION_MATCH_FUZZY
5867703352	4300f8d5-1ae5-49e5-a101-63894b005868	urn:catalog:JBRJ:RB:1591210	Plantae	Tracheophyta	Magnoliopsida	Laurales	Lauraceae	Nectandra	Nectandra nitidula		SPECIES	Nectandra nitidula Nees & Mart. ex Nees	Nectandra nitidula Nees & Mart.	Nees & Mart.	BR	Fazenda Posse Grande, proximidades da CSN	Minas Gerais	PRESENT		838537fc-4aeb-4980-8b58-97fbdcd1d91a	-20.338611	-45.5875							2006-10		10	2006	7304744	7304744	PRESERVED_SPECIMEN	JBRJ	RB	RB01591210	2454	P. Moraes	2018-07-16T00:00:00	CC_BY_4_0	Rio de Janeiro Botanical Garden	P.H.A. Melo; A.V.A. Souza			2026-07-01T12:15:40.408Z		COORDINATE_ROUNDED;GEODETIC_DATUM_ASSUMED_WGS84;CONTINENT_DERIVED_FROM_COORDINATES;INSTITUTION_MATCH_FUZZY;COLLECTION_MATCH_FUZZY
5867700999	4300f8d5-1ae5-49e5-a101-63894b005868	urn:catalog:JBRJ:RB:1583963	Plantae	Tracheophyta	Magnoliopsida	Laurales	Lauraceae	Nectandra	Nectandra nitidula		SPECIES	Nectandra nitidula Nees & Mart. ex Nees	Nectandra nitidula Nees & Mart.	Nees & Mart.	BR	Fazenda Faroeste, margem direita do Rio São Miguel	Minas Gerais	PRESENT		838537fc-4aeb-4980-8b58-97fbdcd1d91a	-20.266389	-45.660278							2006-01-08	8	1	2006	7304744	7304744	PRESERVED_SPECIMEN	JBRJ	RB	RB01583963	1686	P. Moraes	2018-07-16T00:00:00	CC_BY_4_0	Rio de Janeiro Botanical Garden	P.H.A Melo; H.S. Almeida			2026-07-01T12:15:01.813Z		COORDINATE_ROUNDED;GEODETIC_DATUM_ASSUMED_WGS84;CONTINENT_DERIVED_FROM_COORDINATES;INSTITUTION_MATCH_FUZZY;COLLECTION_MATCH_FUZZY
5867700898	4300f8d5-1ae5-49e5-a101-63894b005868	urn:catalog:JBRJ:RB:1583964	Plantae	Tracheophyta	Magnoliopsida	Laurales	Lauraceae	Nectandra	Nectandra nitidula		SPECIES	Nectandra nitidula Nees & Mart. ex Nees	Nectandra nitidula Nees & Mart.	Nees & Mart.	BR	Nascentes do Rio São Miguel, Região do Onça	Minas Gerais	PRESENT		838537fc-4aeb-4980-8b58-97fbdcd1d91a	-20.431111	-45.618889							2006-11-25	25	11	2006	7304744	7304744	PRESERVED_SPECIMEN	JBRJ	RB	RB01583964	2416	P. Moraes	2018-07-16T00:00:00	CC_BY_4_0	Rio de Janeiro Botanical Garden	P.H.A Melo; R.M. Santos			2026-07-01T12:15:02.061Z		COORDINATE_ROUNDED;GEODETIC_DATUM_ASSUMED_WGS84;CONTINENT_DERIVED_FROM_COORDINATES;INSTITUTION_MATCH_FUZZY;COLLECTION_MATCH_FUZZY
5867700852	4300f8d5-1ae5-49e5-a101-63894b005868	urn:catalog:JBRJ:RB:1583966	Plantae	Tracheophyta	Magnoliopsida	Laurales	Lauraceae				FAMILY	Lauraceae	Lauraceae		BR	Fazenda Grande, proximidades da CSN	Minas Gerais	PRESENT		838537fc-4aeb-4980-8b58-97fbdcd1d91a	-20.335555	-45.5875							2006-10		10	2006	6688		PRESERVED_SPECIMEN	JBRJ	RB	RB01583966	2442			CC_BY_4_0	Rio de Janeiro Botanical Garden	P.H.A Melo; V.A. Souza			2026-07-01T12:15:01.970Z		COORDINATE_ROUNDED;GEODETIC_DATUM_ASSUMED_WGS84;CONTINENT_DERIVED_FROM_COORDINATES;INSTITUTION_MATCH_FUZZY;COLLECTION_MATCH_FUZZY
5867700707	4300f8d5-1ae5-49e5-a101-63894b005868	urn:catalog:JBRJ:RB:1583962	Plantae	Tracheophyta	Magnoliopsida	Laurales	Lauraceae	Nectandra	Nectandra nitidula		SPECIES	Nectandra nitidula Nees & Mart. ex Nees	Nectandra nitidula Nees & Mart.	Nees & Mart.	BR	Fazenda Posse Grande, proximidades da CSN	Minas Gerais	PRESENT		838537fc-4aeb-4980-8b58-97fbdcd1d91a	-20.335555	-45.5875							2006-10		10	2006	7304744	7304744	PRESERVED_SPECIMEN	JBRJ	RB	RB01583962	2454	P. Moraes	2018-07-16T00:00:00	CC_BY_4_0	Rio de Janeiro Botanical Garden	P.H.A Melo; A.V.A. Souza			2026-07-01T12:15:31.506Z		COORDINATE_ROUNDED;GEODETIC_DATUM_ASSUMED_WGS84;CONTINENT_DERIVED_FROM_COORDINATES;INSTITUTION_MATCH_FUZZY;COLLECTION_MATCH_FUZZY
5867700538	4300f8d5-1ae5-49e5-a101-63894b005868	urn:catalog:JBRJ:RB:1591308	Plantae	Tracheophyta	Magnoliopsida	Malvales	Malvaceae	Guazuma	Guazuma ulmifolia		SPECIES	Guazuma ulmifolia Lam.	Guazuma ulmifolia Lam.	Lam.	BR	Fazenda Faraoeste, margem direita do Rio São Miguel	Minas Gerais	PRESENT		838537fc-4aeb-4980-8b58-97fbdcd1d91a	-20.267222	-45.506111							2003-09-15	15	9	2003	3152195	3152195	PRESERVED_SPECIMEN	JBRJ	RB	RB01591308	891	P.H.A. Melo	2005-06-01T00:00:00	CC_BY_4_0	Rio de Janeiro Botanical Garden	P.H.A. Melo; M.D.C. da Cruz			2026-07-01T12:15:01.890Z		COORDINATE_ROUNDED;GEODETIC_DATUM_ASSUMED_WGS84;CONTINENT_DERIVED_FROM_COORDINATES;INSTITUTION_MATCH_FUZZY;COLLECTION_MATCH_FUZZY
5867699651	4300f8d5-1ae5-49e5-a101-63894b005868	urn:catalog:JBRJ:RB:1584620	Plantae	Tracheophyta	Magnoliopsida	Malvales	Malvaceae	Wissadula	Wissadula grandifolia		SPECIES	Wissadula macrantha R.E.Fr.	Wissadula cf. macrantha R.E.Fr.	R.E.Fr.	BR	Fazenda Amargoso, MG 439 Km 16	Minas Gerais	PRESENT		838537fc-4aeb-4980-8b58-97fbdcd1d91a	-20.387222	-45.649722							2003-05-25	25	5	2003	8437032	7278786	PRESERVED_SPECIMEN	JBRJ	RB	RB01584620	574	P.H.A. Melo & J.A. Lombardi	2004-08-01T00:00:00	CC_BY_4_0	Rio de Janeiro Botanical Garden	P.H.A. Melo; F.V. Bezerra			2026-07-01T12:15:02.100Z		COORDINATE_ROUNDED;GEODETIC_DATUM_ASSUMED_WGS84;CONTINENT_DERIVED_FROM_COORDINATES;INSTITUTION_MATCH_FUZZY;COLLECTION_MATCH_FUZZY
5867699336	4300f8d5-1ae5-49e5-a101-63894b005868	urn:catalog:JBRJ:RB:1591213	Plantae	Tracheophyta	Magnoliopsida	Laurales	Lauraceae	Nectandra	Nectandra nitidula		SPECIES	Nectandra nitidula Nees & Mart. ex Nees	Nectandra nitidula Nees & Mart.	Nees & Mart.	BR	Fazenda Faraoeste, margem direita do Rio São Miguel	Minas Gerais	PRESENT		838537fc-4aeb-4980-8b58-97fbdcd1d91a	-20.266389	-45.660278							2006-01-08	8	1	2006	7304744	7304744	PRESERVED_SPECIMEN	JBRJ	RB	RB01591213	1686	P. Moraes	2018-07-16T00:00:00	CC_BY_4_0	Rio de Janeiro Botanical Garden	P.H.A. Melo; H.S. Almeida			2026-07-01T12:15:01.737Z		COORDINATE_ROUNDED;GEODETIC_DATUM_ASSUMED_WGS84;CONTINENT_DERIVED_FROM_COORDINATES;INSTITUTION_MATCH_FUZZY;COLLECTION_MATCH_FUZZY
5867698834	4300f8d5-1ae5-49e5-a101-63894b005868	urn:catalog:JBRJ:RB:1583790	Plantae	Tracheophyta	Magnoliopsida	Myrtales	Myrtaceae				FAMILY	Myrtaceae	Myrtaceae		BR	Nascentes do Rio São Miguel, Região do Onça	Minas Gerais	PRESENT		838537fc-4aeb-4980-8b58-97fbdcd1d91a	-20.431111	-45.618889							2006-11-25	25	11	2006	5014		PRESERVED_SPECIMEN	JBRJ	RB	RB01583790	2418			CC_BY_4_0	Rio de Janeiro Botanical Garden	P.H.A. Melo; R.M. Santos			2026-07-01T12:15:01.747Z		COORDINATE_ROUNDED;GEODETIC_DATUM_ASSUMED_WGS84;CONTINENT_DERIVED_FROM_COORDINATES;INSTITUTION_MATCH_FUZZY;COLLECTION_MATCH_FUZZY
5867698003	4300f8d5-1ae5-49e5-a101-63894b005868	urn:catalog:JBRJ:RB:1591087	Plantae	Tracheophyta	Magnoliopsida	Cornales	Loasaceae	Mentzelia	Mentzelia aspera		SPECIES	Mentzelia aspera L.	Mentzelia aspera L.	L.	BR	Fazenda Faroeste, margem direita do Rio São Miguel. Entorno do afloramento, vegetação relacionada a afloramento calcário	Minas Gerais	PRESENT		838537fc-4aeb-4980-8b58-97fbdcd1d91a	-20.251389	-45.662778							2004-04-23	23	4	2004	5331416	5331416	PRESERVED_SPECIMEN	JBRJ	RB	RB01591087	597	P.H.A. Melo	2018-07-16T00:00:00	CC_BY_4_0	Rio de Janeiro Botanical Garden	P.H.A. Melo			2026-07-01T12:15:01.676Z		COORDINATE_ROUNDED;GEODETIC_DATUM_ASSUMED_WGS84;CONTINENT_DERIVED_FROM_COORDINATES;INSTITUTION_MATCH_FUZZY;COLLECTION_MATCH_FUZZY
5830177582	17efa320-7312-4b55-bf0a-a4cfc4613169	https://specieslink.net/guid/1/551899	Plantae	Tracheophyta	Magnoliopsida	Malpighiales	Malpighiaceae	Niedenzuella	Niedenzuella lasiandra		SPECIES	Niedenzuella lasiandra (A.Juss.) R.F.Almeida	Niedenzuella lasiandra	(A.Juss.) R.F.Almeida	BR	CalciolÂndia, estrada de ferro próximo ao rio São Miguel	Minas Gerais	PRESENT		2437c128-bf8c-4f53-b668-da95fb2e40b7	-20.237778	-45.660833			593.0	0.0			2018-05-21	21	5	2018	11140405	11140405	PRESERVED_SPECIMEN	IPA/SP	SP	551899	86	Mamede, MCH	2025-09-01T00:00:00	CC_BY_4_0	Herbário do Estado Maria Eneyda P. Kaufmann Fidalgo - Coleção de Plantas Vasculares	Valente, B; et al.		native	2026-06-26T20:23:37.066Z		CONTINENT_DERIVED_FROM_COORDINATES;INSTITUTION_MATCH_NONE
5294513605	d2470ef8-edfa-4ba7-821e-c3e1a537bdba	https://specieslink.net/guid/220/94018	Plantae	Tracheophyta	Magnoliopsida	Lamiales	Bignoniaceae	Dolichandra			GENUS	Parabignonia Bureau ex K.Schum.	Parabignonia		BR	Fazenda Faroeste, Margem direita do Rio São Miguel	Minas Gerais	PRESENT		4265f332-341c-45f6-b30b-5dc2e39b86e8	-20.26725	-45.506306							2003-10-20	20	10	2003	7298675		PRESERVED_SPECIMEN	UFMG	BHCB	94018	914			CC_BY_4_0	Herbário da UFMG - Fanerógamas, Algas e Fungos	Melo, PHA de; Valente, PMG			2026-06-25T20:18:17.534Z		CONTINENT_DERIVED_FROM_COORDINATES;IDENTIFIED_DATE_INVALID;INSTITUTION_MATCH_NONE
5294513484	d2470ef8-edfa-4ba7-821e-c3e1a537bdba	https://specieslink.net/guid/220/85648	Plantae	Tracheophyta	Magnoliopsida	Lamiales	Bignoniaceae	Dolichandra			GENUS	Parabignonia Bureau ex K.Schum.	Parabignonia		BR	Fazenda Amargoso, MG-439, Km 16	Minas Gerais	PRESENT		4265f332-341c-45f6-b30b-5dc2e39b86e8	-20.387222	-45.649722							2003-10-28	28	10	2003	7298675		PRESERVED_SPECIMEN	UFMG	BHCB	85648	923			CC_BY_4_0	Herbário da UFMG - Fanerógamas, Algas e Fungos	Melo, PHA de			2026-06-25T20:18:17.491Z		CONTINENT_DERIVED_FROM_COORDINATES;IDENTIFIED_DATE_INVALID;INSTITUTION_MATCH_NONE
5294513309	d2470ef8-edfa-4ba7-821e-c3e1a537bdba	https://specieslink.net/guid/220/93919	Plantae	Tracheophyta	Liliopsida	Arecales	Arecaceae	Syagrus	Syagrus oleracea		SPECIES	Syagrus oleracea (Mart.) Becc.	Syagrus oleracea	Becc.	BR	Fazenda Faroeste, Margem esquerda do Rio São Miguel	Minas Gerais	PRESENT		4265f332-341c-45f6-b30b-5dc2e39b86e8	-20.262472	-45.670944							2005-05-08	8	5	2005	5293854	5293854	PRESERVED_SPECIMEN	UFMG	BHCB	93919	1327	Viana, PL		CC_BY_4_0	Herbário da UFMG - Fanerógamas, Algas e Fungos	Melo, PHA de; Viana, PL; Santos, FM; Heringer, G		native	2026-06-25T20:18:17.391Z		CONTINENT_DERIVED_FROM_COORDINATES;IDENTIFIED_DATE_INVALID;INSTITUTION_MATCH_NONE
5294387910	cd6e21c8-9e8a-493a-8a76-fbf7862069e5	http://specimens.kew.org/herbarium/K005151216	Plantae	Tracheophyta	Magnoliopsida	Rosales	Moraceae	Ficus	Ficus guaranitica		SPECIES	Ficus guaranitica Chodat	Ficus guaranitica	Chodat	BR	Pains. Mineração Vale de São Miguel.		PRESENT		061b4f20-f241-11da-a328-b8a03c50a862	-20.354167	-45.673333			720.0				2006-07-13T00:00	13	7	2006	5570839	5570839	PRESERVED_SPECIMEN	K	Herbarium	K005151216	186			CC_BY_4_0		Borges, R.A.X.; Bernardo, P.H.			2026-07-14T09:48:41.635Z	StillImage	COORDINATE_ROUNDED;GEODETIC_DATUM_ASSUMED_WGS84;CONTINENT_DERIVED_FROM_COORDINATES;INSTITUTION_MATCH_FUZZY;INSTITUTION_COLLECTION_MISMATCH
5174190331	17efa320-7312-4b55-bf0a-a4cfc4613169	https://specieslink.net/guid/1/541693	Plantae	Tracheophyta	Magnoliopsida	Lamiales	Acanthaceae	Justicia			GENUS	Justicia L.	Justicia		BR	Fazenda Amargoso, MG-439, Km 16	Minas Gerais	PRESENT		2437c128-bf8c-4f53-b668-da95fb2e40b7	-20.375267	-45.65715			780.0	30.0			2003-05-25	25	5	2003	2904597		PRESERVED_SPECIMEN	IPA/SP	SP	541693	640			CC_BY_4_0	Herbário do Estado Maria Eneyda P. Kaufmann Fidalgo - Coleção de Plantas Vasculares	Melo, PHA; Carvalho, FA			2026-06-26T20:23:34.953Z		CONTINENT_DERIVED_FROM_COORDINATES;INSTITUTION_MATCH_NONE;TAXON_MATCH_HIGHERRANK
5174181334	17efa320-7312-4b55-bf0a-a4cfc4613169	https://specieslink.net/guid/1/541695	Plantae	Tracheophyta	Magnoliopsida	Lamiales	Acanthaceae	Ruellia	Ruellia erythropus		SPECIES	Ruellia erythropus (Nees) Lindau	Ruellia erythropus	(Nees) Lindau	BR	Fazenda Faroeste, margem esquerda do rio São Miguel	Minas Gerais	PRESENT		2437c128-bf8c-4f53-b668-da95fb2e40b7	-20.255556	-45.67			750.0	0.0			2003-08-10	10	8	2003	5574679	5574679	PRESERVED_SPECIMEN	IPA/SP	SP	541695	802	Azevedo, IHF	2017-03-30T00:00:00	CC_BY_4_0	Herbário do Estado Maria Eneyda P. Kaufmann Fidalgo - Coleção de Plantas Vasculares	Melo, PHA; Sanatos, GP		native	2026-06-26T20:23:34.402Z		CONTINENT_DERIVED_FROM_COORDINATES;INSTITUTION_MATCH_NONE
5174179332	17efa320-7312-4b55-bf0a-a4cfc4613169	https://specieslink.net/guid/1/541692	Plantae	Tracheophyta	Magnoliopsida	Lamiales	Acanthaceae	Ruellia	Ruellia brevifolia		SPECIES	Ruellia brevifolia (Pohl) C.Ezcurra	Ruellia brevifolia	(Pohl) C.Ezcurra	BR	Fazenda Amargoso, MG-439, Km 16	Minas Gerais	PRESENT		2437c128-bf8c-4f53-b668-da95fb2e40b7	-20.375267	-45.65715							2003-03-22	22	3	2003	5415377	5415377	PRESERVED_SPECIMEN	IPA/SP	SP	541692	504	Melo, PHA	2017-12-01T00:00:00	CC_BY_4_0	Herbário do Estado Maria Eneyda P. Kaufmann Fidalgo - Coleção de Plantas Vasculares	Melo, PHA		native	2026-06-26T20:23:34.401Z		CONTINENT_DERIVED_FROM_COORDINATES;INSTITUTION_MATCH_NONE
5174175328	17efa320-7312-4b55-bf0a-a4cfc4613169	https://specieslink.net/guid/1/541694	Plantae	Tracheophyta	Magnoliopsida	Lamiales	Acanthaceae	Ruellia	Ruellia brevifolia		SPECIES	Ruellia brevifolia (Pohl) C.Ezcurra	Ruellia brevifolia	(Pohl) C.Ezcurra	BR	Fazenda Faroeste, margem esquerda do rio São Miguel	Minas Gerais	PRESENT		2437c128-bf8c-4f53-b668-da95fb2e40b7	-20.256389	-45.669167			750.0	50.0			2003-05-26	26	5	2003	5415377	5415377	PRESERVED_SPECIMEN	IPA/SP	SP	541694	652	Azevedo, IHF	2017-03-30T00:00:00	CC_BY_4_0	Herbário do Estado Maria Eneyda P. Kaufmann Fidalgo - Coleção de Plantas Vasculares	Melo, PHA; Carvalho, FA		native	2026-06-26T20:23:34.480Z		CONTINENT_DERIVED_FROM_COORDINATES;INSTITUTION_MATCH_NONE
5173893301	d2470ef8-edfa-4ba7-821e-c3e1a537bdba	https://specieslink.net/guid/220/88386	Plantae	Tracheophyta	Magnoliopsida	Fabales	Fabaceae	Centrosema	Centrosema sagittatum		SPECIES	Centrosema hastatum (Kunth) Benth.	Centrosema hastatum	Benth.	BR	Fazenda Faroeste, Margem direita do Rio São Miguel	Minas Gerais	PRESENT		4265f332-341c-45f6-b30b-5dc2e39b86e8	-20.257361	-45.663722							2004-01-02	2	1	2004	2964959	7830690	PRESERVED_SPECIMEN	UFMG	BHCB	88386	1049			CC_BY_4_0	Herbário da UFMG - Fanerógamas, Algas e Fungos	Melo, PHA de; Silva, WO			2026-06-25T20:18:17.360Z		CONTINENT_DERIVED_FROM_COORDINATES;IDENTIFIED_DATE_INVALID;INSTITUTION_MATCH_NONE
5139848355	ed8e1590-62b5-48a8-8654-4ecc13554f57	https://specieslink.net/guid/453/114049	Plantae	Tracheophyta	Polypodiopsida	Polypodiales	Dennstaedtiaceae	Mucura	Mucura globulifera		SPECIES	Dennstaedtia globulifera (Poir.) Hieron.	Dennstaedtia globulifera	(Poir.) Hieron.	BR	Fazenda Faroeste	Minas Gerais	PRESENT		4265f332-341c-45f6-b30b-5dc2e39b86e8	-20.270556	-45.659444							2007-12-15	15	12	2007	2650786	12211674	PRESERVED_SPECIMEN	UFMG	BHCB-SL	114049	13107	Salino, A		CC_BY_4_0	Herbário da UFMG - Samambaias e Licófitas	Salino, A; Dittrich, VAO; Pivari, MOD			2026-06-25T19:56:39.341Z		CONTINENT_DERIVED_FROM_COORDINATES;IDENTIFIED_DATE_INVALID;INSTITUTION_MATCH_NONE
5138427346	cd6e21c8-9e8a-493a-8a76-fbf7862069e5	http://specimens.kew.org/herbarium/K005151137	Plantae	Tracheophyta	Magnoliopsida	Rosales	Moraceae	Ficus			GENUS	Ficus L.	Ficus	Tourn. ex L.	BR	(MG), Pains. Mineração Vale do São Miguel.		PRESENT		061b4f20-f241-11da-a328-b8a03c50a862	-20.364444	-45.673611			642.0				2006-07-11T00:00	11	7	2006	2984588		PRESERVED_SPECIMEN	K	Herbarium	K005151137	147			CC_BY_4_0		Borges, R.A.X.; Bernardo, P.H.			2026-07-14T09:49:29.989Z	StillImage	COORDINATE_ROUNDED;GEODETIC_DATUM_ASSUMED_WGS84;CONTINENT_DERIVED_FROM_COORDINATES;INSTITUTION_MATCH_FUZZY;INSTITUTION_COLLECTION_MISMATCH
5130227887	cd6e21c8-9e8a-493a-8a76-fbf7862069e5	http://specimens.kew.org/herbarium/K005890266	Plantae	Tracheophyta	Magnoliopsida	Ericales	Sapotaceae	Chrysophyllum			GENUS	Chrysophyllum L.	Chrysophyllum	L.	BR	MG, Pains: Fazenda Amargoso, MG 439 Km 16.		PRESENT		061b4f20-f241-11da-a328-b8a03c50a862	-20.387222	-45.649722			750.0								2885576		PRESERVED_SPECIMEN	K	Herbarium	K005890266	844			CC_BY_4_0		Melo, P.H.A.			2026-07-14T09:48:33.802Z	StillImage	COORDINATE_ROUNDED;GEODETIC_DATUM_ASSUMED_WGS84;CONTINENT_DERIVED_FROM_COORDINATES;INSTITUTION_MATCH_FUZZY;INSTITUTION_COLLECTION_MISMATCH
5105249304	d2470ef8-edfa-4ba7-821e-c3e1a537bdba	https://specieslink.net/guid/220/81622	Plantae	Tracheophyta	Magnoliopsida	Fabales	Fabaceae	Mimosa	Mimosa diplotricha	diplotricha	VARIETY	Mimosa diplotricha var. diplotricha	Mimosa diplotricha diplotricha	C.Wright ex Sauvalle	BR	Fazenda Faroeste, Margem direita do Rio São Miguel	Minas Gerais	PRESENT		4265f332-341c-45f6-b30b-5dc2e39b86e8	-20.256389	-45.669167							2003-03-08	8	3	2003	2969352	7808904	PRESERVED_SPECIMEN	UFMG	BHCB	81622	471	Dutra, VF		CC_BY_4_0	Herbário da UFMG - Fanerógamas, Algas e Fungos	Melo, PHA de		native	2026-06-25T20:18:17.021Z		CONTINENT_DERIVED_FROM_COORDINATES;IDENTIFIED_DATE_INVALID;INSTITUTION_MATCH_NONE
5105248303	d2470ef8-edfa-4ba7-821e-c3e1a537bdba	https://specieslink.net/guid/220/88412	Plantae	Tracheophyta	Magnoliopsida	Fabales	Fabaceae	Mimosa	Mimosa invisa		SPECIES	Mimosa invisa Mart. ex Colla	Mimosa invisa	Mart. ex Colla	BR	Fazenda Faroeste, Margem direita do Rio São Miguel	Minas Gerais	PRESENT		4265f332-341c-45f6-b30b-5dc2e39b86e8	-20.255917	-45.662583							2004-02-15	15	2	2004	2969353	2969353	PRESERVED_SPECIMEN	UFMG	BHCB	88412	1073	Dutra, VF		CC_BY_4_0	Herbário da UFMG - Fanerógamas, Algas e Fungos	Melo, PHA de; Souza, DT; Palmeira, LRM; Carvalho, FA		native	2026-06-25T20:18:16.953Z		CONTINENT_DERIVED_FROM_COORDINATES;IDENTIFIED_DATE_INVALID;INSTITUTION_MATCH_NONE
5077823899	cd6e21c8-9e8a-493a-8a76-fbf7862069e5	http://specimens.kew.org/herbarium/K005481792	Plantae	Tracheophyta	Magnoliopsida	Ericales	Sapotaceae	Pouteria	Pouteria brachyandra		SPECIES	Pouteria brachyandra (Aubrév. & Pellegr.) T.D.Penn.	Pouteria brachyandra	(Aubrév. & Pellegr.) T.D.Penn.	BR	MG Iquatama: Fazenda Faroeste, margem esquerda do Rio São Margem esquerda do Rio São Miguel.		PRESENT		061b4f20-f241-11da-a328-b8a03c50a862	-20.256389	-45.669167			750.0	50.0							2884528	2884528	PRESERVED_SPECIMEN	K	Herbarium	K005481792	674			CC_BY_4_0		Melo, P.H.A.; Carvalho, F.A.; Ranieri, B.D.; Souza, D.T.; Lana, T.C.			2026-07-14T09:48:31.044Z	StillImage	COORDINATE_ROUNDED;GEODETIC_DATUM_ASSUMED_WGS84;CONTINENT_DERIVED_FROM_COORDINATES;INSTITUTION_MATCH_FUZZY;INSTITUTION_COLLECTION_MISMATCH
5066695830	fce21d43-c0c7-4d1f-b6d2-fc048f053456	https://specieslink.net/guid/369/32653	Plantae	Tracheophyta	Liliopsida	Poales	Poaceae	Pharus	Pharus lappulaceus		SPECIES	Pharus lappulaceus Aubl.	Pharus lappulaceus	Aubl.	BR	Fazenda Amargoso, Km 16 da MG 439	Minas Gerais	PRESENT		22524448-c309-474f-8f07-d576a021868c	-20.381	-45.651222			725.0	25.0			2004-03-03	3	3	2004	5289841	5289841	PRESERVED_SPECIMEN	JBB	HEPH	32653	1122	Viana, PL	2004-09-01T00:00:00	CC_BY_4_0	Herbário Ezechias Paulo Heringer	Melo, PHA		native	2026-06-26T19:09:13.900Z		INSTITUTION_MATCH_FUZZY;INSTITUTION_COLLECTION_MISMATCH
5066695782	fce21d43-c0c7-4d1f-b6d2-fc048f053456	https://specieslink.net/guid/369/32654	Plantae	Tracheophyta	Liliopsida	Poales	Poaceae	Cenchrus	Cenchrus pedicellatus		SPECIES	Pennisetum pedicellatum Trin.	Pennisetum pedicellatum	Trin.	BR	Fazenda Faroeste, margem direita do Rio São Miguel.	Minas Gerais	PRESENT		22524448-c309-474f-8f07-d576a021868c	-20.251583	-45.662972			750.0	50.0			2003-04-07	7	4	2003	2706161	5828233	PRESERVED_SPECIMEN	JBB	HEPH	32654	536	Viana, PL	2004-09-01T00:00:00	CC_BY_4_0	Herbário Ezechias Paulo Heringer	Melo, PHA; Alves, AC; Viana, PL			2026-06-26T19:09:13.916Z		INSTITUTION_MATCH_FUZZY;INSTITUTION_COLLECTION_MISMATCH
5066681193	fce21d43-c0c7-4d1f-b6d2-fc048f053456	https://specieslink.net/guid/369/25086	Plantae	Tracheophyta	Magnoliopsida	Malpighiales	Humiriaceae	Humiria	Humiria balsamifera		SPECIES	Humiria balsamifera J.St.-Hil.	Humiria balsamifera	(Aubl.) J.St.-Hil.	BR	Municipio de Divinópolis - estrada para Marianópolis - área alagavél	Minas Gerais	PRESENT		22524448-c309-474f-8f07-d576a021868c	-20.233333	-45.466667							2007-07-04	4	7	2007	8211069	8196855	PRESERVED_SPECIMEN	JBB	HEPH	25086	1427	Santos, ER dos	2007-01-01T00:00:00	CC_BY_4_0	Herbário Ezechias Paulo Heringer	Santos, ER dos		native	2026-06-26T19:09:04.077Z		INSTITUTION_MATCH_FUZZY;INSTITUTION_COLLECTION_MISMATCH
5066663671	fce21d43-c0c7-4d1f-b6d2-fc048f053456	https://specieslink.net/guid/369/26001	Plantae	Tracheophyta	Magnoliopsida	Piperales	Piperaceae	Peperomia	Peperomia nitida		SPECIES	Peperomia nitida Dahlst.	Peperomia nitida	Dahlst.	BR	Mineração Vale do São Miguel	Minas Gerais	PRESENT		22524448-c309-474f-8f07-d576a021868c	-20.357222	-45.673889			688.0	0.0			2006-07-12	12	7	2006	7928689	7928689	PRESERVED_SPECIMEN	JBB	HEPH	26001	176	Carvalho-Silva, M	2011-01-01T00:00:00	CC_BY_4_0	Herbário Ezechias Paulo Heringer	Borges, RAX		native	2026-06-26T19:08:44.089Z		INSTITUTION_MATCH_FUZZY;INSTITUTION_COLLECTION_MISMATCH
5054542304	d2470ef8-edfa-4ba7-821e-c3e1a537bdba	https://specieslink.net/guid/220/93981	Plantae	Tracheophyta	Magnoliopsida	Oxalidales	Oxalidaceae	Oxalis			GENUS	Oxalis L.	Oxalis		BR	Fazenda Amargoso, MG439, Km16	Minas Gerais	PRESENT		4265f332-341c-45f6-b30b-5dc2e39b86e8	-20.387222	-45.649722							2003-04-15	15	4	2003	2891642		PRESERVED_SPECIMEN	UFMG	BHCB	93981	552			CC_BY_4_0	Herbário da UFMG - Fanerógamas, Algas e Fungos	Melo, PHA de; Bezerra, FV			2026-06-25T20:18:16.868Z		CONTINENT_DERIVED_FROM_COORDINATES;IDENTIFIED_DATE_INVALID;INSTITUTION_MATCH_NONE
5053268959	0bcbd3a8-f22e-4350-a19d-a94fe6ca9738	https://specieslink.net/guid/239/65061	Plantae	Tracheophyta	Magnoliopsida	Fabales	Fabaceae	Chamaecrista	Chamaecrista nictitans		SPECIES	Chamaecrista nictitans (L.) Moench	Chamaecrista nictitans	(L.) Moench	BR		Minas Gerais	PRESENT		b3422768-adc1-4be2-9f59-c1d7af724428	-20.173889	-45.710833			0.0	0.0			2005-01-06	6	1	2005	2950302	2950302	PRESERVED_SPECIMEN	UFG	UFG	65061	s.n.			CC_BY_4_0	Herbário da Universidade Federal de Goiás	Rezende, S.G.		native	2026-07-10T12:03:54.809Z		INSTITUTION_MATCH_FUZZY;COLLECTION_MATCH_FUZZY
5000829315	17efa320-7312-4b55-bf0a-a4cfc4613169	https://specieslink.net/guid/1/369756a	Plantae	Tracheophyta	Magnoliopsida	Malpighiales	Malpighiaceae	Amorimia	Amorimia rigida		SPECIES	Amorimia rigida (A.Juss.) W.R.Anderson	Amorimia rigida	(A.Juss.) W.R.Anderson	BR	Fazenda Faroeste, margem esquerda do rio São Miguel	Minas Gerais	PRESENT		2437c128-bf8c-4f53-b668-da95fb2e40b7	-20.255556	-45.67			750.0	0.0			2003-08-10	10	8	2003	3985945	3985945	PRESERVED_SPECIMEN	IPA/SP	SP	369756a	806	Mamede, MCH	2006-09-29T00:00:00	CC_BY_4_0	Herbário do Estado Maria Eneyda P. Kaufmann Fidalgo - Coleção de Plantas Vasculares	Melo, PHA; Santos, GP		native	2026-06-26T20:23:42.434Z		CONTINENT_DERIVED_FROM_COORDINATES;INSTITUTION_MATCH_NONE
5000800355	da8a0dd0-85c7-4d7a-8a5a-e66b1deaebaa	https://specieslink.net/guid/159/15792	Plantae	Tracheophyta	Magnoliopsida	Myrtales	Combretaceae	Combretum	Combretum fruticosum		SPECIES	Combretum fruticosum (Loefl.) Stuntz	Combretum fruticosum	(Loefl.) Stuntz	BR	Juá	Minas Gerais	PRESENT		06542f02-868b-4651-aed4-1ae6b2eb4eb7	-20.281944	-45.539167							1990-08-09	9	8	1990	3698513	3698513	PRESERVED_SPECIMEN	UFRPE	PEUFR	15792	1078	M.I. Bezerra Neta	1994-04-06T00:00:00	CC_BY_4_0	Herbário Professor Vasconcelos Sobrinho	P.C. Vinha		native	2026-06-26T19:45:47.709Z		CONTINENT_DERIVED_FROM_COORDINATES;INSTITUTION_MATCH_NONE
5000791309	d2470ef8-edfa-4ba7-821e-c3e1a537bdba	https://specieslink.net/guid/220/88458	Plantae	Tracheophyta	Magnoliopsida	Lamiales	Verbenaceae	Lantana	Lantana trifolia		SPECIES	Lantana trifolia L.	Lantana trifolia	L.	BR	Fazenda Faroeste, Margem esquerda do Rio São Miguel.	Minas Gerais	PRESENT		4265f332-341c-45f6-b30b-5dc2e39b86e8	-20.263722	-45.670444							2003-12-31	31	12	2003	2925321	2925321	PRESERVED_SPECIMEN	UFMG	BHCB	88458	1033	Salimena-Pires, FR		CC_BY_4_0	Herbário da UFMG - Fanerógamas, Algas e Fungos	Melo, PHA de; Valente, PMG		native	2026-06-25T20:18:16.004Z		CONTINENT_DERIVED_FROM_COORDINATES;IDENTIFIED_DATE_INVALID;INSTITUTION_MATCH_NONE
5000791306	d2470ef8-edfa-4ba7-821e-c3e1a537bdba	https://specieslink.net/guid/220/81624	Plantae	Tracheophyta	Liliopsida	Zingiberales	Cannaceae	Canna	Canna indica		SPECIES	Canna coccinea Mill.	Canna coccinea	Mill.	BR	Fazenda Faroeste, Margem direita do Rio São Miguel	Minas Gerais	PRESENT		4265f332-341c-45f6-b30b-5dc2e39b86e8	-20.256389	-45.669167							2003-03-08	8	3	2003	5303230	8034409	PRESERVED_SPECIMEN	UFMG	BHCB	81624	474	Melo, PHA de		CC_BY_4_0	Herbário da UFMG - Fanerógamas, Algas e Fungos	Melo, PHA de			2026-06-25T20:18:16.018Z		CONTINENT_DERIVED_FROM_COORDINATES;IDENTIFIED_DATE_INVALID;INSTITUTION_MATCH_NONE
5000774506	eee198af-c61d-489a-84f7-fef567e8c8d0	https://specieslink.net/guid/165/22048	Plantae	Tracheophyta	Magnoliopsida	Lamiales	Gesneriaceae	Sinningia			GENUS	Sinningia Nees	Sinningia		BR	Próximo à usina de processamento de cimento	Minas Gerais	PRESENT		f4cf14c8-58db-4947-a93c-e43f2b7fe171	-20.391111	-45.606278			786.0	0.0			2015-01-26	26	1	2015	6365036		PRESERVED_SPECIMEN	UFPB	EAN	22048	969			CC_BY_4_0	Herbário Jayme Coelho de Moraes	J. M. P. Cordeiro; L. P. Felix; E. M. Almeida & M. A. O. Marinho			2026-06-26T18:35:02.542Z		CONTINENT_DERIVED_FROM_COORDINATES;INSTITUTION_MATCH_FUZZY;INSTITUTION_COLLECTION_MISMATCH
5000773960	eee198af-c61d-489a-84f7-fef567e8c8d0	https://specieslink.net/guid/165/22179	Plantae	Tracheophyta	Magnoliopsida	Boraginales	Heliotropiaceae	Heliotropium			GENUS	Heliotropium L.	Heliotropium		BR	Próximo a usina de processamento de cimento	Minas Gerais	PRESENT		f4cf14c8-58db-4947-a93c-e43f2b7fe171	-20.391111	-45.606278			786.0	0.0			2015-01-26	26	1	2015	2925766		PRESERVED_SPECIMEN	UFPB	EAN	22179	973			CC_BY_4_0	Herbário Jayme Coelho de Moraes	J. M. P. Cordeiro; L. P. Felix; E. M. Almeida & M. A. O. Marinho			2026-06-26T18:35:00.022Z		CONTINENT_DERIVED_FROM_COORDINATES;INSTITUTION_MATCH_FUZZY;INSTITUTION_COLLECTION_MISMATCH
5000725693	330d773a-abe3-4234-b423-129dc4d00963	https://specieslink.net/guid/229/43918	Plantae	Tracheophyta	Magnoliopsida	Solanales	Solanaceae	Solanum	Solanum paniculatum		SPECIES	Solanum paniculatum L.	Solanum paniculatum	L.	BR	Fazenda Faroeste, margem esquerda do Rio São Miguel.	Minas Gerais	PRESENT		303e2432-448c-41ec-be2b-020a25c7adc4	-20.256389	-45.669167							2002-11-16	16	11	2002	2932547	2932547	PRESERVED_SPECIMEN	UFJF	CESJ	43918	230	J.R. Stehmann		CC_BY_4_0	Herbário Leopoldo Krieger	P.H.A. Melo		native	2026-06-25T20:53:06.794Z		CONTINENT_DERIVED_FROM_COORDINATES;IDENTIFIED_DATE_INVALID;INSTITUTION_MATCH_FUZZY;INSTITUTION_COLLECTION_MISMATCH
4999725257	f9768501-2d57-4b8b-90a9-3ba5cf6dad3e	6719287	Plantae	Tracheophyta	Magnoliopsida	Malpighiales	Podostemaceae	Mourera	Mourera aspera		SPECIES	Mourera aspera (Bong.) Tul.	Mourera aspera (Bong.) Tul.	(Bong.) Tul.	BR	Rio São Francisco, outside of Parque Nacional da Serra Canastra, town of Vargem Bonita	Minas Gerais	PRESENT		838537fc-4aeb-4980-8b58-97fbdcd1d91a	-20.331111	-45.429444			700.0				2012-06-24	24	6	2012	7296035	7296035	PRESERVED_SPECIMEN	R	R	R010096380	2708			CC_BY_4_0	R	Bove,C.P.;Philbrick,C.T.,Philbrick,P.K.B.,Moreira,A.D.R.			2026-07-01T12:10:58.491Z		COORDINATE_ROUNDED;GEODETIC_DATUM_ASSUMED_WGS84;CONTINENT_DERIVED_FROM_COORDINATES;IDENTIFIED_DATE_INVALID;INSTITUTION_MATCH_FUZZY;COLLECTION_MATCH_FUZZY
4981646659	cd6e21c8-9e8a-493a-8a76-fbf7862069e5	http://specimens.kew.org/herbarium/K004847635	Plantae	Tracheophyta	Magnoliopsida	Sapindales	Meliaceae	Trichilia	Trichilia claussenii		SPECIES	Trichilia claussenii C.DC.	Trichilia claussenii	C.DC.	BR	MG, Arcos: Fazenda Faroeste, margem direita do Rio São Miguel.		PRESENT		061b4f20-f241-11da-a328-b8a03c50a862	-20.251583	-45.662972											8059494	8059494	PRESERVED_SPECIMEN	K	Herbarium	K004847635	309			CC_BY_4_0		Melo, P.H.A.; Melo Jr., E.A.			2026-07-14T09:50:10.742Z	StillImage	COORDINATE_ROUNDED;GEODETIC_DATUM_ASSUMED_WGS84;CONTINENT_DERIVED_FROM_COORDINATES;INSTITUTION_MATCH_FUZZY;INSTITUTION_COLLECTION_MISMATCH
4981620085	cd6e21c8-9e8a-493a-8a76-fbf7862069e5	http://specimens.kew.org/herbarium/K004847638	Plantae	Tracheophyta	Magnoliopsida	Sapindales	Meliaceae	Trichilia	Trichilia claussenii		SPECIES	Trichilia claussenii C.DC.	Trichilia claussenii	C.DC.	BR	MG, Iguatama: Fazenda Faroeste, margem esquerda do Rio São Miguel.		PRESENT		061b4f20-f241-11da-a328-b8a03c50a862	-20.256389	-45.669167											8059494	8059494	PRESERVED_SPECIMEN	K	Herbarium	K004847638	209			CC_BY_4_0		Melo, P.H.A.; Versieux, L.M.			2026-07-14T09:48:23.426Z	StillImage	COORDINATE_ROUNDED;GEODETIC_DATUM_ASSUMED_WGS84;CONTINENT_DERIVED_FROM_COORDINATES;INSTITUTION_MATCH_FUZZY;INSTITUTION_COLLECTION_MISMATCH
4981610088	cd6e21c8-9e8a-493a-8a76-fbf7862069e5	http://specimens.kew.org/herbarium/K004847035	Plantae	Tracheophyta	Magnoliopsida	Sapindales	Meliaceae	Trichilia	Trichilia pallens		SPECIES	Trichilia pallens C.DC.	Trichilia pallens	C.DC.	BR	MG, Pains: Fazenda Amargoso, MG 439 Km 16.		PRESENT		061b4f20-f241-11da-a328-b8a03c50a862	-20.387222	-45.649722											3852312	3852312	PRESERVED_SPECIMEN	K	Herbarium	K004847035	286			CC_BY_4_0		Melo, P.H.A.			2026-07-14T09:48:20.620Z	StillImage	COORDINATE_ROUNDED;GEODETIC_DATUM_ASSUMED_WGS84;CONTINENT_DERIVED_FROM_COORDINATES;INSTITUTION_MATCH_FUZZY;INSTITUTION_COLLECTION_MISMATCH
4981607675	cd6e21c8-9e8a-493a-8a76-fbf7862069e5	http://specimens.kew.org/herbarium/K004847637	Plantae	Tracheophyta	Magnoliopsida	Sapindales	Meliaceae	Trichilia	Trichilia claussenii		SPECIES	Trichilia claussenii C.DC.	Trichilia claussenii	C.DC.	BR	MG, Iguatama: Fazenda do Caetano, margem esquerda do Rio São Miguel.		PRESENT		061b4f20-f241-11da-a328-b8a03c50a862	-20.250278	-45.670833											8059494	8059494	PRESERVED_SPECIMEN	K	Herbarium	K004847637	20			CC_BY_4_0		Melo, P.H.A.; Viana, P.L.			2026-07-14T09:48:20.377Z	StillImage	COORDINATE_ROUNDED;GEODETIC_DATUM_ASSUMED_WGS84;CONTINENT_DERIVED_FROM_COORDINATES;INSTITUTION_MATCH_FUZZY;INSTITUTION_COLLECTION_MISMATCH
4977593329	cd6e21c8-9e8a-493a-8a76-fbf7862069e5	http://specimens.kew.org/herbarium/K004845933	Plantae	Tracheophyta	Magnoliopsida	Sapindales	Meliaceae	Cedrela	Cedrela fissilis		SPECIES	Cedrela fissilis Vell.	Cedrela fissilis	Vell.	BR	MG, Pains: Fazenda Amargoso, MG 439 km16.		PRESENT		061b4f20-f241-11da-a328-b8a03c50a862	-20.387222	-45.649722											7107974	7107974	PRESERVED_SPECIMEN	K	Herbarium	K004845933	371			CC_BY_4_0		Melo, P.H.A.; Lombardi, J.A.			2026-07-14T09:49:26.373Z	StillImage	COORDINATE_ROUNDED;GEODETIC_DATUM_ASSUMED_WGS84;CONTINENT_DERIVED_FROM_COORDINATES;INSTITUTION_MATCH_FUZZY;INSTITUTION_COLLECTION_MISMATCH
4975911306	4300f8d5-1ae5-49e5-a101-63894b005868	urn:catalog:JBRJ:RB:1566396	Plantae	Tracheophyta	Magnoliopsida	Ericales	Primulaceae	Myrsine			GENUS	Myrsine L.	Myrsine		BR	Sul do bairro Olaria	Minas Gerais	PRESENT		838537fc-4aeb-4980-8b58-97fbdcd1d91a	-20.275	-45.535							2007-08-27	27	8	2007	3169412		PRESERVED_SPECIMEN	JBRJ	RB	RB01566396	2514			CC_BY_4_0	Rio de Janeiro Botanical Garden	P.H.A. Melo			2026-07-01T12:15:01.236Z		GEODETIC_DATUM_ASSUMED_WGS84;CONTINENT_DERIVED_FROM_COORDINATES;INSTITUTION_MATCH_FUZZY;COLLECTION_MATCH_FUZZY
4955450335	330d773a-abe3-4234-b423-129dc4d00963	https://specieslink.net/guid/229/43033	Plantae	Tracheophyta	Magnoliopsida	Lamiales	Verbenaceae	Petrea	Petrea volubilis		SPECIES	Petrea volubilis L.	Petrea volubilis	L.	BR	Fazenda Faroeste, Margem esquerda do Rio São Miguel.	Minas Gerais	PRESENT		303e2432-448c-41ec-be2b-020a25c7adc4	-20.256389	-45.669167							2002-10-04	4	10	2002	2925536	2925536	PRESERVED_SPECIMEN	UFJF	CESJ	43033	88	F.R.G. Salimena		CC_BY_4_0	Herbário Leopoldo Krieger	P.H.A. Melo		native	2026-06-25T20:53:06.001Z		CONTINENT_DERIVED_FROM_COORDINATES;IDENTIFIED_DATE_INVALID;INSTITUTION_MATCH_FUZZY;INSTITUTION_COLLECTION_MISMATCH
4955446688	330d773a-abe3-4234-b423-129dc4d00963	https://specieslink.net/guid/229/76227	Plantae	Tracheophyta	Polypodiopsida	Polypodiales	Aspleniaceae	Asplenium	Asplenium formosum		SPECIES	Asplenium formosum Willd.	Asplenium formosum	Willd.	BR	Fazenda Amargoso, MG-439, Km 16	Minas Gerais	PRESENT		303e2432-448c-41ec-be2b-020a25c7adc4	-20.392306	-45.64525							2004-04-08	8	4	2004	2650687	2650687	PRESERVED_SPECIMEN	UFJF	CESJ	76227	1126	J. Prado		CC_BY_4_0	Herbário Leopoldo Krieger	P.H.A. Melo		native	2026-06-25T20:53:04.183Z		CONTINENT_DERIVED_FROM_COORDINATES;IDENTIFIED_DATE_INVALID;INSTITUTION_MATCH_FUZZY;INSTITUTION_COLLECTION_MISMATCH
4955446678	330d773a-abe3-4234-b423-129dc4d00963	https://specieslink.net/guid/229/76220	Plantae	Tracheophyta	Polypodiopsida	Polypodiales	Pteridaceae	Hemionitis	Hemionitis tomentosa		SPECIES	Hemionitis tomentosa (Lam.) Raddi	Hemionitis tomentosa	(Lam.) Raddi	BR	Fazenda Amargoso, MG-439, Km 16	Minas Gerais	PRESENT		303e2432-448c-41ec-be2b-020a25c7adc4	-20.387222	-45.649722							2003-02-01	1	2	2003	3748710	3748710	PRESERVED_SPECIMEN	UFJF	CESJ	76220	450	J. Prado		CC_BY_4_0	Herbário Leopoldo Krieger	P.H.A. Melo		native	2026-06-25T20:53:05.101Z		CONTINENT_DERIVED_FROM_COORDINATES;IDENTIFIED_DATE_INVALID;INSTITUTION_MATCH_FUZZY;INSTITUTION_COLLECTION_MISMATCH
4955445773	330d773a-abe3-4234-b423-129dc4d00963	https://specieslink.net/guid/229/76058	Plantae	Tracheophyta	Polypodiopsida	Polypodiales	Aspleniaceae	Asplenium	Asplenium abscissum		SPECIES	Asplenium abscissum Willd.	Asplenium abscissum	Willd.	BR	nascentes do Rio Miguel, Região do Onça.	Minas Gerais	PRESENT		303e2432-448c-41ec-be2b-020a25c7adc4	-20.431378	-45.619119							2006-11-25	25	11	2006	2650638	2650638	PRESERVED_SPECIMEN	UFJF	CESJ	76058	2424	J. Prado		CC_BY_4_0	Herbário Leopoldo Krieger	P.H.A. Melo		native	2026-06-25T20:53:04.890Z		CONTINENT_DERIVED_FROM_COORDINATES;IDENTIFIED_DATE_INVALID;INSTITUTION_MATCH_FUZZY;INSTITUTION_COLLECTION_MISMATCH
4955442517	330d773a-abe3-4234-b423-129dc4d00963	https://specieslink.net/guid/229/76797	Plantae	Tracheophyta	Polypodiopsida	Polypodiales	Pteridaceae	Adiantum	Adiantum rhizophytum		SPECIES	Adiantum rhizophytum Schrad.	Adiantum rhizophytum	Schrad.	BR	Fazenda Faroeste, margem esquerda do Rio São Miguel	Minas Gerais	PRESENT		303e2432-448c-41ec-be2b-020a25c7adc4	-20.256389	-45.669167							2003-05-26	26	5	2003	3749222	3749222	PRESERVED_SPECIMEN	UFJF	CESJ	76797	702	J. Prado		CC_BY_4_0	Herbário Leopoldo Krieger	P.H.A. Melo		native	2026-06-25T20:53:03.189Z		CONTINENT_DERIVED_FROM_COORDINATES;IDENTIFIED_DATE_INVALID;INSTITUTION_MATCH_FUZZY;INSTITUTION_COLLECTION_MISMATCH
4955432592	330d773a-abe3-4234-b423-129dc4d00963	https://specieslink.net/guid/229/44154	Plantae	Tracheophyta	Magnoliopsida	Celastrales	Celastraceae	Maytenus	Maytenus salicifolia		SPECIES	Maytenus salicifolia Reissek	Maytenus salicifolia	Reissek	BR	Fazenda Faroeste., Margem esquerda do Rio São Miguel. Lat.: ca. 20º 15' 23'S, Lon.: 45º 40' 09'W.	Minas Gerais	PRESENT		303e2432-448c-41ec-be2b-020a25c7adc4	-20.256389	-45.669167							2004-05-05	5	5	2004	3794167	3794167	PRESERVED_SPECIMEN	UFJF	CESJ	44154	56	L. Biral		CC_BY_4_0	Herbário Leopoldo Krieger	P.H.A. Melo			2026-06-25T20:53:00.787Z		CONTINENT_DERIVED_FROM_COORDINATES;IDENTIFIED_DATE_INVALID;INSTITUTION_MATCH_FUZZY;INSTITUTION_COLLECTION_MISMATCH
4955429142	330d773a-abe3-4234-b423-129dc4d00963	https://specieslink.net/guid/229/43965	Plantae	Tracheophyta	Magnoliopsida	Sapindales	Sapindaceae	Allophylus	Allophylus racemosus		SPECIES	Allophylus racemosus Sw.	Allophylus racemosus	Sw.	BR	Fazenda Faroeste, margem direita do Rio São Miguel	Minas Gerais	PRESENT		303e2432-448c-41ec-be2b-020a25c7adc4	-20.256389	-45.669167							2002-11-16	16	11	2002	5421135	5421135	PRESERVED_SPECIMEN	UFJF	CESJ	43965	257	R.L.G. Coelho	2014-04-24T00:00:00	CC_BY_4_0	Herbário Leopoldo Krieger	P.H.A. Melo		native	2026-06-25T20:53:00.496Z		CONTINENT_DERIVED_FROM_COORDINATES;INSTITUTION_MATCH_FUZZY;INSTITUTION_COLLECTION_MISMATCH
4955429071	330d773a-abe3-4234-b423-129dc4d00963	https://specieslink.net/guid/229/43914	Plantae	Tracheophyta	Magnoliopsida	Malpighiales	Salicaceae	Prockia	Prockia crucis		SPECIES	Prockia crucis P.Browne ex L.	Prockia crucis	P.Browne ex L.	BR	Fazenda Faroeste, margem esquerda do Rio São Miguel. Lat.: 20°15'23' S, Lon: 45°40'09' W.	Minas Gerais	PRESENT		303e2432-448c-41ec-be2b-020a25c7adc4	-20.256389	-45.669167							2002-11-16	16	11	2002	2874114	2874114	PRESERVED_SPECIMEN	UFJF	CESJ	43914	215	J.A. Lombardi		CC_BY_4_0	Herbário Leopoldo Krieger	P.H.A. Melo		native	2026-06-25T20:52:59.977Z		CONTINENT_DERIVED_FROM_COORDINATES;IDENTIFIED_DATE_INVALID;INSTITUTION_MATCH_FUZZY;INSTITUTION_COLLECTION_MISMATCH
4955429068	330d773a-abe3-4234-b423-129dc4d00963	https://specieslink.net/guid/229/43919	Plantae	Tracheophyta	Magnoliopsida	Gentianales	Rubiaceae	Psychotria	Psychotria carthagenensis		SPECIES	Psychotria carthagenensis Jacq.	Psychotria carthagenensis	Jacq.	BR	Fazenda Faroeste, margem esquerda do Rio São Miguel	Minas Gerais	PRESENT		303e2432-448c-41ec-be2b-020a25c7adc4	-20.256389	-45.669167							2002-11-16	16	11	2002	2920891	2920891	PRESERVED_SPECIMEN	UFJF	CESJ	43919	231	J.A. Lombardi		CC_BY_4_0	Herbário Leopoldo Krieger	P.H.A. Melo		native	2026-06-25T20:53:00.027Z		CONTINENT_DERIVED_FROM_COORDINATES;IDENTIFIED_DATE_INVALID;INSTITUTION_MATCH_FUZZY;INSTITUTION_COLLECTION_MISMATCH
4955429067	330d773a-abe3-4234-b423-129dc4d00963	https://specieslink.net/guid/229/43916	Plantae	Tracheophyta	Magnoliopsida	Malpighiales	Salicaceae	Prockia	Prockia crucis		SPECIES	Prockia crucis P.Browne ex L.	Prockia crucis	P.Browne ex L.	BR	Fazenda Faroeste, margem esquerda do Rio São Miguel. Lat.: 20°15'23' S, Lon: 45°40'09' W.	Minas Gerais	PRESENT		303e2432-448c-41ec-be2b-020a25c7adc4	-20.256389	-45.669167							2002-11-16	16	11	2002	2874114	2874114	PRESERVED_SPECIMEN	UFJF	CESJ	43916	215	J.A. Lombardi		CC_BY_4_0	Herbário Leopoldo Krieger	P.H.A. Melo		native	2026-06-25T20:52:59.982Z		CONTINENT_DERIVED_FROM_COORDINATES;IDENTIFIED_DATE_INVALID;INSTITUTION_MATCH_FUZZY;INSTITUTION_COLLECTION_MISMATCH
4955427910	330d773a-abe3-4234-b423-129dc4d00963	https://specieslink.net/guid/229/77175	Plantae	Tracheophyta	Polypodiopsida	Polypodiales	Polypodiaceae	Pecluma	Pecluma filicula		SPECIES	Pecluma filicula (Kaulf.) M.G.Price	Pecluma filicula	(Kaulf.) M.G.Price	BR	Nascentes do Rio São Miguel, Região do Onça.	Minas Gerais	PRESENT		303e2432-448c-41ec-be2b-020a25c7adc4	-20.431378	-45.619119							2006-11-25	25	11	2006	4028271	4028271	PRESERVED_SPECIMEN	UFJF	CESJ	77175	2415	V.A.O. Dittrich		CC_BY_4_0	Herbário Leopoldo Krieger	P.H.A. Melo		native	2026-06-25T20:52:59.645Z		CONTINENT_DERIVED_FROM_COORDINATES;IDENTIFIED_DATE_INVALID;INSTITUTION_MATCH_FUZZY;INSTITUTION_COLLECTION_MISMATCH
4955427909	330d773a-abe3-4234-b423-129dc4d00963	https://specieslink.net/guid/229/77176	Plantae	Tracheophyta	Polypodiopsida	Polypodiales	Aspleniaceae	Asplenium	Asplenium formosum		SPECIES	Asplenium formosum Willd.	Asplenium formosum	Willd.	BR	Nascentes do Rio São Miguel, Região do Onça.	Minas Gerais	PRESENT		303e2432-448c-41ec-be2b-020a25c7adc4	-20.431378	-45.619119							2006-11-25	25	11	2006	2650687	2650687	PRESERVED_SPECIMEN	UFJF	CESJ	77176	2425	J. Prado		CC_BY_4_0	Herbário Leopoldo Krieger	P.H.A. Melo		native	2026-06-25T20:52:59.618Z		CONTINENT_DERIVED_FROM_COORDINATES;IDENTIFIED_DATE_INVALID;INSTITUTION_MATCH_FUZZY;INSTITUTION_COLLECTION_MISMATCH
4955415499	330d773a-abe3-4234-b423-129dc4d00963	https://specieslink.net/guid/229/45940	Plantae	Tracheophyta	Magnoliopsida	Celastrales	Celastraceae	Hippocratea	Hippocratea volubilis		SPECIES	Hippocratea volubilis L.	Hippocratea volubilis	L.	BR	Fazenda Faroeste, margem direita do Rio São Miguel	Minas Gerais	PRESENT		303e2432-448c-41ec-be2b-020a25c7adc4	-20.251583	-45.662972							2003-02-01	1	2	2003	3169012	3169012	PRESERVED_SPECIMEN	UFJF	CESJ	45940	382	J.A. Lombardi		CC_BY_4_0	Herbário Leopoldo Krieger	P.H.A. Melo		native	2026-06-25T20:52:56.398Z		CONTINENT_DERIVED_FROM_COORDINATES;IDENTIFIED_DATE_INVALID;INSTITUTION_MATCH_FUZZY;INSTITUTION_COLLECTION_MISMATCH
4955414037	330d773a-abe3-4234-b423-129dc4d00963	https://specieslink.net/guid/229/45727	Plantae	Tracheophyta	Magnoliopsida	Sapindales	Sapindaceae	Allophylus	Allophylus racemosus		SPECIES	Allophylus racemosus Sw.	Allophylus racemosus	Sw.	BR	Fazenda Faroeste, margem esquerda do Rio São Miguel	Minas Gerais	PRESENT		303e2432-448c-41ec-be2b-020a25c7adc4	-20.256389	-45.669167							2002-11-16	16	11	2002	5421135	5421135	PRESERVED_SPECIMEN	UFJF	CESJ	45727	244	R.L.G. Coelho	2014-04-24T00:00:00	CC_BY_4_0	Herbário Leopoldo Krieger	P.H.A. Melo		native	2026-06-25T20:52:55.972Z		CONTINENT_DERIVED_FROM_COORDINATES;INSTITUTION_MATCH_FUZZY;INSTITUTION_COLLECTION_MISMATCH
4955414025	330d773a-abe3-4234-b423-129dc4d00963	https://specieslink.net/guid/229/45726	Plantae	Tracheophyta	Magnoliopsida	Malvales	Malvaceae	Guazuma	Guazuma ulmifolia		SPECIES	Guazuma ulmifolia Lam.	Guazuma ulmifolia	Lam.	BR	Fazenda Faroeste, Margem esquerda do rio São Miguel. Lat: ca 20°15'23'S, 45°40'09'W.	Minas Gerais	PRESENT		303e2432-448c-41ec-be2b-020a25c7adc4	-20.256389	-45.669167							2002-11-16	16	11	2002	3152195	3152195	PRESERVED_SPECIMEN	UFJF	CESJ	45726	243	M.R.M. Silva		CC_BY_4_0	Herbário Leopoldo Krieger	P.H.A. Melo		native	2026-06-25T20:52:56.012Z		CONTINENT_DERIVED_FROM_COORDINATES;IDENTIFIED_DATE_INVALID;INSTITUTION_MATCH_FUZZY;INSTITUTION_COLLECTION_MISMATCH
4955155152	a5e26562-5429-4878-a0d4-5cef3d5cc923	https://specieslink.net/guid/634/000226	Plantae	Tracheophyta	Magnoliopsida	Lamiales	Gesneriaceae	Chautemsia	Chautemsia calcicola		SPECIES	Chautemsia calcicola A.O.Araujo & V.C.Souza	Chautemsia calcicola	A.O. Araujo & V.C.Souza	BR	Fazenda Faroeste, Próximo ao municipio de Arcos. Mata com afloramento calcáreo, local úmido e de meia sombra.	Minas Gerais	PRESENT		76806d1f-5ca3-4b4d-8672-f165d38c3a6a	-20.261944	-45.669472			676.0				2013-03-10	10	3	2013	5830511	5830511	PRESERVED_SPECIMEN	UFABC	HUFABC	000226	1135	Araujo, A.O.	2015-09-01T00:00:00	CC_BY_4_0	Herbário da UFABC	Araújo, A.O.; Ferreira, G.E.		native	2026-06-26T17:57:33.945Z		CONTINENT_DERIVED_FROM_COORDINATES;INSTITUTION_MATCH_NONE
4953992262	cd6e21c8-9e8a-493a-8a76-fbf7862069e5	http://specimens.kew.org/herbarium/K003785893	Plantae	Tracheophyta	Magnoliopsida	Fabales	Fabaceae	Enterolobium	Enterolobium contortisiliquum		SPECIES	Enterolobium contortisiliquum (Vell.) Morong	Enterolobium contortisiliquum	(Vell.) Morong	BR	Arcos. Just south of limestone mine in Arcos.		PRESENT		061b4f20-f241-11da-a328-b8a03c50a862	-20.328055	-45.585556			748.0				2013-06-27T00:00	27	6	2013	2961170	2961170	PRESERVED_SPECIMEN	K	Herbarium	K003785893	1349			CC_BY_4_0		Neves, D.M.; Dexter, K.G.			2026-07-14T09:49:17.989Z	StillImage	COORDINATE_ROUNDED;GEODETIC_DATUM_ASSUMED_WGS84;CONTINENT_DERIVED_FROM_COORDINATES;INSTITUTION_MATCH_FUZZY;INSTITUTION_COLLECTION_MISMATCH
4953986888	cd6e21c8-9e8a-493a-8a76-fbf7862069e5	http://specimens.kew.org/herbarium/K003709917	Plantae	Tracheophyta	Magnoliopsida	Fabales	Fabaceae	Inga	Inga affinis	affinis	SUBSPECIES	Inga vera subsp. affinis (DC.) T.D.Penn.	Inga vera subsp. affinis	(DC.) T.D.Penn.	BR	MG, Iguatama: Fazenda Faroeste, margem esquerda do Rio São Miguel.		PRESENT		061b4f20-f241-11da-a328-b8a03c50a862	-20.256389	-45.669167							1902-10-04T00:00	4	10	1902	5357571	5357569	PRESERVED_SPECIMEN	K	Herbarium	K003709917	49			CC_BY_4_0		Melo, P.H.A.; Viana, P.L.			2026-07-14T09:49:19.555Z	StillImage	COORDINATE_ROUNDED;GEODETIC_DATUM_ASSUMED_WGS84;CONTINENT_DERIVED_FROM_COORDINATES;INSTITUTION_MATCH_FUZZY;INSTITUTION_COLLECTION_MISMATCH
4953844660	a51fa32f-831d-49d6-8b8a-c7b52ae65b3b	https://specieslink.net/guid/45/103284	Plantae	Tracheophyta	Magnoliopsida	Myrtales	Melastomataceae	Pleroma	Pleroma stenocarpum		SPECIES	Pleroma stenocarpum (DC.) Triana	Pleroma stenocarpum	(Schrank et Mart. ex DC.) Triana	BR	Estrada Calciolândia x Pains.	Minas Gerais	PRESENT		f6e2efc9-42a3-47ea-99c6-3eda8d653cc9	-20.264722	-45.669167			645.0				2018-05-21	21	5	2018	5601297	5601297	PRESERVED_SPECIMEN	UFPR	UPCB	103284	90	Meyer, F.S.	2022-09-30T00:00:00	CC_BY_4_0	Herbário da Universidade Federal do Paraná	Valente, B.; Baumgratz, J.F.A.;Bovini, M.;Ferreira, C.D.M.;Leite, G.A.		native	2026-07-01T12:07:12.517Z		COORDINATE_ROUNDED;CONTINENT_DERIVED_FROM_COORDINATES;INSTITUTION_MATCH_FUZZY;COLLECTION_MATCH_FUZZY
4953431531	16ed67e5-fd70-4fd4-85c3-70ea2da627fe	https://specieslink.net/guid/13/56202	Plantae	Tracheophyta	Magnoliopsida	Ericales	Primulaceae	Ardisia	Ardisia guianensis		SPECIES	Ardisia guianensis (Aubl.) Mez	Ardisia guianensis	(Aubl.) Mez	BR		Minas Gerais	PRESENT		52603cfd-d564-4e89-a466-5e71813677be	-20.256389	-45.669167							2003-05-26	26	5	2003	5558301	5558301	PRESERVED_SPECIMEN	IF	SPSF	56202	666	P.H.A.Melo		CC_BY_4_0	Herbário Dom Bento José Pickel	P.H.A.Melo & F.A.Carvalho		native	2026-06-26T18:56:17.623Z		COORDINATE_ROUNDED;CONTINENT_DERIVED_FROM_COORDINATES;INSTITUTION_MATCH_FUZZY;INSTITUTION_COLLECTION_MISMATCH
4953427940	16ed67e5-fd70-4fd4-85c3-70ea2da627fe	https://specieslink.net/guid/13/56345	Plantae	Tracheophyta	Magnoliopsida	Cucurbitales	Begoniaceae	Begonia	Begonia fischeri		SPECIES	Begonia fischeri Schrank	Begonia fischeri	Schrank	BR		Minas Gerais	PRESENT		52603cfd-d564-4e89-a466-5e71813677be	-20.407778	-45.662222							2007-02-26	26	2	2007	7303483	7303483	PRESERVED_SPECIMEN	IF	SPSF	56345	2413			CC_BY_4_0	Herbário Dom Bento José Pickel	P.H.A.Melo		native	2026-06-26T18:56:16.271Z		COORDINATE_ROUNDED;CONTINENT_DERIVED_FROM_COORDINATES;INSTITUTION_MATCH_FUZZY;INSTITUTION_COLLECTION_MISMATCH
4948183960	4300f8d5-1ae5-49e5-a101-63894b005868	urn:catalog:JBRJ:RB:1564940	Plantae	Tracheophyta	Magnoliopsida	Rosales	Urticaceae	Hemistylus	Hemistylus brasiliensis		SPECIES	Hemistylus brasiliensis Wedd.	Hemistylus brasiliensis Wedd.	Wedd.	BR	Região do Rastro de São Pedro	Minas Gerais	PRESENT		838537fc-4aeb-4980-8b58-97fbdcd1d91a	-20.295833	-45.604722							2005-12-24	24	12	2005	7434221	7434221	PRESERVED_SPECIMEN	JBRJ	RB	RB01564940	1399			CC_BY_4_0	Rio de Janeiro Botanical Garden	P.H.A. Melo; E.A. Melo Jr.			2026-07-01T12:15:01.012Z		COORDINATE_ROUNDED;GEODETIC_DATUM_ASSUMED_WGS84;CONTINENT_DERIVED_FROM_COORDINATES;INSTITUTION_MATCH_FUZZY;COLLECTION_MATCH_FUZZY
4948183957	4300f8d5-1ae5-49e5-a101-63894b005868	urn:catalog:JBRJ:RB:1564849	Plantae	Tracheophyta	Magnoliopsida	Rosales	Urticaceae	Urera			GENUS	Urera Gaudich.	Urera		BR	Fazenda Faroeste, margem direita do Rio São Miguel	Minas Gerais	PRESENT		838537fc-4aeb-4980-8b58-97fbdcd1d91a	-20.266389	-45.660278							2006-12-14	14	12	2006	2984329		PRESERVED_SPECIMEN	JBRJ	RB	RB01564849	1754			CC_BY_4_0	Rio de Janeiro Botanical Garden	P.H.A. Melo; L.C.M. Silva			2026-07-01T12:15:01.272Z		COORDINATE_ROUNDED;GEODETIC_DATUM_ASSUMED_WGS84;CONTINENT_DERIVED_FROM_COORDINATES;INSTITUTION_MATCH_FUZZY;COLLECTION_MATCH_FUZZY
4948183761	4300f8d5-1ae5-49e5-a101-63894b005868	urn:catalog:JBRJ:RB:1563648	Plantae	Tracheophyta	Magnoliopsida	Malpighiales	Malpighiaceae	Mascagnia	Mascagnia sepium		SPECIES	Mascagnia sepium (A.Juss.) Griseb.	Mascagnia sepium (A.Juss.) Griseb.	(A.Juss.) Griseb.	BR	Fazenda Faroeste, margem direita do Rio São Miguel	Minas Gerais	PRESENT		838537fc-4aeb-4980-8b58-97fbdcd1d91a	-20.255833	-45.6625							2002-11-16	16	11	2002	7285002	7285002	PRESERVED_SPECIMEN	JBRJ	RB	RB01563648	256	R.F. Almeida	2017-05-10T00:00:00	CC_BY_4_0	Rio de Janeiro Botanical Garden	P.H.A. Melo; L.M. Versieux			2026-07-01T12:15:01.068Z		COORDINATE_ROUNDED;GEODETIC_DATUM_ASSUMED_WGS84;CONTINENT_DERIVED_FROM_COORDINATES;INSTITUTION_MATCH_FUZZY;COLLECTION_MATCH_FUZZY
4948183731	4300f8d5-1ae5-49e5-a101-63894b005868	urn:catalog:JBRJ:RB:1565421	Plantae	Tracheophyta	Magnoliopsida	Oxalidales	Connaraceae	Rourea	Rourea induta		SPECIES	Rourea induta Planch.	Rourea cf. induta Planch.	Planch.	BR	Fazenda Faroeste, margem direita do Rio São Miguel	Minas Gerais	PRESENT		838537fc-4aeb-4980-8b58-97fbdcd1d91a	-20.255833	-45.6625							2003-10-20	20	10	2003	7326640	7326640	PRESERVED_SPECIMEN	JBRJ	RB	RB01565421	909A	P.H.A. Melo	2018-07-14T00:00:00	CC_BY_4_0	Rio de Janeiro Botanical Garden	P.H.A. Melo; P.M.G. Valente			2026-07-01T12:15:01.061Z		COORDINATE_ROUNDED;GEODETIC_DATUM_ASSUMED_WGS84;CONTINENT_DERIVED_FROM_COORDINATES;INSTITUTION_MATCH_FUZZY;COLLECTION_MATCH_FUZZY
4948183720	4300f8d5-1ae5-49e5-a101-63894b005868	urn:catalog:JBRJ:RB:1565193	Plantae	Tracheophyta	Magnoliopsida	Rosales	Urticaceae	Urera			GENUS	Urera Gaudich.	Urera		BR	Fazenda Faroeste, margem direita do Rio São Miguel	Minas Gerais	PRESENT		838537fc-4aeb-4980-8b58-97fbdcd1d91a	-20.266389	-45.660278							2006-12-14	14	12	2006	2984329		PRESERVED_SPECIMEN	JBRJ	RB	RB01565193	1756			CC_BY_4_0	Rio de Janeiro Botanical Garden	P.H.A. Melo; L.C.M. Silva			2026-07-01T12:15:00.981Z		COORDINATE_ROUNDED;GEODETIC_DATUM_ASSUMED_WGS84;CONTINENT_DERIVED_FROM_COORDINATES;INSTITUTION_MATCH_FUZZY;COLLECTION_MATCH_FUZZY
4948183714	4300f8d5-1ae5-49e5-a101-63894b005868	urn:catalog:JBRJ:RB:1564857	Plantae	Tracheophyta	Magnoliopsida	Rosales	Urticaceae	Urera	Urera aurantiaca		SPECIES	Urera aurantiaca Wedd.	Urera aurantiaca Wedd.	Wedd.	BR	Fazenda Faroeste, margem esquerda do Rio São Miguel	Minas Gerais	PRESENT		838537fc-4aeb-4980-8b58-97fbdcd1d91a	-20.255833	-45.6625							2002-12-30	30	12	2002	7300663	7300663	PRESERVED_SPECIMEN	JBRJ	RB	RB01564857	466	P.H.A. Melo	2018-08-06T00:00:00	CC_BY_4_0	Rio de Janeiro Botanical Garden	P.H.A. Melo			2026-07-01T12:15:31.089Z		COORDINATE_ROUNDED;GEODETIC_DATUM_ASSUMED_WGS84;CONTINENT_DERIVED_FROM_COORDINATES;INSTITUTION_MATCH_FUZZY;COLLECTION_MATCH_FUZZY
4948183628	4300f8d5-1ae5-49e5-a101-63894b005868	urn:catalog:JBRJ:RB:1565192	Plantae	Tracheophyta	Magnoliopsida	Rosales	Urticaceae	Urera			GENUS	Urera Gaudich.	Urera		BR	Fazenda Faroeste, margem direta do Rio São Miguel	Minas Gerais	PRESENT		838537fc-4aeb-4980-8b58-97fbdcd1d91a	-20.266389	-45.660278							2006-12-14	14	12	2006	2984329		PRESERVED_SPECIMEN	JBRJ	RB	RB01565192	1755			CC_BY_4_0	Rio de Janeiro Botanical Garden	P.H.A. Melo; L.C.M. Silva			2026-07-01T12:15:01.080Z		COORDINATE_ROUNDED;GEODETIC_DATUM_ASSUMED_WGS84;CONTINENT_DERIVED_FROM_COORDINATES;INSTITUTION_MATCH_FUZZY;COLLECTION_MATCH_FUZZY
4948183582	4300f8d5-1ae5-49e5-a101-63894b005868	urn:catalog:JBRJ:RB:1563682	Plantae	Tracheophyta	Magnoliopsida	Malpighiales	Malpighiaceae	Amorimia	Amorimia rigida		SPECIES	Amorimia rigida (A.Juss.) W.R.Anderson	Amorimia rigida (A.Juss.) W.R.Anderson	(A.Juss.) W.R.Anderson	BR	Fazenda Faroeste, margem direita do Rio São Miguel	Minas Gerais	PRESENT		838537fc-4aeb-4980-8b58-97fbdcd1d91a	-20.266389	-45.660278							2006-12-14	14	12	2006	3985945	3985945	PRESERVED_SPECIMEN	JBRJ	RB	RB01563682	1762	R.F. Almeida	2017-05-10T00:00:00	CC_BY_4_0	Rio de Janeiro Botanical Garden	P.H.A. Melo; L.C.M. Silva			2026-07-01T12:15:30.649Z		COORDINATE_ROUNDED;GEODETIC_DATUM_ASSUMED_WGS84;CONTINENT_DERIVED_FROM_COORDINATES;INSTITUTION_MATCH_FUZZY;COLLECTION_MATCH_FUZZY
4948183538	4300f8d5-1ae5-49e5-a101-63894b005868	urn:catalog:JBRJ:RB:1565416	Plantae	Tracheophyta	Magnoliopsida	Ericales	Primulaceae	Myrsine			GENUS	Myrsine L.	Myrsine		BR	Sul do bairro Olaria	Minas Gerais	PRESENT		838537fc-4aeb-4980-8b58-97fbdcd1d91a	-20.275	-45.535							2007-08-27	27	8	2007	3169412		PRESERVED_SPECIMEN	JBRJ	RB	RB01565416	2523			CC_BY_4_0	Rio de Janeiro Botanical Garden	P.H.A. Melo			2026-07-01T12:15:01.120Z		GEODETIC_DATUM_ASSUMED_WGS84;CONTINENT_DERIVED_FROM_COORDINATES;INSTITUTION_MATCH_FUZZY;COLLECTION_MATCH_FUZZY
4948183441	4300f8d5-1ae5-49e5-a101-63894b005868	urn:catalog:JBRJ:RB:1564821	Plantae	Tracheophyta	Magnoliopsida	Rosales	Urticaceae	Hemistylus	Hemistylus brasiliensis		SPECIES	Hemistylus brasiliensis Wedd.	Hemistylus brasiliensis Wedd.	Wedd.	BR	Fazenda Faroeste, margem direita do Rio São Miguel	Minas Gerais	PRESENT		838537fc-4aeb-4980-8b58-97fbdcd1d91a	-20.266389	-45.660278							2004-08-13	13	8	2004	7434221	7434221	PRESERVED_SPECIMEN	JBRJ	RB	RB01564821	1244	P.H.A. Melo	2018-05-01T00:00:00	CC_BY_4_0	Rio de Janeiro Botanical Garden	P.H.A. Melo; L.H.L. Coelho			2026-07-01T12:15:01.142Z		COORDINATE_ROUNDED;GEODETIC_DATUM_ASSUMED_WGS84;CONTINENT_DERIVED_FROM_COORDINATES;INSTITUTION_MATCH_FUZZY;COLLECTION_MATCH_FUZZY
4948183430	4300f8d5-1ae5-49e5-a101-63894b005868	urn:catalog:JBRJ:RB:1564249	Plantae	Tracheophyta	Magnoliopsida	Cornales	Loasaceae	Mentzelia	Mentzelia aspera		SPECIES	Mentzelia aspera L.	Mentzelia aspera L.	L.	BR	Fazenda Faroeste, margem direita do Rio São Miguel	Minas Gerais	PRESENT		838537fc-4aeb-4980-8b58-97fbdcd1d91a	-20.266389	-45.660278							2006-12-14	14	12	2006	5331416	5331416	PRESERVED_SPECIMEN	JBRJ	RB	RB01564249	1765	P.H.A. Melo	2018-07-16T00:00:00	CC_BY_4_0	Rio de Janeiro Botanical Garden	P.H.A. Melo; L.C.M. Silva			2026-07-01T12:15:31.515Z		COORDINATE_ROUNDED;GEODETIC_DATUM_ASSUMED_WGS84;CONTINENT_DERIVED_FROM_COORDINATES;INSTITUTION_MATCH_FUZZY;COLLECTION_MATCH_FUZZY
4948183408	4300f8d5-1ae5-49e5-a101-63894b005868	urn:catalog:JBRJ:RB:1563680	Plantae	Tracheophyta	Magnoliopsida	Rosales	Urticaceae	Hemistylus	Hemistylus brasiliensis		SPECIES	Hemistylus brasiliensis Wedd.	Hemistylus brasiliensis Wedd.	Wedd.	BR	Fazenda Faroeste, margem direita do Rio São Miguel	Minas Gerais	PRESENT		838537fc-4aeb-4980-8b58-97fbdcd1d91a	-20.266389	-45.660278							2006-12-14	14	12	2006	7434221	7434221	PRESERVED_SPECIMEN	JBRJ	RB	RB01563680	1763	P.H.A. Melo	2018-08-02T00:00:00	CC_BY_4_0	Rio de Janeiro Botanical Garden	P.H.A. Melo; L.C.M. Silva			2026-07-01T12:15:01.120Z		COORDINATE_ROUNDED;GEODETIC_DATUM_ASSUMED_WGS84;CONTINENT_DERIVED_FROM_COORDINATES;INSTITUTION_MATCH_FUZZY;COLLECTION_MATCH_FUZZY
4948183405	4300f8d5-1ae5-49e5-a101-63894b005868	urn:catalog:JBRJ:RB:1563655	Plantae	Tracheophyta	Magnoliopsida	Malpighiales	Malpighiaceae	Hiraea	Hiraea fagifolia		SPECIES	Hiraea fagifolia (DC.) A.Juss.	Hiraea fagifolia (DC.) A.Juss.	(DC.) A.Juss.	BR	Fazenda Amargoso, MG 439 km 16	Minas Gerais	PRESENT		838537fc-4aeb-4980-8b58-97fbdcd1d91a	-20.381944	-45.651111							2003-04-16	16	4	2003	7285448	7285448	PRESERVED_SPECIMEN	JBRJ	RB	RB01563655	1001	R.F. Almeida	2017-05-10T00:00:00	CC_BY_4_0	Rio de Janeiro Botanical Garden	P.H.A. Melo; G.P. Santos			2026-07-01T12:15:01.017Z		COORDINATE_ROUNDED;GEODETIC_DATUM_ASSUMED_WGS84;CONTINENT_DERIVED_FROM_COORDINATES;INSTITUTION_MATCH_FUZZY;COLLECTION_MATCH_FUZZY
4948183356	4300f8d5-1ae5-49e5-a101-63894b005868	urn:catalog:JBRJ:RB:1564820	Plantae	Tracheophyta	Magnoliopsida	Rosales	Urticaceae	Pilea			GENUS	Pilea Lindl.	Pilea		BR	Fazenda Faroeste, margem esquerda do Rio São Miguel	Minas Gerais	PRESENT		838537fc-4aeb-4980-8b58-97fbdcd1d91a	-20.263611	-45.670278							2005-01-26	26	1	2005	2984417		PRESERVED_SPECIMEN	JBRJ	RB	RB01564820	1158			CC_BY_4_0	Rio de Janeiro Botanical Garden	P.H.A. Melo; A. Salino; P.L. Viana; N.F.O. Mota; F.S.F. Leite; C.G. Leal; G.P. Santos			2026-07-01T12:15:01.101Z		COORDINATE_ROUNDED;GEODETIC_DATUM_ASSUMED_WGS84;CONTINENT_DERIVED_FROM_COORDINATES;INSTITUTION_MATCH_FUZZY;COLLECTION_MATCH_FUZZY
4948183318	4300f8d5-1ae5-49e5-a101-63894b005868	urn:catalog:JBRJ:RB:1563753	Plantae	Tracheophyta	Magnoliopsida	Lamiales	Verbenaceae	Petrea	Petrea volubilis		SPECIES	Petrea volubilis L.	Petrea volubilis L.	L.	BR	Nascentes do Rio São Miguel, Região do Onça	Minas Gerais	PRESENT		838537fc-4aeb-4980-8b58-97fbdcd1d91a	-20.431111	-45.618889							2006-11-25	25	11	2006	2925536	2925536	PRESERVED_SPECIMEN	JBRJ	RB	RB01563753	2436			CC_BY_4_0	Rio de Janeiro Botanical Garden	P.H.A. Melo; R.M. Santos			2026-07-01T12:15:01.058Z		COORDINATE_ROUNDED;GEODETIC_DATUM_ASSUMED_WGS84;CONTINENT_DERIVED_FROM_COORDINATES;INSTITUTION_MATCH_FUZZY;COLLECTION_MATCH_FUZZY
4946938309	d2470ef8-edfa-4ba7-821e-c3e1a537bdba	https://specieslink.net/guid/220/90147	Plantae	Tracheophyta	Magnoliopsida	Sapindales	Sapindaceae	Paullinia			GENUS	Paullinia L.	Paullinia		BR	Fazenda Faroeste, Margem direita do Rio São Miguel, afloramento da Bocaina.	Minas Gerais	PRESENT		4265f332-341c-45f6-b30b-5dc2e39b86e8	-20.266389	-45.660528							2004-08-13	13	8	2004	3189948		PRESERVED_SPECIMEN	UFMG	BHCB	90147	1243			CC_BY_4_0	Herbário da UFMG - Fanerógamas, Algas e Fungos	Melo, PHA de; Coelho, LHL			2026-06-25T20:18:16.093Z		CONTINENT_DERIVED_FROM_COORDINATES;IDENTIFIED_DATE_INVALID;INSTITUTION_MATCH_NONE
4928890770	2e684fd6-09e2-4661-910a-0a188b610c04	https://specieslink.net/guid/204/265091	Plantae	Tracheophyta	Liliopsida	Liliales	Alstroemeriaceae	Alstroemeria			GENUS	Alstroemeria L.	Alstroemeria		BR	Região do Mandengo, afloramentos marginais ao Rio São Miguel e a estrada de terra Pains-Iguatama.	Minas Gerais	PRESENT		60545be9-4f28-4245-b4b4-07635c8dfa54	-20.3575	-45.664722							2005-01-08	8	1	2005	2753642		PRESERVED_SPECIMEN	UEFS	HUEFS	265091	1429			CC_BY_4_0	Herbario da Universidade Estadual de Feira de Santana	Melo, P.H.A.			2026-06-26T17:13:49.974Z		CONTINENT_DERIVED_FROM_COORDINATES;INSTITUTION_MATCH_FUZZY;INSTITUTION_COLLECTION_MISMATCH;TAXON_MATCH_HIGHERRANK
4928884032	2e684fd6-09e2-4661-910a-0a188b610c04	https://specieslink.net/guid/204/266656	Plantae	Tracheophyta	Magnoliopsida	Fabales	Fabaceae	Centrolobium	Centrolobium tomentosum		SPECIES	Centrolobium tomentosum Guill. ex Benth.	Centrolobium tomentosum	Guill. ex Benth.	BR	Calciolândia. Estrada de Ferro, na margem do rio São Miguel.	Minas Gerais	PRESENT		60545be9-4f28-4245-b4b4-07635c8dfa54	-20.237778	-45.660833							2018-05-21	21	5	2018	2945575	2945575	PRESERVED_SPECIMEN	UEFS	HUEFS	266656	84	B. Valente	2018-01-01T00:00:00	CC_BY_4_0	Herbario da Universidade Estadual de Feira de Santana	Valente, B.			2026-06-26T17:13:48.272Z		CONTINENT_DERIVED_FROM_COORDINATES;INSTITUTION_MATCH_FUZZY;INSTITUTION_COLLECTION_MISMATCH
4928883508	2e684fd6-09e2-4661-910a-0a188b610c04	https://specieslink.net/guid/204/264481	Plantae	Tracheophyta	Magnoliopsida	Asterales	Asteraceae	Gardnerina	Gardnerina angustata		SPECIES	Gardnerina angustata (Gardner) R.M.King & H.Rob.	Gardnerina angustata	(Gardner) R.M.King & H.Rob.	BR	Região do Rastro de São Pedro.	Minas Gerais	PRESENT		60545be9-4f28-4245-b4b4-07635c8dfa54	-20.295833	-45.604722			680.0	0.0			2005-06-26	26	6	2005	3139400	3139400	PRESERVED_SPECIMEN	UEFS	HUEFS	264481	1392			CC_BY_4_0	Herbario da Universidade Estadual de Feira de Santana	Melo, P.H.A.		native	2026-06-26T17:13:48.391Z		CONTINENT_DERIVED_FROM_COORDINATES;INSTITUTION_MATCH_FUZZY;INSTITUTION_COLLECTION_MISMATCH
4900518109	67f33aea-2c4b-475b-b243-91ca1b9dd29a	6277861	Plantae	Tracheophyta	Magnoliopsida	Asterales	Asteraceae	Chromolaena	Chromolaena laevigata		SPECIES	Chromolaena laevigata (Lam.) R.M.King & H.Rob.	chromolaena laevigata (h.j.lam.) r.m.king & h.rob.	(H.J.Lam.) R.M.King & H.Rob.	BR	Fazenda Faroeste, margm direita do Rio São Miguel.	Minas Gerais	PRESENT		838537fc-4aeb-4980-8b58-97fbdcd1d91a	-20.260278	-45.663889			350.0	350.0			2003-07-05	5	7	2003	3087662	3087662	PRESERVED_SPECIMEN	ALCB	ALCB	ALCB00078323	723	Christ, AL		CC_BY_4_0	ALCB	Melo, PHA;Ferreira, RR,Libanio, RC,Loyola, DM			2026-07-01T12:14:03.880Z	StillImage	COORDINATE_ROUNDED;GEODETIC_DATUM_ASSUMED_WGS84;CONTINENT_DERIVED_FROM_COORDINATES;RECORDED_DATE_INVALID;ELEVATION_MIN_MAX_SWAPPED;IDENTIFIED_DATE_INVALID;INSTITUTION_MATCH_FUZZY;COLLECTION_MATCH_FUZZY;TAXON_MATCH_FUZZY
4900481914	f9768501-2d57-4b8b-90a9-3ba5cf6dad3e	6327816	Plantae	Tracheophyta	Magnoliopsida	Gentianales	Apocynaceae	Peplonia	Peplonia axillaris		SPECIES	Peplonia axillaris (Vell.) Fontella & Rapini	peplonia axilaris (vell.) fontella & rapini	(Vell.) Fontella & Rapini	BR	Pedra do Bauzinho	São Paulo	PRESENT		838537fc-4aeb-4980-8b58-97fbdcd1d91a	-20.24	-45.6575							1995-04-13	13	4	1995	3579711	3579711	PRESERVED_SPECIMEN	R	R	R010020169	864	Rapini, A.		CC_BY_4_0	R	Tamashiro, J.Y.;Ivanauskas, N.,Fernandes, G.D.,Miyagi, P.H.: Belinello, R.,Souza, J. de P.			2026-07-01T12:10:49.923Z		GEODETIC_DATUM_ASSUMED_WGS84;CONTINENT_DERIVED_FROM_COORDINATES;IDENTIFIED_DATE_INVALID;INSTITUTION_MATCH_FUZZY;COLLECTION_MATCH_FUZZY;TAXON_MATCH_FUZZY
4874479733	d2470ef8-edfa-4ba7-821e-c3e1a537bdba	https://specieslink.net/guid/220/93927	Plantae	Tracheophyta	Liliopsida	Asparagales	Orchidaceae	Cattleya	Cattleya walkeriana		SPECIES	Cattleya walkeriana Gardner	Cattleya walkeriana	Gardner	BR	Fazenda de Marcelo Rabelo.	Minas Gerais	PRESENT		4265f332-341c-45f6-b30b-5dc2e39b86e8	-20.429222	-45.748583							2005-05-20	20	5	2005	2800917	2800917	PRESERVED_SPECIMEN	UFMG	BHCB	93927	1352	Viana, PL		CC_BY_4_0	Herbário da UFMG - Fanerógamas, Algas e Fungos	Melo, PHA de; Viana, PL		native	2026-06-25T20:18:15.658Z		CONTINENT_DERIVED_FROM_COORDINATES;IDENTIFIED_DATE_INVALID;INSTITUTION_MATCH_NONE
4874479447	d2470ef8-edfa-4ba7-821e-c3e1a537bdba	https://specieslink.net/guid/220/90119	Plantae	Tracheophyta	Magnoliopsida	Fabales	Fabaceae	Inga			GENUS	Inga Mill.	Inga		BR	Fazenda Amargoso, MG-439, Km 16	Minas Gerais	PRESENT		4265f332-341c-45f6-b30b-5dc2e39b86e8	-20.384944	-45.649361							2004-07-29	29	7	2004	2965936		PRESERVED_SPECIMEN	UFMG	BHCB	90119	1233			CC_BY_4_0	Herbário da UFMG - Fanerógamas, Algas e Fungos	Melo, PHA de			2026-06-25T20:18:15.569Z		CONTINENT_DERIVED_FROM_COORDINATES;IDENTIFIED_DATE_INVALID;INSTITUTION_MATCH_NONE
4873806510	cd6e21c8-9e8a-493a-8a76-fbf7862069e5	http://specimens.kew.org/herbarium/K004846838	Plantae	Tracheophyta	Magnoliopsida	Sapindales	Meliaceae	Trichilia	Trichilia elegans		SPECIES	Trichilia elegans A.Juss.	Trichilia elegans	A.Juss.	BR	MG, Pains: Fazenda Amargoso, MG 439 Km 16.		PRESENT		061b4f20-f241-11da-a328-b8a03c50a862	-20.387222	-45.649722											7271353	7271353	PRESERVED_SPECIMEN	K	Herbarium	K004846838	275			CC_BY_4_0		Melo, P.H.A.			2026-07-14T09:50:03.035Z	StillImage	COORDINATE_ROUNDED;GEODETIC_DATUM_ASSUMED_WGS84;CONTINENT_DERIVED_FROM_COORDINATES;INSTITUTION_MATCH_FUZZY;INSTITUTION_COLLECTION_MISMATCH
4872761016	4300f8d5-1ae5-49e5-a101-63894b005868	urn:catalog:JBRJ:RB:1537482	Plantae	Tracheophyta	Magnoliopsida	Rosales	Urticaceae	Urera	Urera baccifera		SPECIES	Urera baccifera (L.) Gaudich. ex Wedd.	Urera baccifera (L.) Gaudich. ex Wedd.	(L.) Gaudich. ex Wedd.	BR	Fazenda Faroeste, margem direita do Rio São Miguel	Minas Gerais	PRESENT		838537fc-4aeb-4980-8b58-97fbdcd1d91a	-20.266389	-45.660278							2006-12-14	14	12	2006	2984339	7411905	PRESERVED_SPECIMEN	JBRJ	RB	RB01537482	1756			CC_BY_4_0	Rio de Janeiro Botanical Garden	P.H.A. Melo; L.C.M. Silva			2026-07-01T12:15:00.623Z		COORDINATE_ROUNDED;GEODETIC_DATUM_ASSUMED_WGS84;CONTINENT_DERIVED_FROM_COORDINATES;INSTITUTION_MATCH_FUZZY;COLLECTION_MATCH_FUZZY
4872760727	4300f8d5-1ae5-49e5-a101-63894b005868	urn:catalog:JBRJ:RB:1537481	Plantae	Tracheophyta	Magnoliopsida	Rosales	Urticaceae	Hemistylus	Hemistylus brasiliensis		SPECIES	Hemistylus brasiliensis Wedd.	Hemistylus brasiliensis Wedd.	Wedd.	BR	Fazenda Faroeste, margem direita do rio São Miguel	Minas Gerais	PRESENT		838537fc-4aeb-4980-8b58-97fbdcd1d91a	-20.266389	-45.660278							2006-12-14	14	12	2006	7434221	7434221	PRESERVED_SPECIMEN	JBRJ	RB	RB01537481	1763	P.H.A. Melo	2018-08-02T00:00:00	CC_BY_4_0	Rio de Janeiro Botanical Garden	P.H.A. Melo; L.C.M. Silva			2026-07-01T12:15:00.537Z		COORDINATE_ROUNDED;GEODETIC_DATUM_ASSUMED_WGS84;CONTINENT_DERIVED_FROM_COORDINATES;INSTITUTION_MATCH_FUZZY;COLLECTION_MATCH_FUZZY
4857058184	83a49751-4282-481e-a847-1c5c224a0551	UCJEPS:UC:UC1962218	Plantae	Tracheophyta	Magnoliopsida	Santalales	Viscaceae	Phoradendron	Phoradendron piperoides		SPECIES	Phoradendron piperoides (Kunth) Trel.	Phoradendron piperoides (Kunth) Trel.		BR	Iguatama; Frazenda Faroeste, margem esquerda do Rio Sao Miguel	Minas Gerais	PRESENT		0dc9c7a0-b5c6-11d9-a0b8-b8a03c50a862	-20.256389	-45.669167							2002-11-16	16	11	2002	2889900	2889900	PRESERVED_SPECIMEN		UC	UC1962218	238			CC_BY_NC_4_0		P. H. A. Melo			2026-07-14T02:20:36.844Z		CONTINENT_DERIVED_FROM_COORDINATES
4853909943	cd6e21c8-9e8a-493a-8a76-fbf7862069e5	http://specimens.kew.org/herbarium/K004848341	Plantae	Tracheophyta	Magnoliopsida	Sapindales	Meliaceae	Trichilia	Trichilia catigua		SPECIES	Trichilia catigua A.Juss.	Trichilia catigua	A.Juss.	BR	MG Arcos: Fazenda Faroeste, margem direita do Rio São Miguel.		PRESENT		061b4f20-f241-11da-a328-b8a03c50a862	-20.251583	-45.662972											7271401	7271401	PRESERVED_SPECIMEN	K	Herbarium	K004848341	293			CC_BY_4_0		Melo, P.H.A.; Melo, E.A. (Jr.)			2026-07-14T09:49:10.472Z	StillImage	COORDINATE_ROUNDED;GEODETIC_DATUM_ASSUMED_WGS84;CONTINENT_DERIVED_FROM_COORDINATES;INSTITUTION_MATCH_FUZZY;INSTITUTION_COLLECTION_MISMATCH
4519550409	ed8e1590-62b5-48a8-8654-4ecc13554f57	https://specieslink.net/guid/453/87447	Plantae	Tracheophyta	Polypodiopsida	Polypodiales	Dennstaedtiaceae	Mucura	Mucura globulifera		SPECIES	Dennstaedtia globulifera (Poir.) Hieron.	Dennstaedtia globulifera	(Poir.) Hieron.	BR	Fazenda Faroeste, Próximo a margem direita do rio São Miguel.	Minas Gerais	PRESENT		4265f332-341c-45f6-b30b-5dc2e39b86e8	-20.269111	-45.660639							2004-04-11	11	4	2004	2650786	12211674	PRESERVED_SPECIMEN	UFMG	BHCB-SL	87447	9569	Salino, A		CC_BY_4_0	Herbário da UFMG - Samambaias e Licófitas	Salino, A; Mota, NFO; Melo, PHA de; Viana, PL; Leal, CG; Leite, FSF			2026-06-25T19:56:38.339Z		CONTINENT_DERIVED_FROM_COORDINATES;IDENTIFIED_DATE_INVALID;INSTITUTION_MATCH_NONE
4519434126	cd6e21c8-9e8a-493a-8a76-fbf7862069e5	http://specimens.kew.org/herbarium/K001516460	Plantae	Tracheophyta	Magnoliopsida	Asterales	Asteraceae	Chromolaena	Chromolaena laevigata		SPECIES	Chromolaena laevigata (Lam.) R.M.King & H.Rob.	Chromolaena laevigata	(Lam.) R.M.King & H.Rob.	BR	Arcos. Fazenda Foroeste, margem direita do Rio São Miguel. 		PRESENT		061b4f20-f241-11da-a328-b8a03c50a862	-20.260278	-45.663889			750.0	50.0			2003-07-05T00:00	5	7	2003	3087662	3087662	PRESERVED_SPECIMEN	RB	Herbarium	K001516460	723			CC_BY_4_0		Melo, P.H.A.; Libanio, R.C.; Ferreira, R.R.; Loyola, D.M.			2026-07-14T09:49:53.187Z	StillImage	COORDINATE_ROUNDED;GEODETIC_DATUM_ASSUMED_WGS84;CONTINENT_DERIVED_FROM_COORDINATES;INSTITUTION_MATCH_FUZZY;INSTITUTION_COLLECTION_MISMATCH
4508474315	d2470ef8-edfa-4ba7-821e-c3e1a537bdba	https://specieslink.net/guid/220/78328	Plantae	Tracheophyta	Liliopsida	Asparagales	Orchidaceae	Epidendrum	Epidendrum densiflorum		SPECIES	Epidendrum densiflorum Hook.	Epidendrum densiflorum	Lindl.	BR	Fazenda Faroeste, Margem esquerda do Rio São Miguel.	Minas Gerais	PRESENT		4265f332-341c-45f6-b30b-5dc2e39b86e8	-20.256389	-45.669167							2002-10-04	4	10	2002	5321132	5321132	PRESERVED_SPECIMEN	UFMG	BHCB	78328	58	Mota, RC da		CC_BY_4_0	Herbário da UFMG - Fanerógamas, Algas e Fungos	Melo, PHA de; Viana, PL		native	2026-06-25T20:18:14.753Z		CONTINENT_DERIVED_FROM_COORDINATES;IDENTIFIED_DATE_INVALID;INSTITUTION_MATCH_NONE
4508473326	d2470ef8-edfa-4ba7-821e-c3e1a537bdba	https://specieslink.net/guid/220/88427	Plantae	Tracheophyta	Liliopsida	Zingiberales	Marantaceae	Maranta			GENUS	Maranta Plum. ex L.	Maranta		BR	Fazenda Faroeste, margem esquerda do rio São Miguel	Minas Gerais	PRESENT		4265f332-341c-45f6-b30b-5dc2e39b86e8	-20.263722	-45.670444							2003-12-31	31	12	2003	2757347		PRESERVED_SPECIMEN	UFMG	BHCB	88427	1027			CC_BY_4_0	Herbário da UFMG - Fanerógamas, Algas e Fungos	Melo, PHA de; Valente			2026-06-25T20:18:14.641Z		CONTINENT_DERIVED_FROM_COORDINATES;IDENTIFIED_DATE_INVALID;INSTITUTION_MATCH_NONE
4508473320	d2470ef8-edfa-4ba7-821e-c3e1a537bdba	https://specieslink.net/guid/220/81651	Plantae	Tracheophyta	Liliopsida	Zingiberales	Marantaceae	Goeppertia	Goeppertia sellowii		SPECIES	Goeppertia sellowii (Körn.) Borchs. & S.Suárez	Goeppertia sellowii	(Körn.) Borchs. & S.Suárez	BR	Fazenda Faroeste, margem direita do rio São Miguel	Minas Gerais	PRESENT		4265f332-341c-45f6-b30b-5dc2e39b86e8	-20.256389	-45.669167							2003-03-08	8	3	2003	7350587	7350587	PRESERVED_SPECIMEN	UFMG	BHCB	81651	477	Saka, MN		CC_BY_4_0	Herbário da UFMG - Fanerógamas, Algas e Fungos	Melo, PHA de		native	2026-06-25T20:18:14.589Z		CONTINENT_DERIVED_FROM_COORDINATES;IDENTIFIED_DATE_INVALID;INSTITUTION_MATCH_NONE
4508472334	d2470ef8-edfa-4ba7-821e-c3e1a537bdba	https://specieslink.net/guid/220/93983	Plantae	Tracheophyta	Liliopsida	Asparagales	Orchidaceae	Epidendrum	Epidendrum densiflorum		SPECIES	Epidendrum densiflorum Hook.	Epidendrum densiflorum	Lindl.	BR	Rio São Miguel, Margem esquerda do rio. Afloramento no início da estrada da Fazenda do Vininho.	Minas Gerais	PRESENT		4265f332-341c-45f6-b30b-5dc2e39b86e8	-20.262778	-45.671083							2003-10-20	20	10	2003	5321132	5321132	PRESERVED_SPECIMEN	UFMG	BHCB	93983	894	Mota, RC da		CC_BY_4_0	Herbário da UFMG - Fanerógamas, Algas e Fungos	Melo, PHA de		native	2026-06-25T20:18:14.578Z		CONTINENT_DERIVED_FROM_COORDINATES;IDENTIFIED_DATE_INVALID;INSTITUTION_MATCH_NONE
4508472327	d2470ef8-edfa-4ba7-821e-c3e1a537bdba	https://specieslink.net/guid/220/88428	Plantae	Tracheophyta	Liliopsida	Zingiberales	Marantaceae	Maranta			GENUS	Maranta Plum. ex L.	Maranta		BR	Fazenda Amargoso, MG439 Km 16, divisa com FranciscoGonçalves Costa	Minas Gerais	PRESENT		4265f332-341c-45f6-b30b-5dc2e39b86e8	-20.382861	-45.6495							2004-02-16	16	2	2004	2757347		PRESERVED_SPECIMEN	UFMG	BHCB	88428	1098			CC_BY_4_0	Herbário da UFMG - Fanerógamas, Algas e Fungos	Melo, PHA de			2026-06-25T20:18:14.510Z		CONTINENT_DERIVED_FROM_COORDINATES;IDENTIFIED_DATE_INVALID;INSTITUTION_MATCH_NONE
4462607258	d64401ac-6349-4007-b565-477d5d584967	6019837	Plantae	Tracheophyta	Magnoliopsida	Caryophyllales	Amaranthaceae	Pfaffia	Pfaffia velutina		SPECIES	Pfaffia velutina Mart.	Pfaffia velutina Mart.	Mart.	BR	Fazenda do Engenho - Calciolandia.	Minas Gerais	PRESENT		838537fc-4aeb-4980-8b58-97fbdcd1d91a	-20.281944	-45.539444							1940-10-19	19	10	1940	5548049	5548049	PRESERVED_SPECIMEN	UB	UB	UB00112267	211	Marchioretto, MS		CC_BY_4_0	UB	Oliveira, JE			2026-07-01T12:08:51.040Z		COORDINATE_ROUNDED;GEODETIC_DATUM_ASSUMED_WGS84;CONTINENT_DERIVED_FROM_COORDINATES;IDENTIFIED_DATE_INVALID;INSTITUTION_MATCH_FUZZY;COLLECTION_MATCH_FUZZY
4455813586	06f0d5c6-aeab-4205-ac9d-9b2d801a43a8	5848183	Plantae	Tracheophyta	Liliopsida	Poales	Poaceae	Echinochloa			GENUS	Echinochloa P.Beauv.	Echinochloa		BR	Fazenda Massambará.	Minas Gerais	PRESENT		838537fc-4aeb-4980-8b58-97fbdcd1d91a	-20.383333	-45.633333			464.0				2002-08-08	8	8	2002	2702794		PRESERVED_SPECIMEN	IBGE	IBGE	IBGE00059798	24			CC_BY_4_0	IBGE	Melo, PHA;Viana, PL			2026-07-01T12:04:44.324Z		COORDINATE_ROUNDED;GEODETIC_DATUM_ASSUMED_WGS84;CONTINENT_DERIVED_FROM_COORDINATES;IDENTIFIED_DATE_INVALID;INSTITUTION_MATCH_FUZZY;COLLECTION_MATCH_FUZZY
4455813583	06f0d5c6-aeab-4205-ac9d-9b2d801a43a8	5848181	Plantae	Tracheophyta	Liliopsida	Poales	Poaceae	Muhlenbergia	Muhlenbergia pereilema		SPECIES	Muhlenbergia pereilema P.M.Peterson	Muhlenbergia pereilema P.M. Peterson	P.M. Peterson	BR	Fazenda do Caetano, margem esquerda do Rio São Miguel. Coordenada Coletada.	Minas Gerais	PRESENT		838537fc-4aeb-4980-8b58-97fbdcd1d91a	-20.250278	-45.670833			664.0				2002-08-09	9	8	2002	6068010	6068010	PRESERVED_SPECIMEN	IBGE	IBGE	IBGE00059795	33	Filgueiras, TS	2012-07-24T00:00:00	CC_BY_4_0	IBGE	Melo, PHA			2026-07-01T12:04:44.321Z		COORDINATE_ROUNDED;GEODETIC_DATUM_ASSUMED_WGS84;CONTINENT_DERIVED_FROM_COORDINATES;RECORDED_DATE_INVALID;INSTITUTION_MATCH_FUZZY;COLLECTION_MATCH_FUZZY
4455805835	06f0d5c6-aeab-4205-ac9d-9b2d801a43a8	5535007	Plantae	Tracheophyta	Magnoliopsida	Fabales	Fabaceae	Senna	Senna macranthera		SPECIES	Senna macranthera (DC. ex Collad.) H.S.Irwin & Barneby	Senna macranthera (DC. ex Collad.) H.S.Irwin & Barneby	(DC. ex Collad.) H.S.Irwin & Barneby	BR	Coordenada calculada. Folha: SF-23-V-B	Minas Gerais	PRESENT		838537fc-4aeb-4980-8b58-97fbdcd1d91a	-20.2825	-45.543611			724.0				1978-08-08	8	8	1978	2957977	2957977	PRESERVED_SPECIMEN	IBGE	IBGE	IBGE00002012	16935	Fonseca, ML		CC_BY_4_0	IBGE	Heringer, EP;Mendonça, RC,Paula, JE,Salles, AEH			2026-07-01T12:04:38.178Z		COORDINATE_ROUNDED;GEODETIC_DATUM_ASSUMED_WGS84;CONTINENT_DERIVED_FROM_COORDINATES;IDENTIFIED_DATE_INVALID;INSTITUTION_MATCH_FUZZY;COLLECTION_MATCH_FUZZY
4455802155	06f0d5c6-aeab-4205-ac9d-9b2d801a43a8	5830045	Plantae	Tracheophyta	Liliopsida	Poales	Poaceae	Andropogon	Andropogon leucostachyus		SPECIES	Andropogon leucostachyus Kunth	Andropogon leucostachyus Kunth	Kunth	BR	Estrada para Sacramento, 3 Km da Sede Administrativa, PARNA - Serra da Canastra. Beira de estrada. Folha: SF-23-Y-B.	Minas Gerais	PRESENT		838537fc-4aeb-4980-8b58-97fbdcd1d91a	-20.250556	-45.754722			838.0				1994-04-16	16	4	1994	2706096	2706096	PRESERVED_SPECIMEN	IBGE	IBGE	IBGE00036438	883	Filgueiras, TS	1996-01-31T00:00:00	CC_BY_4_0	IBGE	Romero, R;Nakajima, JN,Simão, DG			2026-07-01T12:04:35.624Z		COORDINATE_ROUNDED;GEODETIC_DATUM_ASSUMED_WGS84;CONTINENT_DERIVED_FROM_COORDINATES;INSTITUTION_MATCH_FUZZY;COLLECTION_MATCH_FUZZY
4455781368	06f0d5c6-aeab-4205-ac9d-9b2d801a43a8	5808926	Plantae	Tracheophyta	Liliopsida	Poales	Poaceae	Olyra			GENUS	Olyra L.	Olyra		BR	Fazenda Amargoso, MG 439 Km 16.	Minas Gerais	PRESENT		838537fc-4aeb-4980-8b58-97fbdcd1d91a	-20.387222	-45.649722			464.0				2003-12-30	30	12	2003	2705466		PRESERVED_SPECIMEN	IBGE	IBGE	IBGE00059796	276			CC_BY_4_0	IBGE	Melo, PHA			2026-07-01T12:04:15.824Z		COORDINATE_ROUNDED;GEODETIC_DATUM_ASSUMED_WGS84;CONTINENT_DERIVED_FROM_COORDINATES;IDENTIFIED_DATE_INVALID;INSTITUTION_MATCH_FUZZY;COLLECTION_MATCH_FUZZY
4443660581	5b5cf455-a448-4c0a-aecd-3e0956f27f10	https://specieslink.net/guid/256/145293	Plantae	Tracheophyta	Magnoliopsida	Asterales	Asteraceae	Chromolaena	Chromolaena laevigata		SPECIES	Chromolaena laevigata (Lam.) R.M.King & H.Rob.	Chromolaena laevigata	(H.J.Lam.) R.M.King & H.Rob.	BR	Fazenda Faroeste, margm direita do Rio São Miguel.	Minas Gerais	PRESENT		afdd8e93-b4e3-491c-88f0-8a22834ac1a9	-20.260278	-45.663889							2003-07-05	5	7	2003	3087662	3087662	PRESERVED_SPECIMEN	UFBA	ALCB	145293	723	Christ, AL		CC_BY_4_0	Herbário Alexandre Leal Costa	Melo, PHA; Libanio, RC; Ferreira, RR; Loyola, DM		native	2026-06-24T14:06:58.257Z		CONTINENT_DERIVED_FROM_COORDINATES;IDENTIFIED_DATE_INVALID;INSTITUTION_MATCH_NONE
4441981329	d2470ef8-edfa-4ba7-821e-c3e1a537bdba	https://specieslink.net/guid/220/90151	Plantae	Tracheophyta	Magnoliopsida	Vitales	Vitaceae	Cissus	Cissus tinctoria		SPECIES	Cissus tinctoria Mart.	Cissus tinctoria	Mart.	BR	Fazenda Faroeste, Margem direita do Rio São Miguel. Afloramento da Bocaina.	Minas Gerais	PRESENT		4265f332-341c-45f6-b30b-5dc2e39b86e8	-20.266833	-45.660667							2004-06-27	27	6	2004	7899353	7899353	PRESERVED_SPECIMEN	UFMG	BHCB	90151	1220	Lombardi, JA		CC_BY_4_0	Herbário da UFMG - Fanerógamas, Algas e Fungos	Melo, PHA de; Coelho, LHL		native	2026-06-25T20:18:14.361Z		CONTINENT_DERIVED_FROM_COORDINATES;IDENTIFIED_DATE_INVALID;INSTITUTION_MATCH_NONE
4441980332	d2470ef8-edfa-4ba7-821e-c3e1a537bdba	https://specieslink.net/guid/220/88775	Plantae	Tracheophyta	Magnoliopsida	Vitales	Vitaceae	Cissus	Cissus erosa	erosa	SUBSPECIES	Cissus erosa subsp. erosa	Cissus erosa erosa	Rich.	BR	Fazenda Faroeste, Margem direita do Rio São Miguel.	Minas Gerais	PRESENT		4265f332-341c-45f6-b30b-5dc2e39b86e8	-20.260417	-45.664028							2003-11-23	23	11	2003	7293844	3039162	PRESERVED_SPECIMEN	UFMG	BHCB	88775	951	Lombardi, JA		CC_BY_4_0	Herbário da UFMG - Fanerógamas, Algas e Fungos	Melo, PHA de; Carvalho, FA; Souza, DT; Mota, TRP; Cardoso, RHG		native	2026-06-25T20:18:14.312Z		CONTINENT_DERIVED_FROM_COORDINATES;IDENTIFIED_DATE_INVALID;INSTITUTION_MATCH_NONE
4441980331	d2470ef8-edfa-4ba7-821e-c3e1a537bdba	https://specieslink.net/guid/220/88768	Plantae	Tracheophyta	Magnoliopsida	Vitales	Vitaceae	Clematicissus	Clematicissus simsiana		SPECIES	Cissus simsiana Roem. & Schult.	Cissus simsiana	Schult.	BR	Fazenda Faroeste, Margem direita do Rio São Miguel.	Minas Gerais	PRESENT		4265f332-341c-45f6-b30b-5dc2e39b86e8	-20.255917	-45.662583							2004-02-15	15	2	2004	7293916	8123896	PRESERVED_SPECIMEN	UFMG	BHCB	88768	1081	Lombardi, JA		CC_BY_4_0	Herbário da UFMG - Fanerógamas, Algas e Fungos	Melo, PHA de; Souza, DT; Palmeira, LRM; Carvalho, FA			2026-06-25T20:18:14.372Z		CONTINENT_DERIVED_FROM_COORDINATES;IDENTIFIED_DATE_INVALID;INSTITUTION_MATCH_NONE
4441958187	eee198af-c61d-489a-84f7-fef567e8c8d0	https://specieslink.net/guid/165/22079	Plantae	Tracheophyta	Magnoliopsida	Malpighiales	Euphorbiaceae	Manihot			GENUS	Manihot Mill.	Manihot		BR	Próximo à usina de processamento de cimento	Minas Gerais	PRESENT		f4cf14c8-58db-4947-a93c-e43f2b7fe171	-20.391111	-45.606111			786.0	0.0			2015-01-26	26	1	2015	3060685		PRESERVED_SPECIMEN	UFPB	EAN	22079	960			CC_BY_4_0	Herbário Jayme Coelho de Moraes	J. M. P. Cordeiro; L. P. Felix; E. M. Almeida & M. A. O. Marinho			2026-06-26T18:34:57.728Z		CONTINENT_DERIVED_FROM_COORDINATES;INSTITUTION_MATCH_FUZZY;INSTITUTION_COLLECTION_MISMATCH
4441957937	eee198af-c61d-489a-84f7-fef567e8c8d0	https://specieslink.net/guid/165/22824	Plantae	Tracheophyta	Magnoliopsida	Malpighiales	Euphorbiaceae	Croton	Croton triqueter		SPECIES	Croton triqueter Lam.	Croton triqueter	Lam.	BR	Próximo à usina de processamento de cimento	Minas Gerais	PRESENT		f4cf14c8-58db-4947-a93c-e43f2b7fe171	-20.391111	-45.606111			786.0	0.0			2015-01-26	26	1	2015	3058825	3058825	PRESERVED_SPECIMEN	UFPB	EAN	22824	972			CC_BY_4_0	Herbário Jayme Coelho de Moraes	J. M. P. Cordeiro; L. P. Felix; E. M. Almeida & M. A. O. Marinho		native	2026-06-26T18:34:57.143Z		CONTINENT_DERIVED_FROM_COORDINATES;INSTITUTION_MATCH_FUZZY;INSTITUTION_COLLECTION_MISMATCH
4441939885	fdf55163-54d8-4bc7-862d-7e41068589e3	https://specieslink.net/guid/15/79420	Plantae	Tracheophyta	Magnoliopsida	Cucurbitales	Begoniaceae	Begonia			GENUS	Begonia L.	Begonia		BR		Minas Gerais	PRESENT		92bd7d31-3255-4f1c-8552-cbb6fbe60478	-20.381	-45.661917							2005-01-08	8	1	2005	2874710		PRESERVED_SPECIMEN	UNESP-RC	HRCB	79420	439			CC_BY_4_0	Herbário Rioclarense	Melo, P.H.A.			2026-06-26T18:23:00.168Z		CONTINENT_DERIVED_FROM_COORDINATES;INSTITUTION_MATCH_NONE
4441939855	fdf55163-54d8-4bc7-862d-7e41068589e3	https://specieslink.net/guid/15/79419	Plantae	Tracheophyta	Magnoliopsida	Cucurbitales	Begoniaceae	Begonia	Begonia reniformis		SPECIES	Begonia reniformis Dryand.	Begonia renifomis	Dryand.	BR		Minas Gerais	PRESENT		92bd7d31-3255-4f1c-8552-cbb6fbe60478	-20.387222	-45.649722							2003-05-25	25	5	2003	2874716	2874716	PRESERVED_SPECIMEN	UNESP-RC	HRCB	79419	629	Mota, R.C.	2003-06-01T00:00:00	CC_BY_4_0	Herbário Rioclarense	Melo, P.H.A.			2026-06-26T18:23:00.160Z		CONTINENT_DERIVED_FROM_COORDINATES;INSTITUTION_MATCH_NONE;TAXON_MATCH_FUZZY
4441939628	fdf55163-54d8-4bc7-862d-7e41068589e3	https://specieslink.net/guid/15/69605	Plantae	Tracheophyta	Liliopsida	Poales	Bromeliaceae	Tillandsia	Tillandsia loliacea		SPECIES	Tillandsia loliacea Mart. ex Schult. & Schult.f.	Tillandsia loliacea	Mart. ex Schult. & Schult.f.	BR		Minas Gerais	PRESENT		92bd7d31-3255-4f1c-8552-cbb6fbe60478	-20.381	-45.661917			750.0				2003-09-09	9	9	2003	2695286	2695286	PRESERVED_SPECIMEN	UNESP-RC	HRCB	69605	840	Melo, P.H.A.	2005-06-01T00:00:00	CC_BY_4_0	Herbário Rioclarense	Melo, P.H.A.		native	2026-06-26T18:23:00.025Z		CONTINENT_DERIVED_FROM_COORDINATES;INSTITUTION_MATCH_NONE
4441939627	fdf55163-54d8-4bc7-862d-7e41068589e3	https://specieslink.net/guid/15/69606	Plantae	Tracheophyta	Liliopsida	Poales	Bromeliaceae	Ananas	Ananas comosus		SPECIES	Pseudananas sagenarius (Arruda) Camargo	Pseudananas sagenarius	(Arruda) Camargo	BR		Minas Gerais	PRESENT		92bd7d31-3255-4f1c-8552-cbb6fbe60478	-20.266389	-45.660528							2006-12-10	10	12	2006	2699500	5288819	PRESERVED_SPECIMEN	UNESP-RC	HRCB	69606	1703			CC_BY_4_0	Herbário Rioclarense	Melo, P.H.A.		native	2026-06-26T18:22:59.989Z		CONTINENT_DERIVED_FROM_COORDINATES;INSTITUTION_MATCH_NONE
4441939576	fdf55163-54d8-4bc7-862d-7e41068589e3	https://specieslink.net/guid/15/69614	Plantae	Tracheophyta	Liliopsida	Poales	Bromeliaceae	Tillandsia	Tillandsia streptocarpa		SPECIES	Tillandsia streptocarpa Baker	Tillandsia streptocarpa	Baker	BR		Minas Gerais	PRESENT		92bd7d31-3255-4f1c-8552-cbb6fbe60478	-20.295917	-45.604806			680.0				2005-12-24	24	12	2005	2695421	2695421	PRESERVED_SPECIMEN	UNESP-RC	HRCB	69614	1394	Forzza, R.C.	2017-09-01T00:00:00	CC_BY_4_0	Herbário Rioclarense	Melo, P.H.A.		native	2026-06-26T18:23:00.017Z		CONTINENT_DERIVED_FROM_COORDINATES;INSTITUTION_MATCH_NONE
4441939574	fdf55163-54d8-4bc7-862d-7e41068589e3	https://specieslink.net/guid/15/69615	Plantae	Tracheophyta	Liliopsida	Poales	Bromeliaceae	Tillandsia	Tillandsia polystachia		SPECIES	Tillandsia polystachia (L.) L.	Tillandsia polystachia	(L.) L.	BR		Minas Gerais	PRESENT		92bd7d31-3255-4f1c-8552-cbb6fbe60478	-20.295917	-45.604806			680.0				2005-12-24	24	12	2005	2695564	2695564	PRESERVED_SPECIMEN	UNESP-RC	HRCB	69615	1395			CC_BY_4_0	Herbário Rioclarense	Melo, P.H.A.		native	2026-06-26T18:22:59.791Z		CONTINENT_DERIVED_FROM_COORDINATES;INSTITUTION_MATCH_NONE
4441939470	fdf55163-54d8-4bc7-862d-7e41068589e3	https://specieslink.net/guid/15/70877	Plantae	Tracheophyta	Magnoliopsida	Caryophyllales	Cactaceae	Cereus	Cereus jamacaru		SPECIES	Cereus jamacaru DC.	Cereus jamacaru	DC.	BR		Minas Gerais	PRESENT		92bd7d31-3255-4f1c-8552-cbb6fbe60478	-20.266389	-45.660528							2006-12-10	10	12	2006	7282182	7282182	PRESERVED_SPECIMEN	UNESP-RC	HRCB	70877	1710	Melo, P.H.A.	2018-12-21T00:00:00	CC_BY_4_0	Herbário Rioclarense	Melo, P.H.A.		native	2026-06-26T18:22:59.565Z		CONTINENT_DERIVED_FROM_COORDINATES;INSTITUTION_MATCH_NONE
4439761323	339e9de5-ee9a-4718-8837-0bc5b4f933f5	6056600	Plantae	Tracheophyta	Magnoliopsida	Myrtales	Melastomataceae	Pleroma	Pleroma stenocarpum		SPECIES	Pleroma stenocarpum (DC.) Triana	Pleroma stenocarpum (Schrank et Mart. ex DC.) Triana	(Schrank et Mart. ex DC.) Triana	BR	Estrada Calciolândia x Pains.	Minas Gerais	PRESENT		838537fc-4aeb-4980-8b58-97fbdcd1d91a	-20.264722	-45.669167			645.0				2018-05-21	21	5	2018	5601297	5601297	PRESERVED_SPECIMEN	UPCB	UPCB	UPCB00053080	90	Meyer, F.S.	2022-09-30T00:00:00	CC_BY_4_0	UPCB	Valente, B.;Baumgratz, J.F.A.,Bovini, M.,Ferreira, C.D.M.,Leite, G.A.			2026-07-01T12:16:07.841Z		COORDINATE_ROUNDED;GEODETIC_DATUM_ASSUMED_WGS84;CONTINENT_DERIVED_FROM_COORDINATES;INSTITUTION_MATCH_FUZZY;COLLECTION_MATCH_FUZZY
4433862342	821cc27a-e3bb-4bc5-ac34-89ada245069d	http://n2t.net/ark:/65665/3d47f4f0c-07bb-408b-b202-331d1e4132d9	Plantae	Tracheophyta	Magnoliopsida	Sapindales	Sapindaceae	Serjania	Serjania pinnatifolia		SPECIES	Serjania pinnatifolia Radlk.	Serjania pinnatifolia	Radlk.	BR	Pains. Fazenda Amargoso, MG-439, km 16.	Minas Gerais	PRESENT	1	bc092ff0-02e4-11dc-991f-b8a03c50a862	-20.3931	-45.6464			750.0				2003-08-09	9	8	2003	5576999	5576999	PRESERVED_SPECIMEN	US	US	US 3764176	781	Ferrucci, María S.		CC0_1_0		P. Melo			2026-07-02T11:09:29.193Z	StillImage	GEODETIC_DATUM_ASSUMED_WGS84;OCCURRENCE_STATUS_INFERRED_FROM_INDIVIDUAL_COUNT
4433855328	821cc27a-e3bb-4bc5-ac34-89ada245069d	http://n2t.net/ark:/65665/3775fe86d-3e64-430a-9f9d-2cd1177ec607	Plantae	Tracheophyta	Magnoliopsida	Sapindales	Sapindaceae	Urvillea	Urvillea laevis		SPECIES	Urvillea laevis Radlk.	Urvillea laevis	Radlk.	BR	Iguatama. Fazenda Faroeste, margem esquerda do Rio São Miguel.	Minas Gerais	PRESENT	1	bc092ff0-02e4-11dc-991f-b8a03c50a862	-20.2564	-45.6692			750.0	50.0			2003-05-26	26	5	2003	7264880	7264880	PRESERVED_SPECIMEN	US	US	US 3764166	657	Ferrucci, María S.		CC0_1_0		P. Melo, F. A. Carvalho, B. Ranieri & D. Souza			2026-07-02T11:09:29.030Z	StillImage	GEODETIC_DATUM_ASSUMED_WGS84;OCCURRENCE_STATUS_INFERRED_FROM_INDIVIDUAL_COUNT
4427262869	5c9a924c-8d45-4452-8604-415a118578aa	5893964	Plantae	Tracheophyta	Magnoliopsida	Asterales	Asteraceae	Chromolaena	Chromolaena laevigata		SPECIES	Chromolaena laevigata (Lam.) R.M.King & H.Rob.	Chromolaena laevigata (Lam.) R.M.King & H.Rob.	(Lam.) R.M.King & H.Rob.	BR	Fazenda Faroeste, margem direita do Rio São Miguel.	Minas Gerais	PRESENT		838537fc-4aeb-4980-8b58-97fbdcd1d91a	-20.260278	-45.663889			750.0	50.0			2003-07-05	5	7	2003	3087662	3087662	PRESERVED_SPECIMEN	MBM	MBM	MBM00440695	723	Christ, AL	2021-08-30T00:00:00	CC_BY_4_0	MBM	Melo, PHA;Ferreira, RR,Libanio, RC,Loyola, DM			2026-07-01T12:17:37.329Z		COORDINATE_ROUNDED;GEODETIC_DATUM_ASSUMED_WGS84;CONTINENT_DERIVED_FROM_COORDINATES;RECORDED_DATE_INVALID;INSTITUTION_MATCH_FUZZY;COLLECTION_MATCH_FUZZY
4427257911	5c9a924c-8d45-4452-8604-415a118578aa	5890009	Plantae	Tracheophyta	Magnoliopsida	Solanales	Convolvulaceae	Ipomoea	Ipomoea corymbosa		SPECIES	Ipomoea sidifolia (Kunth) Choisy	Ipomoea sidifolia Choisy	Choisy	BR	Mineração Vele do São Francisco, Região cásica, encosta de maciços calcáreos com pquenos afloramentos.	Minas Gerais	PRESENT		838537fc-4aeb-4980-8b58-97fbdcd1d91a	-20.359722	-45.673889			613.0				2006-07-12	12	7	2006	7550777	8390235	PRESERVED_SPECIMEN	MBM	MBM	MBM00436489	156	Simão-Bianchini, R		CC_BY_4_0	MBM	Borges, RAX;Bernardo, PH			2026-07-01T12:17:53.652Z		COORDINATE_ROUNDED;GEODETIC_DATUM_ASSUMED_WGS84;CONTINENT_DERIVED_FROM_COORDINATES;RECORDED_DATE_INVALID;IDENTIFIED_DATE_INVALID;INSTITUTION_MATCH_FUZZY;COLLECTION_MATCH_FUZZY
4427238763	9e54731f-ca52-4389-95cb-e4feedc7593e	5806688	Plantae	Tracheophyta	Magnoliopsida	Solanales	Convolvulaceae	Ipomoea	Ipomoea sidifolia		SPECIES	Ipomoea sidifolia Schrad.	Ipomoea sidifolia Schrad.	Schrad.	BR	Mineração Vale do São Franscisco.	Minas Gerais	PRESENT		838537fc-4aeb-4980-8b58-97fbdcd1d91a	-20.359722	-45.673889							2006-07-12	12	7	2006	7536938	7536938	PRESERVED_SPECIMEN	CEN	CEN	CEN00119194	156	R. Simão-Bianchini		CC_BY_4_0	CEN	R. A. X. Borges			2026-07-01T12:18:15.224Z		COORDINATE_ROUNDED;GEODETIC_DATUM_ASSUMED_WGS84;CONTINENT_DERIVED_FROM_COORDINATES;RECORDED_DATE_INVALID;IDENTIFIED_DATE_INVALID;INSTITUTION_MATCH_FUZZY;INSTITUTION_COLLECTION_MISMATCH
4427235654	9e54731f-ca52-4389-95cb-e4feedc7593e	5807257	Plantae	Tracheophyta	Magnoliopsida	Asterales	Asteraceae	Chromolaena	Chromolaena laevigata		SPECIES	Chromolaena laevigata (Lam.) R.M.King & H.Rob.	Chromolaena laevigata (Lam.) R.M.King & H.Rob.	(Lam.) R.M.King & H.Rob.	BR	Fazenda Faroeste, margem direita do Rio São Miguel.	Minas Gerais	PRESENT		838537fc-4aeb-4980-8b58-97fbdcd1d91a	-20.260278	-45.663889							2003-07-05	5	7	2003	3087662	3087662	PRESERVED_SPECIMEN	CEN	CEN	CEN00119762	723	A. L. Christ		CC_BY_4_0	CEN	Pablo Hendrigo Alves de Melo			2026-07-01T12:18:18.493Z		COORDINATE_ROUNDED;GEODETIC_DATUM_ASSUMED_WGS84;CONTINENT_DERIVED_FROM_COORDINATES;RECORDED_DATE_INVALID;IDENTIFIED_DATE_INVALID;INSTITUTION_MATCH_FUZZY;INSTITUTION_COLLECTION_MISMATCH
4427188076	1aedcdff-24f2-4925-8e55-23eeef236b0d	5934926	Plantae	Tracheophyta	Liliopsida	Poales	Poaceae	Cenchrus	Cenchrus pedicellatus		SPECIES	Pennisetum pedicellatum Trin.	Pennisetum pedicellatum Trin.	Trin.	BR	Fazenda Faroeste, margem direita do Rio São Miguel.	Minas Gerais	PRESENT		838537fc-4aeb-4980-8b58-97fbdcd1d91a	-20.251667	-45.663056			750.0	50.0			2003-04-07	7	4	2003	2706161	5828233	PRESERVED_SPECIMEN	HEPH	HEPH	HEPH00029940	536	Viana, PL		CC_BY_4_0	HEPH	Melo, PHA;Viana, PL,Alves, AC			2026-07-01T12:04:01.780Z		COORDINATE_ROUNDED;GEODETIC_DATUM_ASSUMED_WGS84;CONTINENT_DERIVED_FROM_COORDINATES;RECORDED_DATE_INVALID;IDENTIFIED_DATE_INVALID;INSTITUTION_MATCH_FUZZY;COLLECTION_MATCH_FUZZY
4165281304	d2470ef8-edfa-4ba7-821e-c3e1a537bdba	https://specieslink.net/guid/220/82038	Plantae	Tracheophyta	Magnoliopsida	Fabales	Fabaceae	Bauhinia			GENUS	Bauhinia Plum. ex L.	Bauhinia		BR	Fazenda Amargoso, MG-439, Km 16.	Minas Gerais	PRESENT		4265f332-341c-45f6-b30b-5dc2e39b86e8	-20.387222	-45.649722							2003-05-25	25	5	2003	2952935		PRESERVED_SPECIMEN	UFMG	BHCB	82038	630			CC_BY_4_0	Herbário da UFMG - Fanerógamas, Algas e Fungos	Melo, PHA de; Carvalho, FA; Ranieri, BD; Souza, DT; Lana, TC			2026-06-25T20:18:26.050Z		CONTINENT_DERIVED_FROM_COORDINATES;IDENTIFIED_DATE_INVALID;INSTITUTION_MATCH_NONE
4165280306	d2470ef8-edfa-4ba7-821e-c3e1a537bdba	https://specieslink.net/guid/220/78341	Plantae	Tracheophyta	Liliopsida	Asparagales	Orchidaceae	Cyrtopodium	Cyrtopodium glutiniferum		SPECIES	Cyrtopodium glutiniferum Raddi	Cyrtopodium glutiniferum	Raddi	BR	Fazenda Faroeste, Margem esquerda do Rio São Miguel.	Minas Gerais	PRESENT		4265f332-341c-45f6-b30b-5dc2e39b86e8	-20.256389	-45.669167							2002-10-04	4	10	2002	5319632	5319632	PRESERVED_SPECIMEN	UFMG	BHCB	78341	72	Lombardi, JA		CC_BY_4_0	Herbário da UFMG - Fanerógamas, Algas e Fungos	Melo, PHA de; Viana, PL		native	2026-06-25T20:18:14.146Z		CONTINENT_DERIVED_FROM_COORDINATES;IDENTIFIED_DATE_INVALID;INSTITUTION_MATCH_NONE
4165259370	fdf55163-54d8-4bc7-862d-7e41068589e3	https://specieslink.net/guid/15/70846	Plantae	Tracheophyta	Magnoliopsida	Malvales	Malvaceae	Pseudobombax			GENUS	Pseudobombax Dugand	Pseudobombax		BR		Minas Gerais	PRESENT		92bd7d31-3255-4f1c-8552-cbb6fbe60478	-20.381	-45.661917			750.0				2003-09-09	9	9	2003	3152211		PRESERVED_SPECIMEN	UNESP-RC	HRCB	70846	837			CC_BY_4_0	Herbário Rioclarense	Melo, P.H.A.			2026-06-26T18:22:59.857Z		CONTINENT_DERIVED_FROM_COORDINATES;INSTITUTION_MATCH_NONE
4165259365	fdf55163-54d8-4bc7-862d-7e41068589e3	https://specieslink.net/guid/15/70845	Plantae	Tracheophyta	Magnoliopsida	Solanales	Solanaceae	Capsicum	Capsicum baccatum		SPECIES	Capsicum baccatum L.	Capsicum baccatum	L.	BR		Minas Gerais	PRESENT		92bd7d31-3255-4f1c-8552-cbb6fbe60478	-20.381	-45.661917							2003-02-01	1	2	2003	2932938	2932938	PRESERVED_SPECIMEN	UNESP-RC	HRCB	70845	413	Melo, P.H.A.	2005-06-01T00:00:00	CC_BY_4_0	Herbário Rioclarense	Melo, P.H.A.		native	2026-06-26T18:22:59.599Z		CONTINENT_DERIVED_FROM_COORDINATES;INSTITUTION_MATCH_NONE
4165259309	fdf55163-54d8-4bc7-862d-7e41068589e3	https://specieslink.net/guid/15/70811	Plantae	Tracheophyta	Magnoliopsida	Solanales	Solanaceae	Cestrum			GENUS	Cestrum L.	Cestrum		BR		Minas Gerais	PRESENT		92bd7d31-3255-4f1c-8552-cbb6fbe60478	-20.431378	-45.619119							2006-11-25	25	11	2006	2928784		PRESERVED_SPECIMEN	UNESP-RC	HRCB	70811	2429			CC_BY_4_0	Herbário Rioclarense	Melo, P.H.A.			2026-06-26T18:22:59.789Z		CONTINENT_DERIVED_FROM_COORDINATES;INSTITUTION_MATCH_NONE
4165259170	fdf55163-54d8-4bc7-862d-7e41068589e3	https://specieslink.net/guid/15/73928	Plantae	Tracheophyta	Magnoliopsida	Caryophyllales	Talinaceae	Talinum	Talinum paniculatum		SPECIES	Talinum paniculatum (Jacq.) Gaertn.	Talinum paniculatum	(Jacq.) Gaertn.	BR		Minas Gerais	PRESENT		92bd7d31-3255-4f1c-8552-cbb6fbe60478	-20.255917	-45.662583							2002-12-30	30	12	2002	3084672	3084672	PRESERVED_SPECIMEN	UNESP-RC	HRCB	73928	254	Melo, P.H.A.	2018-07-20T00:00:00	CC_BY_4_0	Herbário Rioclarense	Melo, P.H.A.		native	2026-06-26T18:22:59.392Z		CONTINENT_DERIVED_FROM_COORDINATES;INSTITUTION_MATCH_NONE
4165259144	fdf55163-54d8-4bc7-862d-7e41068589e3	https://specieslink.net/guid/15/73915	Plantae	Tracheophyta	Magnoliopsida	Ericales	Sapotaceae	Chrysophyllum			GENUS	Chrysophyllum L.	Chrysophyllum		BR		Minas Gerais	PRESENT		92bd7d31-3255-4f1c-8552-cbb6fbe60478	-20.357511	-45.664811							2005-01-08	8	1	2005	2885576		PRESERVED_SPECIMEN	UNESP-RC	HRCB	73915	1426			CC_BY_4_0	Herbário Rioclarense	Melo, P.H.A.			2026-06-26T18:22:59.565Z		CONTINENT_DERIVED_FROM_COORDINATES;INSTITUTION_MATCH_NONE
4165259129	fdf55163-54d8-4bc7-862d-7e41068589e3	https://specieslink.net/guid/15/73914	Plantae	Tracheophyta	Magnoliopsida	Ericales	Sapotaceae	Pouteria			GENUS	Pouteria Aubl.	Pouteria		BR		Minas Gerais	PRESENT		92bd7d31-3255-4f1c-8552-cbb6fbe60478	-20.262472	-45.670944							2005-01-08	8	1	2005	2884049		PRESERVED_SPECIMEN	UNESP-RC	HRCB	73914	1417			CC_BY_4_0	Herbário Rioclarense	Melo, P.H.A.			2026-06-26T18:22:59.380Z		CONTINENT_DERIVED_FROM_COORDINATES;INSTITUTION_MATCH_NONE
4165259080	fdf55163-54d8-4bc7-862d-7e41068589e3	https://specieslink.net/guid/15/73449	Plantae	Tracheophyta	Magnoliopsida	Oxalidales	Connaraceae	Rourea	Rourea induta		SPECIES	Rourea induta Planch.	Rourea cf.induta	Planch.	BR		Minas Gerais	PRESENT		92bd7d31-3255-4f1c-8552-cbb6fbe60478	-20.255917	-45.662583							2003-10-20	20	10	2003	7326640	7326640	PRESERVED_SPECIMEN	UNESP-RC	HRCB	73449	909A	Melo, P.H.A.	2018-07-14T00:00:00	CC_BY_4_0	Herbário Rioclarense	Melo, P.H.A.		native	2026-06-26T18:22:59.311Z		CONTINENT_DERIVED_FROM_COORDINATES;INSTITUTION_MATCH_NONE
4165259004	fdf55163-54d8-4bc7-862d-7e41068589e3	https://specieslink.net/guid/15/72558	Plantae	Tracheophyta	Liliopsida	Commelinales	Commelinaceae	Dichorisandra	Dichorisandra hexandra		SPECIES	Dichorisandra hexandra (Aubl.) C.B.Clarke	Dichorisandra hexandra	(Aubl.) C.B. Clarke	BR		Minas Gerais	PRESENT		92bd7d31-3255-4f1c-8552-cbb6fbe60478	-20.335608	-45.587581							2006-12-20	20	12	2006	8326180	8326180	PRESERVED_SPECIMEN	UNESP-RC	HRCB	72558	1780	Pellegrini, M.O.O.	2017-05-10T00:00:00	CC_BY_4_0	Herbário Rioclarense	Melo, P.H.A.		native	2026-06-26T18:22:59.531Z		CONTINENT_DERIVED_FROM_COORDINATES;INSTITUTION_MATCH_NONE
4165259002	fdf55163-54d8-4bc7-862d-7e41068589e3	https://specieslink.net/guid/15/72554	Plantae	Tracheophyta	Liliopsida	Commelinales	Commelinaceae	Gibasis	Gibasis geniculata		SPECIES	Gibasis geniculata (Jacq.) Rohweder	Gibasis geniculata	(Jacq.) Rohweder	BR		Minas Gerais	PRESENT		92bd7d31-3255-4f1c-8552-cbb6fbe60478	-20.262528	-45.669528							2003-04-08	8	4	2003	2764872	2764872	PRESERVED_SPECIMEN	UNESP-RC	HRCB	72554	1320	Pellegrini, M.O.O.	2017-05-10T00:00:00	CC_BY_4_0	Herbário Rioclarense	Melo, P.H.A.		native	2026-06-26T18:22:59.188Z		CONTINENT_DERIVED_FROM_COORDINATES;INSTITUTION_MATCH_NONE
4165259001	fdf55163-54d8-4bc7-862d-7e41068589e3	https://specieslink.net/guid/15/72557	Plantae	Tracheophyta	Liliopsida	Commelinales	Commelinaceae	Commelina	Commelina erecta		SPECIES	Commelina erecta L.	Commelina erecta	L.	BR		Minas Gerais	PRESENT		92bd7d31-3255-4f1c-8552-cbb6fbe60478	-20.266389	-45.660528							2006-12-13	13	12	2006	2764389	2764389	PRESERVED_SPECIMEN	UNESP-RC	HRCB	72557	1748	Pellegrini, M.O.O.	2017-05-10T00:00:00	CC_BY_4_0	Herbário Rioclarense	Melo, P.H.A.		native	2026-06-26T18:22:59.085Z		CONTINENT_DERIVED_FROM_COORDINATES;INSTITUTION_MATCH_NONE
4165259000	fdf55163-54d8-4bc7-862d-7e41068589e3	https://specieslink.net/guid/15/72556	Plantae	Tracheophyta	Liliopsida	Commelinales	Commelinaceae	Dichorisandra	Dichorisandra hexandra		SPECIES	Dichorisandra hexandra (Aubl.) C.B.Clarke	Dichorisandra hexandra	(Aubl.) C.B. Clarke	BR		Minas Gerais	PRESENT		92bd7d31-3255-4f1c-8552-cbb6fbe60478	-20.266389	-45.660528							2006-12-13	13	12	2006	8326180	8326180	PRESERVED_SPECIMEN	UNESP-RC	HRCB	72556	1742	Pellegrini, M.O.O.	2017-05-10T00:00:00	CC_BY_4_0	Herbário Rioclarense	Melo, P.H.A.		native	2026-06-26T18:22:59.310Z		CONTINENT_DERIVED_FROM_COORDINATES;INSTITUTION_MATCH_NONE
4165258999	fdf55163-54d8-4bc7-862d-7e41068589e3	https://specieslink.net/guid/15/72551	Plantae	Tracheophyta	Liliopsida	Commelinales	Commelinaceae				FAMILY	Commelinaceae			BR		Minas Gerais	PRESENT		92bd7d31-3255-4f1c-8552-cbb6fbe60478	-20.2695	-45.670333							2003-03-08	8	3	2003	2763195		PRESERVED_SPECIMEN	UNESP-RC	HRCB	72551	547			CC_BY_4_0	Herbário Rioclarense	Melo, P.H.A.			2026-06-26T18:22:59.083Z		CONTINENT_DERIVED_FROM_COORDINATES;INSTITUTION_MATCH_NONE
4165258997	fdf55163-54d8-4bc7-862d-7e41068589e3	https://specieslink.net/guid/15/72550	Plantae	Tracheophyta	Liliopsida	Commelinales	Commelinaceae	Callisia	Callisia elata		SPECIES	Tripogandra elata D.R.Hunt	Tripogandra elata	D.R. Hunt	BR		Minas Gerais	PRESENT		92bd7d31-3255-4f1c-8552-cbb6fbe60478	-20.387222	-45.649722							2003-03-22	22	3	2003	2765424	11087569	PRESERVED_SPECIMEN	UNESP-RC	HRCB	72550	481	Pellegrini, M.O.O.	2017-05-10T00:00:00	CC_BY_4_0	Herbário Rioclarense	Melo, P.H.A.		native	2026-06-26T18:22:59.599Z		CONTINENT_DERIVED_FROM_COORDINATES;INSTITUTION_MATCH_NONE
4165258996	fdf55163-54d8-4bc7-862d-7e41068589e3	https://specieslink.net/guid/15/72553	Plantae	Tracheophyta	Liliopsida	Commelinales	Commelinaceae	Dichorisandra			GENUS	Dichorisandra J.C.Mikan	Dichorisandra		BR		Minas Gerais	PRESENT		92bd7d31-3255-4f1c-8552-cbb6fbe60478	-20.381	-45.651222							2002-11-16	16	11	2002	2763579		PRESERVED_SPECIMEN	UNESP-RC	HRCB	72553	1154			CC_BY_4_0	Herbário Rioclarense	Melo, P.H.A.			2026-06-26T18:23:00.983Z		CONTINENT_DERIVED_FROM_COORDINATES;INSTITUTION_MATCH_NONE
4165258995	fdf55163-54d8-4bc7-862d-7e41068589e3	https://specieslink.net/guid/15/72552	Plantae	Tracheophyta	Liliopsida	Commelinales	Commelinaceae	Dichorisandra	Dichorisandra rupicola		SPECIES	Dichorisandra rupicola Aona & M.C.E.Amaral	Dichorisandra rupicola	Aona & M.C.E. Amaral	BR		Minas Gerais	PRESENT		92bd7d31-3255-4f1c-8552-cbb6fbe60478	-20.260417	-45.664028			650.0				2003-11-22	22	11	2003	8259127	8259127	PRESERVED_SPECIMEN	UNESP-RC	HRCB	72552	945	Pellegrini, M.O.O.	2017-05-10T00:00:00	CC_BY_4_0	Herbário Rioclarense	Melo, P.H.A.		native	2026-06-26T18:22:59.390Z		CONTINENT_DERIVED_FROM_COORDINATES;INSTITUTION_MATCH_NONE
4165258991	fdf55163-54d8-4bc7-862d-7e41068589e3	https://specieslink.net/guid/15/72549	Plantae	Tracheophyta	Liliopsida	Commelinales	Commelinaceae	Dichorisandra			GENUS	Dichorisandra J.C.Mikan	Dichorisandra		BR		Minas Gerais	PRESENT		92bd7d31-3255-4f1c-8552-cbb6fbe60478	-20.381	-45.661917							2003-04-15	15	4	2003	2763579		PRESERVED_SPECIMEN	UNESP-RC	HRCB	72549	433			CC_BY_4_0	Herbário Rioclarense	Melo, P.H.A.			2026-06-26T18:22:59.689Z		CONTINENT_DERIVED_FROM_COORDINATES;INSTITUTION_MATCH_NONE
4165258965	fdf55163-54d8-4bc7-862d-7e41068589e3	https://specieslink.net/guid/15/72537	Plantae	Tracheophyta	Magnoliopsida	Malpighiales	Malpighiaceae	Banisteriopsis	Banisteriopsis muricata		SPECIES	Banisteriopsis muricata (Cav.) Cuatrec.	Banisteriopsis muricata	(Cav.) Cuatrec.	BR		Minas Gerais	PRESENT		92bd7d31-3255-4f1c-8552-cbb6fbe60478	-20.382861	-45.6495							2003-12-08	8	12	2003	3985018	3985018	PRESERVED_SPECIMEN	UNESP-RC	HRCB	72537	1083		2019-01-01T00:00:00	CC_BY_4_0	Herbário Rioclarense	Melo, P.H.A.		native	2026-06-26T18:22:59.473Z		CONTINENT_DERIVED_FROM_COORDINATES;INSTITUTION_MATCH_NONE
4165258963	fdf55163-54d8-4bc7-862d-7e41068589e3	https://specieslink.net/guid/15/72536	Plantae	Tracheophyta	Magnoliopsida	Malpighiales	Malpighiaceae	Hiraea	Hiraea fagifolia		SPECIES	Hiraea fagifolia (DC.) A.Juss.	Hiraea fagifolia	(DC.) A. Juss.	BR		Minas Gerais	PRESENT		92bd7d31-3255-4f1c-8552-cbb6fbe60478	-20.382083	-45.651167							2003-04-16	16	4	2003	7285448	7285448	PRESERVED_SPECIMEN	UNESP-RC	HRCB	72536	1001	Almeida, R.F.	2017-05-10T00:00:00	CC_BY_4_0	Herbário Rioclarense	Melo, P.H.A.		native	2026-06-26T18:22:59.471Z		CONTINENT_DERIVED_FROM_COORDINATES;INSTITUTION_MATCH_NONE
4165258952	fdf55163-54d8-4bc7-862d-7e41068589e3	https://specieslink.net/guid/15/72535	Plantae	Tracheophyta	Magnoliopsida	Malpighiales	Malpighiaceae	Stigmaphyllon	Stigmaphyllon tomentosum		SPECIES	Stigmaphyllon tomentosum A.Juss.	Stigmaphyllon tomentosum	A. Juss.	BR		Minas Gerais	PRESENT		92bd7d31-3255-4f1c-8552-cbb6fbe60478	-20.255917	-45.662583							2003-04-07	7	4	2003	8182430	8182430	PRESERVED_SPECIMEN	UNESP-RC	HRCB	72535	523	Almeida, R.F.	2017-05-10T00:00:00	CC_BY_4_0	Herbário Rioclarense	Melo, P.H.A.		native	2026-06-26T18:23:00.924Z		CONTINENT_DERIVED_FROM_COORDINATES;INSTITUTION_MATCH_NONE
4165258949	fdf55163-54d8-4bc7-862d-7e41068589e3	https://specieslink.net/guid/15/72534	Plantae	Tracheophyta	Magnoliopsida	Malpighiales	Malpighiaceae	Mascagnia	Mascagnia sepium		SPECIES	Mascagnia sepium (A.Juss.) Griseb.	Mascagnia sepium	(A. Juss.) Griseb.	BR		Minas Gerais	PRESENT		92bd7d31-3255-4f1c-8552-cbb6fbe60478	-20.255917	-45.662583							2002-11-16	16	11	2002	7285002	7285002	PRESERVED_SPECIMEN	UNESP-RC	HRCB	72534	256	Almeida, R.F.	2017-05-10T00:00:00	CC_BY_4_0	Herbário Rioclarense	Melo, P.H.A.		native	2026-06-26T18:22:59.684Z		CONTINENT_DERIVED_FROM_COORDINATES;INSTITUTION_MATCH_NONE
4165258878	fdf55163-54d8-4bc7-862d-7e41068589e3	https://specieslink.net/guid/15/73485	Plantae	Tracheophyta	Liliopsida	Asparagales	Orchidaceae	Leptotes	Leptotes bicolor		SPECIES	Leptotes bicolor Lindl.	Leptotes bicolor	Lindl.	BR		Minas Gerais	PRESENT		92bd7d31-3255-4f1c-8552-cbb6fbe60478	-20.335608	-45.587581							2006-11		11	2006	5310500	5310500	PRESERVED_SPECIMEN	UNESP-RC	HRCB	73485	2484	Marcusso, G.M.	2018-07-12T00:00:00	CC_BY_4_0	Herbário Rioclarense	Melo, P.H.A.		native	2026-06-26T18:23:00.747Z		CONTINENT_DERIVED_FROM_COORDINATES;INSTITUTION_MATCH_NONE
4165258874	fdf55163-54d8-4bc7-862d-7e41068589e3	https://specieslink.net/guid/15/73481	Plantae	Tracheophyta	Liliopsida	Asparagales	Orchidaceae	Cyclopogon	Cyclopogon longibracteatus		SPECIES	Cyclopogon longibracteatus (Barb.Rodr.) Schltr.	Cyclopogon longibracteatus	(Barb. Rodr) Schltr.	BR		Minas Gerais	PRESENT		92bd7d31-3255-4f1c-8552-cbb6fbe60478	-20.266389	-45.660528							2004-08-13	13	8	2004	2807489	2807489	PRESERVED_SPECIMEN	UNESP-RC	HRCB	73481	1240	Mota, R.C.	2005-04-01T00:00:00	CC_BY_4_0	Herbário Rioclarense	Melo, P.H.A.		native	2026-06-26T18:22:59.227Z		CONTINENT_DERIVED_FROM_COORDINATES;INSTITUTION_MATCH_NONE
4165258873	fdf55163-54d8-4bc7-862d-7e41068589e3	https://specieslink.net/guid/15/73482	Plantae	Tracheophyta	Liliopsida	Asparagales	Orchidaceae	Epidendrum	Epidendrum densiflorum		SPECIES	Epidendrum densiflorum Hook.	Epidendrum densiflorum	Hook.	BR		Minas Gerais	PRESENT		92bd7d31-3255-4f1c-8552-cbb6fbe60478	-20.266389	-45.660528							2006-12-10	10	12	2006	5321132	5321132	PRESERVED_SPECIMEN	UNESP-RC	HRCB	73482	1705	Marcusso, G.M.	2018-07-12T00:00:00	CC_BY_4_0	Herbário Rioclarense	Melo, P.H.A.		native	2026-06-26T18:22:59.401Z		CONTINENT_DERIVED_FROM_COORDINATES;INSTITUTION_MATCH_NONE
4165258871	fdf55163-54d8-4bc7-862d-7e41068589e3	https://specieslink.net/guid/15/73484	Plantae	Tracheophyta	Liliopsida	Asparagales	Orchidaceae	Leptotes	Leptotes bicolor		SPECIES	Leptotes bicolor Lindl.	Leptotes bicolor	Lindl.	BR		Minas Gerais	PRESENT		92bd7d31-3255-4f1c-8552-cbb6fbe60478	-20.431378	-45.619119							2006-11-25	25	11	2006	5310500	5310500	PRESERVED_SPECIMEN	UNESP-RC	HRCB	73484	2427	Melo, P.H.A.	2007-01-01T00:00:00	CC_BY_4_0	Herbário Rioclarense	Melo, P.H.A.		native	2026-06-26T18:22:59.333Z		CONTINENT_DERIVED_FROM_COORDINATES;INSTITUTION_MATCH_NONE
4165258870	fdf55163-54d8-4bc7-862d-7e41068589e3	https://specieslink.net/guid/15/73480	Plantae	Tracheophyta	Liliopsida	Asparagales	Orchidaceae	Pteroglossa	Pteroglossa roseoalba		SPECIES	Pteroglossa roseoalba (Rchb.f.) Salazar & M.W.Chase	Pteroglossa roseoalba	(Rchb. f.) Salazar & M.W. Chase	BR		Minas Gerais	PRESENT		92bd7d31-3255-4f1c-8552-cbb6fbe60478	-20.263722	-45.670444							2004-04-09	9	4	2004	2850088	2850088	PRESERVED_SPECIMEN	UNESP-RC	HRCB	73480	1159	Mota, R.C.	2005-04-01T00:00:00	CC_BY_4_0	Herbário Rioclarense	Melo, P.H.A.		native	2026-06-26T18:22:59.399Z		CONTINENT_DERIVED_FROM_COORDINATES;INSTITUTION_MATCH_NONE
4165258869	fdf55163-54d8-4bc7-862d-7e41068589e3	https://specieslink.net/guid/15/73478	Plantae	Tracheophyta	Liliopsida	Asparagales	Orchidaceae	Cyclopogon	Cyclopogon longibracteatus		SPECIES	Cyclopogon longibracteatus (Barb.Rodr.) Schltr.	Cyclopogon longibracteatus	(Barb. Rodr) Schltr.	BR		Minas Gerais	PRESENT		92bd7d31-3255-4f1c-8552-cbb6fbe60478	-20.362411	-45.772389							2002-08-08	8	8	2002	2807489	2807489	PRESERVED_SPECIMEN	UNESP-RC	HRCB	73478	13	Mota, R.C.	2005-04-01T00:00:00	CC_BY_4_0	Herbário Rioclarense	Melo, P.H.A.		native	2026-06-26T18:22:59.330Z		CONTINENT_DERIVED_FROM_COORDINATES;INSTITUTION_MATCH_NONE
4165258868	fdf55163-54d8-4bc7-862d-7e41068589e3	https://specieslink.net/guid/15/73479	Plantae	Tracheophyta	Liliopsida	Asparagales	Orchidaceae	Sarcoglottis	Sarcoglottis curvisepala		SPECIES	Sarcoglottis curvisepala Szlach. & Rutk.	Sarcoglottis curvisepala	Szlach. & Rutk.	BR		Minas Gerais	PRESENT		92bd7d31-3255-4f1c-8552-cbb6fbe60478	-20.256389	-45.669167							2002-10-04	4	10	2002	2797094	2797094	PRESERVED_SPECIMEN	UNESP-RC	HRCB	73479	73			CC_BY_4_0	Herbário Rioclarense	Melo, P.H.A.		native	2026-06-26T18:22:59.349Z		CONTINENT_DERIVED_FROM_COORDINATES;INSTITUTION_MATCH_NONE
4165258851	fdf55163-54d8-4bc7-862d-7e41068589e3	https://specieslink.net/guid/15/70989	Plantae	Tracheophyta	Magnoliopsida	Fabales	Fabaceae	Anadenanthera	Anadenanthera colubrina		SPECIES	Anadenanthera colubrina (Vell.) Brenan	Anadenanthera colubrina	(Griseb.) Altschul	BR		Minas Gerais	PRESENT		92bd7d31-3255-4f1c-8552-cbb6fbe60478	-20.381	-45.661917			750.0				2003-10-28	28	10	2003	2952823	2952823	PRESERVED_SPECIMEN	UNESP-RC	HRCB	70989	919	Queiroz, L.P.	2018-12-01T00:00:00	CC_BY_4_0	Herbário Rioclarense	Melo, P.H.A.		native	2026-06-26T18:22:59.329Z		CONTINENT_DERIVED_FROM_COORDINATES;INSTITUTION_MATCH_NONE
4165258850	fdf55163-54d8-4bc7-862d-7e41068589e3	https://specieslink.net/guid/15/70988	Plantae	Tracheophyta	Magnoliopsida	Fabales	Fabaceae	Dahlstedtia	Dahlstedtia muehlbergiana		SPECIES	Dahlstedtia muehlbergiana (Hassl.) M.J.Silva & A.M.G.Azevedo	Dahlstedtia muehlbergiana	(Hassl.) M.J. Silva & A.M.G. Azevedo	BR		Minas Gerais	PRESENT		92bd7d31-3255-4f1c-8552-cbb6fbe60478	-20.381	-45.661917							2003-04-16	16	4	2003	8359138	8359138	PRESERVED_SPECIMEN	UNESP-RC	HRCB	70988	575	Queiroz, L.P.	2018-12-01T00:00:00	CC_BY_4_0	Herbário Rioclarense	Melo, P.H.A.		native	2026-06-26T18:22:59.344Z		CONTINENT_DERIVED_FROM_COORDINATES;INSTITUTION_MATCH_NONE
4165258791	fdf55163-54d8-4bc7-862d-7e41068589e3	https://specieslink.net/guid/15/70915	Plantae	Tracheophyta	Magnoliopsida	Malvales	Malvaceae	Pseudobombax			GENUS	Pseudobombax Dugand	Pseudobombax		BR		Minas Gerais	PRESENT		92bd7d31-3255-4f1c-8552-cbb6fbe60478	-20.381	-45.661917							2003-05-25	25	5	2003	3152211		PRESERVED_SPECIMEN	UNESP-RC	HRCB	70915	628			CC_BY_4_0	Herbário Rioclarense	Melo, P.H.A.			2026-06-26T18:22:59.154Z		CONTINENT_DERIVED_FROM_COORDINATES;INSTITUTION_MATCH_NONE
4165258783	fdf55163-54d8-4bc7-862d-7e41068589e3	https://specieslink.net/guid/15/73188	Plantae	Tracheophyta	Magnoliopsida	Malvales	Malvaceae	Luehea	Luehea divaricata		SPECIES	Luehea divaricata Mart.	Luehea divaricata	Mart.	BR		Minas Gerais	PRESENT		92bd7d31-3255-4f1c-8552-cbb6fbe60478	-20.257361	-45.663722							2004-01-02	2	1	2004	5706141	5706141	PRESERVED_SPECIMEN	UNESP-RC	HRCB	73188	1058	Melo, P.H.A.	2005-06-01T00:00:00	CC_BY_4_0	Herbário Rioclarense	Melo, P.H.A.		native	2026-06-26T18:22:59.153Z		CONTINENT_DERIVED_FROM_COORDINATES;INSTITUTION_MATCH_NONE
4165258753	fdf55163-54d8-4bc7-862d-7e41068589e3	https://specieslink.net/guid/15/70996	Plantae	Tracheophyta	Magnoliopsida	Fabales	Fabaceae	Dahlstedtia	Dahlstedtia muehlbergiana		SPECIES	Dahlstedtia muehlbergiana (Hassl.) M.J.Silva & A.M.G.Azevedo	Dahlstedtia muehlbergiana	(Hassl.) M.J. Silva & A.M.G. Azevedo	BR		Minas Gerais	PRESENT		92bd7d31-3255-4f1c-8552-cbb6fbe60478	-20.335608	-45.587581							2006-11		11	2006	8359138	8359138	PRESERVED_SPECIMEN	UNESP-RC	HRCB	70996	2486	Queiroz, L.P.	2018-12-01T00:00:00	CC_BY_4_0	Herbário Rioclarense	Melo, P.H.A.		native	2026-06-26T18:22:59.042Z		CONTINENT_DERIVED_FROM_COORDINATES;INSTITUTION_MATCH_NONE
4165258750	fdf55163-54d8-4bc7-862d-7e41068589e3	https://specieslink.net/guid/15/70993	Plantae	Tracheophyta	Magnoliopsida	Fabales	Fabaceae	Lonchocarpus	Lonchocarpus cultratus		SPECIES	Lonchocarpus cultratus (Vell.) A.M.G.Azevedo & H.C.Lima	Lonchocarpus cultratus	(Vell.) A.M.G. Azevedo & H.C. Lima	BR		Minas Gerais	PRESENT		92bd7d31-3255-4f1c-8552-cbb6fbe60478	-20.431378	-45.619119							2006-11-25	25	11	2006	3908683	3908683	PRESERVED_SPECIMEN	UNESP-RC	HRCB	70993	2438			CC_BY_4_0	Herbário Rioclarense	Melo, P.H.A.		native	2026-06-26T18:22:59.040Z		CONTINENT_DERIVED_FROM_COORDINATES;INSTITUTION_MATCH_NONE
4165258748	fdf55163-54d8-4bc7-862d-7e41068589e3	https://specieslink.net/guid/15/70992	Plantae	Tracheophyta	Magnoliopsida	Fabales	Fabaceae	Deguelia	Deguelia costata		SPECIES	Deguelia costata (Benth.) A.M.G.Azevedo & R.A.Camargo	Deguelia costata	(Benth.) A.M.G. Azevedo & R.A. Camargo	BR		Minas Gerais	PRESENT		92bd7d31-3255-4f1c-8552-cbb6fbe60478	-20.266389	-45.660528							2006-04-21	21	4	2006	4929062	4929062	PRESERVED_SPECIMEN	UNESP-RC	HRCB	70992	1520	Queiroz, L.P.	2018-12-01T00:00:00	CC_BY_4_0	Herbário Rioclarense	Melo, P.H.A.		native	2026-06-26T18:22:58.903Z		CONTINENT_DERIVED_FROM_COORDINATES;INSTITUTION_MATCH_NONE
4165258747	fdf55163-54d8-4bc7-862d-7e41068589e3	https://specieslink.net/guid/15/70995	Plantae	Tracheophyta	Magnoliopsida	Fabales	Fabaceae	Dahlstedtia	Dahlstedtia muehlbergiana		SPECIES	Dahlstedtia muehlbergiana (Hassl.) M.J.Silva & A.M.G.Azevedo	Dahlstedtia muehlbergiana	(Hassl.) M.J. Silva & A.M.G. Azevedo	BR		Minas Gerais	PRESENT		92bd7d31-3255-4f1c-8552-cbb6fbe60478	-20.335608	-45.587581							2006-11		11	2006	8359138	8359138	PRESERVED_SPECIMEN	UNESP-RC	HRCB	70995	2473			CC_BY_4_0	Herbário Rioclarense	Melo, P.H.A.		native	2026-06-26T18:22:59.223Z		CONTINENT_DERIVED_FROM_COORDINATES;INSTITUTION_MATCH_NONE
4165258746	fdf55163-54d8-4bc7-862d-7e41068589e3	https://specieslink.net/guid/15/70994	Plantae	Tracheophyta	Magnoliopsida	Fabales	Fabaceae	Inga	Inga marginata		SPECIES	Inga marginata Willd.	Inga marginata	Willd.	BR		Minas Gerais	PRESENT		92bd7d31-3255-4f1c-8552-cbb6fbe60478	-20.335608	-45.587581							2006-10		10	2006	7546887	7546887	PRESERVED_SPECIMEN	UNESP-RC	HRCB	70994	2445	Queiroz, L.P.	2018-12-01T00:00:00	CC_BY_4_0	Herbário Rioclarense	Melo, P.H.A.		native	2026-06-26T18:22:58.998Z		CONTINENT_DERIVED_FROM_COORDINATES;INSTITUTION_MATCH_NONE
4165258744	fdf55163-54d8-4bc7-862d-7e41068589e3	https://specieslink.net/guid/15/70991	Plantae	Tracheophyta	Magnoliopsida	Fabales	Fabaceae	Inga			GENUS	Inga Mill.	Inga		BR		Minas Gerais	PRESENT		92bd7d31-3255-4f1c-8552-cbb6fbe60478	-20.364639	-45.669861			676.0				2005-12-29	29	12	2005	2965936		PRESERVED_SPECIMEN	UNESP-RC	HRCB	70991	1406			CC_BY_4_0	Herbário Rioclarense	Melo, P.H.A.			2026-06-26T18:22:59.221Z		CONTINENT_DERIVED_FROM_COORDINATES;INSTITUTION_MATCH_NONE
4165258742	fdf55163-54d8-4bc7-862d-7e41068589e3	https://specieslink.net/guid/15/70990	Plantae	Tracheophyta	Magnoliopsida	Fabales	Fabaceae	Lonchocarpus	Lonchocarpus cultratus		SPECIES	Lonchocarpus cultratus (Vell.) A.M.G.Azevedo & H.C.Lima	Lonchocarpus cf.cultratus	(Vell.) A.M.G. Azevedo & H.C. Lima	BR		Minas Gerais	PRESENT		92bd7d31-3255-4f1c-8552-cbb6fbe60478	-20.364639	-45.669861			676.0				2005-12-29	29	12	2005	3908683	3908683	PRESERVED_SPECIMEN	UNESP-RC	HRCB	70990	1405	Queiroz, L.P.	2018-12-01T00:00:00	CC_BY_4_0	Herbário Rioclarense	Melo, P.H.A.		native	2026-06-26T18:23:00.733Z		CONTINENT_DERIVED_FROM_COORDINATES;INSTITUTION_MATCH_NONE
4165258738	fdf55163-54d8-4bc7-862d-7e41068589e3	https://specieslink.net/guid/15/73582	Plantae	Tracheophyta	Magnoliopsida	Cornales	Loasaceae	Mentzelia	Mentzelia aspera		SPECIES	Mentzelia aspera L.	Mentzelia aspera	L.	BR		Minas Gerais	PRESENT		92bd7d31-3255-4f1c-8552-cbb6fbe60478	-20.251583	-45.662972							2003-04-22	22	4	2003	5331416	5331416	PRESERVED_SPECIMEN	UNESP-RC	HRCB	73582	346	Melo, P.H.A.	2018-07-16T00:00:00	CC_BY_4_0	Herbário Rioclarense	Melo, P.H.A.		native	2026-06-26T18:22:59.085Z		CONTINENT_DERIVED_FROM_COORDINATES;INSTITUTION_MATCH_NONE
4165258737	fdf55163-54d8-4bc7-862d-7e41068589e3	https://specieslink.net/guid/15/73583	Plantae	Tracheophyta	Magnoliopsida	Cornales	Loasaceae	Mentzelia	Mentzelia aspera		SPECIES	Mentzelia aspera L.	Mentzelia aspera	L.	BR		Minas Gerais	PRESENT		92bd7d31-3255-4f1c-8552-cbb6fbe60478	-20.251583	-45.662972							2004-04-23	23	4	2004	5331416	5331416	PRESERVED_SPECIMEN	UNESP-RC	HRCB	73583	597	Melo, P.H.A.	2018-07-16T00:00:00	CC_BY_4_0	Herbário Rioclarense	Melo, P.H.A.		native	2026-06-26T18:22:59Z		CONTINENT_DERIVED_FROM_COORDINATES;INSTITUTION_MATCH_NONE
4165258722	fdf55163-54d8-4bc7-862d-7e41068589e3	https://specieslink.net/guid/15/73573	Plantae	Tracheophyta	Magnoliopsida	Laurales	Lauraceae	Nectandra	Nectandra nitidula		SPECIES	Nectandra nitidula Nees & Mart. ex Nees	Nectandra nitidula	Nees & Mart.	BR		Minas Gerais	PRESENT		92bd7d31-3255-4f1c-8552-cbb6fbe60478	-20.335608	-45.587581							2006-10		10	2006	7304744	7304744	PRESERVED_SPECIMEN	UNESP-RC	HRCB	73573	2454	Moraes, P.	2018-07-16T00:00:00	CC_BY_4_0	Herbário Rioclarense	Melo, P.H.A.		native	2026-06-26T18:22:58.900Z		CONTINENT_DERIVED_FROM_COORDINATES;INSTITUTION_MATCH_NONE
4165258713	fdf55163-54d8-4bc7-862d-7e41068589e3	https://specieslink.net/guid/15/73570	Plantae	Tracheophyta	Magnoliopsida	Laurales	Lauraceae	Nectandra	Nectandra nitidula		SPECIES	Nectandra nitidula Nees & Mart. ex Nees	Nectandra nitidula	Nees & Mart.	BR		Minas Gerais	PRESENT		92bd7d31-3255-4f1c-8552-cbb6fbe60478	-20.431378	-45.619119							2006-11-25	25	11	2006	7304744	7304744	PRESERVED_SPECIMEN	UNESP-RC	HRCB	73570	2416	Moraes, P.	2018-07-16T00:00:00	CC_BY_4_0	Herbário Rioclarense	Melo, P.H.A.		native	2026-06-26T18:23:00.676Z		CONTINENT_DERIVED_FROM_COORDINATES;INSTITUTION_MATCH_NONE
4165258712	fdf55163-54d8-4bc7-862d-7e41068589e3	https://specieslink.net/guid/15/73571	Plantae	Tracheophyta	Magnoliopsida	Laurales	Lauraceae	Nectandra			GENUS	Nectandra Rol. ex Rottb.	Nectandra		BR		Minas Gerais	PRESENT		92bd7d31-3255-4f1c-8552-cbb6fbe60478	-20.335608	-45.587581							2006-10		10	2006	3034018		PRESERVED_SPECIMEN	UNESP-RC	HRCB	73571	2442			CC_BY_4_0	Herbário Rioclarense	Melo, P.H.A.			2026-06-26T18:22:59.214Z		CONTINENT_DERIVED_FROM_COORDINATES;INSTITUTION_MATCH_NONE
4165258709	fdf55163-54d8-4bc7-862d-7e41068589e3	https://specieslink.net/guid/15/73572	Plantae	Tracheophyta	Magnoliopsida	Laurales	Lauraceae	Nectandra	Nectandra nitidula		SPECIES	Nectandra nitidula Nees & Mart. ex Nees	Nectandra nitidula	Nees & Mart.	BR		Minas Gerais	PRESENT		92bd7d31-3255-4f1c-8552-cbb6fbe60478	-20.335608	-45.587581							2006-10		10	2006	7304744	7304744	PRESERVED_SPECIMEN	UNESP-RC	HRCB	73572	2453	Moraes, P.	2018-07-16T00:00:00	CC_BY_4_0	Herbário Rioclarense	Melo, P.H.A.		native	2026-06-26T18:22:58.993Z		CONTINENT_DERIVED_FROM_COORDINATES;INSTITUTION_MATCH_NONE
4165258693	fdf55163-54d8-4bc7-862d-7e41068589e3	https://specieslink.net/guid/15/73569	Plantae	Tracheophyta	Magnoliopsida	Laurales	Lauraceae	Nectandra	Nectandra nitidula		SPECIES	Nectandra nitidula Nees & Mart. ex Nees	Nectandra nitidula	Nees & Mart.	BR		Minas Gerais	PRESENT		92bd7d31-3255-4f1c-8552-cbb6fbe60478	-20.266389	-45.660528							2006-01-08	8	1	2006	7304744	7304744	PRESERVED_SPECIMEN	UNESP-RC	HRCB	73569	1686	Moraes, P.	2018-07-16T00:00:00	CC_BY_4_0	Herbário Rioclarense	Melo, P.H.A.		native	2026-06-26T18:22:58.856Z		CONTINENT_DERIVED_FROM_COORDINATES;INSTITUTION_MATCH_NONE
4165258647	fdf55163-54d8-4bc7-862d-7e41068589e3	https://specieslink.net/guid/15/73540	Plantae	Tracheophyta	Magnoliopsida	Cucurbitales	Cucurbitaceae	Cayaponia	Cayaponia pilosa		SPECIES	Cayaponia pilosa (Vell.) Cogn.	Cayaponia pilosa	Cogn.	BR		Minas Gerais	PRESENT		92bd7d31-3255-4f1c-8552-cbb6fbe60478	-20.387222	-45.649722							2003-01-31	31	1	2003	3623061	3623061	PRESERVED_SPECIMEN	UNESP-RC	HRCB	73540	375	Melo, P.H.A.	2018-07-17T00:00:00	CC_BY_4_0	Herbário Rioclarense	Melo, P.H.A.		native	2026-06-26T18:22:58.853Z		CONTINENT_DERIVED_FROM_COORDINATES;INSTITUTION_MATCH_NONE
4165258646	fdf55163-54d8-4bc7-862d-7e41068589e3	https://specieslink.net/guid/15/73541	Plantae	Tracheophyta	Magnoliopsida	Cucurbitales	Cucurbitaceae				FAMILY	Cucurbitaceae			BR		Minas Gerais	PRESENT		92bd7d31-3255-4f1c-8552-cbb6fbe60478	-20.387222	-45.649722							2003-03-22	22	3	2003	6634		PRESERVED_SPECIMEN	UNESP-RC	HRCB	73541	482			CC_BY_4_0	Herbário Rioclarense	Melo, P.H.A.			2026-06-26T18:22:58.847Z		CONTINENT_DERIVED_FROM_COORDINATES;INSTITUTION_MATCH_NONE
4165258645	fdf55163-54d8-4bc7-862d-7e41068589e3	https://specieslink.net/guid/15/73542	Plantae	Tracheophyta	Magnoliopsida	Cucurbitales	Cucurbitaceae				FAMILY	Cucurbitaceae			BR		Minas Gerais	PRESENT		92bd7d31-3255-4f1c-8552-cbb6fbe60478	-20.387222	-45.649722							2003-04-15	15	4	2003	6634		PRESERVED_SPECIMEN	UNESP-RC	HRCB	73542	558			CC_BY_4_0	Herbário Rioclarense	Melo, P.H.A.			2026-06-26T18:22:59.082Z		CONTINENT_DERIVED_FROM_COORDINATES;INSTITUTION_MATCH_NONE
4165258644	fdf55163-54d8-4bc7-862d-7e41068589e3	https://specieslink.net/guid/15/73543	Plantae	Tracheophyta	Magnoliopsida	Cucurbitales	Cucurbitaceae	Cayaponia	Cayaponia pilosa		SPECIES	Cayaponia pilosa (Vell.) Cogn.	Cayaponia pilosa	Cogn.	BR		Minas Gerais	PRESENT		92bd7d31-3255-4f1c-8552-cbb6fbe60478	-20.263722	-45.670444							2003-12-31	31	12	2003	3623061	3623061	PRESERVED_SPECIMEN	UNESP-RC	HRCB	73543	1031	Melo, P.H.A.	2018-07-17T00:00:00	CC_BY_4_0	Herbário Rioclarense	Melo, P.H.A.		native	2026-06-26T18:22:58.955Z		CONTINENT_DERIVED_FROM_COORDINATES;INSTITUTION_MATCH_NONE
4165258607	fdf55163-54d8-4bc7-862d-7e41068589e3	https://specieslink.net/guid/15/73522	Plantae	Tracheophyta	Magnoliopsida	Solanales	Convolvulaceae	Ipomoea	Ipomoea parasitica		SPECIES	Ipomoea parasitica (Kunth) G.Don	Ipomoea parasitica	(Kunth) G. Don	BR		Minas Gerais	PRESENT		92bd7d31-3255-4f1c-8552-cbb6fbe60478	-20.262528	-45.669528							2005-03-25	25	3	2005	4927124	4927124	PRESERVED_SPECIMEN	UNESP-RC	HRCB	73522	1313	Melo, P.H.A.	2019-01-01T00:00:00	CC_BY_4_0	Herbário Rioclarense	Melo, P.H.A.		introduced	2026-06-26T18:22:58.949Z		CONTINENT_DERIVED_FROM_COORDINATES;INSTITUTION_MATCH_NONE
4165258606	fdf55163-54d8-4bc7-862d-7e41068589e3	https://specieslink.net/guid/15/73523	Plantae	Tracheophyta	Magnoliopsida	Solanales	Convolvulaceae	Distimake	Distimake dissectus		SPECIES	Distimake dissectus (Jacq.) A.R.Simões & Staples	Distimake dissectus	(Jacq.) A.R. Simões & Staples	BR		Minas Gerais	PRESENT		92bd7d31-3255-4f1c-8552-cbb6fbe60478	-20.266389	-45.660528							2006-12-13	13	12	2006	9293992	9293992	PRESERVED_SPECIMEN	UNESP-RC	HRCB	73523	1749	Petrongari, F.S.	2017-05-06T00:00:00	CC_BY_4_0	Herbário Rioclarense	Melo, P.H.A.		native	2026-06-26T18:23:00.483Z		CONTINENT_DERIVED_FROM_COORDINATES;INSTITUTION_MATCH_NONE
4165258603	fdf55163-54d8-4bc7-862d-7e41068589e3	https://specieslink.net/guid/15/73520	Plantae	Tracheophyta	Magnoliopsida	Solanales	Convolvulaceae	Dichondra	Dichondra macrocalyx		SPECIES	Dichondra macrocalyx Meisn.	Dichondra macrocalyx	Meisn.	BR		Minas Gerais	PRESENT		92bd7d31-3255-4f1c-8552-cbb6fbe60478	-20.255556	-45.67							2003-08-10	10	8	2003	3680965	3680965	PRESERVED_SPECIMEN	UNESP-RC	HRCB	73520	815	Melo, P.H.A.	2018-07-17T00:00:00	CC_BY_4_0	Herbário Rioclarense	Melo, P.H.A.		native	2026-06-26T18:23:00.480Z		CONTINENT_DERIVED_FROM_COORDINATES;INSTITUTION_MATCH_NONE
4165258602	fdf55163-54d8-4bc7-862d-7e41068589e3	https://specieslink.net/guid/15/73521	Plantae	Tracheophyta	Magnoliopsida	Solanales	Convolvulaceae	Jacquemontia			GENUS	Jacquemontia Choisy	Jacquemontia		BR		Minas Gerais	PRESENT		92bd7d31-3255-4f1c-8552-cbb6fbe60478	-20.255917	-45.662583							2004-02-15	15	2	2004	2928487		PRESERVED_SPECIMEN	UNESP-RC	HRCB	73521	1070			CC_BY_4_0	Herbário Rioclarense	Melo, P.H.A.			2026-06-26T18:22:59.074Z		CONTINENT_DERIVED_FROM_COORDINATES;INSTITUTION_MATCH_NONE
4165258600	fdf55163-54d8-4bc7-862d-7e41068589e3	https://specieslink.net/guid/15/73519	Plantae	Tracheophyta	Magnoliopsida	Solanales	Convolvulaceae	Aniseia	Aniseia luxurians		SPECIES	Iseia luxurians (Moric.) O'Donell	Iseia luxurians	(Moric.) O'Donell	BR		Minas Gerais	PRESENT		92bd7d31-3255-4f1c-8552-cbb6fbe60478	-20.255917	-45.662583							2003-03-08	8	3	2003	8315294	9730688	PRESERVED_SPECIMEN	UNESP-RC	HRCB	73519	468		2016-12-01T00:00:00	CC_BY_4_0	Herbário Rioclarense	Melo, P.H.A.		native	2026-06-26T18:22:59.072Z		CONTINENT_DERIVED_FROM_COORDINATES;INSTITUTION_MATCH_NONE
4165258599	fdf55163-54d8-4bc7-862d-7e41068589e3	https://specieslink.net/guid/15/73999	Plantae	Tracheophyta	Magnoliopsida	Rosales	Urticaceae	Urera	Urera baccifera		SPECIES	Urera baccifera (L.) Gaudich. ex Wedd.	Urera baccifera	(L.) Gaudich. ex Wedd.	BR		Minas Gerais	PRESENT		92bd7d31-3255-4f1c-8552-cbb6fbe60478	-20.266389	-45.660528							2006-12-14	14	12	2006	2984339	7411905	PRESERVED_SPECIMEN	UNESP-RC	HRCB	73999	1754			CC_BY_4_0	Herbário Rioclarense	Melo, P.H.A.		native	2026-06-26T18:22:58.869Z		CONTINENT_DERIVED_FROM_COORDINATES;INSTITUTION_MATCH_NONE
4165258588	fdf55163-54d8-4bc7-862d-7e41068589e3	https://specieslink.net/guid/15/73998	Plantae	Tracheophyta	Magnoliopsida	Rosales	Urticaceae	Hemistylus	Hemistylus boehmerioides		SPECIES	Hemistylus brasiliensis Wedd. ex Warm.	Hemistylus brasiliensis	Wedd. ex Warm.	BR		Minas Gerais	PRESENT		92bd7d31-3255-4f1c-8552-cbb6fbe60478	-20.295917	-45.604806			680.0				2005-12-24	24	12	2005	5670536	5670539	PRESERVED_SPECIMEN	UNESP-RC	HRCB	73998	1399			CC_BY_4_0	Herbário Rioclarense	Melo, P.H.A.			2026-06-26T18:22:58.902Z		CONTINENT_DERIVED_FROM_COORDINATES;INSTITUTION_MATCH_NONE
4165258586	fdf55163-54d8-4bc7-862d-7e41068589e3	https://specieslink.net/guid/15/73992	Plantae	Tracheophyta	Magnoliopsida	Rosales	Urticaceae	Urera	Urera aurantiaca		SPECIES	Urera aurantiaca Wedd.	Urera aurantiaca	Wedd.	BR		Minas Gerais	PRESENT		92bd7d31-3255-4f1c-8552-cbb6fbe60478	-20.255917	-45.662583							2002-12-30	30	12	2002	7300663	7300663	PRESERVED_SPECIMEN	UNESP-RC	HRCB	73992	466	Melo, P.H.A.	2018-08-06T00:00:00	CC_BY_4_0	Herbário Rioclarense	Melo, P.H.A.		native	2026-06-26T18:22:58.838Z		CONTINENT_DERIVED_FROM_COORDINATES;INSTITUTION_MATCH_NONE
4165258585	fdf55163-54d8-4bc7-862d-7e41068589e3	https://specieslink.net/guid/15/73993	Plantae	Tracheophyta	Magnoliopsida	Rosales	Urticaceae	Pilea			GENUS	Pilea Lindl.	Pilea		BR		Minas Gerais	PRESENT		92bd7d31-3255-4f1c-8552-cbb6fbe60478	-20.263722	-45.670444							2005-01-26	26	1	2005	2984417		PRESERVED_SPECIMEN	UNESP-RC	HRCB	73993	1158			CC_BY_4_0	Herbário Rioclarense	Melo, P.H.A.			2026-06-26T18:22:58.835Z		CONTINENT_DERIVED_FROM_COORDINATES;INSTITUTION_MATCH_NONE
4165258584	fdf55163-54d8-4bc7-862d-7e41068589e3	https://specieslink.net/guid/15/73994	Plantae	Tracheophyta	Magnoliopsida	Rosales	Urticaceae	Hemistylus	Hemistylus boehmerioides		SPECIES	Hemistylus brasiliensis Wedd. ex Warm.	Hemistylus brasiliensis	Wedd. ex Warm.	BR		Minas Gerais	PRESENT		92bd7d31-3255-4f1c-8552-cbb6fbe60478	-20.266389	-45.660528							2004-08-13	13	8	2004	5670536	5670539	PRESERVED_SPECIMEN	UNESP-RC	HRCB	73994	1244	Melo, P.H.A.	2018-05-01T00:00:00	CC_BY_4_0	Herbário Rioclarense	Melo, P.H.A.			2026-06-26T18:22:58.899Z		CONTINENT_DERIVED_FROM_COORDINATES;INSTITUTION_MATCH_NONE
4165258524	fdf55163-54d8-4bc7-862d-7e41068589e3	https://specieslink.net/guid/15/73174	Plantae	Tracheophyta	Magnoliopsida	Malvales	Malvaceae	Guazuma	Guazuma ulmifolia		SPECIES	Guazuma ulmifolia Lam.	Guazuma ulmifolia	Lam.	BR		Minas Gerais	PRESENT		92bd7d31-3255-4f1c-8552-cbb6fbe60478	-20.26725	-45.506306							2003-09-15	15	9	2003	3152195	3152195	PRESERVED_SPECIMEN	UNESP-RC	HRCB	73174	891	Melo, P.H.A.	2005-06-01T00:00:00	CC_BY_4_0	Herbário Rioclarense	Melo, P.H.A.		native	2026-06-26T18:22:58.736Z		CONTINENT_DERIVED_FROM_COORDINATES;INSTITUTION_MATCH_NONE
4165258473	fdf55163-54d8-4bc7-862d-7e41068589e3	https://specieslink.net/guid/15/74002	Plantae	Tracheophyta	Magnoliopsida	Rosales	Urticaceae	Hemistylus	Hemistylus boehmerioides		SPECIES	Hemistylus brasiliensis Wedd. ex Warm.	Hemistylus brasiliensis	Wedd. ex Warm.	BR		Minas Gerais	PRESENT		92bd7d31-3255-4f1c-8552-cbb6fbe60478	-20.266389	-45.660528							2006-12-14	14	12	2006	5670536	5670539	PRESERVED_SPECIMEN	UNESP-RC	HRCB	74002	1763	Melo, P.H.A.	2018-08-02T00:00:00	CC_BY_4_0	Herbário Rioclarense	Melo, P.H.A.			2026-06-26T18:22:58.658Z		CONTINENT_DERIVED_FROM_COORDINATES;INSTITUTION_MATCH_NONE
4165258460	fdf55163-54d8-4bc7-862d-7e41068589e3	https://specieslink.net/guid/15/74000	Plantae	Tracheophyta	Magnoliopsida	Rosales	Urticaceae	Urera	Urera baccifera		SPECIES	Urera baccifera (L.) Gaudich. ex Wedd.	Urera baccifera	(L.) Gaudich. ex Wedd.	BR		Minas Gerais	PRESENT		92bd7d31-3255-4f1c-8552-cbb6fbe60478	-20.266389	-45.660528							2006-12-14	14	12	2006	2984339	7411905	PRESERVED_SPECIMEN	UNESP-RC	HRCB	74000	1755			CC_BY_4_0	Herbário Rioclarense	Melo, P.H.A.		native	2026-06-26T18:22:58.672Z		CONTINENT_DERIVED_FROM_COORDINATES;INSTITUTION_MATCH_NONE
4165258458	fdf55163-54d8-4bc7-862d-7e41068589e3	https://specieslink.net/guid/15/74001	Plantae	Tracheophyta	Magnoliopsida	Rosales	Urticaceae	Urera	Urera baccifera		SPECIES	Urera baccifera (L.) Gaudich. ex Wedd.	Urera baccifera	(L.) Gaudich. ex Wedd.	BR		Minas Gerais	PRESENT		92bd7d31-3255-4f1c-8552-cbb6fbe60478	-20.266389	-45.660528							2006-12-14	14	12	2006	2984339	7411905	PRESERVED_SPECIMEN	UNESP-RC	HRCB	74001	1756			CC_BY_4_0	Herbário Rioclarense	Melo, P.H.A.		native	2026-06-26T18:22:58.929Z		CONTINENT_DERIVED_FROM_COORDINATES;INSTITUTION_MATCH_NONE
4165258444	fdf55163-54d8-4bc7-862d-7e41068589e3	https://specieslink.net/guid/15/73144	Plantae	Tracheophyta	Liliopsida	Zingiberales	Marantaceae	Maranta	Maranta lindmanii		SPECIES	Maranta lindmanii L.Andersson	Maranta lindmanii	L. Andersson	BR		Minas Gerais	PRESENT		92bd7d31-3255-4f1c-8552-cbb6fbe60478	-20.407875	-45.662397							2007-02-26	26	2	2007	2761327	2761327	PRESERVED_SPECIMEN	UNESP-RC	HRCB	73144	2412	Saka, M.N.	2017-08-01T00:00:00	CC_BY_4_0	Herbário Rioclarense	Melo, P.H.A.		native	2026-06-26T18:22:58.604Z		CONTINENT_DERIVED_FROM_COORDINATES;INSTITUTION_MATCH_NONE
4165258414	fdf55163-54d8-4bc7-862d-7e41068589e3	https://specieslink.net/guid/15/73133	Plantae	Tracheophyta	Liliopsida	Zingiberales	Marantaceae	Goeppertia	Goeppertia eichleri		SPECIES	Goeppertia eichleri (Petersen) Borchs. & S.Suárez	Goeppertia eichleri	(Petersen) Borchs. & S. Suárez	BR		Minas Gerais	PRESENT		92bd7d31-3255-4f1c-8552-cbb6fbe60478	-20.266389	-45.660528							2006-12-14	14	12	2006	7667886	7667886	PRESERVED_SPECIMEN	UNESP-RC	HRCB	73133	1751	Saka, M.N.	2017-08-01T00:00:00	CC_BY_4_0	Herbário Rioclarense	Melo, P.H.A.		native	2026-06-26T18:22:58.605Z		CONTINENT_DERIVED_FROM_COORDINATES;INSTITUTION_MATCH_NONE
4165258406	fdf55163-54d8-4bc7-862d-7e41068589e3	https://specieslink.net/guid/15/73132	Plantae	Tracheophyta	Liliopsida	Zingiberales	Marantaceae	Goeppertia	Goeppertia sellowii		SPECIES	Goeppertia sellowii (Körn.) Borchs. & S.Suárez	Goeppertia sellowii	(Körn.) Borchs. & S. Suárez	BR		Minas Gerais	PRESENT		92bd7d31-3255-4f1c-8552-cbb6fbe60478	-20.266389	-45.660528							2006-12-13	13	12	2006	7350587	7350587	PRESERVED_SPECIMEN	UNESP-RC	HRCB	73132	1746	Saka, M.N.	2017-08-01T00:00:00	CC_BY_4_0	Herbário Rioclarense	Melo, P.H.A.		native	2026-06-26T18:22:58.626Z		CONTINENT_DERIVED_FROM_COORDINATES;INSTITUTION_MATCH_NONE
4165258351	fdf55163-54d8-4bc7-862d-7e41068589e3	https://specieslink.net/guid/15/73584	Plantae	Tracheophyta	Magnoliopsida	Cornales	Loasaceae	Mentzelia	Mentzelia aspera		SPECIES	Mentzelia aspera L.	Mentzelia aspera	L.	BR		Minas Gerais	PRESENT		92bd7d31-3255-4f1c-8552-cbb6fbe60478	-20.262528	-45.669528							2002-12-31	31	12	2002	5331416	5331416	PRESERVED_SPECIMEN	UNESP-RC	HRCB	73584	1319	Melo, P.H.A.	2018-07-16T00:00:00	CC_BY_4_0	Herbário Rioclarense	Melo, P.H.A.		native	2026-06-26T18:22:58.498Z		CONTINENT_DERIVED_FROM_COORDINATES;INSTITUTION_MATCH_NONE
4165258350	fdf55163-54d8-4bc7-862d-7e41068589e3	https://specieslink.net/guid/15/73585	Plantae	Tracheophyta	Magnoliopsida	Cornales	Loasaceae	Mentzelia	Mentzelia aspera		SPECIES	Mentzelia aspera L.	Mentzelia aspera	L.	BR		Minas Gerais	PRESENT		92bd7d31-3255-4f1c-8552-cbb6fbe60478	-20.266389	-45.660528							2006-12-14	14	12	2006	5331416	5331416	PRESERVED_SPECIMEN	UNESP-RC	HRCB	73585	1765	Melo, P.H.A.	2018-07-16T00:00:00	CC_BY_4_0	Herbário Rioclarense	Melo, P.H.A.		native	2026-06-26T18:22:58.816Z		CONTINENT_DERIVED_FROM_COORDINATES;INSTITUTION_MATCH_NONE
4165258326	fdf55163-54d8-4bc7-862d-7e41068589e3	https://specieslink.net/guid/15/71933	Plantae	Tracheophyta	Magnoliopsida	Fabales	Fabaceae	Anadenanthera	Anadenanthera colubrina		SPECIES	Anadenanthera colubrina (Vell.) Brenan	Anadenanthera colubrina	(Griseb.) Altschul	BR		Minas Gerais	PRESENT		92bd7d31-3255-4f1c-8552-cbb6fbe60478	-20.266389	-45.660528							2006-04-21	21	4	2006	2952823	2952823	PRESERVED_SPECIMEN	UNESP-RC	HRCB	71933	1521	Melo, P.H.A.	2017-09-27T00:00:00	CC_BY_4_0	Herbário Rioclarense	Melo, P.H.A.		native	2026-06-26T18:23:00.187Z		CONTINENT_DERIVED_FROM_COORDINATES;INSTITUTION_MATCH_NONE
4165258188	fdf55163-54d8-4bc7-862d-7e41068589e3	https://specieslink.net/guid/15/73214	Plantae	Tracheophyta	Magnoliopsida	Malvales	Malvaceae				FAMILY	Malvaceae			BR		Minas Gerais	PRESENT		92bd7d31-3255-4f1c-8552-cbb6fbe60478	-20.348778	-45.63625							2005-05-27	27	5	2005	6685		PRESERVED_SPECIMEN	UNESP-RC	HRCB	73214	1355			CC_BY_4_0	Herbário Rioclarense	Melo, P.H.A.			2026-06-26T18:22:58.761Z		CONTINENT_DERIVED_FROM_COORDINATES;INSTITUTION_MATCH_NONE
4165258178	fdf55163-54d8-4bc7-862d-7e41068589e3	https://specieslink.net/guid/15/73211	Plantae	Tracheophyta	Magnoliopsida	Malvales	Malvaceae	Wissadula	Wissadula grandifolia		SPECIES	Wissadula macrantha R.E.Fr.	Wissadula cf.macrantha	R.E. Fr.	BR		Minas Gerais	PRESENT		92bd7d31-3255-4f1c-8552-cbb6fbe60478	-20.387222	-45.649722							2003-05-25	25	5	2003	8437032	7278786	PRESERVED_SPECIMEN	UNESP-RC	HRCB	73211	574	Melo, P.H.A. & Lombardi, J.A.	2004-08-01T00:00:00	CC_BY_4_0	Herbário Rioclarense	Melo, P.H.A.		native	2026-06-26T18:22:58.296Z		CONTINENT_DERIVED_FROM_COORDINATES;INSTITUTION_MATCH_NONE
4165258174	fdf55163-54d8-4bc7-862d-7e41068589e3	https://specieslink.net/guid/15/73212	Plantae	Tracheophyta	Magnoliopsida	Malvales	Malvaceae	Wissadula	Wissadula hernandioides		SPECIES	Wissadula hernandioides (L'Hér.) Garcke	Wissadula hernandioides	(L'Hér.) Garcke	BR		Minas Gerais	PRESENT		92bd7d31-3255-4f1c-8552-cbb6fbe60478	-20.381056	-45.65125							2004-04-08	8	4	2004	3934287	3934287	PRESERVED_SPECIMEN	UNESP-RC	HRCB	73212	1215	Melo, P.H.A.	2004-11-01T00:00:00	CC_BY_4_0	Herbário Rioclarense	Melo, P.H.A.		native	2026-06-26T18:22:58.057Z		CONTINENT_DERIVED_FROM_COORDINATES;INSTITUTION_MATCH_NONE
4165258170	fdf55163-54d8-4bc7-862d-7e41068589e3	https://specieslink.net/guid/15/73213	Plantae	Tracheophyta	Magnoliopsida	Malvales	Malvaceae	Wissadula	Wissadula hernandioides		SPECIES	Wissadula hernandioides (L'Hér.) Garcke	Wissadula hernandioides	(L'Hér.) Garcke	BR		Minas Gerais	PRESENT		92bd7d31-3255-4f1c-8552-cbb6fbe60478	-20.266389	-45.660528							2006-04-21	21	4	2006	3934287	3934287	PRESERVED_SPECIMEN	UNESP-RC	HRCB	73213	1517			CC_BY_4_0	Herbário Rioclarense	Melo, P.H.A.		native	2026-06-26T18:22:58.453Z		CONTINENT_DERIVED_FROM_COORDINATES;INSTITUTION_MATCH_NONE
4165258106	fdf55163-54d8-4bc7-862d-7e41068589e3	https://specieslink.net/guid/15/73670	Plantae	Tracheophyta	Magnoliopsida	Lamiales	Gesneriaceae	Sinningia	Sinningia warmingii		SPECIES	Sinningia warmingii (Hiern) Chautems	Sinningia cf.warmingii	(Hiern) Chautems	BR		Minas Gerais	PRESENT		92bd7d31-3255-4f1c-8552-cbb6fbe60478	-20.266389	-45.660528							2006-10-13	13	10	2006	3824985	3824985	PRESERVED_SPECIMEN	UNESP-RC	HRCB	73670	1722			CC_BY_4_0	Herbário Rioclarense	Melo, P.H.A.		native	2026-06-26T18:22:58.440Z		CONTINENT_DERIVED_FROM_COORDINATES;INSTITUTION_MATCH_NONE
4165258095	fdf55163-54d8-4bc7-862d-7e41068589e3	https://specieslink.net/guid/15/73669	Plantae	Tracheophyta	Magnoliopsida	Lamiales	Gesneriaceae	Sinningia	Sinningia aggregata		SPECIES	Sinningia aggregata (Ker Gawl.) Wiehler	Sinningia aggregata	(Ker Gawl.) Wiehler	BR		Minas Gerais	PRESENT		92bd7d31-3255-4f1c-8552-cbb6fbe60478	-20.262472	-45.670944							2005-01-08	8	1	2005	3818724	3818724	PRESERVED_SPECIMEN	UNESP-RC	HRCB	73669	1421	Melo, P.H.A.	2018-07-18T00:00:00	CC_BY_4_0	Herbário Rioclarense	Melo, P.H.A.		native	2026-06-26T18:22:59.998Z		CONTINENT_DERIVED_FROM_COORDINATES;INSTITUTION_MATCH_NONE
4165258085	fdf55163-54d8-4bc7-862d-7e41068589e3	https://specieslink.net/guid/15/73667	Plantae	Tracheophyta	Magnoliopsida	Lamiales	Gesneriaceae	Chautemsia	Chautemsia calcicola		SPECIES	Chautemsia calcicola A.O.Araujo & V.C.Souza	Chautemsia calcicola	A.O. Araujo & V.C. Souza	BR		Minas Gerais	PRESENT		92bd7d31-3255-4f1c-8552-cbb6fbe60478	-20.266389	-45.660528							2003-02-01	1	2	2003	5830511	5830511	PRESERVED_SPECIMEN	UNESP-RC	HRCB	73667	1413	Melo, P.H.A.	2018-07-18T00:00:00	CC_BY_4_0	Herbário Rioclarense	Melo, P.H.A.		native	2026-06-26T18:22:58.445Z		CONTINENT_DERIVED_FROM_COORDINATES;INSTITUTION_MATCH_NONE
4165258081	fdf55163-54d8-4bc7-862d-7e41068589e3	https://specieslink.net/guid/15/73668	Plantae	Tracheophyta	Magnoliopsida	Lamiales	Gesneriaceae	Chautemsia	Chautemsia calcicola		SPECIES	Chautemsia calcicola A.O.Araujo & V.C.Souza	Chautemsia calcicola	A.O. Araujo & V.C. Souza	BR		Minas Gerais	PRESENT		92bd7d31-3255-4f1c-8552-cbb6fbe60478	-20.262472	-45.670944							2005-01-07	7	1	2005	5830511	5830511	PRESERVED_SPECIMEN	UNESP-RC	HRCB	73668	1419	Melo, P.H.A.	2018-07-18T00:00:00	CC_BY_4_0	Herbário Rioclarense	Melo, P.H.A.		native	2026-06-26T18:22:58.443Z		CONTINENT_DERIVED_FROM_COORDINATES;INSTITUTION_MATCH_NONE
4165258058	fdf55163-54d8-4bc7-862d-7e41068589e3	https://specieslink.net/guid/15/72329	Plantae	Tracheophyta	Magnoliopsida	Lamiales	Verbenaceae	Petrea	Petrea volubilis		SPECIES	Petrea volubilis L.	Petrea volubilis	L.	BR		Minas Gerais	PRESENT		92bd7d31-3255-4f1c-8552-cbb6fbe60478	-20.431378	-45.619119							2006-11-25	25	11	2006	2925536	2925536	PRESERVED_SPECIMEN	UNESP-RC	HRCB	72329	2436			CC_BY_4_0	Herbário Rioclarense	Melo, P.H.A.		native	2026-06-26T18:22:58.743Z		CONTINENT_DERIVED_FROM_COORDINATES;INSTITUTION_MATCH_NONE
4165258057	fdf55163-54d8-4bc7-862d-7e41068589e3	https://specieslink.net/guid/15/70147	Plantae	Tracheophyta	Magnoliopsida	Sapindales	Rutaceae	Pilocarpus	Pilocarpus spicatus		SPECIES	Pilocarpus spicatus A.St.-Hil.	Pilocarpus spicatus	A. St.-Hil.	BR		Minas Gerais	PRESENT		92bd7d31-3255-4f1c-8552-cbb6fbe60478	-20.387222	-45.649722							2003-04-15	15	4	2003	7269470	7269470	PRESERVED_SPECIMEN	UNESP-RC	HRCB	70147	557	Groppo, M.	2022-07-01T00:00:00	CC_BY_4_0	Herbário Rioclarense	Melo, P.H.A.		native	2026-06-26T18:22:58.740Z		CONTINENT_DERIVED_FROM_COORDINATES;INSTITUTION_MATCH_NONE
4165258051	fdf55163-54d8-4bc7-862d-7e41068589e3	https://specieslink.net/guid/15/72326	Plantae	Tracheophyta	Magnoliopsida	Lamiales	Scrophulariaceae	Buddleja	Buddleja stachyoides		SPECIES	Buddleja stachyoides Cham. & Schltdl.	Buddleja cf.stachyoides	Cham. & Schltdl.	BR		Minas Gerais	PRESENT		92bd7d31-3255-4f1c-8552-cbb6fbe60478	-20.255556	-45.67							2003-08-10	10	8	2003	4055548	4055548	PRESERVED_SPECIMEN	UNESP-RC	HRCB	72326	828	Melo, P. H.A.	2018-04-16T00:00:00	CC_BY_4_0	Herbário Rioclarense	Melo, P.H.A.		native	2026-06-26T18:22:58.009Z		CONTINENT_DERIVED_FROM_COORDINATES;INSTITUTION_MATCH_NONE
4165258006	fdf55163-54d8-4bc7-862d-7e41068589e3	https://specieslink.net/guid/15/71454	Plantae	Tracheophyta	Magnoliopsida	Malpighiales	Euphorbiaceae	Manihot	Manihot grahamii		SPECIES	Manihot grahamii Hook.	Manihot grahamii	Hook.	BR		Minas Gerais	PRESENT		92bd7d31-3255-4f1c-8552-cbb6fbe60478	-20.357511	-45.664811							2002-12-31	31	12	2002	3060710	3060710	PRESERVED_SPECIMEN	UNESP-RC	HRCB	71454	1427			CC_BY_4_0	Herbário Rioclarense	Melo, P.H.A.		native	2026-06-26T18:22:58.354Z		CONTINENT_DERIVED_FROM_COORDINATES;INSTITUTION_MATCH_NONE
4165257994	fdf55163-54d8-4bc7-862d-7e41068589e3	https://specieslink.net/guid/15/71453	Plantae	Tracheophyta	Magnoliopsida	Malpighiales	Euphorbiaceae	Bernardia	Bernardia tamanduana		SPECIES	Bernardia tamanduana (Baill.) Müll.Arg.	Bernardia tamanduana	(Baill.) Müll. Arg.	BR		Minas Gerais	PRESENT		92bd7d31-3255-4f1c-8552-cbb6fbe60478	-20.262472	-45.670944							2005-01-08	8	1	2005	5378398	5378398	PRESERVED_SPECIMEN	UNESP-RC	HRCB	71453	1416	Carrión, J.F.	2019-08-01T00:00:00	CC_BY_4_0	Herbário Rioclarense	Melo, P.H.A.		native	2026-06-26T18:22:59.986Z		CONTINENT_DERIVED_FROM_COORDINATES;INSTITUTION_MATCH_NONE
4165257984	fdf55163-54d8-4bc7-862d-7e41068589e3	https://specieslink.net/guid/15/70116	Plantae	Tracheophyta	Magnoliopsida	Sapindales	Rutaceae	Conchocarpus	Conchocarpus pentandrus		SPECIES	Conchocarpus pentandrus (A.St.-Hil.) Kallunki & Pirani	Conchocarpus pentandrus	(A. St.-Hil.) Kallunki & Pirani	BR		Minas Gerais	PRESENT		92bd7d31-3255-4f1c-8552-cbb6fbe60478	-20.335608	-45.587581							2006-11		11	2006	3835212	3835212	PRESERVED_SPECIMEN	UNESP-RC	HRCB	70116	2487	Melo, P.H.A.	2006-01-01T00:00:00	CC_BY_4_0	Herbário Rioclarense	Melo, P.H.A.		native	2026-06-26T18:22:58.718Z		CONTINENT_DERIVED_FROM_COORDINATES;INSTITUTION_MATCH_NONE
4165257981	fdf55163-54d8-4bc7-862d-7e41068589e3	https://specieslink.net/guid/15/70114	Plantae	Tracheophyta	Magnoliopsida	Sapindales	Rutaceae	Conchocarpus	Conchocarpus pentandrus		SPECIES	Conchocarpus pentandrus (A.St.-Hil.) Kallunki & Pirani	Conchocarpus pentandrus	(A. St.-Hil.) Kallunki & Pirani	BR		Minas Gerais	PRESENT		92bd7d31-3255-4f1c-8552-cbb6fbe60478	-20.431378	-45.619119							2006-11-25	25	11	2006	3835212	3835212	PRESERVED_SPECIMEN	UNESP-RC	HRCB	70114	2439	Melo, P.H.A.	2006-01-01T00:00:00	CC_BY_4_0	Herbário Rioclarense	Melo, P.H.A.		native	2026-06-26T18:22:59.983Z		CONTINENT_DERIVED_FROM_COORDINATES;INSTITUTION_MATCH_NONE
4165257978	fdf55163-54d8-4bc7-862d-7e41068589e3	https://specieslink.net/guid/15/70115	Plantae	Tracheophyta	Magnoliopsida	Sapindales	Rutaceae	Zanthoxylum	Zanthoxylum monogynum		SPECIES	Zanthoxylum monogynum A.St.-Hil.	Zanthoxylum monogynum	A. St.-Hil.	BR		Minas Gerais	PRESENT		92bd7d31-3255-4f1c-8552-cbb6fbe60478	-20.335608	-45.587581							2006-11		11	2006	3836467	3836467	PRESERVED_SPECIMEN	UNESP-RC	HRCB	70115	2472	Melo, P.H.A.	2006-01-01T00:00:00	CC_BY_4_0	Herbário Rioclarense	Melo, P.H.A.		native	2026-06-26T18:22:58.245Z		CONTINENT_DERIVED_FROM_COORDINATES;INSTITUTION_MATCH_NONE
4165257972	fdf55163-54d8-4bc7-862d-7e41068589e3	https://specieslink.net/guid/15/70111	Plantae	Tracheophyta	Magnoliopsida	Myrtales	Melastomataceae	Pleroma	Pleroma stenocarpum		SPECIES	Pleroma stenocarpum (DC.) Triana	Pleroma stenocarpum	(Schrank & Mart. ex DC.) Triana	BR		Minas Gerais	PRESENT		92bd7d31-3255-4f1c-8552-cbb6fbe60478	-20.339758	-45.615933							2006-04-22	22	4	2006	5601297	5601297	PRESERVED_SPECIMEN	UNESP-RC	HRCB	70111	1527	Romero, R.	2017-11-01T00:00:00	CC_BY_4_0	Herbário Rioclarense	Melo, P.H.A.		native	2026-06-26T18:22:58.345Z		CONTINENT_DERIVED_FROM_COORDINATES;INSTITUTION_MATCH_NONE
4165257957	fdf55163-54d8-4bc7-862d-7e41068589e3	https://specieslink.net/guid/15/73298	Plantae	Tracheophyta	Magnoliopsida	Sapindales	Meliaceae	Trichilia	Trichilia claussenii		SPECIES	Trichilia claussenii C.DC.	Trichilia clausseni	C. DC.	BR		Minas Gerais	PRESENT		92bd7d31-3255-4f1c-8552-cbb6fbe60478	-20.335608	-45.587581							2006-11		11	2006	8059494	8059494	PRESERVED_SPECIMEN	UNESP-RC	HRCB	73298	2485	Sabino, G.P.	2018-03-16T00:00:00	CC_BY_4_0	Herbário Rioclarense	Melo, P.H.A.		native	2026-06-26T18:22:58.241Z		CONTINENT_DERIVED_FROM_COORDINATES;INSTITUTION_MATCH_NONE;TAXON_MATCH_FUZZY
4165257954	fdf55163-54d8-4bc7-862d-7e41068589e3	https://specieslink.net/guid/15/73294	Plantae	Tracheophyta	Magnoliopsida	Sapindales	Meliaceae	Trichilia	Trichilia claussenii		SPECIES	Trichilia claussenii C.DC.	Trichilia clausseni	C. DC.	BR		Minas Gerais	PRESENT		92bd7d31-3255-4f1c-8552-cbb6fbe60478	-20.393056	-45.646389							2002-12-31	31	12	2002	8059494	8059494	PRESERVED_SPECIMEN	UNESP-RC	HRCB	73294	783	Melo, P.H.A.	2018-07-13T00:00:00	CC_BY_4_0	Herbário Rioclarense	Melo, P.H.A.		native	2026-06-26T18:22:58.133Z		CONTINENT_DERIVED_FROM_COORDINATES;INSTITUTION_MATCH_NONE;TAXON_MATCH_FUZZY
4165257952	fdf55163-54d8-4bc7-862d-7e41068589e3	https://specieslink.net/guid/15/73295	Plantae	Tracheophyta	Magnoliopsida	Sapindales	Meliaceae	Guarea	Guarea macrophylla		SPECIES	Guarea macrophylla M.Vahl	Guarea macrophylla	Vahl	BR		Minas Gerais	PRESENT		92bd7d31-3255-4f1c-8552-cbb6fbe60478	-20.387222	-45.649722							2003-09-09	9	9	2003	7271393	7271393	PRESERVED_SPECIMEN	UNESP-RC	HRCB	73295	848	Melo, P.H.A.	2018-07-13T00:00:00	CC_BY_4_0	Herbário Rioclarense	Melo, P.H.A.		native	2026-06-26T18:22:59.979Z		CONTINENT_DERIVED_FROM_COORDINATES;INSTITUTION_MATCH_NONE
4165257951	fdf55163-54d8-4bc7-862d-7e41068589e3	https://specieslink.net/guid/15/73296	Plantae	Tracheophyta	Magnoliopsida	Sapindales	Meliaceae	Trichilia	Trichilia claussenii		SPECIES	Trichilia claussenii C.DC.	Trichilia clausseni	C. DC.	BR		Minas Gerais	PRESENT		92bd7d31-3255-4f1c-8552-cbb6fbe60478	-20.266389	-45.660528							2006-12-14	14	12	2006	8059494	8059494	PRESERVED_SPECIMEN	UNESP-RC	HRCB	73296	1761	P.H.A. Melo	2018-07-13T00:00:00	CC_BY_4_0	Herbário Rioclarense	Melo, P.H.A.		native	2026-06-26T18:22:58.183Z		CONTINENT_DERIVED_FROM_COORDINATES;INSTITUTION_MATCH_NONE;TAXON_MATCH_FUZZY
4165257950	fdf55163-54d8-4bc7-862d-7e41068589e3	https://specieslink.net/guid/15/73297	Plantae	Tracheophyta	Magnoliopsida	Sapindales	Meliaceae	Trichilia	Trichilia casarettoi		SPECIES	Trichilia casarettoi C.DC.	Trichilia casaretti	C. DC.	BR		Minas Gerais	PRESENT		92bd7d31-3255-4f1c-8552-cbb6fbe60478	-20.335608	-45.587581							2006-10		10	2006	8148177	8148177	PRESERVED_SPECIMEN	UNESP-RC	HRCB	73297	2446	Sabino, G.P.	2018-03-16T00:00:00	CC_BY_4_0	Herbário Rioclarense	Melo, P.H.A.		native	2026-06-26T18:22:57.933Z		CONTINENT_DERIVED_FROM_COORDINATES;INSTITUTION_MATCH_NONE;TAXON_MATCH_FUZZY
4165257794	fdf55163-54d8-4bc7-862d-7e41068589e3	https://specieslink.net/guid/15/72385	Plantae	Tracheophyta	Magnoliopsida	Malpighiales	Violaceae	Pombalia	Pombalia atropurpurea		SPECIES	Pombalia atropurpurea (A.St.-Hil.) Paula-Souza	Pombalia atropurpurea	(A.St.-Hil.) Paula-Souza	BR		Minas Gerais	PRESENT		92bd7d31-3255-4f1c-8552-cbb6fbe60478	-20.256389	-45.669167							2003-03-06	6	3	2003	8049834	8049834	PRESERVED_SPECIMEN	UNESP-RC	HRCB	72385	90	Paula-Souza, J.	2014-08-01T00:00:00	CC_BY_4_0	Herbário Rioclarense	Melo, P.H.A.		native	2026-06-26T18:22:59.829Z		CONTINENT_DERIVED_FROM_COORDINATES;INSTITUTION_MATCH_NONE
4165257687	fdf55163-54d8-4bc7-862d-7e41068589e3	https://specieslink.net/guid/15/72526	Plantae	Tracheophyta	Magnoliopsida	Malpighiales	Malpighiaceae	Amorimia	Amorimia rigida		SPECIES	Amorimia rigida (A.Juss.) W.R.Anderson	Amorimia rigida	(A. Juss.) W.R. Anderson	BR		Minas Gerais	PRESENT		92bd7d31-3255-4f1c-8552-cbb6fbe60478	-20.266389	-45.660528							2006-12-14	14	12	2006	3985945	3985945	PRESERVED_SPECIMEN	UNESP-RC	HRCB	72526	1762	Almeida, R.F.	2017-05-10T00:00:00	CC_BY_4_0	Herbário Rioclarense	Melo, P.H.A.		native	2026-06-26T18:22:58.024Z		CONTINENT_DERIVED_FROM_COORDINATES;INSTITUTION_MATCH_NONE
4165257684	fdf55163-54d8-4bc7-862d-7e41068589e3	https://specieslink.net/guid/15/72525	Plantae	Tracheophyta	Magnoliopsida	Malpighiales	Malpighiaceae	Banisteriopsis	Banisteriopsis parviflora		SPECIES	Banisteriopsis parviflora (A.Juss.) B.Gates	Banisteriopsis parviflora	(A. Juss.) B. Gates	BR		Minas Gerais	PRESENT		92bd7d31-3255-4f1c-8552-cbb6fbe60478	-20.266389	-45.660528							2006-04-21	21	4	2006	3984892	3984892	PRESERVED_SPECIMEN	UNESP-RC	HRCB	72525	1514	Almeida, R.F.	2017-05-10T00:00:00	CC_BY_4_0	Herbário Rioclarense	Melo, P.H.A.		native	2026-06-26T18:22:57.779Z		CONTINENT_DERIVED_FROM_COORDINATES;INSTITUTION_MATCH_NONE
4165257680	fdf55163-54d8-4bc7-862d-7e41068589e3	https://specieslink.net/guid/15/72522	Plantae	Tracheophyta	Magnoliopsida	Malpighiales	Malpighiaceae	Dicella	Dicella bracteosa		SPECIES	Dicella bracteosa (A.Juss.) Griseb.	Dicella bracteosa	(A. Juss.) Griseb.	BR		Minas Gerais	PRESENT		92bd7d31-3255-4f1c-8552-cbb6fbe60478	-20.257361	-45.663722							2004-01-02	2	1	2004	7285046	7285046	PRESERVED_SPECIMEN	UNESP-RC	HRCB	72522	1036	Almeida, R.F.	2017-05-10T00:00:00	CC_BY_4_0	Herbário Rioclarense	Melo, P.H.A.		native	2026-06-26T18:22:58.124Z		CONTINENT_DERIVED_FROM_COORDINATES;INSTITUTION_MATCH_NONE
4165257679	fdf55163-54d8-4bc7-862d-7e41068589e3	https://specieslink.net/guid/15/72521	Plantae	Tracheophyta	Magnoliopsida	Malpighiales	Malpighiaceae	Banisteriopsis	Banisteriopsis parviflora		SPECIES	Banisteriopsis parviflora (A.Juss.) B.Gates	Banisteriopsis parviflora	(A. Juss.) B. Gates	BR		Minas Gerais	PRESENT		92bd7d31-3255-4f1c-8552-cbb6fbe60478	-20.255917	-45.662583							2003-02-01	1	2	2003	3984892	3984892	PRESERVED_SPECIMEN	UNESP-RC	HRCB	72521	519	Almeida, R.F.	2017-05-10T00:00:00	CC_BY_4_0	Herbário Rioclarense	Melo, P.H.A.		native	2026-06-26T18:22:58.501Z		CONTINENT_DERIVED_FROM_COORDINATES;INSTITUTION_MATCH_NONE
4165257677	fdf55163-54d8-4bc7-862d-7e41068589e3	https://specieslink.net/guid/15/72524	Plantae	Tracheophyta	Magnoliopsida	Malpighiales	Malpighiaceae	Banisteriopsis			GENUS	Banisteriopsis C.B.Rob.	Banisteriopsis		BR		Minas Gerais	PRESENT		92bd7d31-3255-4f1c-8552-cbb6fbe60478	-20.381	-45.661917							2004-03-03	3	3	2004	7618041		PRESERVED_SPECIMEN	UNESP-RC	HRCB	72524	1116			CC_BY_4_0	Herbário Rioclarense	Melo, P.H.A.			2026-06-26T18:22:58.041Z		CONTINENT_DERIVED_FROM_COORDINATES;INSTITUTION_MATCH_NONE
4165257675	fdf55163-54d8-4bc7-862d-7e41068589e3	https://specieslink.net/guid/15/72523	Plantae	Tracheophyta	Magnoliopsida	Malpighiales	Malpighiaceae	Dicella	Dicella bracteosa		SPECIES	Dicella bracteosa (A.Juss.) Griseb.	Dicella bracteosa	(A. Juss.) Griseb.	BR		Minas Gerais	PRESENT		92bd7d31-3255-4f1c-8552-cbb6fbe60478	-20.382861	-45.6495							2004-02-16	16	2	2004	7285046	7285046	PRESERVED_SPECIMEN	UNESP-RC	HRCB	72523	1084	Almeida, R.F.	2017-05-10T00:00:00	CC_BY_4_0	Herbário Rioclarense	Melo, P.H.A.		native	2026-06-26T18:22:59.720Z		CONTINENT_DERIVED_FROM_COORDINATES;INSTITUTION_MATCH_NONE
4165257520	fdf55163-54d8-4bc7-862d-7e41068589e3	https://specieslink.net/guid/15/71602	Plantae	Tracheophyta	Magnoliopsida	Fabales	Fabaceae	Calliandra	Calliandra foliolosa		SPECIES	Calliandra foliolosa Benth.	Calliandra foliolosa	Benth.	BR		Minas Gerais	PRESENT		92bd7d31-3255-4f1c-8552-cbb6fbe60478	-20.431378	-45.619119							2006-11-25	25	11	2006	2981801	2981801	PRESERVED_SPECIMEN	UNESP-RC	HRCB	71602	2441	Melo, P.H.A.	2017-09-29T00:00:00	CC_BY_4_0	Herbário Rioclarense	Melo, P.H.A.		native	2026-06-26T18:22:58.218Z		CONTINENT_DERIVED_FROM_COORDINATES;INSTITUTION_MATCH_NONE
4165257519	fdf55163-54d8-4bc7-862d-7e41068589e3	https://specieslink.net/guid/15/71601	Plantae	Tracheophyta	Magnoliopsida	Fabales	Fabaceae	Leucochloron	Leucochloron incuriale		SPECIES	Leucochloron incuriale (Vell.) Barneby & J.W.Grimes	Leucochloron incuriale	(Vell.) Barneby & J.W. Grimes	BR		Minas Gerais	PRESENT		92bd7d31-3255-4f1c-8552-cbb6fbe60478	-20.431378	-45.619119							2006-11-25	25	11	2006	2944288	2944288	PRESERVED_SPECIMEN	UNESP-RC	HRCB	71601	2428	Queiroz, L.P.	2018-12-01T00:00:00	CC_BY_4_0	Herbário Rioclarense	Melo, P.H.A.		native	2026-06-26T18:22:59.565Z		CONTINENT_DERIVED_FROM_COORDINATES;INSTITUTION_MATCH_NONE
4165257518	fdf55163-54d8-4bc7-862d-7e41068589e3	https://specieslink.net/guid/15/71604	Plantae	Tracheophyta	Magnoliopsida	Fabales	Fabaceae	Dahlstedtia	Dahlstedtia muehlbergiana		SPECIES	Dahlstedtia muehlbergiana (Hassl.) M.J.Silva & A.M.G.Azevedo	Dahlstedtia muehlbergiana	(Hassl.) M.J. Silva & A.M.G. Azevedo	BR		Minas Gerais	PRESENT		92bd7d31-3255-4f1c-8552-cbb6fbe60478	-20.335608	-45.587581							2006-10		10	2006	8359138	8359138	PRESERVED_SPECIMEN	UNESP-RC	HRCB	71604	2460	Queiroz, L.P.	2018-12-01T00:00:00	CC_BY_4_0	Herbário Rioclarense	Melo, P.H.A.		native	2026-06-26T18:22:57.661Z		CONTINENT_DERIVED_FROM_COORDINATES;INSTITUTION_MATCH_NONE
4165257517	fdf55163-54d8-4bc7-862d-7e41068589e3	https://specieslink.net/guid/15/71603	Plantae	Tracheophyta	Magnoliopsida	Fabales	Fabaceae	Senegalia			GENUS	Senegalia Raf.	Senegalia		BR		Minas Gerais	PRESENT		92bd7d31-3255-4f1c-8552-cbb6fbe60478	-20.335608	-45.587581							2006-10		10	2006	7989631		PRESERVED_SPECIMEN	UNESP-RC	HRCB	71603	2444			CC_BY_4_0	Herbário Rioclarense	Melo, P.H.A.			2026-06-26T18:22:57.534Z		CONTINENT_DERIVED_FROM_COORDINATES;INSTITUTION_MATCH_NONE
4165257516	fdf55163-54d8-4bc7-862d-7e41068589e3	https://specieslink.net/guid/15/71600	Plantae	Tracheophyta	Magnoliopsida	Fabales	Fabaceae	Lonchocarpus	Lonchocarpus cultratus		SPECIES	Lonchocarpus cultratus (Vell.) A.M.G.Azevedo & H.C.Lima	Lonchocarpus cultratus	(Vell.) A.M.G. Azevedo & H.C. Lima	BR		Minas Gerais	PRESENT		92bd7d31-3255-4f1c-8552-cbb6fbe60478	-20.335608	-45.587581							2006-12-20	20	12	2006	3908683	3908683	PRESERVED_SPECIMEN	UNESP-RC	HRCB	71600	1782	Queiroz, L.P.	2018-12-01T00:00:00	CC_BY_4_0	Herbário Rioclarense	Melo, P.H.A.		native	2026-06-26T18:22:57.661Z		CONTINENT_DERIVED_FROM_COORDINATES;INSTITUTION_MATCH_NONE
4165257480	fdf55163-54d8-4bc7-862d-7e41068589e3	https://specieslink.net/guid/15/73323	Plantae	Tracheophyta	Magnoliopsida	Caryophyllales	Nyctaginaceae	Mirabilis	Mirabilis jalapa		SPECIES	Mirabilis jalapa L.	Mirabilis jalapa	L.	BR		Minas Gerais	PRESENT		92bd7d31-3255-4f1c-8552-cbb6fbe60478	-20.357511	-45.664811							2005-01-08	8	1	2005	3086240	3086240	PRESERVED_SPECIMEN	UNESP-RC	HRCB	73323	1430	Melo, P.H.A.	2018-07-13T00:00:00	CC_BY_4_0	Herbário Rioclarense	Melo, P.H.A.		introduced	2026-06-26T18:22:57.528Z		CONTINENT_DERIVED_FROM_COORDINATES;INSTITUTION_MATCH_NONE
4165257430	fdf55163-54d8-4bc7-862d-7e41068589e3	https://specieslink.net/guid/15/71598	Plantae	Tracheophyta	Magnoliopsida	Fabales	Fabaceae	Senegalia	Senegalia polyphylla		SPECIES	Senegalia polyphylla (DC.) Britton & Rose	Senegalia polyphylla	(DC.) Britton & Rose	BR		Minas Gerais	PRESENT		92bd7d31-3255-4f1c-8552-cbb6fbe60478	-20.266389	-45.660528							2006-10-14	14	10	2006	2980360	2980360	PRESERVED_SPECIMEN	UNESP-RC	HRCB	71598	1726	Melo, P.H.A.	2017-09-29T00:00:00	CC_BY_4_0	Herbário Rioclarense	Melo, P.H.A.		native	2026-06-26T18:22:58.114Z		CONTINENT_DERIVED_FROM_COORDINATES;INSTITUTION_MATCH_NONE
4165257429	fdf55163-54d8-4bc7-862d-7e41068589e3	https://specieslink.net/guid/15/71597	Plantae	Tracheophyta	Magnoliopsida	Fabales	Fabaceae	Calliandra	Calliandra foliolosa		SPECIES	Calliandra foliolosa Benth.	Calliandra foliolosa	Benth.	BR		Minas Gerais	PRESENT		92bd7d31-3255-4f1c-8552-cbb6fbe60478	-20.266389	-45.660528							2006-10-14	14	10	2006	2981801	2981801	PRESERVED_SPECIMEN	UNESP-RC	HRCB	71597	1724	Melo, P.H.A.	2017-09-29T00:00:00	CC_BY_4_0	Herbário Rioclarense	Melo, P.H.A.		native	2026-06-26T18:22:57.580Z		CONTINENT_DERIVED_FROM_COORDINATES;INSTITUTION_MATCH_NONE
4165257428	fdf55163-54d8-4bc7-862d-7e41068589e3	https://specieslink.net/guid/15/71599	Plantae	Tracheophyta	Magnoliopsida	Fabales	Fabaceae	Calliandra	Calliandra foliolosa		SPECIES	Calliandra foliolosa Benth.	Calliandra foliolosa	Benth.	BR		Minas Gerais	PRESENT		92bd7d31-3255-4f1c-8552-cbb6fbe60478	-20.266389	-45.660528							2006-10-14	14	10	2006	2981801	2981801	PRESERVED_SPECIMEN	UNESP-RC	HRCB	71599	1728	Melo, P.H.A.	2017-09-29T00:00:00	CC_BY_4_0	Herbário Rioclarense	Melo, P.H.A.		native	2026-06-26T18:22:57.791Z		CONTINENT_DERIVED_FROM_COORDINATES;INSTITUTION_MATCH_NONE
4165257427	fdf55163-54d8-4bc7-862d-7e41068589e3	https://specieslink.net/guid/15/71594	Plantae	Tracheophyta	Magnoliopsida	Fabales	Fabaceae	Senegalia	Senegalia tenuifolia		SPECIES	Senegalia tenuifolia (L.) Britton & Rose	Senegalia cf.tenuifolia	(L.) Britton & Rose	BR		Minas Gerais	PRESENT		92bd7d31-3255-4f1c-8552-cbb6fbe60478	-20.266389	-45.660528							2006-04-21	21	4	2006	2979126	2979126	PRESERVED_SPECIMEN	UNESP-RC	HRCB	71594	1519			CC_BY_4_0	Herbário Rioclarense	Melo, P.H.A.		native	2026-06-26T18:22:57.789Z		CONTINENT_DERIVED_FROM_COORDINATES;INSTITUTION_MATCH_NONE
4165257426	fdf55163-54d8-4bc7-862d-7e41068589e3	https://specieslink.net/guid/15/71593	Plantae	Tracheophyta	Magnoliopsida	Fabales	Fabaceae	Albizia	Pseudalbizzia niopoides		SPECIES	Pseudalbizzia niopoides (Spruce ex Benth.) E.J.M.Koenen & Duno	Pseudalbizzia niopoides	(Spruce ex Benth.) E.J.M. Koenen & Duno	BR		Minas Gerais	PRESENT		92bd7d31-3255-4f1c-8552-cbb6fbe60478	-20.266389	-45.660528							2006-04-21	21	4	2006	12075529	12075529	PRESERVED_SPECIMEN	UNESP-RC	HRCB	71593	1518		2023-03-17T00:00:00	CC_BY_4_0	Herbário Rioclarense	Melo, P.H.A.		native	2026-06-26T18:22:57.802Z		CONTINENT_DERIVED_FROM_COORDINATES;INSTITUTION_MATCH_NONE
4165257425	fdf55163-54d8-4bc7-862d-7e41068589e3	https://specieslink.net/guid/15/71596	Plantae	Tracheophyta	Magnoliopsida	Fabales	Fabaceae	Calliandra	Calliandra foliolosa		SPECIES	Calliandra foliolosa Benth.	Calliandra foliolosa	Benth.	BR		Minas Gerais	PRESENT		92bd7d31-3255-4f1c-8552-cbb6fbe60478	-20.266389	-45.660528							2006-11-10	10	11	2006	2981801	2981801	PRESERVED_SPECIMEN	UNESP-RC	HRCB	71596	1696	Melo, P.H.A.	2017-09-29T00:00:00	CC_BY_4_0	Herbário Rioclarense	Melo, P.H.A.		native	2026-06-26T18:22:59.420Z		CONTINENT_DERIVED_FROM_COORDINATES;INSTITUTION_MATCH_NONE
4165257424	fdf55163-54d8-4bc7-862d-7e41068589e3	https://specieslink.net/guid/15/71595	Plantae	Tracheophyta	Magnoliopsida	Fabales	Fabaceae	Centrolobium	Centrolobium tomentosum		SPECIES	Centrolobium tomentosum Guill. ex Benth.	Centrolobium tomentosum	Guillem. ex Benth.	BR		Minas Gerais	PRESENT		92bd7d31-3255-4f1c-8552-cbb6fbe60478	-20.266389	-45.660528							2006-04-21	21	4	2006	2945575	2945575	PRESERVED_SPECIMEN	UNESP-RC	HRCB	71595	1523	Queiroz, L.P.	2018-12-01T00:00:00	CC_BY_4_0	Herbário Rioclarense	Melo, P.H.A.		native	2026-06-26T18:22:57.548Z		CONTINENT_DERIVED_FROM_COORDINATES;INSTITUTION_MATCH_NONE
4165257422	fdf55163-54d8-4bc7-862d-7e41068589e3	https://specieslink.net/guid/15/71590	Plantae	Tracheophyta	Magnoliopsida	Fabales	Fabaceae	Machaerium	Machaerium scleroxylon		SPECIES	Machaerium scleroxylon Tul.	Machaerium scleroxylon	Tul.	BR		Minas Gerais	PRESENT		92bd7d31-3255-4f1c-8552-cbb6fbe60478	-20.381	-45.661917							2004-02-16	16	2	2004	5355040	5355040	PRESERVED_SPECIMEN	UNESP-RC	HRCB	71590	1088	Queiroz, L.P.	2018-12-01T00:00:00	CC_BY_4_0	Herbário Rioclarense	Melo, P.H.A.		native	2026-06-26T18:22:57.475Z		CONTINENT_DERIVED_FROM_COORDINATES;INSTITUTION_MATCH_NONE
4165257417	fdf55163-54d8-4bc7-862d-7e41068589e3	https://specieslink.net/guid/15/71591	Plantae	Tracheophyta	Magnoliopsida	Fabales	Fabaceae	Centrosema	Centrosema brasilianum		SPECIES	Centrosema brasilianum (L.) Benth.	Centrosema brasilianum	(L.) Benth.	BR		Minas Gerais	PRESENT		92bd7d31-3255-4f1c-8552-cbb6fbe60478	-20.266389	-45.660528							2005-01-07	7	1	2005	2964988	2964988	PRESERVED_SPECIMEN	UNESP-RC	HRCB	71591	1414	Queiroz, L.P.	2021-08-01T00:00:00	CC_BY_4_0	Herbário Rioclarense	Melo, P.H.A.		native	2026-06-26T18:22:57.546Z		CONTINENT_DERIVED_FROM_COORDINATES;INSTITUTION_MATCH_NONE
4165257407	fdf55163-54d8-4bc7-862d-7e41068589e3	https://specieslink.net/guid/15/71587	Plantae	Tracheophyta	Magnoliopsida	Fabales	Fabaceae	Crotalaria	Crotalaria incana		SPECIES	Crotalaria incana L.	Crotalaria cf.incana	L.	BR		Minas Gerais	PRESENT		92bd7d31-3255-4f1c-8552-cbb6fbe60478	-20.265	-45.670278			750.0				2003-09-10	10	9	2003	2942375	2942375	PRESERVED_SPECIMEN	UNESP-RC	HRCB	71587	860	Melo, P.H.A.	2005-06-01T00:00:00	CC_BY_4_0	Herbário Rioclarense	Melo, P.H.A.		native	2026-06-26T18:22:57.736Z		CONTINENT_DERIVED_FROM_COORDINATES;INSTITUTION_MATCH_NONE
4165257406	fdf55163-54d8-4bc7-862d-7e41068589e3	https://specieslink.net/guid/15/71586	Plantae	Tracheophyta	Magnoliopsida	Fabales	Fabaceae	Teramnus	Teramnus uncinatus		SPECIES	Teramnus uncinatus (L.) Sw.	Teramnus uncinatus	(L.) Sw.	BR		Minas Gerais	PRESENT		92bd7d31-3255-4f1c-8552-cbb6fbe60478	-20.265	-45.670278			750.0				2003-09-10	10	9	2003	2951909	2951909	PRESERVED_SPECIMEN	UNESP-RC	HRCB	71586	851	Queiroz, L.P.	2018-12-01T00:00:00	CC_BY_4_0	Herbário Rioclarense	Melo, P.H.A.		native	2026-06-26T18:22:57.472Z		CONTINENT_DERIVED_FROM_COORDINATES;INSTITUTION_MATCH_NONE
4165257403	fdf55163-54d8-4bc7-862d-7e41068589e3	https://specieslink.net/guid/15/71589	Plantae	Tracheophyta	Magnoliopsida	Fabales	Fabaceae	Deguelia	Deguelia costata		SPECIES	Deguelia costata (Benth.) A.M.G.Azevedo & R.A.Camargo	Deguelia costata	(Benth.) A.M.G. Azevedo & R.A. Camargo	BR		Minas Gerais	PRESENT		92bd7d31-3255-4f1c-8552-cbb6fbe60478	-20.381	-45.661917							2003-12-08	8	12	2003	4929062	4929062	PRESERVED_SPECIMEN	UNESP-RC	HRCB	71589	979	Queiroz, L.P.	2018-12-01T00:00:00	CC_BY_4_0	Herbário Rioclarense	Melo, P.H.A.		native	2026-06-26T18:22:57.561Z		CONTINENT_DERIVED_FROM_COORDINATES;INSTITUTION_MATCH_NONE
4165257402	fdf55163-54d8-4bc7-862d-7e41068589e3	https://specieslink.net/guid/15/71588	Plantae	Tracheophyta	Magnoliopsida	Fabales	Fabaceae	Zollernia	Zollernia glabra		SPECIES	Zollernia glabra (Spreng.) Yakovlev	Zollernia glabra	(Spreng.) Yakovlev	BR		Minas Gerais	PRESENT		92bd7d31-3255-4f1c-8552-cbb6fbe60478	-20.265	-45.670278			750.0				2003-09-10	10	9	2003	2943583	2943583	PRESERVED_SPECIMEN	UNESP-RC	HRCB	71588	862	Melo, P.H.A.	2005-06-01T00:00:00	CC_BY_4_0	Herbário Rioclarense	Melo, P.H.A.		native	2026-06-26T18:22:57.535Z		CONTINENT_DERIVED_FROM_COORDINATES;INSTITUTION_MATCH_NONE
4165257395	fdf55163-54d8-4bc7-862d-7e41068589e3	https://specieslink.net/guid/15/71585	Plantae	Tracheophyta	Magnoliopsida	Fabales	Fabaceae	Calopogonium	Calopogonium caeruleum		SPECIES	Calopogonium caeruleum (Benth.) C.Wright	Calopogonium caeruleum	(Benth.) C. Wright	BR		Minas Gerais	PRESENT		92bd7d31-3255-4f1c-8552-cbb6fbe60478	-20.266389	-45.660528							2003-04-22	22	4	2003	7661174	7661174	PRESERVED_SPECIMEN	UNESP-RC	HRCB	71585	612	Queiroz, L.P.	2022-10-01T00:00:00	CC_BY_4_0	Herbário Rioclarense	Melo, P.H.A.		native	2026-06-26T18:22:57.693Z		CONTINENT_DERIVED_FROM_COORDINATES;INSTITUTION_MATCH_NONE
4165257368	fdf55163-54d8-4bc7-862d-7e41068589e3	https://specieslink.net/guid/15/73751	Plantae	Tracheophyta	Magnoliopsida	Solanales	Convolvulaceae	Ipomoea	Ipomoea indivisa		SPECIES	Ipomoea indivisa (Vell.) Hallier fil.	Ipomoea indivisa	(Vell.) Hallier f.	BR		Minas Gerais	PRESENT		92bd7d31-3255-4f1c-8552-cbb6fbe60478	-20.266389	-45.660528			700.0				2003-04-22	22	4	2003	3676921	3676921	PRESERVED_SPECIMEN	UNESP-RC	HRCB	73751	606	Silva, S.S.	2018-08-22T00:00:00	CC_BY_4_0	Herbário Rioclarense	Melo, P.H.A.		native	2026-06-26T18:22:57.487Z		CONTINENT_DERIVED_FROM_COORDINATES;INSTITUTION_MATCH_NONE
4162766597	97802be9-3e72-4468-8611-0c9cd3a905a7	5692797	Plantae	Tracheophyta	Magnoliopsida	Solanales	Solanaceae	Cestrum			GENUS	Cestrum L.	Cestrum		BR	Nascente do Rio São Miguel, região do Onça.	Minas Gerais	PRESENT		838537fc-4aeb-4980-8b58-97fbdcd1d91a	-20.431111	-45.618889			2429.0				2006-11-25	25	11	2006	2928784		PRESERVED_SPECIMEN	HSTM	HSTM	HSTM00012060	2429			CC_BY_4_0	HSTM	Melo, P. H. A.;Santos, R. M.			2026-07-01T12:14:06.032Z	StillImage	COORDINATE_ROUNDED;GEODETIC_DATUM_ASSUMED_WGS84;CONTINENT_DERIVED_FROM_COORDINATES;IDENTIFIED_DATE_INVALID;INSTITUTION_MATCH_FUZZY;COLLECTION_MATCH_FUZZY
4162710497	7fde5656-64fd-4442-ae89-60becebc29a6	5737162	Plantae	Tracheophyta	Magnoliopsida	Solanales	Solanaceae	Solandra	Solandra grandiflora		SPECIES	Solandra grandiflora Sw.	Solandra grandiflora Sw.	Sw.	BR	Fazenda Fricom, Belo Vale.	Minas Gerais	PRESENT		838537fc-4aeb-4980-8b58-97fbdcd1d91a	-20.353611	-45.557222			750.0				2004-04		4	2004	5341822	5341822	PRESERVED_SPECIMEN	UNOP	UNOP	UNOP00005941	1020	Stehmann, J.R.		CC_BY_4_0	UNOP	Melo, P.H.A.;Assunção, L.N.			2026-07-01T12:05:43.579Z	StillImage	COORDINATE_ROUNDED;GEODETIC_DATUM_ASSUMED_WGS84;CONTINENT_DERIVED_FROM_COORDINATES;RECORDED_DATE_INVALID;IDENTIFIED_DATE_INVALID;INSTITUTION_MATCH_FUZZY;COLLECTION_MATCH_FUZZY
4136272301	d2470ef8-edfa-4ba7-821e-c3e1a537bdba	https://specieslink.net/guid/220/81639	Plantae	Tracheophyta	Magnoliopsida	Cucurbitales	Cucurbitaceae	Cyclanthera			GENUS	Cyclanthera Schrad.	Cyclanthera		BR	Fazenda Amargoso, MG-439, Km 16.	Minas Gerais	PRESENT		4265f332-341c-45f6-b30b-5dc2e39b86e8	-20.387222	-45.649722							2003-03-22	22	3	2003	2874528		PRESERVED_SPECIMEN	UFMG	BHCB	81639	482			CC_BY_4_0	Herbário da UFMG - Fanerógamas, Algas e Fungos	Melo, PHA de			2026-06-25T20:18:13.997Z		CONTINENT_DERIVED_FROM_COORDINATES;IDENTIFIED_DATE_INVALID;INSTITUTION_MATCH_NONE
4093110335	d2470ef8-edfa-4ba7-821e-c3e1a537bdba	https://specieslink.net/guid/220/212694	Plantae	Tracheophyta	Magnoliopsida	Dilleniales	Dilleniaceae	Doliocarpus	Doliocarpus dentatus	dentatus	SUBSPECIES	Doliocarpus dentatus subsp. dentatus	Doliocarpus dentatus dentatus	(Aubl.) Standl.	BR	Estrada de chão para Pains, próximo ao rio São Miguel	Minas Gerais	PRESENT		4265f332-341c-45f6-b30b-5dc2e39b86e8	-20.260833	-45.668611							2018-05-21	21	5	2018	7303934	7303933	PRESERVED_SPECIMEN	UFMG	BHCB	212694	4411	Araújo, M		CC_BY_4_0	Herbário da UFMG - Fanerógamas, Algas e Fungos	Bovini, MG; Baumgratz, JF; Ferreira, CD; Valente, B; Leite, G		native	2026-06-25T20:18:13.850Z		CONTINENT_DERIVED_FROM_COORDINATES;IDENTIFIED_DATE_INVALID;INSTITUTION_MATCH_NONE
4061724450	e053ff53-c156-4e2e-b9b5-4462e9625424	urn:catalog:MO:Tropicos:102499840	Plantae	Bryophyta	Bryopsida	Dicranales	Fissidentaceae	Fissidens	Fissidens brevipes		SPECIES	Fissidens brevipes Besch.	Fissidens brevipes Besch.	Besch.	BR	Município de Araujos, Along BR-262.	Minas Gerais	PRESENT		90fd6680-349f-11d8-aa2d-b8a03c50a862	-20.31666	-45.65							1976-02-08	8	2	1976	5283176	5283176	PRESERVED_SPECIMEN	SP	Tropicos	102499840	5499	R. A. Pursell	1991-01-01T00:00:00	CC_BY_4_0	Missouri Botanical Garden	Daniel M. Vital			2026-06-12T03:38:20.242Z		GEODETIC_DATUM_ASSUMED_WGS84;COLLECTION_MATCH_NONE;INSTITUTION_MATCH_FUZZY;TAXON_ID_NOT_FOUND
4032044011	7bd65a7a-f762-11e1-a439-00145eb45e9a	urn:catalog:MO:Tropicos:102499839	Plantae	Bryophyta	Bryopsida	Dicranales	Fissidentaceae	Fissidens	Fissidens brevipes		SPECIES	Fissidens brevipes Besch.	Fissidens brevipes Besch.	Besch.	BR	Município de Araujos, Along BR-262.	Minas Gerais	PRESENT		90fd6680-349f-11d8-aa2d-b8a03c50a862	-20.31666	-45.65							1976-02-08	8	2	1976	5283176	5283176	PRESERVED_SPECIMEN	MO	Tropicos	102499839	5499	R. A. Pursell	1991-01-01T00:00:00	CC_BY_4_0	Missouri Botanical Garden	Daniel M. Vital			2026-06-12T06:55:35.644Z		GEODETIC_DATUM_ASSUMED_WGS84;COLLECTION_MATCH_NONE;INSTITUTION_MATCH_FUZZY;TAXON_ID_NOT_FOUND
4030753328	4300f8d5-1ae5-49e5-a101-63894b005868	urn:catalog:JBRJ:RB:1480967	Plantae	Tracheophyta	Liliopsida	Alismatales	Araceae	Philodendron			GENUS	Philodendron Schott	Philodendron		BR	Morro do Marruá	Minas Gerais	PRESENT		838537fc-4aeb-4980-8b58-97fbdcd1d91a	-20.364722	-45.67							2005-12-31	31	12	2005	2861312		PRESERVED_SPECIMEN	JBRJ	RB	RB01480967	1409			CC_BY_4_0	Rio de Janeiro Botanical Garden	P.H.A. Melo; E.A. Melo Jr.			2026-07-01T12:14:58.917Z		COORDINATE_ROUNDED;GEODETIC_DATUM_ASSUMED_WGS84;CONTINENT_DERIVED_FROM_COORDINATES;INSTITUTION_MATCH_FUZZY;COLLECTION_MATCH_FUZZY
4030747389	4300f8d5-1ae5-49e5-a101-63894b005868	urn:catalog:JBRJ:RB:1481873	Plantae	Tracheophyta	Magnoliopsida	Cucurbitales	Begoniaceae	Begonia	Begonia fischeri		SPECIES	Begonia fischeri Schrank	Begonia fischeri Schrank	Schrank	BR	Nascentes do Rio São Miguel, Região do Timburé	Minas Gerais	PRESENT		838537fc-4aeb-4980-8b58-97fbdcd1d91a	-20.407778	-45.6625							2007-02-26	26	2	2007	7303483	7303483	PRESERVED_SPECIMEN	JBRJ	RB	RB01481873	2413			CC_BY_4_0	Rio de Janeiro Botanical Garden	P.H.A. Melo			2026-07-01T12:14:59.045Z		COORDINATE_ROUNDED;GEODETIC_DATUM_ASSUMED_WGS84;CONTINENT_DERIVED_FROM_COORDINATES;INSTITUTION_MATCH_FUZZY;COLLECTION_MATCH_FUZZY
4030746389	4300f8d5-1ae5-49e5-a101-63894b005868	urn:catalog:JBRJ:RB:1481874	Plantae	Tracheophyta	Liliopsida	Liliales	Alstroemeriaceae	Alstroemeria			GENUS	Alstroemeria L.	Alstroemeria		BR	Região do Mandengo, afloramentos marginais ao Rio São Miguel e a estrada de terra Pains-Iguatama	Minas Gerais	PRESENT		838537fc-4aeb-4980-8b58-97fbdcd1d91a	-20.3575	-45.664722							2005-01-08	8	1	2005	2753642		PRESERVED_SPECIMEN	JBRJ	RB	RB01481874	1429			CC_BY_4_0	Rio de Janeiro Botanical Garden	P.H.A. Melo; J.F. Martins			2026-07-01T12:14:59.496Z		COORDINATE_ROUNDED;GEODETIC_DATUM_ASSUMED_WGS84;CONTINENT_DERIVED_FROM_COORDINATES;INSTITUTION_MATCH_FUZZY;COLLECTION_MATCH_FUZZY
4021012309	d2470ef8-edfa-4ba7-821e-c3e1a537bdba	https://specieslink.net/guid/220/90122	Plantae	Tracheophyta	Magnoliopsida	Fabales	Fabaceae				FAMILY	Fabaceae			BR	Fazenda Amargoso, MG-439, Km 16.	Minas Gerais	PRESENT		4265f332-341c-45f6-b30b-5dc2e39b86e8	-20.381056	-45.65125							2004-05-08	8	5	2004	5386		PRESERVED_SPECIMEN	UFMG	BHCB	90122	1200			CC_BY_4_0	Herbário da UFMG - Fanerógamas, Algas e Fungos	Melo, PHA de; Mota, RC da; Santos, GP; Santos, FMG			2026-06-25T20:18:13.061Z		CONTINENT_DERIVED_FROM_COORDINATES;IDENTIFIED_DATE_INVALID;INSTITUTION_MATCH_NONE
4021012305	d2470ef8-edfa-4ba7-821e-c3e1a537bdba	https://specieslink.net/guid/220/81652	Plantae	Tracheophyta	Magnoliopsida	Malpighiales	Euphorbiaceae				FAMILY	Euphorbiaceae			BR	Fazenda Amargoso, MG-439, Km 16.	Minas Gerais	PRESENT		4265f332-341c-45f6-b30b-5dc2e39b86e8	-20.387222	-45.649722							2003-03-22	22	3	2003	4691		PRESERVED_SPECIMEN	UFMG	BHCB	81652	500			CC_BY_4_0	Herbário da UFMG - Fanerógamas, Algas e Fungos	Melo, PHA de			2026-06-25T20:18:13.163Z		CONTINENT_DERIVED_FROM_COORDINATES;IDENTIFIED_DATE_INVALID;INSTITUTION_MATCH_NONE
3971163497	fdf55163-54d8-4bc7-862d-7e41068589e3	https://specieslink.net/guid/15/71956	Plantae	Tracheophyta	Magnoliopsida	Sapindales	Anacardiaceae	Myracrodruon	Myracrodruon urundeuva		SPECIES	Myracrodruon urundeuva Allemão	Myracrodruon urundeuva	Allemão	BR		Minas Gerais	PRESENT		92bd7d31-3255-4f1c-8552-cbb6fbe60478	-20.381	-45.661917							2003-07-06	6	7	2003	3660652	3660652	PRESERVED_SPECIMEN	UNESP-RC	HRCB	71956	763			CC_BY_4_0	Herbário Rioclarense	Melo, P.H.A.			2026-06-26T18:22:59.351Z		CONTINENT_DERIVED_FROM_COORDINATES;INSTITUTION_MATCH_NONE
3971163434	fdf55163-54d8-4bc7-862d-7e41068589e3	https://specieslink.net/guid/15/69809	Plantae	Tracheophyta	Polypodiopsida	Polypodiales	Pteridaceae	Adiantum	Adiantum rhizophytum		SPECIES	Adiantum rhizophytum Schrad.	Adiantum rhizophytum	Schrad.	BR		Minas Gerais	PRESENT		92bd7d31-3255-4f1c-8552-cbb6fbe60478	-20.256389	-45.669167			700.0				2003-05-26	26	5	2003	3749222	3749222	PRESERVED_SPECIMEN	UNESP-RC	HRCB	69809	702	Prado, J.	2017-05-01T00:00:00	CC_BY_4_0	Herbário Rioclarense	Melo, P.H.A.		native	2026-06-26T18:22:57.598Z		CONTINENT_DERIVED_FROM_COORDINATES;INSTITUTION_MATCH_NONE
3971163433	fdf55163-54d8-4bc7-862d-7e41068589e3	https://specieslink.net/guid/15/69808	Plantae	Tracheophyta	Polypodiopsida	Polypodiales	Pteridaceae	Hemionitis	Hemionitis tomentosa		SPECIES	Hemionitis tomentosa (Lam.) Raddi	Hemionitis tomentosa	(Lam.) Raddi	BR		Minas Gerais	PRESENT		92bd7d31-3255-4f1c-8552-cbb6fbe60478	-20.387222	-45.649722							2003-02-01	1	2	2003	3748710	3748710	PRESERVED_SPECIMEN	UNESP-RC	HRCB	69808	450	Prado, J.	2017-05-01T00:00:00	CC_BY_4_0	Herbário Rioclarense	Melo, P.H.A.		native	2026-06-26T18:22:57.951Z		CONTINENT_DERIVED_FROM_COORDINATES;INSTITUTION_MATCH_NONE
3971163423	fdf55163-54d8-4bc7-862d-7e41068589e3	https://specieslink.net/guid/15/69810	Plantae	Tracheophyta	Polypodiopsida	Polypodiales	Polypodiaceae	Pleopeltis	Pleopeltis pleopeltifolia		SPECIES	Pleopeltis pleopeltifolia (Raddi) Alston	Pleopeltis pleopeltifolia	(Raddi) Alston	BR		Minas Gerais	PRESENT		92bd7d31-3255-4f1c-8552-cbb6fbe60478	-20.387222	-45.649722			750.0				2003-10-28	28	10	2003	4028806	4028806	PRESERVED_SPECIMEN	UNESP-RC	HRCB	69810	926	Prado, J.	2017-05-01T00:00:00	CC_BY_4_0	Herbário Rioclarense	Melo, P.H.A.		native	2026-06-26T18:22:57.554Z		CONTINENT_DERIVED_FROM_COORDINATES;INSTITUTION_MATCH_NONE
3971163422	fdf55163-54d8-4bc7-862d-7e41068589e3	https://specieslink.net/guid/15/72401	Plantae	Tracheophyta	Magnoliopsida	Caryophyllales	Amaranthaceae	Pfaffia			GENUS	Pfaffia Mart.	Pfaffia		BR		Minas Gerais	PRESENT		92bd7d31-3255-4f1c-8552-cbb6fbe60478	-20.381056	-45.65125							2003-07-05	5	7	2003	3084895		PRESERVED_SPECIMEN	UNESP-RC	HRCB	72401	1204			CC_BY_4_0	Herbário Rioclarense	Melo, P.H.A.			2026-06-26T18:22:57.553Z		CONTINENT_DERIVED_FROM_COORDINATES;INSTITUTION_MATCH_NONE
3971163420	fdf55163-54d8-4bc7-862d-7e41068589e3	https://specieslink.net/guid/15/72400	Plantae	Tracheophyta	Magnoliopsida	Caryophyllales	Amaranthaceae	Pfaffia			GENUS	Pfaffia Mart.	Pfaffia		BR		Minas Gerais	PRESENT		92bd7d31-3255-4f1c-8552-cbb6fbe60478	-20.260417	-45.664028							2003-08-10	10	8	2003	3084895		PRESERVED_SPECIMEN	UNESP-RC	HRCB	72400	753			CC_BY_4_0	Herbário Rioclarense	Melo, P.H.A.			2026-06-26T18:22:57.383Z		CONTINENT_DERIVED_FROM_COORDINATES;INSTITUTION_MATCH_NONE
3971163417	fdf55163-54d8-4bc7-862d-7e41068589e3	https://specieslink.net/guid/15/72402	Plantae	Tracheophyta	Magnoliopsida	Caryophyllales	Amaranthaceae	Chamissoa	Chamissoa altissima		SPECIES	Chamissoa altissima (Jacq.) Kunth	Chamissoa altissima	(Jacq.) Kunth	BR		Minas Gerais	PRESENT		92bd7d31-3255-4f1c-8552-cbb6fbe60478	-20.381056	-45.65125							2004-06-26	26	6	2004	3085178	3085178	PRESERVED_SPECIMEN	UNESP-RC	HRCB	72402	1214	Melo, P.H.A.	2004-10-01T00:00:00	CC_BY_4_0	Herbário Rioclarense	Melo, P.H.A.		native	2026-06-26T18:22:57.297Z		CONTINENT_DERIVED_FROM_COORDINATES;INSTITUTION_MATCH_NONE
3971163411	fdf55163-54d8-4bc7-862d-7e41068589e3	https://specieslink.net/guid/15/69818	Plantae	Tracheophyta	Polypodiopsida	Polypodiales	Polypodiaceae	Pleopeltis	Pleopeltis pleopeltifolia		SPECIES	Pleopeltis pleopeltifolia (Raddi) Alston	Pleopeltis pleopeltifolia	(Raddi) Alston	BR		Minas Gerais	PRESENT		92bd7d31-3255-4f1c-8552-cbb6fbe60478	-20.382861	-45.6495			700.0				2004-02-16	16	2	2004	4028806	4028806	PRESERVED_SPECIMEN	UNESP-RC	HRCB	69818	1103	Prado, J.	2017-05-01T00:00:00	CC_BY_4_0	Herbário Rioclarense	Melo, P.H.A.		native	2026-06-26T18:22:57.527Z		CONTINENT_DERIVED_FROM_COORDINATES;INSTITUTION_MATCH_NONE
3971163406	fdf55163-54d8-4bc7-862d-7e41068589e3	https://specieslink.net/guid/15/69814	Plantae	Tracheophyta	Polypodiopsida	Polypodiales	Pteridaceae	Adiantum	Adiantum deflectens		SPECIES	Adiantum deflectens Mart.	Adiantum deflectens	Mart.	BR		Minas Gerais	PRESENT		92bd7d31-3255-4f1c-8552-cbb6fbe60478	-20.260417	-45.664028			650.0				2003-11-23	23	11	2003	7335373	7335373	PRESERVED_SPECIMEN	UNESP-RC	HRCB	69814	969	Prado, J.	2017-05-01T00:00:00	CC_BY_4_0	Herbário Rioclarense	Melo, P.H.A.		native	2026-06-26T18:22:57.295Z		CONTINENT_DERIVED_FROM_COORDINATES;INSTITUTION_MATCH_NONE
3971163405	fdf55163-54d8-4bc7-862d-7e41068589e3	https://specieslink.net/guid/15/69813	Plantae	Tracheophyta	Polypodiopsida	Polypodiales	Pteridaceae	Hemionitis	Hemionitis tomentosa		SPECIES	Hemionitis tomentosa (Lam.) Raddi	Hemionitis tomentosa	(Lam.) Raddi	BR		Minas Gerais	PRESENT		92bd7d31-3255-4f1c-8552-cbb6fbe60478	-20.26725	-45.506306			650.0				2003-11-23	23	11	2003	3748710	3748710	PRESERVED_SPECIMEN	UNESP-RC	HRCB	69813	967	Prado, J.	2017-05-01T00:00:00	CC_BY_4_0	Herbário Rioclarense	Melo, P.H.A.		native	2026-06-26T18:22:57.519Z		CONTINENT_DERIVED_FROM_COORDINATES;INSTITUTION_MATCH_NONE
3971163404	fdf55163-54d8-4bc7-862d-7e41068589e3	https://specieslink.net/guid/15/69812	Plantae	Tracheophyta	Polypodiopsida	Polypodiales	Pteridaceae	Adiantum	Adiantum calcareum		SPECIES	Adiantum calcareum Gardner	Adiantum calcareum	Gardner	BR		Minas Gerais	PRESENT		92bd7d31-3255-4f1c-8552-cbb6fbe60478	-20.260417	-45.664028			650.0				2003-11-23	23	11	2003	3748816	7488850	PRESERVED_SPECIMEN	UNESP-RC	HRCB	69812	965	Prado, J.	2017-05-01T00:00:00	CC_BY_4_0	Herbário Rioclarense	Melo, P.H.A.		native	2026-06-26T18:22:57.350Z		CONTINENT_DERIVED_FROM_COORDINATES;INSTITUTION_MATCH_NONE
3971163403	fdf55163-54d8-4bc7-862d-7e41068589e3	https://specieslink.net/guid/15/69811	Plantae	Tracheophyta	Polypodiopsida	Polypodiales	Pteridaceae	Adiantum	Adiantum calcareum		SPECIES	Adiantum calcareum Gardner	Adiantum calcareum	Gardner	BR		Minas Gerais	PRESENT		92bd7d31-3255-4f1c-8552-cbb6fbe60478	-20.260417	-45.664028			650.0				2003-11-23	23	11	2003	3748816	7488850	PRESERVED_SPECIMEN	UNESP-RC	HRCB	69811	963	Prado, J.	2017-05-01T00:00:00	CC_BY_4_0	Herbário Rioclarense	Melo, P.H.A.		native	2026-06-26T18:22:59.281Z		CONTINENT_DERIVED_FROM_COORDINATES;INSTITUTION_MATCH_NONE
3971163392	fdf55163-54d8-4bc7-862d-7e41068589e3	https://specieslink.net/guid/15/69820	Plantae	Tracheophyta	Polypodiopsida	Polypodiales	Polypodiaceae	Pleopeltis	Pleopeltis angusta		SPECIES	Pleopeltis angusta Humb. & Bonpl. ex Willd.	Pleopeltis angusta	Humb. & Bonpl. ex Willd.	BR		Minas Gerais	PRESENT		92bd7d31-3255-4f1c-8552-cbb6fbe60478	-20.392306	-45.64525			700.0				2004-04-08	8	4	2004	7743417	7743417	PRESERVED_SPECIMEN	UNESP-RC	HRCB	69820	1140	Prado, J.	2017-05-01T00:00:00	CC_BY_4_0	Herbário Rioclarense	Melo, P.H.A.			2026-06-26T18:22:59.277Z		CONTINENT_DERIVED_FROM_COORDINATES;INSTITUTION_MATCH_NONE
3971163371	fdf55163-54d8-4bc7-862d-7e41068589e3	https://specieslink.net/guid/15/70448	Plantae	Tracheophyta	Magnoliopsida	Lamiales	Acanthaceae	Ruellia	Ruellia brevifolia		SPECIES	Ruellia brevifolia (Pohl) C.Ezcurra	Ruellia brevifolia	(Pohl) C. Ezcurra	BR		Minas Gerais	PRESENT		92bd7d31-3255-4f1c-8552-cbb6fbe60478	-20.381	-45.661917			750.0				2003-09-09	9	9	2003	5415377	5415377	PRESERVED_SPECIMEN	UNESP-RC	HRCB	70448	843	Azevedo, I.H.F.	2017-03-30T00:00:00	CC_BY_4_0	Herbário Rioclarense	Melo, P.H.A.		native	2026-06-26T18:22:57.372Z		CONTINENT_DERIVED_FROM_COORDINATES;INSTITUTION_MATCH_NONE
3971163370	fdf55163-54d8-4bc7-862d-7e41068589e3	https://specieslink.net/guid/15/70446	Plantae	Tracheophyta	Magnoliopsida	Lamiales	Acanthaceae	Aphelandra	Aphelandra longiflora		SPECIES	Aphelandra longiflora (Lindl.) Profice	Aphelandra longiflora	(Lindl.) Profice	BR		Minas Gerais	PRESENT		92bd7d31-3255-4f1c-8552-cbb6fbe60478	-20.256389	-45.669167			700.0				2003-05-26	26	5	2003	3778472	3778472	PRESERVED_SPECIMEN	UNESP-RC	HRCB	70446	661	Azevedo, I.H.F.	2017-03-30T00:00:00	CC_BY_4_0	Herbário Rioclarense	Melo, P.H.A.		native	2026-06-26T18:22:59.275Z		CONTINENT_DERIVED_FROM_COORDINATES;INSTITUTION_MATCH_NONE
3971163369	fdf55163-54d8-4bc7-862d-7e41068589e3	https://specieslink.net/guid/15/70447	Plantae	Tracheophyta	Magnoliopsida	Lamiales	Acanthaceae	Ruellia	Ruellia erythropus		SPECIES	Ruellia erythropus (Nees) Lindau	Ruellia erythropus	(Nees) Lindau	BR		Minas Gerais	PRESENT		92bd7d31-3255-4f1c-8552-cbb6fbe60478	-20.255556	-45.67			750.0				2003-08-10	10	8	2003	5574679	5574679	PRESERVED_SPECIMEN	UNESP-RC	HRCB	70447	802	Azevedo, I.H.F.	2017-03-30T00:00:00	CC_BY_4_0	Herbário Rioclarense	Melo, P.H.A.		native	2026-06-26T18:22:59.274Z		CONTINENT_DERIVED_FROM_COORDINATES;INSTITUTION_MATCH_NONE
3971163368	fdf55163-54d8-4bc7-862d-7e41068589e3	https://specieslink.net/guid/15/70444	Plantae	Tracheophyta	Magnoliopsida	Lamiales	Acanthaceae	Justicia			GENUS	Justicia L.	Justicia		BR		Minas Gerais	PRESENT		92bd7d31-3255-4f1c-8552-cbb6fbe60478	-20.381	-45.661917			750.0				2003-05-25	25	5	2003	2904597		PRESERVED_SPECIMEN	UNESP-RC	HRCB	70444	640			CC_BY_4_0	Herbário Rioclarense	Melo, P.H.A.			2026-06-26T18:22:57.511Z		CONTINENT_DERIVED_FROM_COORDINATES;INSTITUTION_MATCH_NONE;TAXON_MATCH_HIGHERRANK
3971163366	fdf55163-54d8-4bc7-862d-7e41068589e3	https://specieslink.net/guid/15/70445	Plantae	Tracheophyta	Magnoliopsida	Lamiales	Acanthaceae	Ruellia	Ruellia brevifolia		SPECIES	Ruellia brevifolia (Pohl) C.Ezcurra	Ruellia brevifolia	(Pohl) C. Ezcurra	BR		Minas Gerais	PRESENT		92bd7d31-3255-4f1c-8552-cbb6fbe60478	-20.256389	-45.669167			700.0				2003-05-26	26	5	2003	5415377	5415377	PRESERVED_SPECIMEN	UNESP-RC	HRCB	70445	652	Azevedo, I.H.F.	2017-03-30T00:00:00	CC_BY_4_0	Herbário Rioclarense	Melo, P.H.A.		native	2026-06-26T18:22:59.270Z		CONTINENT_DERIVED_FROM_COORDINATES;INSTITUTION_MATCH_NONE
3971163365	fdf55163-54d8-4bc7-862d-7e41068589e3	https://specieslink.net/guid/15/70442	Plantae	Tracheophyta	Magnoliopsida	Lamiales	Acanthaceae	Ruellia	Ruellia brevifolia		SPECIES	Ruellia brevifolia (Pohl) C.Ezcurra	Ruellia brevifolia	(Pohl) C. Ezcurra	BR		Minas Gerais	PRESENT		92bd7d31-3255-4f1c-8552-cbb6fbe60478	-20.381	-45.661917							2003-03-22	22	3	2003	5415377	5415377	PRESERVED_SPECIMEN	UNESP-RC	HRCB	70442	504	Melo, P.H.A.	2017-12-01T00:00:00	CC_BY_4_0	Herbário Rioclarense	Melo, P.H.A.		native	2026-06-26T18:22:59.268Z		CONTINENT_DERIVED_FROM_COORDINATES;INSTITUTION_MATCH_NONE
3971163364	fdf55163-54d8-4bc7-862d-7e41068589e3	https://specieslink.net/guid/15/70443	Plantae	Tracheophyta	Magnoliopsida	Lamiales	Acanthaceae	Ruellia	Ruellia brevifolia		SPECIES	Ruellia brevifolia (Pohl) C.Ezcurra	Ruellia brevifolia	(Pohl) C. Ezcurra	BR		Minas Gerais	PRESENT		92bd7d31-3255-4f1c-8552-cbb6fbe60478	-20.2695	-45.670333			700.0				2003-04-08	8	4	2003	5415377	5415377	PRESERVED_SPECIMEN	UNESP-RC	HRCB	70443	541	Azevedo, I.H.F.	2017-03-30T00:00:00	CC_BY_4_0	Herbário Rioclarense	Melo, P.H.A.		native	2026-06-26T18:22:57.536Z		CONTINENT_DERIVED_FROM_COORDINATES;INSTITUTION_MATCH_NONE
3971163346	fdf55163-54d8-4bc7-862d-7e41068589e3	https://specieslink.net/guid/15/71994	Plantae	Tracheophyta	Magnoliopsida	Gentianales	Apocynaceae	Oxypetalum	Oxypetalum erianthum		SPECIES	Oxypetalum erianthum Decne.	Oxypetalum erianthum	Decne.	BR		Minas Gerais	PRESENT		92bd7d31-3255-4f1c-8552-cbb6fbe60478	-20.381	-45.651222							2004-04-08	8	4	2004	7311813	7311813	PRESERVED_SPECIMEN	UNESP-RC	HRCB	71994	1145	Melo, P.H.A. & Lombardi, J.A.	2004-10-22T00:00:00	CC_BY_4_0	Herbário Rioclarense	Melo, P.H.A.		native	2026-06-26T18:22:57.288Z		CONTINENT_DERIVED_FROM_COORDINATES;INSTITUTION_MATCH_NONE
3971163345	fdf55163-54d8-4bc7-862d-7e41068589e3	https://specieslink.net/guid/15/69853	Plantae	Tracheophyta	Polypodiopsida	Polypodiales	Polypodiaceae	Pecluma	Pecluma truncorum		SPECIES	Pecluma truncorum (Lindm.) M.G.Price	Pecluma truncorum	(Lindm.) M.G. Price	BR		Minas Gerais	PRESENT		92bd7d31-3255-4f1c-8552-cbb6fbe60478	-20.431378	-45.619119							2006-11-25	25	11	2006	4027845	4027845	PRESERVED_SPECIMEN	UNESP-RC	HRCB	69853	2415	Prado, J.	2017-05-01T00:00:00	CC_BY_4_0	Herbário Rioclarense	Melo, P.H.A.		native	2026-06-26T18:22:57.351Z		CONTINENT_DERIVED_FROM_COORDINATES;INSTITUTION_MATCH_NONE
3971163344	fdf55163-54d8-4bc7-862d-7e41068589e3	https://specieslink.net/guid/15/71993	Plantae	Tracheophyta	Magnoliopsida	Gentianales	Apocynaceae	Oxypetalum	Oxypetalum banksii		SPECIES	Oxypetalum banksii Schult.	Oxypetalum banksii	Schult.	BR		Minas Gerais	PRESENT		92bd7d31-3255-4f1c-8552-cbb6fbe60478	-20.353639	-45.535722							2003-12-28	28	12	2003	7311883	7311883	PRESERVED_SPECIMEN	UNESP-RC	HRCB	71993	1015	Melo, P.H.A & Lombardi, J.A.	2004-10-22T00:00:00	CC_BY_4_0	Herbário Rioclarense	Melo, P.H.A.			2026-06-26T18:22:57.325Z		CONTINENT_DERIVED_FROM_COORDINATES;INSTITUTION_MATCH_NONE
3971163343	fdf55163-54d8-4bc7-862d-7e41068589e3	https://specieslink.net/guid/15/71996	Plantae	Tracheophyta	Magnoliopsida	Gentianales	Apocynaceae	Prestonia	Prestonia coalita		SPECIES	Prestonia coalita (Vell.) Woodson	Prestonia cf.coalita	(Vell.) Woodson	BR		Minas Gerais	PRESENT		92bd7d31-3255-4f1c-8552-cbb6fbe60478	-20.255917	-45.662583			650.0				2004-02-15	15	2	2004	5536637	5536637	PRESERVED_SPECIMEN	UNESP-RC	HRCB	71996	1077	Melo, P.H.A.	2005-06-01T00:00:00	CC_BY_4_0	Herbário Rioclarense	Melo, P.H.A.		native	2026-06-26T18:22:57.529Z		CONTINENT_DERIVED_FROM_COORDINATES;INSTITUTION_MATCH_NONE
3971163341	fdf55163-54d8-4bc7-862d-7e41068589e3	https://specieslink.net/guid/15/71995	Plantae	Tracheophyta	Magnoliopsida	Gentianales	Apocynaceae	Prestonia	Prestonia coalita		SPECIES	Prestonia coalita (Vell.) Woodson	Prestonia cf.coalita	(Vell.) Woodson	BR		Minas Gerais	PRESENT		92bd7d31-3255-4f1c-8552-cbb6fbe60478	-20.257361	-45.663722			650.0				2004-01-02	2	1	2004	5536637	5536637	PRESERVED_SPECIMEN	UNESP-RC	HRCB	71995	1044	Melo, P.H.A.	2005-06-01T00:00:00	CC_BY_4_0	Herbário Rioclarense	Melo, P.H.A.		native	2026-06-26T18:22:57.345Z		CONTINENT_DERIVED_FROM_COORDINATES;INSTITUTION_MATCH_NONE
3971163338	fdf55163-54d8-4bc7-862d-7e41068589e3	https://specieslink.net/guid/15/71992	Plantae	Tracheophyta	Magnoliopsida	Gentianales	Apocynaceae	Rhodocalyx	Rhodocalyx riedelii		SPECIES	Prestonia riedelii (Müll.Arg.) Markgr.	Prestonia cf.riedelii	(Müll. Arg.) Markgr.	BR		Minas Gerais	PRESENT		92bd7d31-3255-4f1c-8552-cbb6fbe60478	-20.381	-45.661917			650.0				2003-12-08	8	12	2003	5536283	9637545	PRESERVED_SPECIMEN	UNESP-RC	HRCB	71992	981	Melo, P.H.A.	2005-06-01T00:00:00	CC_BY_4_0	Herbário Rioclarense	Melo, P.H.A.			2026-06-26T18:22:57.322Z		CONTINENT_DERIVED_FROM_COORDINATES;INSTITUTION_MATCH_NONE
3971163332	fdf55163-54d8-4bc7-862d-7e41068589e3	https://specieslink.net/guid/15/69855	Plantae	Tracheophyta	Polypodiopsida	Polypodiales	Aspleniaceae	Asplenium	Asplenium balansae		SPECIES	Asplenium balansae (Baker) Sylvestre	Asplenium balansae	(Baker) Sylvestre	BR		Minas Gerais	PRESENT		92bd7d31-3255-4f1c-8552-cbb6fbe60478	-20.431378	-45.619119							2006-11-25	25	11	2006	8317521	8317521	PRESERVED_SPECIMEN	UNESP-RC	HRCB	69855	2423	Prado, J.	2017-05-01T00:00:00	CC_BY_4_0	Herbário Rioclarense	Melo, P.H.A.		native	2026-06-26T18:22:57.280Z		CONTINENT_DERIVED_FROM_COORDINATES;INSTITUTION_MATCH_NONE
3971163324	fdf55163-54d8-4bc7-862d-7e41068589e3	https://specieslink.net/guid/15/69860	Plantae	Tracheophyta	Polypodiopsida	Polypodiales	Polypodiaceae	Pleopeltis	Pleopeltis minima		SPECIES	Pleopeltis minima (Bory) J.Prado & R.Y.Hirai	Pleopeltis minima	(Bory) J. Prado & R.Y. Hirai	BR		Minas Gerais	PRESENT		92bd7d31-3255-4f1c-8552-cbb6fbe60478	-20.335608	-45.587581							2006-11		11	2006	8163528	8163528	PRESERVED_SPECIMEN	UNESP-RC	HRCB	69860	2477	Prado, J.	2017-05-01T00:00:00	CC_BY_4_0	Herbário Rioclarense	Melo, P.H.A.		native	2026-06-26T18:22:57.399Z		CONTINENT_DERIVED_FROM_COORDINATES;INSTITUTION_MATCH_NONE
3971161251	fdf55163-54d8-4bc7-862d-7e41068589e3	https://specieslink.net/guid/15/73424	Plantae	Tracheophyta	Magnoliopsida	Celastrales	Celastraceae	Monteverdia	Monteverdia gonoclada		SPECIES	Maytenus gonoclada Mart.	Maytenus gonoclada	Mart.	BR		Minas Gerais	PRESENT		92bd7d31-3255-4f1c-8552-cbb6fbe60478	-20.256389	-45.669167							2002-10-04	4	10	2002	7585631	9740066	PRESERVED_SPECIMEN	UNESP-RC	HRCB	73424	56	Biral, L.	2018-03-02T00:00:00	CC_BY_4_0	Herbário Rioclarense	Melo, P.H.A.			2026-06-26T18:22:59.202Z		CONTINENT_DERIVED_FROM_COORDINATES;INSTITUTION_MATCH_NONE
3971161105	fdf55163-54d8-4bc7-862d-7e41068589e3	https://specieslink.net/guid/15/72399	Plantae	Tracheophyta	Magnoliopsida	Caryophyllales	Amaranthaceae	Alternanthera			GENUS	Alternanthera Forssk.	Alternanthera		BR		Minas Gerais	PRESENT		92bd7d31-3255-4f1c-8552-cbb6fbe60478	-20.260417	-45.664028							2002-10-04	4	10	2002	3084921		PRESERVED_SPECIMEN	UNESP-RC	HRCB	72399	744			CC_BY_4_0	Herbário Rioclarense	Melo, P.H.A.			2026-06-26T18:22:57.081Z		CONTINENT_DERIVED_FROM_COORDINATES;INSTITUTION_MATCH_NONE;TAXON_MATCH_HIGHERRANK
3971160898	fdf55163-54d8-4bc7-862d-7e41068589e3	https://specieslink.net/guid/15/72099	Plantae	Tracheophyta	Magnoliopsida	Lamiales	Lamiaceae	Aegiphila	Aegiphila integrifolia		SPECIES	Aegiphila integrifolia (Jacq.) B.D.Jacks.	Aegiphila integrifolia	(Jacq.) B.D. Jacks.	BR		Minas Gerais	PRESENT		92bd7d31-3255-4f1c-8552-cbb6fbe60478	-20.266389	-45.660528							2006-04-21	21	4	2006	2925468	2925468	PRESERVED_SPECIMEN	UNESP-RC	HRCB	72099	1516	França, F.	2019-03-01T00:00:00	CC_BY_4_0	Herbário Rioclarense	Melo, P.H.A.			2026-06-26T18:22:57.195Z		CONTINENT_DERIVED_FROM_COORDINATES;INSTITUTION_MATCH_NONE
3971160724	fdf55163-54d8-4bc7-862d-7e41068589e3	https://specieslink.net/guid/15/72467	Plantae	Tracheophyta	Liliopsida	Alismatales	Araceae	Philodendron			GENUS	Philodendron Schott	Philodendron		BR		Minas Gerais	PRESENT		92bd7d31-3255-4f1c-8552-cbb6fbe60478	-20.364639	-45.669861			676.0				2005-12-29	29	12	2005	2861312		PRESERVED_SPECIMEN	UNESP-RC	HRCB	72467	1407			CC_BY_4_0	Herbário Rioclarense	Melo, P.H.A.			2026-06-26T18:22:56.890Z		CONTINENT_DERIVED_FROM_COORDINATES;INSTITUTION_MATCH_NONE;TAXON_MATCH_HIGHERRANK
3971160722	fdf55163-54d8-4bc7-862d-7e41068589e3	https://specieslink.net/guid/15/72466	Plantae	Tracheophyta	Liliopsida	Alismatales	Araceae	Anthurium	Anthurium minarum		SPECIES	Anthurium minarum Sakur. & Mayo	Anthurium minarum	Sakur. & Mayo	BR		Minas Gerais	PRESENT		92bd7d31-3255-4f1c-8552-cbb6fbe60478	-20.362411	-45.772389							2002-12-30	30	12	2002	2872732	2872732	PRESERVED_SPECIMEN	UNESP-RC	HRCB	72466	11	Temponi, L.G.	2017-05-25T00:00:00	CC_BY_4_0	Herbário Rioclarense	Melo, P.H.A.		native	2026-06-26T18:22:57.020Z		CONTINENT_DERIVED_FROM_COORDINATES;INSTITUTION_MATCH_NONE
3971160718	fdf55163-54d8-4bc7-862d-7e41068589e3	https://specieslink.net/guid/15/72468	Plantae	Tracheophyta	Liliopsida	Alismatales	Araceae	Philodendron			GENUS	Philodendron Schott	Philodendron		BR		Minas Gerais	PRESENT		92bd7d31-3255-4f1c-8552-cbb6fbe60478	-20.364639	-45.669861			676.0				2005-12-31	31	12	2005	2861312		PRESERVED_SPECIMEN	UNESP-RC	HRCB	72468	1409			CC_BY_4_0	Herbário Rioclarense	Melo, P.H.A.			2026-06-26T18:22:57.079Z		CONTINENT_DERIVED_FROM_COORDINATES;INSTITUTION_MATCH_NONE;TAXON_MATCH_HIGHERRANK
3971160684	fdf55163-54d8-4bc7-862d-7e41068589e3	https://specieslink.net/guid/15/72453	Plantae	Tracheophyta	Magnoliopsida	Magnoliales	Annonaceae	Porcelia	Porcelia macrocarpa		SPECIES	Porcelia macrocarpa (Warm.) R.E.Fr.	Porcelia macrocarpa	(Warm.) R.E. Fr.	BR		Minas Gerais	PRESENT		92bd7d31-3255-4f1c-8552-cbb6fbe60478	-20.431378	-45.619119							2006-11-25	25	11	2006	3156220	3156220	PRESERVED_SPECIMEN	UNESP-RC	HRCB	72453	2437	Melo, P.H.A.	2007-01-01T00:00:00	CC_BY_4_0	Herbário Rioclarense	Melo, P.H.A.		native	2026-06-26T18:22:56.966Z		CONTINENT_DERIVED_FROM_COORDINATES;INSTITUTION_MATCH_NONE
3971160679	fdf55163-54d8-4bc7-862d-7e41068589e3	https://specieslink.net/guid/15/72448	Plantae	Tracheophyta	Liliopsida	Asparagales	Amaryllidaceae	Hippeastrum	Hippeastrum reticulatum		SPECIES	Hippeastrum reticulatum (L'Hér.) Herb.	Hippeastrum reticulatum	Herb.	BR		Minas Gerais	PRESENT		92bd7d31-3255-4f1c-8552-cbb6fbe60478	-20.381	-45.661917			700.0				2004-03-03	3	3	2004	2854320	2854320	PRESERVED_SPECIMEN	UNESP-RC	HRCB	72448	1124	Melo, P.H.A.	2018-05-08T00:00:00	CC_BY_4_0	Herbário Rioclarense	Melo, P.H.A.		native	2026-06-26T18:22:57.008Z		CONTINENT_DERIVED_FROM_COORDINATES;INSTITUTION_MATCH_NONE
3971160672	fdf55163-54d8-4bc7-862d-7e41068589e3	https://specieslink.net/guid/15/72447	Plantae	Tracheophyta	Liliopsida	Asparagales	Amaryllidaceae	Hippeastrum	Hippeastrum reticulatum		SPECIES	Hippeastrum reticulatum (L'Hér.) Herb.	Hippeastrum reticulatum	Herb.	BR		Minas Gerais	PRESENT		92bd7d31-3255-4f1c-8552-cbb6fbe60478	-20.381	-45.661917							2003-03-06	6	3	2003	2854320	2854320	PRESERVED_SPECIMEN	UNESP-RC	HRCB	72447	445	Melo, P.H.A.	2018-05-08T00:00:00	CC_BY_4_0	Herbário Rioclarense	Melo, P.H.A.		native	2026-06-26T18:22:56.980Z		CONTINENT_DERIVED_FROM_COORDINATES;INSTITUTION_MATCH_NONE
3971160668	fdf55163-54d8-4bc7-862d-7e41068589e3	https://specieslink.net/guid/15/72441	Plantae	Tracheophyta	Liliopsida	Liliales	Alstroemeriaceae	Alstroemeria			GENUS	Alstroemeria L.	Alstroemeria		BR		Minas Gerais	PRESENT		92bd7d31-3255-4f1c-8552-cbb6fbe60478	-20.357511	-45.664811							2005-01-08	8	1	2005	2753642		PRESERVED_SPECIMEN	UNESP-RC	HRCB	72441	1429			CC_BY_4_0	Herbário Rioclarense	Melo, P.H.A.			2026-06-26T18:22:56.919Z		CONTINENT_DERIVED_FROM_COORDINATES;INSTITUTION_MATCH_NONE;TAXON_MATCH_HIGHERRANK
3971160667	fdf55163-54d8-4bc7-862d-7e41068589e3	https://specieslink.net/guid/15/72440	Plantae	Tracheophyta	Liliopsida	Liliales	Alstroemeriaceae	Alstroemeria			GENUS	Alstroemeria L.	Alstroemeria		BR		Minas Gerais	PRESENT		92bd7d31-3255-4f1c-8552-cbb6fbe60478	-20.364639	-45.669861			676.0				2005-12-29	29	12	2005	2753642		PRESERVED_SPECIMEN	UNESP-RC	HRCB	72440	1400			CC_BY_4_0	Herbário Rioclarense	Melo, P.H.A.			2026-06-26T18:22:57.069Z		CONTINENT_DERIVED_FROM_COORDINATES;INSTITUTION_MATCH_NONE;TAXON_MATCH_HIGHERRANK
3971160660	fdf55163-54d8-4bc7-862d-7e41068589e3	https://specieslink.net/guid/15/72438	Plantae	Tracheophyta	Liliopsida	Liliales	Alstroemeriaceae	Alstroemeria			GENUS	Alstroemeria L.	Alstroemeria		BR		Minas Gerais	PRESENT		92bd7d31-3255-4f1c-8552-cbb6fbe60478	-20.260417	-45.664028							2003-04-22	22	4	2003	2753642		PRESERVED_SPECIMEN	UNESP-RC	HRCB	72438	754			CC_BY_4_0	Herbário Rioclarense	Melo, P.H.A.			2026-06-26T18:22:56.914Z		CONTINENT_DERIVED_FROM_COORDINATES;INSTITUTION_MATCH_NONE;TAXON_MATCH_HIGHERRANK
3971160659	fdf55163-54d8-4bc7-862d-7e41068589e3	https://specieslink.net/guid/15/72437	Plantae	Tracheophyta	Liliopsida	Liliales	Alstroemeriaceae	Alstroemeria			GENUS	Alstroemeria L.	Alstroemeria		BR		Minas Gerais	PRESENT		92bd7d31-3255-4f1c-8552-cbb6fbe60478	-20.260417	-45.664028							2002-08-09	9	8	2002	2753642		PRESERVED_SPECIMEN	UNESP-RC	HRCB	72437	605			CC_BY_4_0	Herbário Rioclarense	Melo, P.H.A.			2026-06-26T18:22:56.912Z		CONTINENT_DERIVED_FROM_COORDINATES;INSTITUTION_MATCH_NONE;TAXON_MATCH_HIGHERRANK
3971160658	fdf55163-54d8-4bc7-862d-7e41068589e3	https://specieslink.net/guid/15/70017	Plantae	Tracheophyta	Magnoliopsida	Asterales	Asteraceae	Gardnerina	Gardnerina angustata		SPECIES	Gardnerina angustata (Gardner) R.M.King & H.Rob.	Gardnerina angustata	(Gardner) R.M. King & H. Rob.	BR		Minas Gerais	PRESENT		92bd7d31-3255-4f1c-8552-cbb6fbe60478	-20.295917	-45.604806			680.0				2005-06-26	26	6	2005	3139400	3139400	PRESERVED_SPECIMEN	UNESP-RC	HRCB	70017	1392		2011-05-01T00:00:00	CC_BY_4_0	Herbário Rioclarense	Melo, P.H.A.		native	2026-06-26T18:22:57.325Z		CONTINENT_DERIVED_FROM_COORDINATES;INSTITUTION_MATCH_NONE
3971160657	fdf55163-54d8-4bc7-862d-7e41068589e3	https://specieslink.net/guid/15/72439	Plantae	Tracheophyta	Liliopsida	Liliales	Alstroemeriaceae	Alstroemeria			GENUS	Alstroemeria L.	Alstroemeria		BR		Minas Gerais	PRESENT		92bd7d31-3255-4f1c-8552-cbb6fbe60478	-20.381056	-45.65125							2004-06-26	26	6	2004	2753642		PRESERVED_SPECIMEN	UNESP-RC	HRCB	72439	1209			CC_BY_4_0	Herbário Rioclarense	Melo, P.H.A.			2026-06-26T18:22:56.911Z		CONTINENT_DERIVED_FROM_COORDINATES;INSTITUTION_MATCH_NONE;TAXON_MATCH_HIGHERRANK
3971160656	fdf55163-54d8-4bc7-862d-7e41068589e3	https://specieslink.net/guid/15/70018	Plantae	Tracheophyta	Magnoliopsida	Asterales	Asteraceae	Gardnerina	Gardnerina angustata		SPECIES	Gardnerina angustata (Gardner) R.M.King & H.Rob.	Gardnerina angustata	(Gardner) R.M. King & H. Rob.	BR		Minas Gerais	PRESENT		92bd7d31-3255-4f1c-8552-cbb6fbe60478	-20.285472	-45.596583			894.0				2005-06-14	14	6	2005	3139400	3139400	PRESERVED_SPECIMEN	UNESP-RC	HRCB	70018	1410		2011-05-01T00:00:00	CC_BY_4_0	Herbário Rioclarense	Melo, P.H.A.		native	2026-06-26T18:22:56.909Z		CONTINENT_DERIVED_FROM_COORDINATES;INSTITUTION_MATCH_NONE
3971160649	fdf55163-54d8-4bc7-862d-7e41068589e3	https://specieslink.net/guid/15/70013	Plantae	Tracheophyta	Magnoliopsida	Asterales	Asteraceae	Gardnerina	Gardnerina angustata		SPECIES	Gardnerina angustata (Gardner) R.M.King & H.Rob.	Gardnerina angustata	(Gardner) R.M. King & H. Rob.	BR		Minas Gerais	PRESENT		92bd7d31-3255-4f1c-8552-cbb6fbe60478	-20.348778	-45.63625			700.0				2005-12-31	31	12	2005	3139400	3139400	PRESERVED_SPECIMEN	UNESP-RC	HRCB	70013	1354	Melo, P.H.A.	2011-05-01T00:00:00	CC_BY_4_0	Herbário Rioclarense	Melo, P.H.A.		native	2026-06-26T18:22:56.743Z		CONTINENT_DERIVED_FROM_COORDINATES;INSTITUTION_MATCH_NONE
3971160646	fdf55163-54d8-4bc7-862d-7e41068589e3	https://specieslink.net/guid/15/70014	Plantae	Tracheophyta	Magnoliopsida	Asterales	Asteraceae	Gardnerina	Gardnerina angustata		SPECIES	Gardnerina angustata (Gardner) R.M.King & H.Rob.	Gardnerina angustata	(Gardner) R.M. King & H. Rob.	BR		Minas Gerais	PRESENT		92bd7d31-3255-4f1c-8552-cbb6fbe60478	-20.348778	-45.63625							2005-05-28	28	5	2005	3139400	3139400	PRESERVED_SPECIMEN	UNESP-RC	HRCB	70014	1364	Sobral, M.; Tales, A.M.; Melo, P.H.A.	2005-01-01T00:00:00	CC_BY_4_0	Herbário Rioclarense	Melo, P.H.A.		native	2026-06-26T18:22:57.067Z		CONTINENT_DERIVED_FROM_COORDINATES;INSTITUTION_MATCH_NONE
3971160644	fdf55163-54d8-4bc7-862d-7e41068589e3	https://specieslink.net/guid/15/70011	Plantae	Tracheophyta	Magnoliopsida	Asterales	Asteraceae	Viguiera			GENUS	Viguiera Kunth	Viguiera		BR		Minas Gerais	PRESENT		92bd7d31-3255-4f1c-8552-cbb6fbe60478	-20.260417	-45.664028			700.0				2003-04-22	22	4	2003	3099986		PRESERVED_SPECIMEN	UNESP-RC	HRCB	70011	593			CC_BY_4_0	Herbário Rioclarense	Melo, P.H.A.			2026-06-26T18:22:56.958Z		CONTINENT_DERIVED_FROM_COORDINATES;INSTITUTION_MATCH_NONE
3971160641	fdf55163-54d8-4bc7-862d-7e41068589e3	https://specieslink.net/guid/15/70012	Plantae	Tracheophyta	Magnoliopsida	Asterales	Asteraceae	Vernonanthura	Vernonanthura ferruginea		SPECIES	Vernonanthura ferruginea (Less.) H.Rob.	Vernonanthura ferruginea	(Less.) H. Rob.	BR		Minas Gerais	PRESENT		92bd7d31-3255-4f1c-8552-cbb6fbe60478	-20.393056	-45.646389			700.0				2003-08-09	9	8	2003	3125214	3125214	PRESERVED_SPECIMEN	UNESP-RC	HRCB	70012	788	Melo, P.H.A.	2011-05-01T00:00:00	CC_BY_4_0	Herbário Rioclarense	Melo, P.H.A.		native	2026-06-26T18:22:58.925Z		CONTINENT_DERIVED_FROM_COORDINATES;INSTITUTION_MATCH_NONE
3971160592	fdf55163-54d8-4bc7-862d-7e41068589e3	https://specieslink.net/guid/15/72098	Plantae	Tracheophyta	Magnoliopsida	Lamiales	Lamiaceae	Cantinoa	Cantinoa mutabilis		SPECIES	Cantinoa mutabilis (Rich.) Harley & J.F.B.Pastore	Cantinoa mutabilis	(Rich.) Harley & J.F.B. Pastore	BR		Minas Gerais	PRESENT		92bd7d31-3255-4f1c-8552-cbb6fbe60478	-20.266389	-45.660528			700.0				2003-07-05	5	7	2003	7471562	7471562	PRESERVED_SPECIMEN	UNESP-RC	HRCB	72098	742	Harley, R.M.	2019-03-26T00:00:00	CC_BY_4_0	Herbário Rioclarense	Melo, P.H.A.		native	2026-06-26T18:22:58.914Z		CONTINENT_DERIVED_FROM_COORDINATES;INSTITUTION_MATCH_NONE
3971160563	fdf55163-54d8-4bc7-862d-7e41068589e3	https://specieslink.net/guid/15/72073	Plantae	Tracheophyta	Magnoliopsida	Cucurbitales	Begoniaceae	Begonia	Begonia fischeri		SPECIES	Begonia fischeri Schrank	Begonia fischeri	Schrank	BR		Minas Gerais	PRESENT		92bd7d31-3255-4f1c-8552-cbb6fbe60478	-20.407875	-45.662397							2007-02-26	26	2	2007	7303483	7303483	PRESERVED_SPECIMEN	UNESP-RC	HRCB	72073	2413			CC_BY_4_0	Herbário Rioclarense	Melo, P.H.A.		native	2026-06-26T18:22:56.769Z		CONTINENT_DERIVED_FROM_COORDINATES;INSTITUTION_MATCH_NONE
3971160527	fdf55163-54d8-4bc7-862d-7e41068589e3	https://specieslink.net/guid/15/72063	Plantae	Tracheophyta	Magnoliopsida	Cucurbitales	Begoniaceae	Begonia			GENUS	Begonia L.	Begonia		BR		Minas Gerais	PRESENT		92bd7d31-3255-4f1c-8552-cbb6fbe60478	-20.262472	-45.670944							2005-12-29	29	12	2005	2874710		PRESERVED_SPECIMEN	UNESP-RC	HRCB	72063	1425			CC_BY_4_0	Herbário Rioclarense	Melo, P.H.A.			2026-06-26T18:22:58.901Z		CONTINENT_DERIVED_FROM_COORDINATES;INSTITUTION_MATCH_NONE
3971160524	fdf55163-54d8-4bc7-862d-7e41068589e3	https://specieslink.net/guid/15/72062	Plantae	Tracheophyta	Magnoliopsida	Cucurbitales	Begoniaceae	Begonia			GENUS	Begonia L.	Begonia		BR		Minas Gerais	PRESENT		92bd7d31-3255-4f1c-8552-cbb6fbe60478	-20.364639	-45.669861			676.0				2003-03-06	6	3	2003	2874710		PRESERVED_SPECIMEN	UNESP-RC	HRCB	72062	1401			CC_BY_4_0	Herbário Rioclarense	Melo, P.H.A.			2026-06-26T18:22:56.802Z		CONTINENT_DERIVED_FROM_COORDINATES;INSTITUTION_MATCH_NONE
3971160521	fdf55163-54d8-4bc7-862d-7e41068589e3	https://specieslink.net/guid/15/72064	Plantae	Tracheophyta	Magnoliopsida	Cucurbitales	Begoniaceae	Begonia			GENUS	Begonia L.	Begonia		BR		Minas Gerais	PRESENT		92bd7d31-3255-4f1c-8552-cbb6fbe60478	-20.339758	-45.615933							2006-04-22	22	4	2006	2874710		PRESERVED_SPECIMEN	UNESP-RC	HRCB	72064	1525			CC_BY_4_0	Herbário Rioclarense	Melo, P.H.A.			2026-06-26T18:22:56.796Z		CONTINENT_DERIVED_FROM_COORDINATES;INSTITUTION_MATCH_NONE
3971160512	fdf55163-54d8-4bc7-862d-7e41068589e3	https://specieslink.net/guid/15/72061	Plantae	Tracheophyta	Magnoliopsida	Cucurbitales	Begoniaceae	Begonia	Begonia reniformis		SPECIES	Begonia reniformis Dryand.	Begonia reniformis	Dryand.	BR		Minas Gerais	PRESENT		92bd7d31-3255-4f1c-8552-cbb6fbe60478	-20.381	-45.661917			700.0				2004-04-08	8	4	2004	2874716	2874716	PRESERVED_SPECIMEN	UNESP-RC	HRCB	72061	1150	Melo, P.H.A.	2005-06-01T00:00:00	CC_BY_4_0	Herbário Rioclarense	Melo, P.H.A.		native	2026-06-26T18:22:56.794Z		CONTINENT_DERIVED_FROM_COORDINATES;INSTITUTION_MATCH_NONE
3971160511	fdf55163-54d8-4bc7-862d-7e41068589e3	https://specieslink.net/guid/15/72060	Plantae	Tracheophyta	Magnoliopsida	Cucurbitales	Begoniaceae	Begonia			GENUS	Begonia L.	Begonia		BR		Minas Gerais	PRESENT		92bd7d31-3255-4f1c-8552-cbb6fbe60478	-20.381	-45.661917			700.0				2004-04-08	8	4	2004	2874710		PRESERVED_SPECIMEN	UNESP-RC	HRCB	72060	1149			CC_BY_4_0	Herbário Rioclarense	Melo, P.H.A.			2026-06-26T18:22:57.227Z		CONTINENT_DERIVED_FROM_COORDINATES;INSTITUTION_MATCH_NONE
3971160504	fdf55163-54d8-4bc7-862d-7e41068589e3	https://specieslink.net/guid/15/72059	Plantae	Tracheophyta	Magnoliopsida	Cucurbitales	Begoniaceae	Begonia			GENUS	Begonia L.	Begonia		BR		Minas Gerais	PRESENT		92bd7d31-3255-4f1c-8552-cbb6fbe60478	-20.381	-45.661917			700.0				2004-04-08	8	4	2004	2874710		PRESERVED_SPECIMEN	UNESP-RC	HRCB	72059	1125			CC_BY_4_0	Herbário Rioclarense	Melo, P.H.A.			2026-06-26T18:22:56.610Z		CONTINENT_DERIVED_FROM_COORDINATES;INSTITUTION_MATCH_NONE
3971160491	fdf55163-54d8-4bc7-862d-7e41068589e3	https://specieslink.net/guid/15/72058	Plantae	Tracheophyta	Magnoliopsida	Cucurbitales	Begoniaceae	Begonia	Begonia reniformis		SPECIES	Begonia reniformis Dryand.	Begonia reniformis	Dryand.	BR		Minas Gerais	PRESENT		92bd7d31-3255-4f1c-8552-cbb6fbe60478	-20.381	-45.661917							2003-07-06	6	7	2003	2874716	2874716	PRESERVED_SPECIMEN	UNESP-RC	HRCB	72058	757	Melo, P.H.A.	2005-06-01T00:00:00	CC_BY_4_0	Herbário Rioclarense	Melo, P.H.A.		native	2026-06-26T18:22:56.795Z		CONTINENT_DERIVED_FROM_COORDINATES;INSTITUTION_MATCH_NONE
3971160482	fdf55163-54d8-4bc7-862d-7e41068589e3	https://specieslink.net/guid/15/73384	Plantae	Tracheophyta	Magnoliopsida	Rosales	Cannabaceae	Celtis	Celtis iguanaea		SPECIES	Celtis iguanaea (Jacq.) Sarg.	Celtis iguanaea	(Jacq.) Sarg.	BR		Minas Gerais	PRESENT		92bd7d31-3255-4f1c-8552-cbb6fbe60478	-20.275111	-45.535194			754.0				2007-08-27	27	8	2007	2984498	2984498	PRESERVED_SPECIMEN	UNESP-RC	HRCB	73384	2518	Melo, P.H.A.	2007-01-01T00:00:00	CC_BY_4_0	Herbário Rioclarense	Melo, P.H.A.			2026-06-26T18:22:56.627Z		CONTINENT_DERIVED_FROM_COORDINATES;INSTITUTION_MATCH_NONE
3971160467	fdf55163-54d8-4bc7-862d-7e41068589e3	https://specieslink.net/guid/15/73379	Plantae	Tracheophyta	Magnoliopsida	Rosales	Cannabaceae	Trema	Trema micranthum		SPECIES	Trema micranthum (L.) Blume	Trema micrantha	(L.) Blume	BR		Minas Gerais	PRESENT		92bd7d31-3255-4f1c-8552-cbb6fbe60478	-20.265	-45.670278							2003-09-10	10	9	2003	2984501	2984501	PRESERVED_SPECIMEN	UNESP-RC	HRCB	73379	854	Melo, P.H.A.	2018-07-14T00:00:00	CC_BY_4_0	Herbário Rioclarense	Melo, P.H.A.			2026-06-26T18:22:58.895Z		CONTINENT_DERIVED_FROM_COORDINATES;INSTITUTION_MATCH_NONE;TAXON_MATCH_FUZZY
3971160451	fdf55163-54d8-4bc7-862d-7e41068589e3	https://specieslink.net/guid/15/73377	Plantae	Tracheophyta	Magnoliopsida	Rosales	Cannabaceae	Celtis	Celtis iguanaea		SPECIES	Celtis iguanaea (Jacq.) Sarg.	Celtis iguanaea	(Jacq.) Sarg.	BR		Minas Gerais	PRESENT		92bd7d31-3255-4f1c-8552-cbb6fbe60478	-20.256389	-45.669167							2002-11-16	16	11	2002	2984498	2984498	PRESERVED_SPECIMEN	UNESP-RC	HRCB	73377	221	Sobral, M.	2005-04-01T00:00:00	CC_BY_4_0	Herbário Rioclarense	Melo, P.H.A.			2026-06-26T18:22:56.545Z		CONTINENT_DERIVED_FROM_COORDINATES;INSTITUTION_MATCH_NONE
3971160446	fdf55163-54d8-4bc7-862d-7e41068589e3	https://specieslink.net/guid/15/73378	Plantae	Tracheophyta	Magnoliopsida	Rosales	Cannabaceae	Celtis	Celtis iguanaea		SPECIES	Celtis iguanaea (Jacq.) Sarg.	Celtis iguanaea	(Jacq.) Sarg.	BR		Minas Gerais	PRESENT		92bd7d31-3255-4f1c-8552-cbb6fbe60478	-20.256389	-45.669167							2002-11-16	16	11	2002	2984498	2984498	PRESERVED_SPECIMEN	UNESP-RC	HRCB	73378	236	Melo, P.H.A.	2018-07-14T00:00:00	CC_BY_4_0	Herbário Rioclarense	Melo, P.H.A.			2026-06-26T18:22:57.214Z		CONTINENT_DERIVED_FROM_COORDINATES;INSTITUTION_MATCH_NONE
3969882066	defb9a47-c1a7-4fb2-9a0b-2da7c5260cad	2e2313b8-2204-4caa-98a1-9b38df297f1f	Plantae	Tracheophyta	Magnoliopsida	Piperales	Piperaceae	Piper	Piper secundum		SPECIES	Piper glabratum (Kunth) Steud.	Piper glabratum	(Kunth) Steud.	BR	Pains. Mineracao Vale do Sao Miguel	Minas Gerais	PRESENT		c4cbb860-e9c7-11da-8113-b8a03c50a862	-20.359722	-45.673889			613.0				2006-07-12	12	7	2006	7438516	4190125	PRESERVED_SPECIMEN	BRIT	BRIT	BRIT420103	165	E. Guimaraes	2006-01-01T00:00:00	CC0_1_0	Botanical Research Institute of Texas	R.A. X. Borges; P.H. Bernardo			2026-07-07T15:01:13.499Z	StillImage	GEODETIC_DATUM_ASSUMED_WGS84;CONTINENT_DERIVED_FROM_COORDINATES;INSTITUTION_MATCH_FUZZY;TAXON_ID_NOT_FOUND
3948558305	d2470ef8-edfa-4ba7-821e-c3e1a537bdba	https://specieslink.net/guid/220/93995	Plantae	Tracheophyta	Magnoliopsida	Caryophyllales	Phytolaccaceae	Petiveria			GENUS	Petiveria L.	Petiveria		BR	Fazenda Amargoso, MG-439, Km 16. Na entrada norte da trilha principal.	Minas Gerais	PRESENT		4265f332-341c-45f6-b30b-5dc2e39b86e8	-20.382083	-45.651167							2003-12-08	8	12	2003	3084011		PRESERVED_SPECIMEN	UFMG	BHCB	93995	1003			CC_BY_4_0	Herbário da UFMG - Fanerógamas, Algas e Fungos	Melo, PHA de; Santos, GP			2026-06-25T20:18:12.457Z		CONTINENT_DERIVED_FROM_COORDINATES;IDENTIFIED_DATE_INVALID;INSTITUTION_MATCH_NONE
3914331301	d2470ef8-edfa-4ba7-821e-c3e1a537bdba	https://specieslink.net/guid/220/78677	Plantae	Tracheophyta	Liliopsida	Asparagales	Orchidaceae	Notylia	Notylia odontonotos		SPECIES	Notylia odontonotos Rchb.f. & Warm.	Notylia odontonotos	Rchb.f. & Warm.	BR	Fazenda Faroeste	Minas Gerais	PRESENT		4265f332-341c-45f6-b30b-5dc2e39b86e8	-20.251583	-45.662972							2003-02-01	1	2	2003	2850687	2850687	PRESERVED_SPECIMEN	UFMG	BHCB	78677	411	Oliveira, MS de	2025-02-27T00:00:00	CC_BY_4_0	Herbário da UFMG - Fanerógamas, Algas e Fungos	Melo, PHA de; Lombardi, JA		native	2026-06-25T20:18:12.339Z		CONTINENT_DERIVED_FROM_COORDINATES;INSTITUTION_MATCH_NONE
3914330304	d2470ef8-edfa-4ba7-821e-c3e1a537bdba	https://specieslink.net/guid/220/88367	Plantae	Tracheophyta	Magnoliopsida	Lamiales	Bignoniaceae	Dolichandra	Dolichandra unguis-cati		SPECIES	Dolichandra unguis-cati (L.) L.G.Lohmann	Dolichandra unguis-cati	(L.) L.G.Lohmann	BR	Fazenda Faroeste, Margem direita do Rio São Miguel. Vale da Bocaina.	Minas Gerais	PRESENT		4265f332-341c-45f6-b30b-5dc2e39b86e8	-20.260417	-45.664028							2003-11-23	23	11	2003	5830619	5830619	PRESERVED_SPECIMEN	UFMG	BHCB	88367	952			CC_BY_4_0	Herbário da UFMG - Fanerógamas, Algas e Fungos	Melo, PHA de; Carvalho, FA; Souza, DT; Mota, TRP; Cardoso, RHG		native	2026-06-25T20:18:12.298Z		CONTINENT_DERIVED_FROM_COORDINATES;IDENTIFIED_DATE_INVALID;INSTITUTION_MATCH_NONE
3914328302	d2470ef8-edfa-4ba7-821e-c3e1a537bdba	https://specieslink.net/guid/220/88447	Plantae	Tracheophyta	Magnoliopsida	Lamiales	Lamiaceae	Aegiphila	Aegiphila verticillata		SPECIES	Aegiphila lhotzkiana Cham.	Aegiphila lhotzkiana	Cham.	BR	Fazenda Amargoso, MG-439, Km 16, divisa com Francisco Gonçalves Costa.	Minas Gerais	PRESENT		4265f332-341c-45f6-b30b-5dc2e39b86e8	-20.37875	-45.6495							2004-02-16	16	2	2004	8151056	3890115	PRESERVED_SPECIMEN	UFMG	BHCB	88447	1087	Mota, NFO		CC_BY_4_0	Herbário da UFMG - Fanerógamas, Algas e Fungos	Melo, PHA de			2026-06-25T20:18:12.267Z		CONTINENT_DERIVED_FROM_COORDINATES;IDENTIFIED_DATE_INVALID;INSTITUTION_MATCH_NONE
3914325301	d2470ef8-edfa-4ba7-821e-c3e1a537bdba	https://specieslink.net/guid/220/81647	Plantae	Tracheophyta	Magnoliopsida	Lamiales	Lamiaceae	Aegiphila	Aegiphila vitelliniflora		SPECIES	Aegiphila vitelliniflora Walp.	Aegiphila vitelliniflora	Walp.	BR	Fazenda Faroeste, Margem direita do Rio São Miguel.	Minas Gerais	PRESENT		4265f332-341c-45f6-b30b-5dc2e39b86e8	-20.256389	-45.669167							2003-03-08	8	3	2003	7307595	7832078	PRESERVED_SPECIMEN	UFMG	BHCB	81647	475	Salimena, FRG		CC_BY_4_0	Herbário da UFMG - Fanerógamas, Algas e Fungos	Melo, PHA de		native	2026-06-25T20:18:12.289Z		CONTINENT_DERIVED_FROM_COORDINATES;IDENTIFIED_DATE_INVALID;INSTITUTION_MATCH_NONE
3912828639	4300f8d5-1ae5-49e5-a101-63894b005868	urn:catalog:JBRJ:RB:1466619	Plantae	Tracheophyta	Magnoliopsida	Rosales	Cannabaceae	Trema	Trema micranthum		SPECIES	Trema micranthum (L.) Blume	Trema micranthum (L.) Blume	(L.) Blume	BR	Fazenda Faroeste, margem esq. do rio São Miguel	Minas Gerais	PRESENT		838537fc-4aeb-4980-8b58-97fbdcd1d91a	-20.265	-45.670278							2003-09-10	10	9	2003	2984501	2984501	PRESERVED_SPECIMEN	JBRJ	RB	RB01466619	854	P.H.A. Melo	2018-07-14T00:00:00	CC_BY_4_0	Rio de Janeiro Botanical Garden	P.H.A. Melo			2026-07-01T12:14:58.321Z		COORDINATE_ROUNDED;GEODETIC_DATUM_ASSUMED_WGS84;CONTINENT_DERIVED_FROM_COORDINATES;INSTITUTION_MATCH_FUZZY;COLLECTION_MATCH_FUZZY
3912827594	4300f8d5-1ae5-49e5-a101-63894b005868	urn:catalog:JBRJ:RB:1466283	Plantae	Tracheophyta	Magnoliopsida	Fabales	Fabaceae	Dahlstedtia	Dahlstedtia muehlbergiana		SPECIES	Lonchocarpus muehlbergianus Hassl.	Lonchocarpus cf. muehlbergianus Hassl.	Hassl.	BR	Região de Corumbá, proximidades da CSN	Minas Gerais	PRESENT		838537fc-4aeb-4980-8b58-97fbdcd1d91a	-20.335555	-45.5875							2006-12-20	20	12	2006	2969208	8359138	PRESERVED_SPECIMEN	JBRJ	RB	RB01466283	1782			CC_BY_4_0	Rio de Janeiro Botanical Garden	P.H.A. Melo; E.A. Melo Jr			2026-07-01T12:14:58.594Z		COORDINATE_ROUNDED;GEODETIC_DATUM_ASSUMED_WGS84;CONTINENT_DERIVED_FROM_COORDINATES;INSTITUTION_MATCH_FUZZY;COLLECTION_MATCH_FUZZY
3897243303	d2470ef8-edfa-4ba7-821e-c3e1a537bdba	https://specieslink.net/guid/220/85701	Plantae	Tracheophyta	Magnoliopsida	Caryophyllales	Phytolaccaceae	Phytolacca	Phytolacca dioica		SPECIES	Phytolacca dioica L.	Phytolacca dioica	L.	BR	Fazenda Faroeste, Margem esquerda do Rio São Miguel.	Minas Gerais	PRESENT		4265f332-341c-45f6-b30b-5dc2e39b86e8	-20.265	-45.670278							2003-09-10	10	9	2003	7309625	7309625	PRESERVED_SPECIMEN	UFMG	BHCB	85701	849	Marchioretto, MS		CC_BY_4_0	Herbário da UFMG - Fanerógamas, Algas e Fungos	Melo, PHA de		native	2026-06-25T20:18:12.158Z		CONTINENT_DERIVED_FROM_COORDINATES;IDENTIFIED_DATE_INVALID;INSTITUTION_MATCH_NONE
3897239352	d2470ef8-edfa-4ba7-821e-c3e1a537bdba	https://specieslink.net/guid/220/209614	Plantae	Tracheophyta	Magnoliopsida	Myrtales	Myrtaceae	Eugenia			GENUS	Eugenia L.	Eugenia		BR	Just south of limestone mine in Arcos	Minas Gerais	PRESENT		4265f332-341c-45f6-b30b-5dc2e39b86e8	-20.328056	-45.585556							2013-06-27	27	6	2013	3177662		PRESERVED_SPECIMEN	UFMG	BHCB	209614	1347			CC_BY_4_0	Herbário da UFMG - Fanerógamas, Algas e Fungos	Neves, DM; Dexter, KG			2026-06-25T20:18:11.953Z		CONTINENT_DERIVED_FROM_COORDINATES;IDENTIFIED_DATE_INVALID;INSTITUTION_MATCH_NONE
3897232659	fdf55163-54d8-4bc7-862d-7e41068589e3	https://specieslink.net/guid/15/73080	Plantae	Tracheophyta	Magnoliopsida	Sapindales	Sapindaceae	Urvillea			GENUS	Urvillea Kunth	Urvillea		BR		Minas Gerais	PRESENT		92bd7d31-3255-4f1c-8552-cbb6fbe60478	-20.251583	-45.662972							2003-04-22	22	4	2003	3189974		PRESERVED_SPECIMEN	UNESP-RC	HRCB	73080	598			CC_BY_4_0	Herbário Rioclarense	Melo, P.H.A.			2026-06-26T18:22:56.414Z		CONTINENT_DERIVED_FROM_COORDINATES;INSTITUTION_MATCH_NONE
3897232617	fdf55163-54d8-4bc7-862d-7e41068589e3	https://specieslink.net/guid/15/69817	Plantae	Tracheophyta	Polypodiopsida	Polypodiales	Pteridaceae	Doryopteris	Doryopteris concolor		SPECIES	Doryopteris concolor (Langsd. & Fisch.) Kuhn	Doryopteris concolor	(Langsd. & Fisch.) Kuhn	BR		Minas Gerais	PRESENT		92bd7d31-3255-4f1c-8552-cbb6fbe60478	-20.266417	-45.661611			650.0				2004-02-15	15	2	2004	7335399	7335399	PRESERVED_SPECIMEN	UNESP-RC	HRCB	69817	1066	Prado, J.	2017-05-01T00:00:00	CC_BY_4_0	Herbário Rioclarense	Melo, P.H.A.			2026-06-26T18:22:56.462Z		CONTINENT_DERIVED_FROM_COORDINATES;INSTITUTION_MATCH_NONE
3897232616	fdf55163-54d8-4bc7-862d-7e41068589e3	https://specieslink.net/guid/15/69816	Plantae	Tracheophyta	Polypodiopsida	Polypodiales	Thelypteridaceae	Pelazoneuron	Pelazoneuron patens		SPECIES	Christella patens (Sw.) Holttum	Christella patens	(Sw.) Holttum	BR		Minas Gerais	PRESENT		92bd7d31-3255-4f1c-8552-cbb6fbe60478	-20.26725	-45.506306			650.0				2003-11-23	23	11	2003	7897003	11560516	PRESERVED_SPECIMEN	UNESP-RC	HRCB	69816	972	Prado, J.	2017-05-01T00:00:00	CC_BY_4_0	Herbário Rioclarense	Melo, P.H.A.			2026-06-26T18:22:56.488Z		CONTINENT_DERIVED_FROM_COORDINATES;INSTITUTION_MATCH_NONE
3897232614	fdf55163-54d8-4bc7-862d-7e41068589e3	https://specieslink.net/guid/15/69815	Plantae	Tracheophyta	Polypodiopsida	Polypodiales	Tectariaceae	Tectaria	Tectaria incisa		SPECIES	Tectaria incisa Cav.	Tectaria incisa	Cav.	BR		Minas Gerais	PRESENT		92bd7d31-3255-4f1c-8552-cbb6fbe60478	-20.26725	-45.506306			650.0				2003-11-23	23	11	2003	5275167	5275167	PRESERVED_SPECIMEN	UNESP-RC	HRCB	69815	970	Prado, J.	2017-05-01T00:00:00	CC_BY_4_0	Herbário Rioclarense	Melo, P.H.A.		native	2026-06-26T18:22:57.047Z		CONTINENT_DERIVED_FROM_COORDINATES;INSTITUTION_MATCH_NONE
3897232613	fdf55163-54d8-4bc7-862d-7e41068589e3	https://specieslink.net/guid/15/69819	Plantae	Tracheophyta	Polypodiopsida	Polypodiales	Aspleniaceae	Asplenium	Asplenium formosum		SPECIES	Asplenium formosum Willd.	Asplenium formosum	Willd.	BR		Minas Gerais	PRESENT		92bd7d31-3255-4f1c-8552-cbb6fbe60478	-20.392306	-45.64525			700.0				2004-04-08	8	4	2004	2650687	2650687	PRESERVED_SPECIMEN	UNESP-RC	HRCB	69819	1126	Prado, J.	2017-05-01T00:00:00	CC_BY_4_0	Herbário Rioclarense	Melo, P.H.A.		native	2026-06-26T18:22:58.538Z		CONTINENT_DERIVED_FROM_COORDINATES;INSTITUTION_MATCH_NONE
3897232603	fdf55163-54d8-4bc7-862d-7e41068589e3	https://specieslink.net/guid/15/69821	Plantae	Tracheophyta	Polypodiopsida	Polypodiales	Aspleniaceae	Asplenium	Asplenium formosum		SPECIES	Asplenium formosum Willd.	Asplenium formosum	Willd.	BR		Minas Gerais	PRESENT		92bd7d31-3255-4f1c-8552-cbb6fbe60478	-20.381	-45.651222			700.0				2004-04-08	8	4	2004	2650687	2650687	PRESERVED_SPECIMEN	UNESP-RC	HRCB	69821	1146	Prado, J.	2017-05-01T00:00:00	CC_BY_4_0	Herbário Rioclarense	Melo, P.H.A.		native	2026-06-26T18:22:56.429Z		CONTINENT_DERIVED_FROM_COORDINATES;INSTITUTION_MATCH_NONE
3897232591	fdf55163-54d8-4bc7-862d-7e41068589e3	https://specieslink.net/guid/15/69823	Plantae	Tracheophyta	Polypodiopsida	Schizaeales	Anemiaceae	Anemia	Anemia collina		SPECIES	Anemia collina Raddi	Anemia collina	Raddi	BR		Minas Gerais	PRESENT		92bd7d31-3255-4f1c-8552-cbb6fbe60478	-20.266389	-45.660528							2006-12-13	13	12	2006	7874655	7874655	PRESERVED_SPECIMEN	UNESP-RC	HRCB	69823	1744	Prado, J.	2017-05-01T00:00:00	CC_BY_4_0	Herbário Rioclarense	Melo, P.H.A.		native	2026-06-26T18:22:56.999Z		CONTINENT_DERIVED_FROM_COORDINATES;INSTITUTION_MATCH_NONE
3897232584	fdf55163-54d8-4bc7-862d-7e41068589e3	https://specieslink.net/guid/15/73839	Plantae	Tracheophyta	Magnoliopsida	Gentianales	Rubiaceae	Randia	Randia armata		SPECIES	Randia armata (Sw.) DC.	Randia armata	(Sw.) DC.	BR		Minas Gerais	PRESENT		92bd7d31-3255-4f1c-8552-cbb6fbe60478	-20.431378	-45.619119							2006-11-25	25	11	2006	5339445	5339445	PRESERVED_SPECIMEN	UNESP-RC	HRCB	73839	2426	Melo, P.H.A.	2018-07-21T00:00:00	CC_BY_4_0	Herbário Rioclarense	Melo, P.H.A.		native	2026-06-26T18:22:56.995Z		CONTINENT_DERIVED_FROM_COORDINATES;INSTITUTION_MATCH_NONE
3897232581	fdf55163-54d8-4bc7-862d-7e41068589e3	https://specieslink.net/guid/15/73835	Plantae	Tracheophyta	Magnoliopsida	Gentianales	Rubiaceae	Randia	Randia armata		SPECIES	Randia armata (Sw.) DC.	Randia cf.armata	(Sw.) DC.	BR		Minas Gerais	PRESENT		92bd7d31-3255-4f1c-8552-cbb6fbe60478	-20.256389	-45.669167							2002-10-04	4	10	2002	5339445	5339445	PRESERVED_SPECIMEN	UNESP-RC	HRCB	73835	83	Melo, P.H.A.	2010-07-21T00:00:00	CC_BY_4_0	Herbário Rioclarense	Melo, P.H.A.		native	2026-06-26T18:22:58.529Z		CONTINENT_DERIVED_FROM_COORDINATES;INSTITUTION_MATCH_NONE
3897232580	fdf55163-54d8-4bc7-862d-7e41068589e3	https://specieslink.net/guid/15/73836	Plantae	Tracheophyta	Magnoliopsida	Gentianales	Rubiaceae	Randia	Randia armata		SPECIES	Randia armata (Sw.) DC.	Randia cf.armata	(Sw.) DC.	BR		Minas Gerais	PRESENT		92bd7d31-3255-4f1c-8552-cbb6fbe60478	-20.251583	-45.662972							2002-12-31	31	12	2002	5339445	5339445	PRESERVED_SPECIMEN	UNESP-RC	HRCB	73836	334	Melo, P.H.A.	2010-07-21T00:00:00	CC_BY_4_0	Herbário Rioclarense	Melo, P.H.A.		native	2026-06-26T18:22:56.325Z		CONTINENT_DERIVED_FROM_COORDINATES;INSTITUTION_MATCH_NONE
3897232579	fdf55163-54d8-4bc7-862d-7e41068589e3	https://specieslink.net/guid/15/73837	Plantae	Tracheophyta	Magnoliopsida	Gentianales	Rubiaceae	Randia	Randia armata		SPECIES	Randia armata (Sw.) DC.	Randia armata	(Sw.) DC.	BR		Minas Gerais	PRESENT		92bd7d31-3255-4f1c-8552-cbb6fbe60478	-20.381	-45.661917							2003-03-06	6	3	2003	5339445	5339445	PRESERVED_SPECIMEN	UNESP-RC	HRCB	73837	419	Melo, P.H.A.	2018-07-21T00:00:00	CC_BY_4_0	Herbário Rioclarense	Melo, P.H.A.		native	2026-06-26T18:22:56.422Z		CONTINENT_DERIVED_FROM_COORDINATES;INSTITUTION_MATCH_NONE
3897232558	fdf55163-54d8-4bc7-862d-7e41068589e3	https://specieslink.net/guid/15/73820	Plantae	Tracheophyta	Magnoliopsida	Rosales	Rhamnaceae	Gouania	Gouania polygama		SPECIES	Gouania polygama (Jacq.) Urb.	Gouania polygama	(Jacq.) Urb.	BR		Minas Gerais	PRESENT		92bd7d31-3255-4f1c-8552-cbb6fbe60478	-20.256389	-45.669167			700.0				2003-03-08	8	3	2003	5372439	5372439	PRESERVED_SPECIMEN	UNESP-RC	HRCB	73820	480	Melo, P.H.A.	2018-07-20T00:00:00	CC_BY_4_0	Herbário Rioclarense	Melo, P.H.A.		native	2026-06-26T18:22:58.524Z		CONTINENT_DERIVED_FROM_COORDINATES;INSTITUTION_MATCH_NONE
3897232557	fdf55163-54d8-4bc7-862d-7e41068589e3	https://specieslink.net/guid/15/72972	Plantae	Tracheophyta	Polypodiopsida	Polypodiales	Aspleniaceae	Asplenium	Asplenium cristatum		SPECIES	Asplenium cristatum Lam.	Asplenium cristatum	Lam.	BR		Minas Gerais	PRESENT		92bd7d31-3255-4f1c-8552-cbb6fbe60478	-20.387222	-45.649722			750.0				2003-10-28	28	10	2003	2650645	2650645	PRESERVED_SPECIMEN	UNESP-RC	HRCB	72972	929	Melo, P.H.A.	2017-05-01T00:00:00	CC_BY_4_0	Herbário Rioclarense	Melo, P.H.A.		native	2026-06-26T18:22:56.992Z		CONTINENT_DERIVED_FROM_COORDINATES;INSTITUTION_MATCH_NONE
3897232555	fdf55163-54d8-4bc7-862d-7e41068589e3	https://specieslink.net/guid/15/73821	Plantae	Tracheophyta	Magnoliopsida	Rosales	Rhamnaceae	Rhamnidium	Rhamnidium elaeocarpum		SPECIES	Rhamnidium elaeocarpum Reissek	Rhamnidium elaeocarpum	Reissek	BR		Minas Gerais	PRESENT		92bd7d31-3255-4f1c-8552-cbb6fbe60478	-20.37875	-45.651861							2005-06-26	26	6	2005	3874704	3874704	PRESERVED_SPECIMEN	UNESP-RC	HRCB	73821	1082	Melo, P.H.A.	2010-07-21T00:00:00	CC_BY_4_0	Herbário Rioclarense	Melo, P.H.A.		native	2026-06-26T18:22:56.367Z		CONTINENT_DERIVED_FROM_COORDINATES;INSTITUTION_MATCH_NONE
3897232551	fdf55163-54d8-4bc7-862d-7e41068589e3	https://specieslink.net/guid/15/72970	Plantae	Tracheophyta	Polypodiopsida	Polypodiales	Pteridaceae	Adiantopsis	Adiantopsis regularis		SPECIES	Adiantopsis regularis (Mett.) T.Moore	Adiantopsis regularis	(Kunze) T. Moore	BR		Minas Gerais	PRESENT		92bd7d31-3255-4f1c-8552-cbb6fbe60478	-20.256389	-45.669167			700.0				2003-05-26	26	5	2003	3749961	3749961	PRESERVED_SPECIMEN	UNESP-RC	HRCB	72970	701	Prado, J.	2017-05-01T00:00:00	CC_BY_4_0	Herbário Rioclarense	Melo, P.H.A.		native	2026-06-26T18:22:58.521Z		CONTINENT_DERIVED_FROM_COORDINATES;INSTITUTION_MATCH_NONE
3897232542	fdf55163-54d8-4bc7-862d-7e41068589e3	https://specieslink.net/guid/15/69859	Plantae	Tracheophyta	Polypodiopsida	Polypodiales	Aspleniaceae	Asplenium	Asplenium dimidiatum		SPECIES	Asplenium dimidiatum Sw.	Asplenium dimidiatum	Sw.	BR		Minas Gerais	PRESENT		92bd7d31-3255-4f1c-8552-cbb6fbe60478	-20.335608	-45.587581							2006-11		11	2006	7310815	7310815	PRESERVED_SPECIMEN	UNESP-RC	HRCB	69859	2476	Prado, J.	2017-05-01T00:00:00	CC_BY_4_0	Herbário Rioclarense	Melo, P.H.A.		native	2026-06-26T18:22:56.395Z		CONTINENT_DERIVED_FROM_COORDINATES;INSTITUTION_MATCH_NONE
3897232541	fdf55163-54d8-4bc7-862d-7e41068589e3	https://specieslink.net/guid/15/69858	Plantae	Tracheophyta	Polypodiopsida	Polypodiales	Aspleniaceae	Asplenium	Asplenium balansae		SPECIES	Asplenium balansae (Baker) Sylvestre	Asplenium balansae	(Baker) Sylvestre	BR		Minas Gerais	PRESENT		92bd7d31-3255-4f1c-8552-cbb6fbe60478	-20.335608	-45.587581							2006-11		11	2006	8317521	8317521	PRESERVED_SPECIMEN	UNESP-RC	HRCB	69858	2475	Prado, J.	2017-05-01T00:00:00	CC_BY_4_0	Herbário Rioclarense	Melo, P.H.A.		native	2026-06-26T18:22:56.393Z		CONTINENT_DERIVED_FROM_COORDINATES;INSTITUTION_MATCH_NONE
3897232540	fdf55163-54d8-4bc7-862d-7e41068589e3	https://specieslink.net/guid/15/69857	Plantae	Tracheophyta	Polypodiopsida	Polypodiales	Aspleniaceae	Asplenium	Asplenium formosum		SPECIES	Asplenium formosum Willd.	Asplenium formosum	Willd.	BR		Minas Gerais	PRESENT		92bd7d31-3255-4f1c-8552-cbb6fbe60478	-20.431378	-45.619119							2006-11-25	25	11	2006	2650687	2650687	PRESERVED_SPECIMEN	UNESP-RC	HRCB	69857	2425	Prado, J.	2017-05-01T00:00:00	CC_BY_4_0	Herbário Rioclarense	Melo, P.H.A.		native	2026-06-26T18:22:56.371Z		CONTINENT_DERIVED_FROM_COORDINATES;INSTITUTION_MATCH_NONE
3897232398	fdf55163-54d8-4bc7-862d-7e41068589e3	https://specieslink.net/guid/15/73053	Plantae	Tracheophyta	Magnoliopsida	Sapindales	Sapindaceae	Matayba	Matayba guianensis		SPECIES	Matayba guianensis Aubl.	Matayba guianensis	Aubl.	BR		Minas Gerais	PRESENT		92bd7d31-3255-4f1c-8552-cbb6fbe60478	-20.431378	-45.619119							2006-11-25	25	11	2006	3784329	3784329	PRESERVED_SPECIMEN	UNESP-RC	HRCB	73053	2431			CC_BY_4_0	Herbário Rioclarense	Melo, P.H.A.		native	2026-06-26T18:22:56.139Z		CONTINENT_DERIVED_FROM_COORDINATES;INSTITUTION_MATCH_NONE
3897232385	fdf55163-54d8-4bc7-862d-7e41068589e3	https://specieslink.net/guid/15/73041	Plantae	Tracheophyta	Magnoliopsida	Sapindales	Sapindaceae	Cardiospermum			GENUS	Cardiospermum L.	Cardiospermum		BR		Minas Gerais	PRESENT		92bd7d31-3255-4f1c-8552-cbb6fbe60478	-20.270278	-45.663194							2004-04-10	10	4	2004	3189931		PRESERVED_SPECIMEN	UNESP-RC	HRCB	73041	1169			CC_BY_4_0	Herbário Rioclarense	Melo, P.H.A.			2026-06-26T18:22:56.111Z		CONTINENT_DERIVED_FROM_COORDINATES;INSTITUTION_MATCH_NONE
3897232375	fdf55163-54d8-4bc7-862d-7e41068589e3	https://specieslink.net/guid/15/73040	Plantae	Tracheophyta	Magnoliopsida	Sapindales	Sapindaceae	Cardiospermum			GENUS	Cardiospermum L.	Cardiospermum		BR		Minas Gerais	PRESENT		92bd7d31-3255-4f1c-8552-cbb6fbe60478	-20.256389	-45.669167			700.0				2003-03-08	8	3	2003	3189931		PRESERVED_SPECIMEN	UNESP-RC	HRCB	73040	469			CC_BY_4_0	Herbário Rioclarense	Melo, P.H.A.			2026-06-26T18:22:56.329Z		CONTINENT_DERIVED_FROM_COORDINATES;INSTITUTION_MATCH_NONE
3897232371	fdf55163-54d8-4bc7-862d-7e41068589e3	https://specieslink.net/guid/15/73039	Plantae	Tracheophyta	Magnoliopsida	Sapindales	Sapindaceae	Cardiospermum			GENUS	Cardiospermum L.	Cardiospermum		BR		Minas Gerais	PRESENT		92bd7d31-3255-4f1c-8552-cbb6fbe60478	-20.251583	-45.662972							2002-12-31	31	12	2002	3189931		PRESERVED_SPECIMEN	UNESP-RC	HRCB	73039	348			CC_BY_4_0	Herbário Rioclarense	Melo, P.H.A.			2026-06-26T18:22:56.012Z		CONTINENT_DERIVED_FROM_COORDINATES;INSTITUTION_MATCH_NONE
3897232351	fdf55163-54d8-4bc7-862d-7e41068589e3	https://specieslink.net/guid/15/73028	Plantae	Tracheophyta	Magnoliopsida	Sapindales	Sapindaceae	Allophylus	Allophylus racemosus		SPECIES	Allophylus racemosus Sw.	Allophylus racemosus	Sw.	BR		Minas Gerais	PRESENT		92bd7d31-3255-4f1c-8552-cbb6fbe60478	-20.266389	-45.660528							2006-12-14	14	12	2006	5421135	5421135	PRESERVED_SPECIMEN	UNESP-RC	HRCB	73028	1760	Melo, P.H.A.	2018-03-16T00:00:00	CC_BY_4_0	Herbário Rioclarense	Melo, P.H.A.		native	2026-06-26T18:22:56.220Z		CONTINENT_DERIVED_FROM_COORDINATES;INSTITUTION_MATCH_NONE
3897232350	fdf55163-54d8-4bc7-862d-7e41068589e3	https://specieslink.net/guid/15/73029	Plantae	Tracheophyta	Magnoliopsida	Sapindales	Sapindaceae	Allophylus	Allophylus racemosus		SPECIES	Allophylus racemosus Sw.	Allophylus racemosus	Sw.	BR		Minas Gerais	PRESENT		92bd7d31-3255-4f1c-8552-cbb6fbe60478	-20.335608	-45.587581							2006-11		11	2006	5421135	5421135	PRESERVED_SPECIMEN	UNESP-RC	HRCB	73029	2469	Sabino, G.P.	2018-03-16T00:00:00	CC_BY_4_0	Herbário Rioclarense	Melo, P.H.A.		native	2026-06-26T18:22:55.986Z		CONTINENT_DERIVED_FROM_COORDINATES;INSTITUTION_MATCH_NONE
3897232332	fdf55163-54d8-4bc7-862d-7e41068589e3	https://specieslink.net/guid/15/72161	Plantae	Tracheophyta	Magnoliopsida	Piperales	Piperaceae	Peperomia	Peperomia gardneriana		SPECIES	Peperomia gardneriana Miq.	Peperomia gardneriana	Miq.	BR		Minas Gerais	PRESENT		92bd7d31-3255-4f1c-8552-cbb6fbe60478	-20.262472	-45.670944							2005-01-08	8	1	2005	4185090	4185090	PRESERVED_SPECIMEN	UNESP-RC	HRCB	72161	1422			CC_BY_4_0	Herbário Rioclarense	Melo, P.H.A.		native	2026-06-26T18:22:56.002Z		CONTINENT_DERIVED_FROM_COORDINATES;INSTITUTION_MATCH_NONE
3897232331	fdf55163-54d8-4bc7-862d-7e41068589e3	https://specieslink.net/guid/15/72164	Plantae	Tracheophyta	Magnoliopsida	Piperales	Piperaceae	Peperomia	Peperomia rubricaulis		SPECIES	Peperomia rubricaulis (Nees) A.Dietr.	Peperomia rubricaulis	(Nees) A. Dietr.	BR	Fazenda Posse Grande, proximidades da CSN.	Minas Gerais	PRESENT		92bd7d31-3255-4f1c-8552-cbb6fbe60478	-20.335608	-45.587581							2006-11		11	2006	7305730	7305730	PRESERVED_SPECIMEN	UNESP-RC	HRCB	72164	2474			CC_BY_4_0	Herbário Rioclarense	Melo, P.H.A.		native	2026-06-26T18:22:55.979Z		CONTINENT_DERIVED_FROM_COORDINATES;INSTITUTION_MATCH_NONE
3897232330	fdf55163-54d8-4bc7-862d-7e41068589e3	https://specieslink.net/guid/15/72163	Plantae	Tracheophyta	Magnoliopsida	Piperales	Piperaceae	Piper	Piper amalago		SPECIES	Piper amalago L.	Piper amalago	L.	BR		Minas Gerais	PRESENT		92bd7d31-3255-4f1c-8552-cbb6fbe60478	-20.431378	-45.619119							2006-11-25	25	11	2006	3086333	3086333	PRESERVED_SPECIMEN	UNESP-RC	HRCB	72163	2433			CC_BY_4_0	Herbário Rioclarense	Melo, P.H.A.		native	2026-06-26T18:22:56.071Z		CONTINENT_DERIVED_FROM_COORDINATES;INSTITUTION_MATCH_NONE
3897232329	fdf55163-54d8-4bc7-862d-7e41068589e3	https://specieslink.net/guid/15/72160	Plantae	Tracheophyta	Magnoliopsida	Piperales	Piperaceae	Peperomia	Peperomia gardneriana		SPECIES	Peperomia gardneriana Miq.	Peperomia gardneriana	Miq.	BR		Minas Gerais	PRESENT		92bd7d31-3255-4f1c-8552-cbb6fbe60478	-20.364639	-45.669861			676.0				2005-12-31	31	12	2005	4185090	4185090	PRESERVED_SPECIMEN	UNESP-RC	HRCB	72160	1408			CC_BY_4_0	Herbário Rioclarense	Melo, P.H.A.		native	2026-06-26T18:22:56.097Z		CONTINENT_DERIVED_FROM_COORDINATES;INSTITUTION_MATCH_NONE
3897232324	fdf55163-54d8-4bc7-862d-7e41068589e3	https://specieslink.net/guid/15/72396	Plantae	Tracheophyta	Magnoliopsida	Piperales	Piperaceae	Piper	Piper crassinervium		SPECIES	Piper crassinervium Kunth	Piper crassinervium	Kunth	BR		Minas Gerais	PRESENT		92bd7d31-3255-4f1c-8552-cbb6fbe60478	-20.256389	-45.669167							2003-05-26	26	5	2003	7305747	7305747	PRESERVED_SPECIMEN	UNESP-RC	HRCB	72396	681	Melo, P.H.A.	2004-04-01T00:00:00	CC_BY_4_0	Herbário Rioclarense	Melo, P.H.A.		native	2026-06-26T18:22:56.069Z		CONTINENT_DERIVED_FROM_COORDINATES;INSTITUTION_MATCH_NONE
3897232322	fdf55163-54d8-4bc7-862d-7e41068589e3	https://specieslink.net/guid/15/72157	Plantae	Tracheophyta	Magnoliopsida	Piperales	Piperaceae	Peperomia	Peperomia lanceolatopeltata		SPECIES	Peperomia lanceolatopeltata C.DC.	Peperomia lanceolatapeltada	C. DC.	BR	Fazenda Faroeste, margem esquerda do Rio São Miguel.	Minas Gerais	PRESENT		92bd7d31-3255-4f1c-8552-cbb6fbe60478	-20.262528	-45.669528							2005-03-25	25	3	2005	7305545	7305545	PRESERVED_SPECIMEN	UNESP-RC	HRCB	72157	1321	Marcusso, G.M.	2018-09-26T00:00:00	CC_BY_4_0	Herbário Rioclarense	Melo, P.H.A.			2026-06-26T18:22:55.927Z		CONTINENT_DERIVED_FROM_COORDINATES;INSTITUTION_MATCH_NONE;TAXON_MATCH_FUZZY
3897232320	fdf55163-54d8-4bc7-862d-7e41068589e3	https://specieslink.net/guid/15/72151	Plantae	Tracheophyta	Magnoliopsida	Piperales	Piperaceae	Piper	Piper oblancifolium		SPECIES	Piper oblancifolium Yunck.	Piper cf.oblancifolium	Yunck.	BR		Minas Gerais	PRESENT		92bd7d31-3255-4f1c-8552-cbb6fbe60478	-20.255556	-45.67							2005-01-08	8	1	2005	4189506	4189506	PRESERVED_SPECIMEN	UNESP-RC	HRCB	72151	822	Marcusso, G.M.	2020-08-08T00:00:00	CC_BY_4_0	Herbário Rioclarense	Melo, P.H.A.		native	2026-06-26T18:22:55.965Z		CONTINENT_DERIVED_FROM_COORDINATES;INSTITUTION_MATCH_NONE
3897232319	fdf55163-54d8-4bc7-862d-7e41068589e3	https://specieslink.net/guid/15/72150	Plantae	Tracheophyta	Magnoliopsida	Piperales	Piperaceae	Peperomia	Peperomia blanda		SPECIES	Peperomia blanda (Jacq.) Kunth	Peperomia blanda	(Jacq.) Kunth	BR	Fazenda Amargoso, MG 439 Km 16.	Minas Gerais	PRESENT		92bd7d31-3255-4f1c-8552-cbb6fbe60478	-20.387222	-45.649722							2003-05-25	25	5	2003	4184947	4184947	PRESERVED_SPECIMEN	UNESP-RC	HRCB	72150	636	Melo, P.H.A.	2004-04-01T00:00:00	CC_BY_4_0	Herbário Rioclarense	Melo, P.H.A.		native	2026-06-26T18:22:55.893Z		CONTINENT_DERIVED_FROM_COORDINATES;INSTITUTION_MATCH_NONE
3897232317	fdf55163-54d8-4bc7-862d-7e41068589e3	https://specieslink.net/guid/15/72153	Plantae	Tracheophyta	Magnoliopsida	Piperales	Piperaceae	Piper	Piper aduncum		SPECIES	Piper aduncum L.	Piper aduncum	L.	BR		Minas Gerais	PRESENT		92bd7d31-3255-4f1c-8552-cbb6fbe60478	-20.384917	-45.649361							2003-12-08	8	12	2003	3086337	3086337	PRESERVED_SPECIMEN	UNESP-RC	HRCB	72153	986			CC_BY_4_0	Herbário Rioclarense	Melo, P.H.A.		native	2026-06-26T18:22:58.185Z		CONTINENT_DERIVED_FROM_COORDINATES;INSTITUTION_MATCH_NONE
3897232316	fdf55163-54d8-4bc7-862d-7e41068589e3	https://specieslink.net/guid/15/72152	Plantae	Tracheophyta	Magnoliopsida	Piperales	Piperaceae	Piper	Piper mikanianum		SPECIES	Piper mikanianum (Kunth) Steud.	Piper mikanianum	Steud.	BR		Minas Gerais	PRESENT		92bd7d31-3255-4f1c-8552-cbb6fbe60478	-20.255917	-45.662583							2002-11-16	16	11	2002	7305008	7305008	PRESERVED_SPECIMEN	UNESP-RC	HRCB	72152	932	Marcusso, G.M.	2020-08-11T00:00:00	CC_BY_4_0	Herbário Rioclarense	Melo, P.H.A.		native	2026-06-26T18:22:55.869Z		CONTINENT_DERIVED_FROM_COORDINATES;INSTITUTION_MATCH_NONE
3868231303	7741a517-ab3d-4b85-ae58-56322e44c8ce	https://specieslink.net/guid/2/210128	Plantae	Tracheophyta	Magnoliopsida	Caryophyllales	Phytolaccaceae	Petiveria	Petiveria alliacea		SPECIES	Petiveria alliacea L.	Petiveria alliacea	L.	BR	Fazenda Amargoso, MG 439 Km 16	Minas Gerais	PRESENT		d073b448-6b80-4364-8c38-18d08b88797f	-20.381	-45.661917							2003-05-25	25	5	2003	3084012	3084012	PRESERVED_SPECIMEN	UNICAMP	UEC	210128	639	Melo, PHA	2018-07-20T00:00:00	CC_BY_4_0	Herbário da Universidade Estadual de Campinas	Melo, PHA; Carvalho, FA		introduced	2026-06-18T16:10:08.106Z		CONTINENT_DERIVED_FROM_COORDINATES;INSTITUTION_MATCH_NONE
3868138332	fdf55163-54d8-4bc7-862d-7e41068589e3	https://specieslink.net/guid/15/72165	Plantae	Tracheophyta	Magnoliopsida	Piperales	Piperaceae	Peperomia	Peperomia warmingii		SPECIES	Peperomia warmingii C.DC.	Peperomia warmingii	C. DC.	BR	Fazenda Posse Grande, proximidades da CSN.	Minas Gerais	PRESENT		92bd7d31-3255-4f1c-8552-cbb6fbe60478	-20.335608	-45.587581							2006-11		11	2006	4188434	4188434	PRESERVED_SPECIMEN	UNESP-RC	HRCB	72165	2480	Marcusso, G.M.	2019-01-04T00:00:00	CC_BY_4_0	Herbário Rioclarense	Melo, P.H.A.		native	2026-06-26T18:22:56.120Z		CONTINENT_DERIVED_FROM_COORDINATES;INSTITUTION_MATCH_NONE
3828027303	d2470ef8-edfa-4ba7-821e-c3e1a537bdba	https://specieslink.net/guid/220/88384	Plantae	Tracheophyta	Magnoliopsida	Malpighiales	Euphorbiaceae	Romanoa	Romanoa tamnoides		SPECIES	Romanoa tamnoides (A.Juss.) Radcl.-Sm.	Romanoa tamnoides	(A.Juss.) Radcl.-Sm.	BR	Fazenda Faroeste, Margem esquerda do Rio São Miguel.	Minas Gerais	PRESENT		4265f332-341c-45f6-b30b-5dc2e39b86e8	-20.263722	-45.670444							2004-04-09	9	4	2004	5378207	5378207	PRESERVED_SPECIMEN	UFMG	BHCB	88384	1165	Viana, PL		CC_BY_4_0	Herbário da UFMG - Fanerógamas, Algas e Fungos	Melo, PHA de; Salino, A; Viana, PL; Mota, NFO; Leite, FSF		native	2026-06-25T20:18:11.733Z		CONTINENT_DERIVED_FROM_COORDINATES;IDENTIFIED_DATE_INVALID;INSTITUTION_MATCH_NONE
3827990700	fdf55163-54d8-4bc7-862d-7e41068589e3	https://specieslink.net/guid/15/72968	Plantae	Tracheophyta	Liliopsida	Poales	Poaceae	Cenchrus	Cenchrus pedicellatus		SPECIES	Cenchrus pedicellatus (Trin.) Morrone	Cenchrus pedicellatus	(Trin.) Morrone	BR	Fazenda Faroeste, margem direita do Rio São Miguel.	Minas Gerais	PRESENT		92bd7d31-3255-4f1c-8552-cbb6fbe60478	-20.251583	-45.662972							2003-04-07	7	4	2003	5828233	5828233	PRESERVED_SPECIMEN	UNESP-RC	HRCB	72968	536	Viana, P.L.	2004-09-01T00:00:00	CC_BY_4_0	Herbário Rioclarense	Melo, P.H.A.		introduced	2026-06-26T18:22:55.613Z		CONTINENT_DERIVED_FROM_COORDINATES;INSTITUTION_MATCH_NONE
3827990699	fdf55163-54d8-4bc7-862d-7e41068589e3	https://specieslink.net/guid/15/72969	Plantae	Tracheophyta	Liliopsida	Poales	Poaceae	Olyra	Olyra ciliatifolia		SPECIES	Olyra ciliatifolia Raddi	Olyra ciliatifolia	Raddi	BR	Fazenda Amargoso, MG 439 Km 16	Minas Gerais	PRESENT		92bd7d31-3255-4f1c-8552-cbb6fbe60478	-20.381	-45.64525							2004-03-03	3	3	2004	5679055	5679055	PRESERVED_SPECIMEN	UNESP-RC	HRCB	72969	1112	Viana, P.L.	2004-09-01T00:00:00	CC_BY_4_0	Herbário Rioclarense	Melo, P.H.A.		native	2026-06-26T18:22:55.920Z		CONTINENT_DERIVED_FROM_COORDINATES;INSTITUTION_MATCH_NONE
3827990697	fdf55163-54d8-4bc7-862d-7e41068589e3	https://specieslink.net/guid/15/72129	Plantae	Tracheophyta	Magnoliopsida	Malpighiales	Phyllanthaceae	Phyllanthus			GENUS	Phyllanthus L.	Phyllanthus		BR	Fazenda Amargoso, MG 439 Km 16	Minas Gerais	PRESENT		92bd7d31-3255-4f1c-8552-cbb6fbe60478	-20.381	-45.661917							2003-03-06	6	3	2003	3061139		PRESERVED_SPECIMEN	UNESP-RC	HRCB	72129	451			CC_BY_4_0	Herbário Rioclarense	Melo, P.H.A.			2026-06-26T18:22:55.918Z		CONTINENT_DERIVED_FROM_COORDINATES;INSTITUTION_MATCH_NONE;TAXON_MATCH_HIGHERRANK
3827990692	fdf55163-54d8-4bc7-862d-7e41068589e3	https://specieslink.net/guid/15/72128	Plantae	Tracheophyta	Magnoliopsida	Malpighiales	Phyllanthaceae	Phyllanthus			GENUS	Phyllanthus L.	Phyllanthus		BR	Fazenda Amargoso, MG 439 Km 16	Minas Gerais	PRESENT		92bd7d31-3255-4f1c-8552-cbb6fbe60478	-20.381	-45.661917							2003-03-06	6	3	2003	3061139		PRESERVED_SPECIMEN	UNESP-RC	HRCB	72128	443			CC_BY_4_0	Herbário Rioclarense	Melo, P.H.A.			2026-06-26T18:22:55.626Z		CONTINENT_DERIVED_FROM_COORDINATES;INSTITUTION_MATCH_NONE;TAXON_MATCH_HIGHERRANK
3827990579	fdf55163-54d8-4bc7-862d-7e41068589e3	https://specieslink.net/guid/15/72316	Plantae	Tracheophyta	Magnoliopsida	Caryophyllales	Polygonaceae	Polygonum			GENUS	Polygonum L.	Polygonum		BR	Fazenda Faroeste, margem direita do Rio São Miguel.	Minas Gerais	PRESENT		92bd7d31-3255-4f1c-8552-cbb6fbe60478	-20.266389	-45.660528							2005-01-07	7	1	2005	2889077		PRESERVED_SPECIMEN	UNESP-RC	HRCB	72316	1415			CC_BY_4_0	Herbário Rioclarense	Melo, P.H.A.			2026-06-26T18:22:56.431Z		CONTINENT_DERIVED_FROM_COORDINATES;INSTITUTION_MATCH_NONE;TAXON_MATCH_HIGHERRANK
3827990578	fdf55163-54d8-4bc7-862d-7e41068589e3	https://specieslink.net/guid/15/72317	Plantae	Tracheophyta	Magnoliopsida	Caryophyllales	Polygonaceae	Triplaris			GENUS	Triplaris Loefl. ex L.	Triplaris		BR	Fazenda Posse Grande, proximidades da CSN.	Minas Gerais	PRESENT		92bd7d31-3255-4f1c-8552-cbb6fbe60478	-20.335608	-45.587581							2006-11		11	2006	6390747		PRESERVED_SPECIMEN	UNESP-RC	HRCB	72317	2481			CC_BY_4_0	Herbário Rioclarense	Melo, P.H.A.			2026-06-26T18:22:55.888Z		CONTINENT_DERIVED_FROM_COORDINATES;INSTITUTION_MATCH_NONE
3827990464	fdf55163-54d8-4bc7-862d-7e41068589e3	https://specieslink.net/guid/15/73990	Plantae	Tracheophyta	Magnoliopsida	Ericales	Primulaceae	Ardisia	Ardisia guianensis		SPECIES	Ardisia guianensis (Aubl.) Mez	Ardisia guianensis	(Aubl.) Mez	BR	Fazenda Faroeste, margem esquerda do Rio São Miguel.	Minas Gerais	PRESENT		92bd7d31-3255-4f1c-8552-cbb6fbe60478	-20.256389	-45.669167			800.0				2003-05-26	26	5	2003	5558301	5558301	PRESERVED_SPECIMEN	UNESP-RC	HRCB	73990	666	Melo, P.H.A.	2005-04-01T00:00:00	CC_BY_4_0	Herbário Rioclarense	Melo, P.H.A.		native	2026-06-26T18:22:56.055Z		CONTINENT_DERIVED_FROM_COORDINATES;INSTITUTION_MATCH_NONE
3827990431	fdf55163-54d8-4bc7-862d-7e41068589e3	https://specieslink.net/guid/15/73717	Plantae	Tracheophyta	Magnoliopsida	Myrtales	Myrtaceae	Eugenia	Eugenia lagoensis		SPECIES	Eugenia lagoensis Kiaersk.	Eugenia lagoensis	Kiaersk.	BR	Fazenda Posse Grande, proximidades da CSN.	Minas Gerais	PRESENT		92bd7d31-3255-4f1c-8552-cbb6fbe60478	-20.335608	-45.587581							2006-11		11	2006	5416752	5416752	PRESERVED_SPECIMEN	UNESP-RC	HRCB	73717	2488	Melo, P.H.A.	2018-07-18T00:00:00	CC_BY_4_0	Herbário Rioclarense	Melo, P.H.A.		native	2026-06-26T18:22:57.853Z		CONTINENT_DERIVED_FROM_COORDINATES;INSTITUTION_MATCH_NONE
3827990428	fdf55163-54d8-4bc7-862d-7e41068589e3	https://specieslink.net/guid/15/73716	Plantae	Tracheophyta	Magnoliopsida	Myrtales	Myrtaceae				FAMILY	Myrtaceae			BR	Nascentes do Rio São Miguel, Região da Onça.	Minas Gerais	PRESENT		92bd7d31-3255-4f1c-8552-cbb6fbe60478	-20.431378	-45.619119							2006-11-25	25	11	2006	5014		PRESERVED_SPECIMEN	UNESP-RC	HRCB	73716	2435			CC_BY_4_0	Herbário Rioclarense	Melo, P.H.A.			2026-06-26T18:22:55.451Z		CONTINENT_DERIVED_FROM_COORDINATES;INSTITUTION_MATCH_NONE
3827990426	fdf55163-54d8-4bc7-862d-7e41068589e3	https://specieslink.net/guid/15/73714	Plantae	Tracheophyta	Magnoliopsida	Myrtales	Myrtaceae	Pimenta	Pimenta pseudocaryophyllus		SPECIES	Pimenta pseudocaryophyllus (Gomes) Landrum	Pimenta pseudocaryophyllus	(Gomes) Landrum	BR	Nascentes do Rio São Miguel, Região da Onça.	Minas Gerais	PRESENT		92bd7d31-3255-4f1c-8552-cbb6fbe60478	-20.431378	-45.619119							2006-11-25	25	11	2006	3186164	3186164	PRESERVED_SPECIMEN	UNESP-RC	HRCB	73714	2417	Melo, P.H.A.	2018-07-01T00:00:00	CC_BY_4_0	Herbário Rioclarense	Melo, P.H.A.		native	2026-06-26T18:22:55.561Z		CONTINENT_DERIVED_FROM_COORDINATES;INSTITUTION_MATCH_NONE
3827990425	fdf55163-54d8-4bc7-862d-7e41068589e3	https://specieslink.net/guid/15/73715	Plantae	Tracheophyta	Magnoliopsida	Myrtales	Myrtaceae				FAMILY	Myrtaceae			BR	Nascentes do Rio São Miguel, Região da Onça.	Minas Gerais	PRESENT		92bd7d31-3255-4f1c-8552-cbb6fbe60478	-20.431378	-45.619119							2006-11-25	25	11	2006	5014		PRESERVED_SPECIMEN	UNESP-RC	HRCB	73715	2418			CC_BY_4_0	Herbário Rioclarense	Melo, P.H.A.			2026-06-26T18:22:55.509Z		CONTINENT_DERIVED_FROM_COORDINATES;INSTITUTION_MATCH_NONE
3827990397	fdf55163-54d8-4bc7-862d-7e41068589e3	https://specieslink.net/guid/15/73687	Plantae	Tracheophyta	Magnoliopsida	Rosales	Moraceae	Dorstenia	Dorstenia cayapia		SPECIES	Dorstenia vitifolia Gardner	Dorstenia vitifolia	Gardner	BR	Fazenda Posse Grande, proximidades da CSN	Minas Gerais	PRESENT		92bd7d31-3255-4f1c-8552-cbb6fbe60478	-20.335608	-45.587581							2006-11		11	2006	3762649	7262682	PRESERVED_SPECIMEN	UNESP-RC	HRCB	73687	2482	Castro, R.M.	2007-07-18T00:00:00	CC_BY_4_0	Herbário Rioclarense	Melo, P.H.A.		native	2026-06-26T18:22:55.479Z		CONTINENT_DERIVED_FROM_COORDINATES;INSTITUTION_MATCH_NONE
3827990393	fdf55163-54d8-4bc7-862d-7e41068589e3	https://specieslink.net/guid/15/73685	Plantae	Tracheophyta	Magnoliopsida	Rosales	Moraceae	Ficus	Ficus guaranitica		SPECIES	Ficus guaranitica Chodat	Ficus guaranitica	Chodat	BR	Fazenda Faroeste, margem esquerda do Rio São Miguel.	Minas Gerais	PRESENT		92bd7d31-3255-4f1c-8552-cbb6fbe60478	-20.256389	-45.669167							2002-11-16	16	11	2002	5570839	5570839	PRESERVED_SPECIMEN	UNESP-RC	HRCB	73685	247	Sabino, G.P.	2018-07-18T00:00:00	CC_BY_4_0	Herbário Rioclarense	Melo, P.H.A.		native	2026-06-26T18:22:55.395Z		CONTINENT_DERIVED_FROM_COORDINATES;INSTITUTION_MATCH_NONE
3827990390	fdf55163-54d8-4bc7-862d-7e41068589e3	https://specieslink.net/guid/15/73686	Plantae	Tracheophyta	Magnoliopsida	Rosales	Moraceae	Ficus	Ficus calyptroceras		SPECIES	Ficus calyptroceras (Miq.) Miq.	Ficus calyptroceras	(Miq.) Miq.	BR	Fazenda Faroeste, margem esquerda do Rio São Miguel.	Minas Gerais	PRESENT		92bd7d31-3255-4f1c-8552-cbb6fbe60478	-20.255556	-45.67							2003-10-28	28	10	2003	5570992	5570992	PRESERVED_SPECIMEN	UNESP-RC	HRCB	73686	807	Melo, P.H.A.	2018-07-18T00:00:00	CC_BY_4_0	Herbário Rioclarense	Melo, P.H.A.		native	2026-06-26T18:22:55.335Z		CONTINENT_DERIVED_FROM_COORDINATES;INSTITUTION_MATCH_NONE
3827990365	fdf55163-54d8-4bc7-862d-7e41068589e3	https://specieslink.net/guid/15/73809	Plantae	Tracheophyta	Magnoliopsida	Ericales	Primulaceae	Myrsine			GENUS	Myrsine L.	Myrsine		BR	Sul do bairro Olaria.	Minas Gerais	PRESENT		92bd7d31-3255-4f1c-8552-cbb6fbe60478	-20.275111	-45.535194			754.0				2007-08-27	27	8	2007	3169412		PRESERVED_SPECIMEN	UNESP-RC	HRCB	73809	2523			CC_BY_4_0	Herbário Rioclarense	Melo, P.H.A.			2026-06-26T18:22:55.499Z		CONTINENT_DERIVED_FROM_COORDINATES;INSTITUTION_MATCH_NONE
3827990364	fdf55163-54d8-4bc7-862d-7e41068589e3	https://specieslink.net/guid/15/73808	Plantae	Tracheophyta	Magnoliopsida	Ericales	Primulaceae	Myrsine			GENUS	Myrsine L.	Myrsine		BR	Sul do bairro Olaria.	Minas Gerais	PRESENT		92bd7d31-3255-4f1c-8552-cbb6fbe60478	-20.275111	-45.535194			754.0				2007-08-27	27	8	2007	3169412		PRESERVED_SPECIMEN	UNESP-RC	HRCB	73808	2514			CC_BY_4_0	Herbário Rioclarense	Melo, P.H.A.			2026-06-26T18:22:55.324Z		CONTINENT_DERIVED_FROM_COORDINATES;INSTITUTION_MATCH_NONE
3827990351	fdf55163-54d8-4bc7-862d-7e41068589e3	https://specieslink.net/guid/15/73790	Plantae	Tracheophyta	Magnoliopsida	Picramniales	Picramniaceae	Picramnia	Picramnia ramiflora		SPECIES	Picramnia ramiflora Planch.	Picramnia ramiflora	Planch.	BR	Fazenda Faroeste, margem esquerda do Rio São Miguel.	Minas Gerais	PRESENT		92bd7d31-3255-4f1c-8552-cbb6fbe60478	-20.262472	-45.670944							2005-01-08	8	1	2005	3709280	3709280	PRESERVED_SPECIMEN	UNESP-RC	HRCB	73790	1424	Melo, P.H.A.	2018-07-20T00:00:00	CC_BY_4_0	Herbário Rioclarense	Melo, P.H.A.		native	2026-06-26T18:22:55.315Z		CONTINENT_DERIVED_FROM_COORDINATES;INSTITUTION_MATCH_NONE
3827990342	fdf55163-54d8-4bc7-862d-7e41068589e3	https://specieslink.net/guid/15/73783	Plantae	Tracheophyta	Magnoliopsida	Caryophyllales	Phytolaccaceae	Petiveria	Petiveria alliacea		SPECIES	Petiveria alliacea L.	Petiveria alliacea	L.	BR	Fazenda Amargoso, MG 439 Km 16	Minas Gerais	PRESENT		92bd7d31-3255-4f1c-8552-cbb6fbe60478	-20.381	-45.661917			750.0				2003-05-25	25	5	2003	3084012	3084012	PRESERVED_SPECIMEN	UNESP-RC	HRCB	73783	639	Melo, P.H.A.	2018-07-20T00:00:00	CC_BY_4_0	Herbário Rioclarense	Melo, P.H.A.		introduced	2026-06-26T18:22:55.310Z		CONTINENT_DERIVED_FROM_COORDINATES;INSTITUTION_MATCH_NONE
3827990340	fdf55163-54d8-4bc7-862d-7e41068589e3	https://specieslink.net/guid/15/73784	Plantae	Tracheophyta	Magnoliopsida	Caryophyllales	Phytolaccaceae	Petiveria	Petiveria alliacea		SPECIES	Petiveria alliacea L.	Petiveria alliacea	L.	BR	Fazenda Amargoso, MG 439 Km 16	Minas Gerais	PRESENT		92bd7d31-3255-4f1c-8552-cbb6fbe60478	-20.384917	-45.649361							2003-12-08	8	12	2003	3084012	3084012	PRESERVED_SPECIMEN	UNESP-RC	HRCB	73784	1003	Melo, P.H.A.	2018-07-20T00:00:00	CC_BY_4_0	Herbário Rioclarense	Melo, P.H.A.		introduced	2026-06-26T18:22:55.493Z		CONTINENT_DERIVED_FROM_COORDINATES;INSTITUTION_MATCH_NONE
3827990337	fdf55163-54d8-4bc7-862d-7e41068589e3	https://specieslink.net/guid/15/73785	Plantae	Tracheophyta	Magnoliopsida	Caryophyllales	Phytolaccaceae	Phytolacca	Phytolacca dioica		SPECIES	Phytolacca dioica L.	Phytolacca dioica	L.	BR	Nascentes do Rio São Miguel, Região da Onça.	Minas Gerais	PRESENT		92bd7d31-3255-4f1c-8552-cbb6fbe60478	-20.431378	-45.619119							2006-11-25	25	11	2006	7309625	7309625	PRESERVED_SPECIMEN	UNESP-RC	HRCB	73785	2430	Melo, P.H.A.	2018-07-20T00:00:00	CC_BY_4_0	Herbário Rioclarense	Melo, P.H.A.		native	2026-06-26T18:22:55.143Z		CONTINENT_DERIVED_FROM_COORDINATES;INSTITUTION_MATCH_NONE
3827990319	fdf55163-54d8-4bc7-862d-7e41068589e3	https://specieslink.net/guid/15/73741	Plantae	Tracheophyta	Magnoliopsida	Myrtales	Onagraceae	Ludwigia			GENUS	Ludwigia L.	Ludwigia		BR	Fazenda Faroeste, margem esquerda do Rio São Miguel.	Minas Gerais	PRESENT		92bd7d31-3255-4f1c-8552-cbb6fbe60478	-20.266389	-45.660528							2005-01-07	7	1	2005	3189286		PRESERVED_SPECIMEN	UNESP-RC	HRCB	73741	1412			CC_BY_4_0	Herbário Rioclarense	Melo, P.H.A.			2026-06-26T18:22:55.351Z		CONTINENT_DERIVED_FROM_COORDINATES;INSTITUTION_MATCH_NONE
3800725307	d2470ef8-edfa-4ba7-821e-c3e1a537bdba	https://specieslink.net/guid/220/94002	Plantae	Tracheophyta	Magnoliopsida	Lamiales	Lamiaceae	Cantinoa	Cantinoa mutabilis		SPECIES	Cantinoa mutabilis (Rich.) Harley & J.F.B.Pastore	Cantinoa mutabilis	(Rich.) Harley & J.F.B.Pastore	BR	Fazenda Amargoso, MG-439, Km 16.	Minas Gerais	PRESENT		4265f332-341c-45f6-b30b-5dc2e39b86e8	-20.387222	-45.649722							2003-05-25	25	5	2003	7471562	7471562	PRESERVED_SPECIMEN	UFMG	BHCB	94002	641	Antar, GM		CC_BY_4_0	Herbário da UFMG - Fanerógamas, Algas e Fungos	Melo, PHA de; Carvalho, FA		native	2026-06-25T20:18:11.289Z		CONTINENT_DERIVED_FROM_COORDINATES;IDENTIFIED_DATE_INVALID;INSTITUTION_MATCH_NONE
3800719301	d2470ef8-edfa-4ba7-821e-c3e1a537bdba	https://specieslink.net/guid/220/82012	Plantae	Tracheophyta	Magnoliopsida	Lamiales	Lamiaceae	Cantinoa	Cantinoa mutabilis		SPECIES	Cantinoa mutabilis (Rich.) Harley & J.F.B.Pastore	Cantinoa mutabilis	(Rich.) Harley & J.F.B.Pastore	BR	Fazenda Faroeste, Margem direita do Rio São Miguel.	Minas Gerais	PRESENT		4265f332-341c-45f6-b30b-5dc2e39b86e8	-20.251583	-45.662972							2003-04-22	22	4	2003	7471562	7471562	PRESERVED_SPECIMEN	UFMG	BHCB	82012	604	Antar, GM		CC_BY_4_0	Herbário da UFMG - Fanerógamas, Algas e Fungos	Melo, PHA de		native	2026-06-25T20:18:11.200Z		CONTINENT_DERIVED_FROM_COORDINATES;IDENTIFIED_DATE_INVALID;INSTITUTION_MATCH_NONE
3800714303	d2470ef8-edfa-4ba7-821e-c3e1a537bdba	https://specieslink.net/guid/220/93954	Plantae	Tracheophyta	Magnoliopsida	Lamiales	Bignoniaceae	Amphilophium			GENUS	Amphilophium Kunth	Amphilophium		BR	Fazenda Faroeste, Margem esquerda do Rio São Miguel.	Minas Gerais	PRESENT		4265f332-341c-45f6-b30b-5dc2e39b86e8	-20.262528	-45.669528							2005-03-25	25	3	2005	3172588		PRESERVED_SPECIMEN	UFMG	BHCB	93954	1317			CC_BY_4_0	Herbário da UFMG - Fanerógamas, Algas e Fungos	Melo, PHA de; Martins, JF			2026-06-25T20:18:11.385Z		CONTINENT_DERIVED_FROM_COORDINATES;IDENTIFIED_DATE_INVALID;INSTITUTION_MATCH_NONE
3800712303	d2470ef8-edfa-4ba7-821e-c3e1a537bdba	https://specieslink.net/guid/220/88396	Plantae	Tracheophyta	Magnoliopsida	Malpighiales	Euphorbiaceae	Sebastiania	Sebastiania brasiliensis		SPECIES	Sebastiania brasiliensis Spreng.	Sebastiania brasiliensis	Spreng.	BR	Fazenda Faroeste, Margem direita do Rio São Miguel.	Minas Gerais	PRESENT		4265f332-341c-45f6-b30b-5dc2e39b86e8	-20.260417	-45.664028							2003-11-22	22	11	2003	5380609	5380609	PRESERVED_SPECIMEN	UFMG	BHCB	88396	937	Melo, PHA de		CC_BY_4_0	Herbário da UFMG - Fanerógamas, Algas e Fungos	Melo, PHA de; Carvalho, FA; Souza, DT; Mota, TRP; Cardoso, RHG		native	2026-06-25T20:18:11.041Z		CONTINENT_DERIVED_FROM_COORDINATES;IDENTIFIED_DATE_INVALID;INSTITUTION_MATCH_NONE
3800710904	e38d4c95-3a1d-4594-9ae9-883b48042e6d	https://specieslink.net/guid/399/119194	Plantae	Tracheophyta	Magnoliopsida	Solanales	Convolvulaceae	Ipomoea	Ipomoea sidifolia		SPECIES	Ipomoea sidifolia Schrad.	Ipomoea sidifolia	Schrad.	BR	Mineração Vale do São Franscisco.	Mg	PRESENT	1	7ef169f9-81f8-46a2-a7f7-240df6a1889c	-20.359722	-45.673888			613.0	0.0			2006-07-12	12	7	2006	7536938	7536938	PRESERVED_SPECIMEN	Cenargen	CEN	119194	156	R. Simão-Bianchini	2021-08-01T00:00:00	CC_BY_4_0	Herbário da Embrapa Recursos Genéticos e Biotecnologia	R. A. X. Borges		native	2026-06-25T22:17:05.651Z		CONTINENT_DERIVED_FROM_COORDINATES;INSTITUTION_MATCH_NONE
3800710654	e38d4c95-3a1d-4594-9ae9-883b48042e6d	https://specieslink.net/guid/399/119762	Plantae	Tracheophyta	Magnoliopsida	Asterales	Asteraceae	Chromolaena	Chromolaena laevigata		SPECIES	Chromolaena laevigata (Lam.) R.M.King & H.Rob.	Chromolaena laevigata	(Lam.) R.M.King & H.Rob.	BR	Fazenda Faroeste, margem direita do Rio São Miguel.	Mg	PRESENT	1	7ef169f9-81f8-46a2-a7f7-240df6a1889c	-20.260277	-45.663888			700.0	0.0			2003-07-05	5	7	2003	3087662	3087662	PRESERVED_SPECIMEN	Cenargen	CEN	119762	723	A. L. Christ	2021-08-01T00:00:00	CC_BY_4_0	Herbário da Embrapa Recursos Genéticos e Biotecnologia	Pablo Hendrigo Alves de Melo		native	2026-06-25T22:17:05.580Z		CONTINENT_DERIVED_FROM_COORDINATES;INSTITUTION_MATCH_NONE
3800669324	eee198af-c61d-489a-84f7-fef567e8c8d0	https://specieslink.net/guid/165/22083	Plantae	Tracheophyta	Liliopsida	Asparagales	Orchidaceae	Eulophia	Eulophia maculata		SPECIES	Oeceoclades maculata (Lindl.) Lindl.	Oeceoclades maculata	(Lindl.) Lindl.	BR	Próximo a Usina de processamento de cimento	Minas Gerais	PRESENT		f4cf14c8-58db-4947-a93c-e43f2b7fe171	-20.391111	-45.606111			786.0	0.0			2015-01-26	26	1	2015	2840119	5323741	PRESERVED_SPECIMEN	UFPB	EAN	22083	983			CC_BY_4_0	Herbário Jayme Coelho de Moraes	J. M. P. Cordeiro; L. P. Felix; E. M. Almeida & M. A. O. Marinho		introduced	2026-06-26T18:34:55.280Z		CONTINENT_DERIVED_FROM_COORDINATES;INSTITUTION_MATCH_FUZZY;INSTITUTION_COLLECTION_MISMATCH
3800669306	eee198af-c61d-489a-84f7-fef567e8c8d0	https://specieslink.net/guid/165/22015	Plantae	Tracheophyta	Liliopsida	Asparagales	Orchidaceae	Cattleya	Cattleya bicolor		SPECIES	Cattleya bicolor Lindl.	Cattleya bicolor	Lindl.	BR	Próximo a Usina de processamento de cimento	Minas Gerais	PRESENT		f4cf14c8-58db-4947-a93c-e43f2b7fe171	-20.391111	-45.606278			786.0	0.0			2015-01-26	26	1	2015	2800828	2800828	PRESERVED_SPECIMEN	UFPB	EAN	22015	946			CC_BY_4_0	Herbário Jayme Coelho de Moraes	J. M. P. Cordeiro; L. P. Felix; E. M. Almeida & M. A. O. Marinho		native	2026-06-26T18:34:55.274Z		CONTINENT_DERIVED_FROM_COORDINATES;INSTITUTION_MATCH_FUZZY;INSTITUTION_COLLECTION_MISMATCH
3800669092	eee198af-c61d-489a-84f7-fef567e8c8d0	https://specieslink.net/guid/165/23559	Plantae	Tracheophyta	Liliopsida	Asparagales	Orchidaceae	Epidendrum	Epidendrum paniculatum		SPECIES	Epidendrum paniculatum Ruiz & Pav.	Epidendrum paniculatum	Ruiz & Pav.	BR	Próxima a Usina de processamento de cimento	Minas Gerais	PRESENT		f4cf14c8-58db-4947-a93c-e43f2b7fe171	-20.391111	-45.606278			786.0	0.0			2015-01-26	26	1	2015	5321140	5321140	PRESERVED_SPECIMEN	UFPB	EAN	23559	951			CC_BY_4_0	Herbário Jayme Coelho de Moraes	J. M. P. Cordeiro; L. P. Felix; E. M. Almeida & M. A. O. Marinho			2026-06-26T18:34:55.323Z		CONTINENT_DERIVED_FROM_COORDINATES;INSTITUTION_MATCH_FUZZY;INSTITUTION_COLLECTION_MISMATCH
3800669063	eee198af-c61d-489a-84f7-fef567e8c8d0	https://specieslink.net/guid/165/22195	Plantae	Tracheophyta	Liliopsida	Asparagales	Orchidaceae	Catasetum	Catasetum fimbriatum		SPECIES	Catasetum fimbriatum (C.Morren) Lindl.	Catasetum fimbriatum	Lindl. & Paxton	BR	Próximo a Usina de processamento de cimento	Minas Gerais	PRESENT		f4cf14c8-58db-4947-a93c-e43f2b7fe171	-20.391111	-45.606278			786.0	0.0			2015-01-26	26	1	2015	2803797	2803797	PRESERVED_SPECIMEN	UFPB	EAN	22195	957			CC_BY_4_0	Herbário Jayme Coelho de Moraes	J. M. P. Cordeiro; L. P. Felix; E. M. Almeida & M. A. O. Marinho		native	2026-06-26T18:34:54.853Z		CONTINENT_DERIVED_FROM_COORDINATES;INSTITUTION_MATCH_FUZZY;INSTITUTION_COLLECTION_MISMATCH
3800669013	eee198af-c61d-489a-84f7-fef567e8c8d0	https://specieslink.net/guid/165/26070	Plantae	Tracheophyta	Liliopsida	Asparagales	Orchidaceae	Epidendrum	Epidendrum pseudodifforme		SPECIES	Epidendrum campaccii Hágsater & L.Sánchez	Epidendrum campaccii	Hágsater & L.Sánchez	BR	Próximo a Usina de processamento de cimento	Minas Gerais	PRESENT		f4cf14c8-58db-4947-a93c-e43f2b7fe171	-20.391111	-45.606278			786.0	0.0			2015-01-26	26	1	2015	5320870	5319799	PRESERVED_SPECIMEN	UFPB	EAN	26070	967			CC_BY_4_0	Herbário Jayme Coelho de Moraes	J. M. P. Cordeiro; L. P. Felix; E. M. Almeida & M. A. O. Marinho			2026-06-26T18:34:54.465Z		CONTINENT_DERIVED_FROM_COORDINATES;INSTITUTION_MATCH_FUZZY;INSTITUTION_COLLECTION_MISMATCH
3761274301	d2470ef8-edfa-4ba7-821e-c3e1a537bdba	https://specieslink.net/guid/220/93896	Plantae	Tracheophyta	Liliopsida	Poales	Poaceae	Guadua	Guadua paniculata		SPECIES	Guadua paniculata Munro	Guadua paniculata	Munro	BR	Fazenda Faroeste, Margem esquerda do Rio São Miguel	Minas Gerais	PRESENT		4265f332-341c-45f6-b30b-5dc2e39b86e8	-20.262222	-45.670833							2005-05-08	8	5	2005	4154735	4154735	PRESERVED_SPECIMEN	UFMG	BHCB	93896	1328	Afonso, EAL	2021-06-25T00:00:00	CC_BY_4_0	Herbário da UFMG - Fanerógamas, Algas e Fungos	Melo, PHA de; Viana, PL; Santos, FM; Heringer, G		native	2026-06-25T20:18:10.981Z		CONTINENT_DERIVED_FROM_COORDINATES;INSTITUTION_MATCH_NONE
3745854338	7741a517-ab3d-4b85-ae58-56322e44c8ce	https://specieslink.net/guid/2/207956	Plantae	Tracheophyta	Magnoliopsida	Gentianales	Apocynaceae	Prestonia	Prestonia coalita		SPECIES	Prestonia coalita (Vell.) Woodson	Prestonia coalita	(Vell.) Woodson	BR	Fazenda Faroeste, margem direita do Rio São Miguel (20°15'21.3'->20°15'59.1 S, 045°39'45.3'->045°39'41.8' W)	Minas Gerais	PRESENT		d073b448-6b80-4364-8c38-18d08b88797f	-20.255917	-45.661611							2004-02-15	15	2	2004	5536637	5536637	PRESERVED_SPECIMEN	UNICAMP	UEC	207956	1077	Melo, PHA		CC_BY_4_0	Herbário da Universidade Estadual de Campinas	Melo, PHA; Souza, DT; Palmeira, LRM; Carvalho, FA		native	2026-06-18T16:10:06.965Z		CONTINENT_DERIVED_FROM_COORDINATES;IDENTIFIED_DATE_INVALID;INSTITUTION_MATCH_NONE
3745850333	7741a517-ab3d-4b85-ae58-56322e44c8ce	https://specieslink.net/guid/2/207955	Plantae	Tracheophyta	Magnoliopsida	Gentianales	Apocynaceae	Prestonia	Prestonia coalita		SPECIES	Prestonia coalita (Vell.) Woodson	Prestonia coalita	(Vell.) Woodson	BR	Fazenda Faroeste, margem direita do Rio São Miguel (20°15'26.5'->20°16'13 S, 045°39'49.4'->045°39'47.5'W )	Minas Gerais	PRESENT		d073b448-6b80-4364-8c38-18d08b88797f	-20.257361	-45.663722							2004-01-02	2	1	2004	5536637	5536637	PRESERVED_SPECIMEN	UNICAMP	UEC	207955	1044	Melo, PHA	2004-01-02T00:00:00	CC_BY_4_0	Herbário da Universidade Estadual de Campinas	Melo, PHA; Silva, WO		native	2026-06-18T16:10:06.998Z		CONTINENT_DERIVED_FROM_COORDINATES;INSTITUTION_MATCH_NONE
3745693310	ed8e1590-62b5-48a8-8654-4ecc13554f57	https://specieslink.net/guid/453/114038	Plantae	Tracheophyta	Polypodiopsida	Polypodiales	Pteridaceae	Adiantum	Adiantum pectinatum		SPECIES	Adiantum pectinatum Kunze ex Baker	Adiantum pectinatum	Kunze ex Baker	BR	Fazenda Faroeste, Ao lado da Calciolândia.	Minas Gerais	PRESENT		4265f332-341c-45f6-b30b-5dc2e39b86e8	-20.270556	-45.659444							2007-12-15	15	12	2007	8041543	8041543	PRESERVED_SPECIMEN	UFMG	BHCB-SL	114038	13096	Figueiredo, JB		CC_BY_4_0	Herbário da UFMG - Samambaias e Licófitas	Salino, A; Dittrich, VAO; Pivari, MOD		native	2026-06-25T19:56:36.477Z		CONTINENT_DERIVED_FROM_COORDINATES;IDENTIFIED_DATE_INVALID;INSTITUTION_MATCH_NONE
3696007301	d2470ef8-edfa-4ba7-821e-c3e1a537bdba	https://specieslink.net/guid/220/88419	Plantae	Tracheophyta	Magnoliopsida	Lamiales	Scrophulariaceae	Buddleja	Buddleja brasiliensis		SPECIES	Buddleja brasiliensis J.Jacq.	Buddleja brasiliensis	J.Jacq.	BR	Fazenda Faroeste, Margem esquerda do Rio São Miguel.	Minas Gerais	PRESENT		4265f332-341c-45f6-b30b-5dc2e39b86e8	-20.255556	-45.67							2003-08-10	10	8	2003	7288250	7288250	PRESERVED_SPECIMEN	UFMG	BHCB	88419	828	Melo, PHA de		CC_BY_4_0	Herbário da UFMG - Fanerógamas, Algas e Fungos	Melo, PHA de; Santos, GP			2026-06-25T20:18:10.715Z		CONTINENT_DERIVED_FROM_COORDINATES;IDENTIFIED_DATE_INVALID;INSTITUTION_MATCH_NONE
3696006302	d2470ef8-edfa-4ba7-821e-c3e1a537bdba	https://specieslink.net/guid/220/82023	Plantae	Tracheophyta	Magnoliopsida	Asterales	Asteraceae	Gardnerina	Gardnerina angustata		SPECIES	Gardnerina angustata (Gardner) R.M.King & H.Rob.	Gardnerina angustata	(Gardner) R.M.King & H.Rob.	BR	Fazenda Faroeste, Margem direita do Rio São Miguel.	Minas Gerais	PRESENT		4265f332-341c-45f6-b30b-5dc2e39b86e8	-20.251583	-45.662972							2003-04-22	22	4	2003	3139400	3139400	PRESERVED_SPECIMEN	UFMG	BHCB	82023	607	Sobral, M; Teles, AM		CC_BY_4_0	Herbário da UFMG - Fanerógamas, Algas e Fungos	Melo, PHA de		native	2026-06-25T20:18:10.770Z		CONTINENT_DERIVED_FROM_COORDINATES;IDENTIFIED_DATE_INVALID;INSTITUTION_MATCH_NONE
3696004308	d2470ef8-edfa-4ba7-821e-c3e1a537bdba	https://specieslink.net/guid/220/93976	Plantae	Tracheophyta	Magnoliopsida	Asterales	Asteraceae				FAMILY	Asteraceae			BR	Fazenda Amargoso, MG 439 Km 16.	Minas Gerais	PRESENT		4265f332-341c-45f6-b30b-5dc2e39b86e8	-20.381	-45.651222							2004-04-08	8	4	2004	3065		PRESERVED_SPECIMEN	UFMG	BHCB	93976	1151			CC_BY_4_0	Herbário da UFMG - Fanerógamas, Algas e Fungos	Melo, PHA de; Leite, FSF; Leal, CG			2026-06-25T20:18:10.570Z		CONTINENT_DERIVED_FROM_COORDINATES;IDENTIFIED_DATE_INVALID;INSTITUTION_MATCH_NONE
3696004307	d2470ef8-edfa-4ba7-821e-c3e1a537bdba	https://specieslink.net/guid/220/90492	Plantae	Tracheophyta	Liliopsida	Poales	Poaceae	Setaria	Setaria sulcata		SPECIES	Setaria sulcata Raddi	Setaria sulcata	Raddi	BR	Fazenda Amargoso, MG-439, Km 16.	Minas Gerais	PRESENT		4265f332-341c-45f6-b30b-5dc2e39b86e8	-20.381	-45.651222							2004-04-08	8	4	2004	5673534	5673534	PRESERVED_SPECIMEN	UFMG	BHCB	90492	1127	Malaquias, KR	2023-02-27T00:00:00	CC_BY_4_0	Herbário da UFMG - Fanerógamas, Algas e Fungos	Melo, PHA de; Leite, FSF; Leal, CG		native	2026-06-25T20:18:10.608Z		CONTINENT_DERIVED_FROM_COORDINATES;INSTITUTION_MATCH_NONE
3696004306	d2470ef8-edfa-4ba7-821e-c3e1a537bdba	https://specieslink.net/guid/220/90140	Plantae	Tracheophyta	Liliopsida	Poales	Poaceae	Setaria	Setaria vulpiseta		SPECIES	Setaria vulpiseta (Lam.) Roem. & Schult.	Setaria vulpiseta	(Lam.) Roem. & Schult.	BR	Fazenda Amargoso, MG-439, Km 16. Início da trilha da mata.	Minas Gerais	PRESENT		4265f332-341c-45f6-b30b-5dc2e39b86e8	-20.381	-45.651222							2004-03-03	3	3	2004	5289673	5289673	PRESERVED_SPECIMEN	UFMG	BHCB	90140	1113	Viana, PL		CC_BY_4_0	Herbário da UFMG - Fanerógamas, Algas e Fungos	Melo, PHA de		native	2026-06-25T20:18:10.606Z		CONTINENT_DERIVED_FROM_COORDINATES;IDENTIFIED_DATE_INVALID;INSTITUTION_MATCH_NONE
3696003310	d2470ef8-edfa-4ba7-821e-c3e1a537bdba	https://specieslink.net/guid/220/93997	Plantae	Tracheophyta	Magnoliopsida	Asterales	Asteraceae				FAMILY	Asteraceae			BR	Fazenda Faroeste, Margem direita do Rio São Miguel.	Minas Gerais	PRESENT		4265f332-341c-45f6-b30b-5dc2e39b86e8	-20.256389	-45.669167							2003-03-08	8	3	2003	3065		PRESERVED_SPECIMEN	UFMG	BHCB	93997	472			CC_BY_4_0	Herbário da UFMG - Fanerógamas, Algas e Fungos	Melo, PHA de			2026-06-25T20:18:10.881Z		CONTINENT_DERIVED_FROM_COORDINATES;IDENTIFIED_DATE_INVALID;INSTITUTION_MATCH_NONE
3696003309	d2470ef8-edfa-4ba7-821e-c3e1a537bdba	https://specieslink.net/guid/220/93924	Plantae	Tracheophyta	Magnoliopsida	Asterales	Asteraceae	Gardnerina	Gardnerina angustata		SPECIES	Gardnerina angustata (Gardner) R.M.King & H.Rob.	Gardnerina angustata	(Gardner) R.M.King & H.Rob.	BR	Região do Corumbá, próximo ao Morro do Marruá, Mineração Agrocampo.	Minas Gerais	PRESENT		4265f332-341c-45f6-b30b-5dc2e39b86e8	-20.348778	-45.63625							2005-05-27	27	5	2005	3139400	3139400	PRESERVED_SPECIMEN	UFMG	BHCB	93924	1354	Sobral, M; Teles, AM		CC_BY_4_0	Herbário da UFMG - Fanerógamas, Algas e Fungos	Melo, PHA de; Melo Júnior, EA		native	2026-06-25T20:18:10.581Z		CONTINENT_DERIVED_FROM_COORDINATES;IDENTIFIED_DATE_INVALID;INSTITUTION_MATCH_NONE
3696003308	d2470ef8-edfa-4ba7-821e-c3e1a537bdba	https://specieslink.net/guid/220/90495	Plantae	Tracheophyta	Liliopsida	Poales	Poaceae	Setaria	Setaria vulpiseta		SPECIES	Setaria vulpiseta (Lam.) Roem. & Schult.	Setaria vulpiseta	(Lam.) Roem. & Schult.	BR	Fazenda Faroeste, Margem direita do Rio São Miguel.	Minas Gerais	PRESENT		4265f332-341c-45f6-b30b-5dc2e39b86e8	-20.251583	-45.662972							2003-04-07	7	4	2003	5289673	5289673	PRESERVED_SPECIMEN	UFMG	BHCB	90495	526	Viana, PL		CC_BY_4_0	Herbário da UFMG - Fanerógamas, Algas e Fungos	Melo, PHA de; Viana, PL; Alves, AC		native	2026-06-25T20:18:10.626Z		CONTINENT_DERIVED_FROM_COORDINATES;IDENTIFIED_DATE_INVALID;INSTITUTION_MATCH_NONE
3696003303	d2470ef8-edfa-4ba7-821e-c3e1a537bdba	https://specieslink.net/guid/220/82025	Plantae	Tracheophyta	Magnoliopsida	Asterales	Asteraceae	Blainvillea	Blainvillea dichotoma		SPECIES	Blainvillea rhomboidea Cass.	Blainvillea rhomboidea	Cass.	BR	Fazenda Faroeste, Margem direita do Rio São Miguel.	Minas Gerais	PRESENT		4265f332-341c-45f6-b30b-5dc2e39b86e8	-20.251583	-45.662972							2003-04-22	22	4	2003	5385680	7595301	PRESERVED_SPECIMEN	UFMG	BHCB	82025	592			CC_BY_4_0	Herbário da UFMG - Fanerógamas, Algas e Fungos	Melo, PHA de			2026-06-25T20:18:10.642Z		CONTINENT_DERIVED_FROM_COORDINATES;IDENTIFIED_DATE_INVALID;INSTITUTION_MATCH_NONE
3696002303	d2470ef8-edfa-4ba7-821e-c3e1a537bdba	https://specieslink.net/guid/220/85640	Plantae	Tracheophyta	Magnoliopsida	Asterales	Asteraceae	Ageratum	Ageratum conyzoides		SPECIES	Ageratum conyzoides L.	Ageratum conyzoides	L.	BR	Fazenda Faroeste, Margem esquerda do Rio São Miguel.	Minas Gerais	PRESENT		4265f332-341c-45f6-b30b-5dc2e39b86e8	-20.255556	-45.67							2003-08-10	10	8	2003	5401673	5401673	PRESERVED_SPECIMEN	UFMG	BHCB	85640	820	Teles, AM		CC_BY_4_0	Herbário da UFMG - Fanerógamas, Algas e Fungos	Melo, PHA de; Santos, GP		native	2026-06-25T20:18:10.703Z		CONTINENT_DERIVED_FROM_COORDINATES;IDENTIFIED_DATE_INVALID;INSTITUTION_MATCH_NONE
3696000309	d2470ef8-edfa-4ba7-821e-c3e1a537bdba	https://specieslink.net/guid/220/94003	Plantae	Tracheophyta	Magnoliopsida	Asterales	Asteraceae				FAMILY	Asteraceae			BR	Fazenda Faroeste, Margem direita do Rio São Miguel.	Minas Gerais	PRESENT		4265f332-341c-45f6-b30b-5dc2e39b86e8	-20.255917	-45.662583							2004-02-15	15	2	2004	3065		PRESERVED_SPECIMEN	UFMG	BHCB	94003	1069			CC_BY_4_0	Herbário da UFMG - Fanerógamas, Algas e Fungos	Melo, PHA de; Souza, DT; Palmeira, LRM; Carvalho, FA			2026-06-25T20:18:10.667Z		CONTINENT_DERIVED_FROM_COORDINATES;IDENTIFIED_DATE_INVALID;INSTITUTION_MATCH_NONE
3695999307	d2470ef8-edfa-4ba7-821e-c3e1a537bdba	https://specieslink.net/guid/220/90101	Plantae	Tracheophyta	Magnoliopsida	Sapindales	Anacardiaceae	Tapirira	Tapirira obtusa		SPECIES	Tapirira obtusa (Benth.) J.D.Mitch.	Tapirira obtusa	(Benth.) J.D.Mitch.	BR	Fazenda Faroeste, Margem direita do Rio São Miguel. Afloramento da Bocaina.	Minas Gerais	PRESENT		4265f332-341c-45f6-b30b-5dc2e39b86e8	-20.266389	-45.660528							2004-08-13	13	8	2004	3659992	3659992	PRESERVED_SPECIMEN	UFMG	BHCB	90101	1248	Lombardi, JA		CC_BY_4_0	Herbário da UFMG - Fanerógamas, Algas e Fungos	Melo, PHA de; Coelho, LHL		native	2026-06-25T20:18:10.503Z		CONTINENT_DERIVED_FROM_COORDINATES;IDENTIFIED_DATE_INVALID;INSTITUTION_MATCH_NONE
3695999305	d2470ef8-edfa-4ba7-821e-c3e1a537bdba	https://specieslink.net/guid/220/85639	Plantae	Tracheophyta	Magnoliopsida	Asterales	Asteraceae	Emilia	Emilia sonchifolia		SPECIES	Emilia sonchifolia (L.) DC. ex Wight	Emilia sonchifolia	DC.	BR	Fazenda Faroeste, Margem esquerda do Rio São Miguel.	Minas Gerais	PRESENT		4265f332-341c-45f6-b30b-5dc2e39b86e8	-20.255556	-45.67							2003-08-10	10	8	2003	7376217	7376217	PRESERVED_SPECIMEN	UFMG	BHCB	85639	819	Teles, AM		CC_BY_4_0	Herbário da UFMG - Fanerógamas, Algas e Fungos	Melo, PHA de; Santos, GP		introduced	2026-06-25T20:18:10.480Z		CONTINENT_DERIVED_FROM_COORDINATES;IDENTIFIED_DATE_INVALID;INSTITUTION_MATCH_NONE
3695996302	d2470ef8-edfa-4ba7-821e-c3e1a537bdba	https://specieslink.net/guid/220/82234	Plantae	Tracheophyta	Magnoliopsida	Asterales	Asteraceae	Acmella	Acmella brachyglossa		SPECIES	Acmella brachyglossa Cass.	Acmella brachyglossa	Casar.	BR	Fazenda Faroeste, Margem direita do Rio São Miguel.	Minas Gerais	PRESENT		4265f332-341c-45f6-b30b-5dc2e39b86e8	-20.251583	-45.662972							2003-07-05	5	7	2003	5386734	5386734	PRESERVED_SPECIMEN	UFMG	BHCB	82234	743			CC_BY_4_0	Herbário da UFMG - Fanerógamas, Algas e Fungos	Melo, PHA de; Libanio, RC; Ferreira, RR; Loyola, DM		native	2026-06-25T20:18:10.502Z		CONTINENT_DERIVED_FROM_COORDINATES;IDENTIFIED_DATE_INVALID;INSTITUTION_MATCH_NONE
3695996301	d2470ef8-edfa-4ba7-821e-c3e1a537bdba	https://specieslink.net/guid/220/82036	Plantae	Tracheophyta	Liliopsida	Poales	Poaceae	Setaria	Setaria vulpiseta		SPECIES	Setaria vulpiseta (Lam.) Roem. & Schult.	Setaria vulpiseta	(Lam.) Roem. & Schult.	BR	Fazenda Amargoso, MG-439, Km 16.	Minas Gerais	PRESENT		4265f332-341c-45f6-b30b-5dc2e39b86e8	-20.387222	-45.649722							2003-05-25	25	5	2003	5289673	5289673	PRESERVED_SPECIMEN	UFMG	BHCB	82036	632	Viana, PL		CC_BY_4_0	Herbário da UFMG - Fanerógamas, Algas e Fungos	Melo, PHA de; Carvalho, FA; Ranieri, BD; Souza, DT; Lana, TC		native	2026-06-25T20:18:10.760Z		CONTINENT_DERIVED_FROM_COORDINATES;IDENTIFIED_DATE_INVALID;INSTITUTION_MATCH_NONE
3695995306	d2470ef8-edfa-4ba7-821e-c3e1a537bdba	https://specieslink.net/guid/220/94026	Plantae	Tracheophyta	Magnoliopsida	Asterales	Asteraceae	Gardnerina	Gardnerina angustata		SPECIES	Gardnerina angustata (Gardner) R.M.King & H.Rob.	Gardnerina angustata	(Gardner) R.M.King & H.Rob.	BR	Região do Corumbá, próximo ao Morro do Marruá, Mineração Agrocampo.	Minas Gerais	PRESENT		4265f332-341c-45f6-b30b-5dc2e39b86e8	-20.348778	-45.63625							2005-05-28	28	5	2005	3139400	3139400	PRESERVED_SPECIMEN	UFMG	BHCB	94026	1364	Sobral, M; Teles, AM		CC_BY_4_0	Herbário da UFMG - Fanerógamas, Algas e Fungos	Melo, PHA de; Melo Júnior, EA		native	2026-06-25T20:18:10.507Z		CONTINENT_DERIVED_FROM_COORDINATES;IDENTIFIED_DATE_INVALID;INSTITUTION_MATCH_NONE
3695995301	d2470ef8-edfa-4ba7-821e-c3e1a537bdba	https://specieslink.net/guid/220/82029	Plantae	Tracheophyta	Magnoliopsida	Asterales	Asteraceae	Delilia	Delilia biflora		SPECIES	Elvira biflora (L.) DC.	Elvira biflora	(L.) DC.	BR	Fazenda Faroeste, Margem direita do Rio São Miguel.	Minas Gerais	PRESENT		4265f332-341c-45f6-b30b-5dc2e39b86e8	-20.251583	-45.662972							2003-04-22	22	4	2003	5385812	3088794	PRESERVED_SPECIMEN	UFMG	BHCB	82029	596	Viana, PL		CC_BY_4_0	Herbário da UFMG - Fanerógamas, Algas e Fungos	Melo, PHA de			2026-06-25T20:18:10.753Z		CONTINENT_DERIVED_FROM_COORDINATES;IDENTIFIED_DATE_INVALID;INSTITUTION_MATCH_NONE
3695994306	d2470ef8-edfa-4ba7-821e-c3e1a537bdba	https://specieslink.net/guid/220/94012	Plantae	Tracheophyta	Magnoliopsida	Asterales	Asteraceae				FAMILY	Asteraceae			BR	Fazenda Faroeste, Margem direita do Rio São Miguel.	Minas Gerais	PRESENT		4265f332-341c-45f6-b30b-5dc2e39b86e8	-20.260417	-45.664028							2003-04-22	22	4	2003	3065		PRESERVED_SPECIMEN	UFMG	BHCB	94012	593			CC_BY_4_0	Herbário da UFMG - Fanerógamas, Algas e Fungos	Melo, PHA de			2026-06-25T20:18:10.436Z		CONTINENT_DERIVED_FROM_COORDINATES;IDENTIFIED_DATE_INVALID;INSTITUTION_MATCH_NONE
3695994305	d2470ef8-edfa-4ba7-821e-c3e1a537bdba	https://specieslink.net/guid/220/90485	Plantae	Tracheophyta	Liliopsida	Poales	Poaceae	Setaria	Setaria poiretiana		SPECIES	Setaria poiretiana (Schult.) Kunth	Setaria poiretiana	(Schult.) Kunth	BR	Fazenda Amargoso, MG-439, Km 16.	Minas Gerais	PRESENT		4265f332-341c-45f6-b30b-5dc2e39b86e8	-20.387222	-45.649722							2003-03-22	22	3	2003	5289708	5289708	PRESERVED_SPECIMEN	UFMG	BHCB	90485	517	Viana, PL		CC_BY_4_0	Herbário da UFMG - Fanerógamas, Algas e Fungos	Melo, PHA de; Leite, FSF; Leal, CG			2026-06-25T20:18:10.453Z		CONTINENT_DERIVED_FROM_COORDINATES;IDENTIFIED_DATE_INVALID;INSTITUTION_MATCH_NONE
3695994304	d2470ef8-edfa-4ba7-821e-c3e1a537bdba	https://specieslink.net/guid/220/90133	Plantae	Tracheophyta	Liliopsida	Poales	Poaceae	Setaria	Setaria vulpiseta		SPECIES	Setaria vulpiseta (Lam.) Roem. & Schult.	Setaria vulpiseta	(Lam.) Roem. & Schult.	BR	Fazenda Amargoso, MG-439, Km 16. Início da trilha da mata.	Minas Gerais	PRESENT		4265f332-341c-45f6-b30b-5dc2e39b86e8	-20.381	-45.651222							2004-03-03	3	3	2004	5289673	5289673	PRESERVED_SPECIMEN	UFMG	BHCB	90133	1114	Viana, PL		CC_BY_4_0	Herbário da UFMG - Fanerógamas, Algas e Fungos	Melo, PHA de		native	2026-06-25T20:18:10.424Z		CONTINENT_DERIVED_FROM_COORDINATES;IDENTIFIED_DATE_INVALID;INSTITUTION_MATCH_NONE
3695994301	d2470ef8-edfa-4ba7-821e-c3e1a537bdba	https://specieslink.net/guid/220/82231	Plantae	Tracheophyta	Magnoliopsida	Asterales	Asteraceae	Elephantopus	Elephantopus mollis		SPECIES	Elephantopus mollis Kunth	Elephantopus mollis	Kunth	BR	Fazenda Faroeste, Margem direita do Rio São Miguel.	Minas Gerais	PRESENT		4265f332-341c-45f6-b30b-5dc2e39b86e8	-20.251583	-45.662972							2003-07-05	5	7	2003	5395928	5395928	PRESERVED_SPECIMEN	UFMG	BHCB	82231	730	Melo, PHA de		CC_BY_4_0	Herbário da UFMG - Fanerógamas, Algas e Fungos	Melo, PHA de; Libanio, RC; Ferreira, RR; Loyola, DM		native	2026-06-25T20:18:10.482Z		CONTINENT_DERIVED_FROM_COORDINATES;IDENTIFIED_DATE_INVALID;INSTITUTION_MATCH_NONE
3695993302	d2470ef8-edfa-4ba7-821e-c3e1a537bdba	https://specieslink.net/guid/220/81988	Plantae	Tracheophyta	Magnoliopsida	Asterales	Asteraceae	Cosmos	Cosmos caudatus		SPECIES	Cosmos caudatus Kunth	Cosmos caudatus	Kunth	BR	Fazenda Amargoso, MG-439, km 16.	Minas Gerais	PRESENT		4265f332-341c-45f6-b30b-5dc2e39b86e8	-20.387222	-45.649722							2003-04-15	15	4	2003	3098932	3098932	PRESERVED_SPECIMEN	UFMG	BHCB	81988	570			CC_BY_4_0	Herbário da UFMG - Fanerógamas, Algas e Fungos	Melo, PHA de; Carvalho, FA; Ranieri, BD; Souza, DT; Lana, TC		introduced	2026-06-25T20:18:10.402Z		CONTINENT_DERIVED_FROM_COORDINATES;IDENTIFIED_DATE_INVALID;INSTITUTION_MATCH_NONE
3695992309	d2470ef8-edfa-4ba7-821e-c3e1a537bdba	https://specieslink.net/guid/220/90134	Plantae	Tracheophyta	Liliopsida	Poales	Poaceae	Setaria	Setaria vulpiseta		SPECIES	Setaria vulpiseta (Lam.) Roem. & Schult.	Setaria vulpiseta	(Lam.) Roem. & Schult.	BR	Fazenda Amargoso, MG-439, Km 16. Divisa com Francisco Gonçalves Costa.	Minas Gerais	PRESENT		4265f332-341c-45f6-b30b-5dc2e39b86e8	-20.382861	-45.6495							2004-02-16	16	2	2004	5289673	5289673	PRESERVED_SPECIMEN	UFMG	BHCB	90134	1093	Viana, PL		CC_BY_4_0	Herbário da UFMG - Fanerógamas, Algas e Fungos	Melo, PHA de		native	2026-06-25T20:18:10.438Z		CONTINENT_DERIVED_FROM_COORDINATES;IDENTIFIED_DATE_INVALID;INSTITUTION_MATCH_NONE
3695992304	d2470ef8-edfa-4ba7-821e-c3e1a537bdba	https://specieslink.net/guid/220/82052	Plantae	Tracheophyta	Liliopsida	Poales	Poaceae	Setaria	Setaria vulpiseta		SPECIES	Setaria vulpiseta (Lam.) Roem. & Schult.	Setaria vulpiseta	(Lam.) Roem. & Schult.	BR	Fazenda Faroeste, Margem esquerda do Rio São Miguel.	Minas Gerais	PRESENT		4265f332-341c-45f6-b30b-5dc2e39b86e8	-20.256389	-45.669167							2003-05-26	26	5	2003	5289673	5289673	PRESERVED_SPECIMEN	UFMG	BHCB	82052	653	Viana, PL		CC_BY_4_0	Herbário da UFMG - Fanerógamas, Algas e Fungos	Melo, PHA de; Carvalho, FA; Ranieri, BD; Souza, DT; Lana, TC		native	2026-06-25T20:18:10.377Z		CONTINENT_DERIVED_FROM_COORDINATES;IDENTIFIED_DATE_INVALID;INSTITUTION_MATCH_NONE
3695991306	d2470ef8-edfa-4ba7-821e-c3e1a537bdba	https://specieslink.net/guid/220/82230	Plantae	Tracheophyta	Magnoliopsida	Asterales	Asteraceae	Chromolaena	Chromolaena maximiliani		SPECIES	Chromolaena maximiliani (Schrad. ex DC.) R.M.King & H.Rob.	Chromolaena maximilianii	(Schrad. ex DC.) R.M.King & H.Rob.	BR	Fazenda Faroeste, Margem direita do Rio São Miguel.	Minas Gerais	PRESENT		4265f332-341c-45f6-b30b-5dc2e39b86e8	-20.251583	-45.662972							2003-07-05	5	7	2003	3087704	3087704	PRESERVED_SPECIMEN	UFMG	BHCB	82230	719			CC_BY_4_0	Herbário da UFMG - Fanerógamas, Algas e Fungos	Melo, PHA de; Libanio, RC; Ferreira, RR; Loyola, DM			2026-06-25T20:18:10.408Z		CONTINENT_DERIVED_FROM_COORDINATES;IDENTIFIED_DATE_INVALID;INSTITUTION_MATCH_NONE;TAXON_MATCH_FUZZY
3695991305	d2470ef8-edfa-4ba7-821e-c3e1a537bdba	https://specieslink.net/guid/220/82050	Plantae	Tracheophyta	Magnoliopsida	Asterales	Asteraceae	Blainvillea	Blainvillea dichotoma		SPECIES	Blainvillea rhomboidea Cass.	Blainvillea rhomboidea	Cass.	BR	Fazenda Faroeste, Margem esquerda do Rio São Miguel.	Minas Gerais	PRESENT		4265f332-341c-45f6-b30b-5dc2e39b86e8	-20.256389	-45.669167							2003-05-26	26	5	2003	5385680	7595301	PRESERVED_SPECIMEN	UFMG	BHCB	82050	651			CC_BY_4_0	Herbário da UFMG - Fanerógamas, Algas e Fungos	Melo, PHA de; Carvalho, FA; Ranieri, BD; Souza, DT; Lana, TC			2026-06-25T20:18:10.449Z		CONTINENT_DERIVED_FROM_COORDINATES;IDENTIFIED_DATE_INVALID;INSTITUTION_MATCH_NONE
3695990308	d2470ef8-edfa-4ba7-821e-c3e1a537bdba	https://specieslink.net/guid/220/85638	Plantae	Tracheophyta	Magnoliopsida	Asterales	Asteraceae	Chaptalia	Chaptalia nutans		SPECIES	Chaptalia nutans (L.) Pol.	Chaptalia nutans	(L.) Pol.	BR	Fazenda Faroeste, Margem esquerda do Rio São Miguel.	Minas Gerais	PRESENT		4265f332-341c-45f6-b30b-5dc2e39b86e8	-20.255556	-45.67							2003-08-10	10	8	2003	8208628	8255992	PRESERVED_SPECIMEN	UFMG	BHCB	85638	818	Teles, AM		CC_BY_4_0	Herbário da UFMG - Fanerógamas, Algas e Fungos	Melo, PHA de; Santos, GP		native	2026-06-25T20:18:10.329Z		CONTINENT_DERIVED_FROM_COORDINATES;IDENTIFIED_DATE_INVALID;INSTITUTION_MATCH_NONE
3695988307	d2470ef8-edfa-4ba7-821e-c3e1a537bdba	https://specieslink.net/guid/220/90481	Plantae	Tracheophyta	Liliopsida	Poales	Poaceae	Setaria	Setaria vulpiseta		SPECIES	Setaria vulpiseta (Lam.) Roem. & Schult.	Setaria vulpiseta	(Lam.) Roem. & Schult.	BR	Fazenda Faroeste, Margem direita do Rio São Miguel.	Minas Gerais	PRESENT		4265f332-341c-45f6-b30b-5dc2e39b86e8	-20.251583	-45.662972							2003-07-05	5	7	2003	5289673	5289673	PRESERVED_SPECIMEN	UFMG	BHCB	90481	712	Viana, PL		CC_BY_4_0	Herbário da UFMG - Fanerógamas, Algas e Fungos	Melo, PHA de; Libanio, RC; Ferreira, RR; Loyola, DM		native	2026-06-25T20:18:10.192Z		CONTINENT_DERIVED_FROM_COORDINATES;IDENTIFIED_DATE_INVALID;INSTITUTION_MATCH_NONE
3695988305	d2470ef8-edfa-4ba7-821e-c3e1a537bdba	https://specieslink.net/guid/220/88358	Plantae	Tracheophyta	Magnoliopsida	Asterales	Asteraceae	Aspilia			GENUS	Aspilia Thouars	Aspilia		BR	Fazenda Amargoso, MG-439, km 16, divisa com Francisco Gonçalves Costa.	Minas Gerais	PRESENT		4265f332-341c-45f6-b30b-5dc2e39b86e8	-20.382861	-45.6495							2004-02-16	16	2	2004	8045475		PRESERVED_SPECIMEN	UFMG	BHCB	88358	1089			CC_BY_4_0	Herbário da UFMG - Fanerógamas, Algas e Fungos	Melo, PHA de			2026-06-25T20:18:10.279Z		CONTINENT_DERIVED_FROM_COORDINATES;IDENTIFIED_DATE_INVALID;INSTITUTION_MATCH_NONE
3695987306	d2470ef8-edfa-4ba7-821e-c3e1a537bdba	https://specieslink.net/guid/220/93989	Plantae	Tracheophyta	Magnoliopsida	Sapindales	Anacardiaceae	Myracrodruon	Myracrodruon urundeuva		SPECIES	Myracrodruon urundeuva Allemão	Myracrodruon urundeuva	Allemão	BR	Fazenda Amargoso, MG-439, Km 16.	Minas Gerais	PRESENT		4265f332-341c-45f6-b30b-5dc2e39b86e8	-20.393056	-45.646389							2003-08-09	9	8	2003	3660652	3660652	PRESERVED_SPECIMEN	UFMG	BHCB	93989	786	Melo, PHA de		CC_BY_4_0	Herbário da UFMG - Fanerógamas, Algas e Fungos	Melo, PHA de			2026-06-25T20:18:10.043Z		CONTINENT_DERIVED_FROM_COORDINATES;IDENTIFIED_DATE_INVALID;INSTITUTION_MATCH_NONE
3695987305	d2470ef8-edfa-4ba7-821e-c3e1a537bdba	https://specieslink.net/guid/220/90487	Plantae	Tracheophyta	Liliopsida	Poales	Poaceae	Setaria	Setaria poiretiana		SPECIES	Setaria poiretiana (Schult.) Kunth	Setaria poiretiana	(Schult.) Kunth	BR	Fazenda Faroeste, Margem direita do Rio São Miguel.	Minas Gerais	PRESENT		4265f332-341c-45f6-b30b-5dc2e39b86e8	-20.251583	-45.662972							2003-04-07	7	4	2003	5289708	5289708	PRESERVED_SPECIMEN	UFMG	BHCB	90487	524			CC_BY_4_0	Herbário da UFMG - Fanerógamas, Algas e Fungos	Melo, PHA de; Viana, PL; Alves, AC			2026-06-25T20:18:10.020Z		CONTINENT_DERIVED_FROM_COORDINATES;IDENTIFIED_DATE_INVALID;INSTITUTION_MATCH_NONE
3695987302	d2470ef8-edfa-4ba7-821e-c3e1a537bdba	https://specieslink.net/guid/220/82035	Plantae	Tracheophyta	Magnoliopsida	Asterales	Asteraceae	Aldama			GENUS	Aldama La Llave	Aldama		BR	Fazenda Amargoso, MG-439 Km 16. Área de mineração.	Minas Gerais	PRESENT		4265f332-341c-45f6-b30b-5dc2e39b86e8	-20.387222	-45.649722							2003-05-25	25	5	2003	3117990		PRESERVED_SPECIMEN	UFMG	BHCB	82035	634			CC_BY_4_0	Herbário da UFMG - Fanerógamas, Algas e Fungos	Melo, PHA de; Carvalho, FA; Ranieri, BD; Souza, DT; Lana, TC			2026-06-25T20:18:09.997Z		CONTINENT_DERIVED_FROM_COORDINATES;IDENTIFIED_DATE_INVALID;INSTITUTION_MATCH_NONE
3461501304	d2470ef8-edfa-4ba7-821e-c3e1a537bdba	https://specieslink.net/guid/220/94001	Plantae	Tracheophyta	Magnoliopsida	Malpighiales	Euphorbiaceae	Actinostemon	Actinostemon klotzschii		SPECIES	Actinostemon klotzschii (Didr.) Pax	Actinostemon klotzschii	(Didr.) Pax	BR	Fazenda Faroeste, Margem direita do Rio São Miguel.	Minas Gerais	PRESENT		4265f332-341c-45f6-b30b-5dc2e39b86e8	-20.260417	-45.664028							2003-10-30	30	10	2003	3063242	3063242	PRESERVED_SPECIMEN	UFMG	BHCB	94001	931	Melo, PHA de		CC_BY_4_0	Herbário da UFMG - Fanerógamas, Algas e Fungos	Melo, PHA de		native	2026-06-25T20:18:09.985Z		CONTINENT_DERIVED_FROM_COORDINATES;IDENTIFIED_DATE_INVALID;INSTITUTION_MATCH_NONE
3461492304	d2470ef8-edfa-4ba7-821e-c3e1a537bdba	https://specieslink.net/guid/220/88377	Plantae	Tracheophyta	Magnoliopsida	Brassicales	Cleomaceae	Cleome			GENUS	Cleome L.	Cleome		BR	Fazenda Faroeste, Margem direita do Rio São Miguel.	Minas Gerais	PRESENT		4265f332-341c-45f6-b30b-5dc2e39b86e8	-20.257361	-45.663722							2004-01-02	2	1	2004	3041500		PRESERVED_SPECIMEN	UFMG	BHCB	88377	1060			CC_BY_4_0	Herbário da UFMG - Fanerógamas, Algas e Fungos	Melo, PHA de; Silva, WO			2026-06-25T20:18:10.520Z		CONTINENT_DERIVED_FROM_COORDINATES;IDENTIFIED_DATE_INVALID;INSTITUTION_MATCH_NONE
3461437385	ed8e1590-62b5-48a8-8654-4ecc13554f57	https://specieslink.net/guid/453/195508	Plantae	Tracheophyta	Polypodiopsida	Polypodiales	Pteridaceae	Adiantum	Adiantum terminatum		SPECIES	Adiantum terminatum Kunze ex Miq.	Adiantum terminatum	Kunze ex Miq.	BR	Região do Arrepiado, Fazenda Barreira	Minas Gerais	PRESENT		4265f332-341c-45f6-b30b-5dc2e39b86e8	-20.142778	-45.711111							2018-09-08	8	9	2018	3747895	3747895	PRESERVED_SPECIMEN	UFMG	BHCB-SL	195508	6425	Souza, FS de; Pivari, MOD		CC_BY_4_0	Herbário da UFMG - Samambaias e Licófitas	Rezende, SG		native	2026-06-25T19:56:36.563Z		CONTINENT_DERIVED_FROM_COORDINATES;IDENTIFIED_DATE_INVALID;INSTITUTION_MATCH_NONE
3461437384	ed8e1590-62b5-48a8-8654-4ecc13554f57	https://specieslink.net/guid/453/195503	Plantae	Tracheophyta	Polypodiopsida	Cyatheales	Cyatheaceae				FAMILY	Cyatheaceae			BR	Região do Arrepiado, Fazenda Barreira	Minas Gerais	PRESENT		4265f332-341c-45f6-b30b-5dc2e39b86e8	-20.142778	-45.711111							2018-09-08	8	9	2018	6624		PRESERVED_SPECIMEN	UFMG	BHCB-SL	195503	6420	Moreira, SN		CC_BY_4_0	Herbário da UFMG - Samambaias e Licófitas	Rezende, SG			2026-06-25T19:56:36.083Z		CONTINENT_DERIVED_FROM_COORDINATES;IDENTIFIED_DATE_INVALID;INSTITUTION_MATCH_NONE
3461437340	ed8e1590-62b5-48a8-8654-4ecc13554f57	https://specieslink.net/guid/453/87448	Plantae	Tracheophyta	Polypodiopsida	Polypodiales	Tectariaceae	Tectaria	Tectaria pilosa		SPECIES	Tectaria pilosa (Fée) R.C.Moran	Tectaria pilosa	(Fée) R.C.Moran	BR	Fazenda Faroeste, Próximo a margem direita do rio São Miguel.	Minas Gerais	PRESENT		4265f332-341c-45f6-b30b-5dc2e39b86e8	-20.268889	-45.660556							2004-04-11	11	4	2004	7644381	7644381	PRESERVED_SPECIMEN	UFMG	BHCB-SL	87448	9570	Salino, A; Salino, A		CC_BY_4_0	Herbário da UFMG - Samambaias e Licófitas	Salino, A; Mota, NFO; Melo, PHA de; Viana, PL; Leal, GC; Leite, FSF; Santos, PG		native	2026-06-25T19:56:36.267Z		CONTINENT_DERIVED_FROM_COORDINATES;IDENTIFIED_DATE_INVALID;INSTITUTION_MATCH_NONE
3424648301	d2470ef8-edfa-4ba7-821e-c3e1a537bdba	https://specieslink.net/guid/220/93972	Plantae	Tracheophyta	Magnoliopsida	Malpighiales	Euphorbiaceae	Dalechampia	Dalechampia stipulacea		SPECIES	Dalechampia stipulacea Müll.Arg.	Dalechampia stipulacea	Müll.Arg.	BR	Fazenda Amargoso, MG-439, Km 16.	Minas Gerais	PRESENT		4265f332-341c-45f6-b30b-5dc2e39b86e8	-20.387222	-45.649722							2003-09-09	9	9	2003	3055678	3055678	PRESERVED_SPECIMEN	UFMG	BHCB	93972	847	Melo, PHA de		CC_BY_4_0	Herbário da UFMG - Fanerógamas, Algas e Fungos	Melo, PHA de		native	2026-06-25T20:18:09.908Z		CONTINENT_DERIVED_FROM_COORDINATES;IDENTIFIED_DATE_INVALID;INSTITUTION_MATCH_NONE
3414184301	d2470ef8-edfa-4ba7-821e-c3e1a537bdba	https://specieslink.net/guid/220/82002	Plantae	Tracheophyta	Magnoliopsida	Malpighiales	Euphorbiaceae	Tragia	Tragia volubilis		SPECIES	Tragia volubilis L.	Tragia volubilis	L.	BR	Fazenda Amargoso, MG-439, Km 16.	Minas Gerais	PRESENT		4265f332-341c-45f6-b30b-5dc2e39b86e8	-20.387222	-45.649722							2003-04-16	16	4	2003	3061705	3061705	PRESERVED_SPECIMEN	UFMG	BHCB	82002	586	Melo, PHA de		CC_BY_4_0	Herbário da UFMG - Fanerógamas, Algas e Fungos	Melo, PHA de		native	2026-06-25T20:18:09.844Z		CONTINENT_DERIVED_FROM_COORDINATES;IDENTIFIED_DATE_INVALID;INSTITUTION_MATCH_NONE
3414181301	d2470ef8-edfa-4ba7-821e-c3e1a537bdba	https://specieslink.net/guid/220/81627	Plantae	Tracheophyta	Magnoliopsida	Malpighiales	Euphorbiaceae	Tragia			GENUS	Tragia Plum. ex L.	Tragia		BR	Fazenda Faroeste, Margem direita do Rio São Miguel.	Minas Gerais	PRESENT		4265f332-341c-45f6-b30b-5dc2e39b86e8	-20.256389	-45.669167							2003-03-08	8	3	2003	3061520		PRESERVED_SPECIMEN	UFMG	BHCB	81627	470			CC_BY_4_0	Herbário da UFMG - Fanerógamas, Algas e Fungos	Melo, PHA de			2026-06-25T20:18:09.868Z		CONTINENT_DERIVED_FROM_COORDINATES;IDENTIFIED_DATE_INVALID;INSTITUTION_MATCH_NONE
3414174301	d2470ef8-edfa-4ba7-821e-c3e1a537bdba	https://specieslink.net/guid/220/88398	Plantae	Tracheophyta	Magnoliopsida	Malpighiales	Euphorbiaceae	Tragia	Tragia volubilis		SPECIES	Tragia volubilis L.	Tragia volubilis	L.	BR	Fazenda Amargoso, MG-439, Km 16.	Minas Gerais	PRESENT		4265f332-341c-45f6-b30b-5dc2e39b86e8	-20.381	-45.651222							2004-04-08	8	4	2004	3061705	3061705	PRESERVED_SPECIMEN	UFMG	BHCB	88398	1129	Sobral, M		CC_BY_4_0	Herbário da UFMG - Fanerógamas, Algas e Fungos	Melo, PHA de		native	2026-06-25T20:18:09.728Z		CONTINENT_DERIVED_FROM_COORDINATES;IDENTIFIED_DATE_INVALID;INSTITUTION_MATCH_NONE
3397872301	d2470ef8-edfa-4ba7-821e-c3e1a537bdba	https://specieslink.net/guid/220/94035	Plantae	Tracheophyta	Magnoliopsida	Lamiales	Verbenaceae	Lantana			GENUS	Lantana L.	Lantana		BR	Fazenda Amargoso, MG-439, Km 16.	Minas Gerais	PRESENT		4265f332-341c-45f6-b30b-5dc2e39b86e8	-20.382083	-45.651167							2003-12-08	8	12	2003	2925302		PRESERVED_SPECIMEN	UFMG	BHCB	94035	987			CC_BY_4_0	Herbário da UFMG - Fanerógamas, Algas e Fungos	Melo, PHA de; Santos, GP			2026-06-25T20:18:09.596Z		CONTINENT_DERIVED_FROM_COORDINATES;IDENTIFIED_DATE_INVALID;INSTITUTION_MATCH_NONE
3397859301	d2470ef8-edfa-4ba7-821e-c3e1a537bdba	https://specieslink.net/guid/220/81993	Plantae	Tracheophyta	Magnoliopsida	Malpighiales	Phyllanthaceae	Phyllanthus			GENUS	Phyllanthus L.	Phyllanthus		BR	Fazenda Amargoso, MG-439, Km 16.	Minas Gerais	PRESENT		4265f332-341c-45f6-b30b-5dc2e39b86e8	-20.387222	-45.649722							2003-04-15	15	4	2003	3061139		PRESERVED_SPECIMEN	UFMG	BHCB	81993	559			CC_BY_4_0	Herbário da UFMG - Fanerógamas, Algas e Fungos	Melo, PHA de; Bezerra, FV			2026-06-25T20:18:10.164Z		CONTINENT_DERIVED_FROM_COORDINATES;IDENTIFIED_DATE_INVALID;INSTITUTION_MATCH_NONE;TAXON_MATCH_HIGHERRANK
3397857302	d2470ef8-edfa-4ba7-821e-c3e1a537bdba	https://specieslink.net/guid/220/88395	Plantae	Tracheophyta	Magnoliopsida	Malpighiales	Phyllanthaceae	Phyllanthus			GENUS	Phyllanthus L.	Phyllanthus		BR	Fazenda Faroeste, Margem direita do Rio São Miguel.	Minas Gerais	PRESENT		4265f332-341c-45f6-b30b-5dc2e39b86e8	-20.260417	-45.664028							2003-11-22	22	11	2003	3061139		PRESERVED_SPECIMEN	UFMG	BHCB	88395	938			CC_BY_4_0	Herbário da UFMG - Fanerógamas, Algas e Fungos	Melo, PHA de; Carvalho, FA; Souza, DT; Mota, TRP; Cardoso, RHG			2026-06-25T20:18:09.276Z		CONTINENT_DERIVED_FROM_COORDINATES;IDENTIFIED_DATE_INVALID;INSTITUTION_MATCH_NONE;TAXON_MATCH_HIGHERRANK
3380868329	4300f8d5-1ae5-49e5-a101-63894b005868	urn:catalog:JBRJ:RB:1445314	Plantae	Tracheophyta	Magnoliopsida	Rosales	Cannabaceae	Celtis	Celtis brasiliensis		SPECIES	Celtis boliviensis Planch.	Celtis boliviensis Planch.	Planch.	BR	Sul do bairro Olaria	Minas Gerais	PRESENT		838537fc-4aeb-4980-8b58-97fbdcd1d91a	-20.275	-45.535							2007-08-27	27	8	2007	4160054	7303606	PRESERVED_SPECIMEN	JBRJ	RB	RB01445314	2518	H.B. Zamengo	2021-09-09T00:00:00	CC_BY_4_0	Rio de Janeiro Botanical Garden	P.H.A. Melo			2026-07-01T12:14:56.861Z		GEODETIC_DATUM_ASSUMED_WGS84;CONTINENT_DERIVED_FROM_COORDINATES;INSTITUTION_MATCH_FUZZY;COLLECTION_MATCH_FUZZY
3380867331	4300f8d5-1ae5-49e5-a101-63894b005868	urn:catalog:JBRJ:RB:1445275	Plantae	Tracheophyta	Magnoliopsida	Rosales	Cannabaceae	Celtis	Celtis brasiliensis		SPECIES	Celtis boliviensis Planch.	Celtis boliviensis Planch.	Planch.	BR	Fazenda Faroeste, margem esquerda do Rio São Miguel	Minas Gerais	PRESENT		838537fc-4aeb-4980-8b58-97fbdcd1d91a	-20.256389	-45.669167							2002-11-16	16	11	2002	4160054	7303606	PRESERVED_SPECIMEN	JBRJ	RB	RB01445275	236	H.B. Zamengo	2021-09-09T00:00:00	CC_BY_4_0	Rio de Janeiro Botanical Garden	P.H.A.Melo; L.M. Versieux			2026-07-01T12:14:56.863Z		COORDINATE_ROUNDED;GEODETIC_DATUM_ASSUMED_WGS84;CONTINENT_DERIVED_FROM_COORDINATES;INSTITUTION_MATCH_FUZZY;COLLECTION_MATCH_FUZZY
3345575663	5c9a924c-8d45-4452-8604-415a118578aa	5602920	Plantae	Tracheophyta	Magnoliopsida	Fabales	Fabaceae	Platypodium	Platypodium elegans		SPECIES	Platypodium elegans Vogel	Platypodium elegans Vogel	Vogel	BR	Fazenda Amargoso	Minas Gerais	PRESENT		838537fc-4aeb-4980-8b58-97fbdcd1d91a	-20.381111	-45.645278			725.0	25.0			2004-12-29	29	12	2004	2977383	2977383	PRESERVED_SPECIMEN	MBM	MBM	MBM328372	1182	Cordeiro, J	2016-01-01T00:00:00	CC_BY_4_0	MBM	Melo, P.H.A.;Melo, PHA			2026-07-01T12:17:35.824Z		COORDINATE_ROUNDED;GEODETIC_DATUM_ASSUMED_WGS84;CONTINENT_DERIVED_FROM_COORDINATES;INSTITUTION_MATCH_FUZZY;COLLECTION_MATCH_FUZZY
3127365317	d2470ef8-edfa-4ba7-821e-c3e1a537bdba	https://specieslink.net/guid/220/202536	Plantae	Tracheophyta	Magnoliopsida	Myrtales	Onagraceae	Ludwigia	Ludwigia sericea		SPECIES	Ludwigia sericea (Cambess.) H.Hara	Ludwigia sericea	(Cambess.) H.Hara	BR	Região do Arrepiado, Palmital	Minas Gerais	PRESENT		4265f332-341c-45f6-b30b-5dc2e39b86e8	-20.109722	-45.784444							2019-12-30	30	12	2019	8653315	8653315	PRESERVED_SPECIMEN	UFMG	BHCB	202536	7769			CC_BY_4_0	Herbário da UFMG - Fanerógamas, Algas e Fungos	Rezende, SG		native	2026-06-25T20:18:07.781Z		CONTINENT_DERIVED_FROM_COORDINATES;IDENTIFIED_DATE_INVALID;INSTITUTION_MATCH_NONE
3127362320	d2470ef8-edfa-4ba7-821e-c3e1a537bdba	https://specieslink.net/guid/220/202537	Plantae	Tracheophyta	Magnoliopsida	Lamiales	Verbenaceae	Lantana	Lantana fucata		SPECIES	Lantana fucata Lindl.	Lantana fucata	Lindl.	BR	Região do Arrepiado, Palmital.	Minas Gerais	PRESENT		4265f332-341c-45f6-b30b-5dc2e39b86e8	-20.109722	-45.784444							2019-12-30	30	12	2019	2925328	2925328	PRESERVED_SPECIMEN	UFMG	BHCB	202537	7770			CC_BY_4_0	Herbário da UFMG - Fanerógamas, Algas e Fungos	Rezende, SG		native	2026-06-25T20:18:07.720Z		CONTINENT_DERIVED_FROM_COORDINATES;IDENTIFIED_DATE_INVALID;INSTITUTION_MATCH_NONE
3127358319	d2470ef8-edfa-4ba7-821e-c3e1a537bdba	https://specieslink.net/guid/220/202532	Plantae	Tracheophyta	Magnoliopsida	Sapindales	Burseraceae	Protium	Protium heptaphyllum		SPECIES	Protium heptaphyllum (Aubl.) Marchand	Protium heptaphyllum	(Aubl.) March.	BR	Distrito de Boa Vista, Fazenda São Félix	Minas Gerais	PRESENT		4265f332-341c-45f6-b30b-5dc2e39b86e8	-20.088056	-45.689722							2019-10-12	12	10	2019	7286785	7286785	PRESERVED_SPECIMEN	UFMG	BHCB	202532	7765			CC_BY_4_0	Herbário da UFMG - Fanerógamas, Algas e Fungos	Rezende, SG		native	2026-06-25T20:18:07.675Z		CONTINENT_DERIVED_FROM_COORDINATES;IDENTIFIED_DATE_INVALID;INSTITUTION_MATCH_NONE
3127357318	d2470ef8-edfa-4ba7-821e-c3e1a537bdba	https://specieslink.net/guid/220/202533	Plantae	Tracheophyta	Magnoliopsida	Malpighiales	Chrysobalanaceae	Leptobalanus	Leptobalanus humilis		SPECIES	Licania humilis Cham. & Schltdl.	Licania humilis	Cham. & Schltdl.	BR	Distrito de Boa Vista, Fazenda São Félix	Minas Gerais	PRESENT		4265f332-341c-45f6-b30b-5dc2e39b86e8	-20.088056	-45.689722							2019-10-12	12	10	2019	2985264	10823401	PRESERVED_SPECIMEN	UFMG	BHCB	202533	7766			CC_BY_4_0	Herbário da UFMG - Fanerógamas, Algas e Fungos	Rezende, SG			2026-06-25T20:18:09.398Z		CONTINENT_DERIVED_FROM_COORDINATES;IDENTIFIED_DATE_INVALID;INSTITUTION_MATCH_NONE
3127355319	d2470ef8-edfa-4ba7-821e-c3e1a537bdba	https://specieslink.net/guid/220/202534	Plantae	Tracheophyta	Magnoliopsida	Fabales	Fabaceae	Platypodium	Platypodium elegans		SPECIES	Platypodium elegans Vogel	Platypodium elegans	Vogel	BR	Distrito de Boa Vista, Fazenda São Félix	Minas Gerais	PRESENT		4265f332-341c-45f6-b30b-5dc2e39b86e8	-20.088056	-45.689722							2019-10-12	12	10	2019	2977383	2977383	PRESERVED_SPECIMEN	UFMG	BHCB	202534	7767			CC_BY_4_0	Herbário da UFMG - Fanerógamas, Algas e Fungos	Rezende, SG		native	2026-06-25T20:18:07.699Z		CONTINENT_DERIVED_FROM_COORDINATES;IDENTIFIED_DATE_INVALID;INSTITUTION_MATCH_NONE
3127347319	d2470ef8-edfa-4ba7-821e-c3e1a537bdba	https://specieslink.net/guid/220/202535	Plantae	Tracheophyta	Magnoliopsida	Malpighiales	Malpighiaceae	Byrsonima	Byrsonima pachyphylla		SPECIES	Byrsonima pachyphylla A.Juss.	Byrsonima pachyphylla	A.Juss.	BR	Distrito de Boa Vista, Fazenda São Félix	Minas Gerais	PRESENT		4265f332-341c-45f6-b30b-5dc2e39b86e8	-20.088056	-45.689722							2019-10-12	12	10	2019	7285505	7285505	PRESERVED_SPECIMEN	UFMG	BHCB	202535	7768			CC_BY_4_0	Herbário da UFMG - Fanerógamas, Algas e Fungos	Rezende, SG		native	2026-06-25T20:18:09.237Z		CONTINENT_DERIVED_FROM_COORDINATES;IDENTIFIED_DATE_INVALID;INSTITUTION_MATCH_NONE
3127345321	d2470ef8-edfa-4ba7-821e-c3e1a537bdba	https://specieslink.net/guid/220/202531	Plantae	Tracheophyta	Magnoliopsida	Cucurbitales	Begoniaceae	Begonia	Begonia cucullata		SPECIES	Begonia cucullata Willd.	Begonia cucullata	Willd.	BR	Região do Arrepiado, Palmital	Minas Gerais	PRESENT		4265f332-341c-45f6-b30b-5dc2e39b86e8	-20.109722	-45.784444							2019-12-30	30	12	2019	2874717	2874717	PRESERVED_SPECIMEN	UFMG	BHCB	202531	7764			CC_BY_4_0	Herbário da UFMG - Fanerógamas, Algas e Fungos	Rezende, SG		native	2026-06-25T20:18:09.159Z		CONTINENT_DERIVED_FROM_COORDINATES;IDENTIFIED_DATE_INVALID;INSTITUTION_MATCH_NONE
3071053406	17efa320-7312-4b55-bf0a-a4cfc4613169	https://specieslink.net/guid/1/369815	Plantae	Tracheophyta	Magnoliopsida	Malpighiales	Euphorbiaceae	Bia	Bia alienata		SPECIES	Bia alienata Didr.	Bia alienata	Didr.	BR	Fazenda Faroeste, margem direita do Rio São Miguel. Borda de afloramento calcáreo	Minas Gerais	PRESENT		2437c128-bf8c-4f53-b668-da95fb2e40b7	-20.256389	-45.669167			750.0	50.0			2003-03-08	8	3	2003	5378083	5378083	PRESERVED_SPECIMEN	IPA/SP	SP	369815	470	Maya-L, CA	2008-01-01T00:00:00	CC_BY_4_0	Herbário do Estado Maria Eneyda P. Kaufmann Fidalgo - Coleção de Plantas Vasculares	Melo, PHA		native	2026-06-26T20:23:32.275Z		CONTINENT_DERIVED_FROM_COORDINATES;INSTITUTION_MATCH_NONE
3071050413	17efa320-7312-4b55-bf0a-a4cfc4613169	https://specieslink.net/guid/1/369788	Plantae	Tracheophyta	Magnoliopsida	Malpighiales	Phyllanthaceae	Phyllanthus	Phyllanthus acuminatus		SPECIES	Phyllanthus acuminatus Vahl	Phyllanthus acuminatus	Vahl	BR	Fazenda Faroeste, margem direita do Rio São Miguel	Minas Gerais	PRESENT		2437c128-bf8c-4f53-b668-da95fb2e40b7	-20.251389	-45.662778							2003-12-31	31	12	2003	5381441	5381441	PRESERVED_SPECIMEN	IPA/SP	SP	369788	349	Cordeiro, I	2004-07-01T00:00:00	CC_BY_4_0	Herbário do Estado Maria Eneyda P. Kaufmann Fidalgo - Coleção de Plantas Vasculares	Melo, PHA; Melo Jr, EA		native	2026-06-26T20:23:32.201Z		CONTINENT_DERIVED_FROM_COORDINATES;INSTITUTION_MATCH_NONE
3071049403	17efa320-7312-4b55-bf0a-a4cfc4613169	https://specieslink.net/guid/1/369819	Plantae	Tracheophyta	Magnoliopsida	Malpighiales	Euphorbiaceae	Bernardia	Bernardia tamanduana		SPECIES	Bernardia tamanduana (Baill.) Müll.Arg.	Bernardia tamanduana	(Baill.) Müll.Arg.	BR	Fazenda Faroeste, margem esquerda do Rio São Miguel. Sobre afloramento calcáreo	Minas Gerais	PRESENT		2437c128-bf8c-4f53-b668-da95fb2e40b7	-20.256389	-45.669167							2002-11-16	16	11	2002	5378398	5378398	PRESERVED_SPECIMEN	IPA/SP	SP	369819	203	Carrión, JF	2016-08-05T00:00:00	CC_BY_4_0	Herbário do Estado Maria Eneyda P. Kaufmann Fidalgo - Coleção de Plantas Vasculares	Melo, PHA; Versieux, LM		native	2026-06-26T20:23:34.835Z		CONTINENT_DERIVED_FROM_COORDINATES;INSTITUTION_MATCH_NONE
3071048391	17efa320-7312-4b55-bf0a-a4cfc4613169	https://specieslink.net/guid/1/369852	Plantae	Tracheophyta	Magnoliopsida	Malpighiales	Euphorbiaceae	Manihot			GENUS	Manihot Mill.	Manihot		BR	Fazenda Faroeste, margem direita do Rio São Miguel. Borda de afloramento calcáreo	Minas Gerais	PRESENT		2437c128-bf8c-4f53-b668-da95fb2e40b7	-20.251389	-45.662778							2002-12-31	31	12	2002	3060685		PRESERVED_SPECIMEN	IPA/SP	SP	369852	310			CC_BY_4_0	Herbário do Estado Maria Eneyda P. Kaufmann Fidalgo - Coleção de Plantas Vasculares	Melo, PHA; Melo Jr, EA			2026-06-26T20:23:32.233Z		CONTINENT_DERIVED_FROM_COORDINATES;INSTITUTION_MATCH_NONE
3071047392	17efa320-7312-4b55-bf0a-a4cfc4613169	https://specieslink.net/guid/1/369811	Plantae	Tracheophyta	Magnoliopsida	Malpighiales	Euphorbiaceae	Dalechampia	Dalechampia stipulacea		SPECIES	Dalechampia stipulacea Müll.Arg.	Dalechampia stipulacea	Müll.Arg.	BR	Fazenda Faroeste, margem esueda do Rio São Miguel, borda de afloramento calcáreo	Minas Gerais	PRESENT		2437c128-bf8c-4f53-b668-da95fb2e40b7	-20.256389	-45.669167							2002-11-16	16	11	2002	3055678	3055678	PRESERVED_SPECIMEN	IPA/SP	SP	369811	216	Silva, DF	2018-01-08T00:00:00	CC_BY_4_0	Herbário do Estado Maria Eneyda P. Kaufmann Fidalgo - Coleção de Plantas Vasculares	Melo, PHA; Versieux, LM		native	2026-06-26T20:23:32.727Z		CONTINENT_DERIVED_FROM_COORDINATES;INSTITUTION_MATCH_NONE
3071045400	17efa320-7312-4b55-bf0a-a4cfc4613169	https://specieslink.net/guid/1/369810	Plantae	Tracheophyta	Magnoliopsida	Malpighiales	Euphorbiaceae	Romanoa	Romanoa tamnoides		SPECIES	Romanoa tamnoides (A.Juss.) Radcl.-Sm.	Romanoa tamnoides	(A.Juss.) Radcl.-Sm.	BR	Fazenda Faroeste, margem direita do Rio São Miguel. Sobre afloramento calcáreo	Minas Gerais	PRESENT		2437c128-bf8c-4f53-b668-da95fb2e40b7	-20.251389	-45.662778							2003-02-01	1	2	2003	5378207	5378207	PRESERVED_SPECIMEN	IPA/SP	SP	369810	393	Cordeiro, I	2004-07-01T00:00:00	CC_BY_4_0	Herbário do Estado Maria Eneyda P. Kaufmann Fidalgo - Coleção de Plantas Vasculares	Melo, PHA; Lombardi, JA		native	2026-06-26T20:23:32.085Z		CONTINENT_DERIVED_FROM_COORDINATES;INSTITUTION_MATCH_NONE
3071043396	17efa320-7312-4b55-bf0a-a4cfc4613169	https://specieslink.net/guid/1/370639	Plantae	Tracheophyta	Magnoliopsida	Malpighiales	Euphorbiaceae	Croton			GENUS	Croton L.	Croton		BR	Fazenda do Caetano, margem esquerda do Rio São Miguel. Sobre afloramento calcáreo	Minas Gerais	PRESENT		2437c128-bf8c-4f53-b668-da95fb2e40b7	-20.250278	-45.670833							2002-08-09	9	8	2002	3057454		PRESERVED_SPECIMEN	IPA/SP	SP	370639	29			CC_BY_4_0	Herbário do Estado Maria Eneyda P. Kaufmann Fidalgo - Coleção de Plantas Vasculares	Melo, PHA; Viana, PL			2026-06-26T20:23:35.069Z		CONTINENT_DERIVED_FROM_COORDINATES;INSTITUTION_MATCH_NONE
3071042407	17efa320-7312-4b55-bf0a-a4cfc4613169	https://specieslink.net/guid/1/370640	Plantae	Tracheophyta	Magnoliopsida	Malpighiales	Euphorbiaceae	Croton			GENUS	Croton L.	Croton		BR	Fazenda Faroeste, margem direita do Rio São Miguel. Sobre afloramento calcáreo	Minas Gerais	PRESENT		2437c128-bf8c-4f53-b668-da95fb2e40b7	-20.251389	-45.662778			1400.0	0.0			2002-12-31	31	12	2002	3057454		PRESERVED_SPECIMEN	IPA/SP	SP	370640	318			CC_BY_4_0	Herbário do Estado Maria Eneyda P. Kaufmann Fidalgo - Coleção de Plantas Vasculares	Melo, PHA; Melo Jr, EA			2026-06-26T20:23:41.870Z		CONTINENT_DERIVED_FROM_COORDINATES;INSTITUTION_MATCH_NONE
3071040400	17efa320-7312-4b55-bf0a-a4cfc4613169	https://specieslink.net/guid/1/369845	Plantae	Tracheophyta	Magnoliopsida	Malpighiales	Euphorbiaceae	Manihot			GENUS	Manihot Mill.	Manihot		BR	Fazenda Faroeste, margem esquerda do Rio São Miguel. Sobre afloramento calcáreo	Minas Gerais	PRESENT		2437c128-bf8c-4f53-b668-da95fb2e40b7	-20.256389	-45.669167							2002-10-04	4	10	2002	3060685		PRESERVED_SPECIMEN	IPA/SP	SP	369845	54			CC_BY_4_0	Herbário do Estado Maria Eneyda P. Kaufmann Fidalgo - Coleção de Plantas Vasculares	Melo, PHA; Viana, PL			2026-06-26T20:23:40.925Z		CONTINENT_DERIVED_FROM_COORDINATES;INSTITUTION_MATCH_NONE
3071040399	17efa320-7312-4b55-bf0a-a4cfc4613169	https://specieslink.net/guid/1/369809	Plantae	Tracheophyta	Magnoliopsida	Malpighiales	Euphorbiaceae	Romanoa	Romanoa tamnoides		SPECIES	Romanoa tamnoides (A.Juss.) Radcl.-Sm.	Romanoa tamnoides	(A.Juss.) Radcl.-Sm.	BR	Fazenda Amargoso, MG 439 Km 16. Borda de afloramento calcáreo	Minas Gerais	PRESENT		2437c128-bf8c-4f53-b668-da95fb2e40b7	-20.387222	-45.649722							2003-12-30	30	12	2003	5378207	5378207	PRESERVED_SPECIMEN	IPA/SP	SP	369809	265	Cordeiro, I		CC_BY_4_0	Herbário do Estado Maria Eneyda P. Kaufmann Fidalgo - Coleção de Plantas Vasculares	Melo, PHA		native	2026-06-26T20:23:41.678Z		CONTINENT_DERIVED_FROM_COORDINATES;INSTITUTION_MATCH_NONE
3071038399	17efa320-7312-4b55-bf0a-a4cfc4613169	https://specieslink.net/guid/1/370638	Plantae	Tracheophyta	Magnoliopsida	Malpighiales	Euphorbiaceae	Croton			GENUS	Croton L.	Croton		BR	Fazenda Faroeste, margem esquerda do Rio São Miguel	Minas Gerais	PRESENT		2437c128-bf8c-4f53-b668-da95fb2e40b7	-20.256389	-45.669167							2002-10-04	4	10	2002	3057454		PRESERVED_SPECIMEN	IPA/SP	SP	370638	95			CC_BY_4_0	Herbário do Estado Maria Eneyda P. Kaufmann Fidalgo - Coleção de Plantas Vasculares	Melo, PHA; Viana, PL			2026-06-26T20:23:43.574Z		CONTINENT_DERIVED_FROM_COORDINATES;INSTITUTION_MATCH_NONE
3071037400	17efa320-7312-4b55-bf0a-a4cfc4613169	https://specieslink.net/guid/1/369842	Plantae	Tracheophyta	Magnoliopsida	Malpighiales	Euphorbiaceae	Tragia			GENUS	Tragia Plum. ex L.	Tragia		BR	Fazenda Amargoso. MG 439 Km 16. Sobre afloramento calçareo	Minas Gerais	PRESENT		2437c128-bf8c-4f53-b668-da95fb2e40b7	-20.387222	-45.649722			750.0	0.0			2003-04-15	15	4	2003	3061520		PRESERVED_SPECIMEN	IPA/SP	SP	369842	555			CC_BY_4_0	Herbário do Estado Maria Eneyda P. Kaufmann Fidalgo - Coleção de Plantas Vasculares	Melo, PHA; Bezerra, FV			2026-06-26T20:23:36.202Z		CONTINENT_DERIVED_FROM_COORDINATES;INSTITUTION_MATCH_NONE
3071036401	17efa320-7312-4b55-bf0a-a4cfc4613169	https://specieslink.net/guid/1/370583	Plantae	Tracheophyta	Magnoliopsida	Malpighiales	Euphorbiaceae	Croton	Croton urucurana		SPECIES	Croton urucurana Baill.	Croton urucurana	Baill.	BR	Fazenda Faroeste, margem esquerda do Rio São Miguel. Margem de canal próximo a borda de afloramento calcáreo	Minas Gerais	PRESENT		2437c128-bf8c-4f53-b668-da95fb2e40b7	-20.256389	-45.669167							2002-11-16	16	11	2002	3057491	3057491	PRESERVED_SPECIMEN	IPA/SP	SP	370583	207	Caruzo, MBR	2006-10-23T00:00:00	CC_BY_4_0	Herbário do Estado Maria Eneyda P. Kaufmann Fidalgo - Coleção de Plantas Vasculares	Melo, PHA; Versieux, LM		native	2026-06-26T20:23:32.039Z		CONTINENT_DERIVED_FROM_COORDINATES;INSTITUTION_MATCH_NONE
3071036399	17efa320-7312-4b55-bf0a-a4cfc4613169	https://specieslink.net/guid/1/369846	Plantae	Tracheophyta	Magnoliopsida	Malpighiales	Euphorbiaceae	Manihot			GENUS	Manihot Mill.	Manihot		BR	Fazenda Amargoso, Mg 439 Km 16. Borda de mata relacionada a afloramento calcáreo	Minas Gerais	PRESENT		2437c128-bf8c-4f53-b668-da95fb2e40b7	-20.387222	-45.649722							2003-12-20	20	12	2003	3060685		PRESERVED_SPECIMEN	IPA/SP	SP	369846	283			CC_BY_4_0	Herbário do Estado Maria Eneyda P. Kaufmann Fidalgo - Coleção de Plantas Vasculares	Melo, PHA			2026-06-26T20:23:41.596Z		CONTINENT_DERIVED_FROM_COORDINATES;INSTITUTION_MATCH_NONE
3069235301	d2470ef8-edfa-4ba7-821e-c3e1a537bdba	https://specieslink.net/guid/220/93912	Plantae	Tracheophyta	Liliopsida	Asparagales	Orchidaceae	Acianthera	Acianthera aphthosa		SPECIES	Acianthera aphthosa (Lindl.) Pridgeon & M.W.Chase	Acianthera aphthosa	(Lindl.) Pridgeon & M.W.Chase	BR	Fazenda Faroeste, Margem direita do Rio São Miguel.	Minas Gerais	PRESENT		4265f332-341c-45f6-b30b-5dc2e39b86e8	-20.260292	-45.663903							2005-05-20	20	5	2005	2839487	2839487	PRESERVED_SPECIMEN	UFMG	BHCB	93912	1353	Marcusso, GM	2021-03-04T00:00:00	CC_BY_4_0	Herbário da UFMG - Fanerógamas, Algas e Fungos	Melo, PHA de; Viana, PL		native	2026-06-25T20:18:06.958Z		CONTINENT_DERIVED_FROM_COORDINATES;INSTITUTION_MATCH_NONE
3069234301	d2470ef8-edfa-4ba7-821e-c3e1a537bdba	https://specieslink.net/guid/220/93918	Plantae	Tracheophyta	Liliopsida	Asparagales	Orchidaceae	Anathallis	Anathallis obovata		SPECIES	Anathallis obovata (Lindl.) Pridgeon & M.W.Chase	Anathallis obovata	(Lindl.) Pridgeon & M.W.Chase	BR	Fazenda Timburé, Área da mineração da empresa CastroCal.	Minas Gerais	PRESENT		4265f332-341c-45f6-b30b-5dc2e39b86e8	-20.405833	-45.653622							2005-05-19	19	5	2005	2782917	2782917	PRESERVED_SPECIMEN	UFMG	BHCB	93918	1342	Marcusso, GM	2021-03-04T00:00:00	CC_BY_4_0	Herbário da UFMG - Fanerógamas, Algas e Fungos	Melo, PHA de; Viana, PL		native	2026-06-25T20:18:06.855Z		CONTINENT_DERIVED_FROM_COORDINATES;INSTITUTION_MATCH_NONE
3047480301	d2470ef8-edfa-4ba7-821e-c3e1a537bdba	https://specieslink.net/guid/220/88389	Plantae	Tracheophyta	Magnoliopsida	Malpighiales	Euphorbiaceae	Croton	Croton floribundus		SPECIES	Croton floribundus Spreng.	Croton floribundus	Spreng.	BR	Fazenda Faroeste, Margem direita do Rio São Miguel.	Minas Gerais	PRESENT		4265f332-341c-45f6-b30b-5dc2e39b86e8	-20.260292	-45.506131							2003-11-23	23	11	2003	3057803	3057803	PRESERVED_SPECIMEN	UFMG	BHCB	88389	953	Caruzo, MBR	2020-09-21T00:00:00	CC_BY_4_0	Herbário da UFMG - Fanerógamas, Algas e Fungos	Melo, PHA de; Carvalho, FA; Souza, DT de; Mota, TRP; Cardoso, RHG		native	2026-06-25T20:18:06.890Z		CONTINENT_DERIVED_FROM_COORDINATES;INSTITUTION_MATCH_NONE
3043202026	f8f35535-8c10-43fc-89dc-eb0843f25394	GB-0199598	Plantae	Tracheophyta	Magnoliopsida	Gentianales	Rubiaceae	Chomelia	Chomelia obtusa		SPECIES	Chomelia obtusa Cham. & Schltdl.	Chomelia obtusa		BR		Minas Gerais	PRESENT		0ed04352-6745-4665-9e11-7117ee91a96b	-20.41056	-45.65694							2005-05-19	19	5	2005	5337345	5337345	PRESERVED_SPECIMEN	GB	GB	GB-0199598	1347			CC0_1_0		Melo, P.H.A. & Viana, P.L.			2026-06-11T16:47:54.131Z		CONTINENT_INVALID;CONTINENT_DERIVED_FROM_COORDINATES;INSTITUTION_MATCH_FUZZY;COLLECTION_MATCH_FUZZY
3032387334	09010edb-5e55-4dc0-8a97-a26a3bb89e85	https://specieslink.net/guid/237/80111	Plantae	Tracheophyta	Magnoliopsida	Fabales	Fabaceae				FAMILY	Fabaceae			BR	Calciolândia, Acompanhando a linha do trem, próximo a margem do Rio São Miguel. Área de extração de calcário.	Minas Gerais	PRESENT		9610290b-e0ea-439b-b726-ba11bcecfb86	-20.238056	-45.664167			652.0	0.0			2018-05-21	21	5	2018	5386		PRESERVED_SPECIMEN	UFU	HUFU	80111	4406			CC_BY_4_0	Herbarium Uberlandense	Bovini, M.G.; Baumgratz, J.F.; Ferreira, C.D.; Valente, B. & Leite, G.			2026-06-26T15:52:50.171Z		CONTINENT_DERIVED_FROM_COORDINATES;INSTITUTION_MATCH_FUZZY;INSTITUTION_COLLECTION_MISMATCH
3032376302	d2470ef8-edfa-4ba7-821e-c3e1a537bdba	https://specieslink.net/guid/220/90102	Plantae	Tracheophyta	Magnoliopsida	Gentianales	Apocynaceae	Prestonia	Prestonia coalita		SPECIES	Prestonia coalita (Vell.) Woodson	Prestonia coalita	(Vell.) Woodson	BR	Fazenda Amargoso, MG 439, Km 16.	Minas Gerais	PRESENT		4265f332-341c-45f6-b30b-5dc2e39b86e8	-20.387222	-45.649722							2004-07-29	29	7	2004	5536637	5536637	PRESERVED_SPECIMEN	UFMG	BHCB	90102	1231	Melo, PHA de; Echternacht, LA		CC_BY_4_0	Herbário da UFMG - Fanerógamas, Algas e Fungos	Melo, PHA de		native	2026-06-25T20:18:06.864Z		CONTINENT_DERIVED_FROM_COORDINATES;IDENTIFIED_DATE_INVALID;INSTITUTION_MATCH_NONE
3032363302	d2470ef8-edfa-4ba7-821e-c3e1a537bdba	https://specieslink.net/guid/220/85636	Plantae	Tracheophyta	Magnoliopsida	Gentianales	Apocynaceae	Orthosia	Orthosia subulata		SPECIES	Tassadia subulata (Vell.) Fontella & E.A.Schwarz	Tassadia subulata		BR	Fazenda Amargoso, MG 439 KM 16	Minas Gerais	PRESENT		4265f332-341c-45f6-b30b-5dc2e39b86e8	-20.387222	-45.649722							2003-08-09	9	8	2003	7311669	11547355	PRESERVED_SPECIMEN	UFMG	BHCB	85636	782			CC_BY_4_0	Herbário da UFMG - Fanerógamas, Algas e Fungos	Melo, PHA de			2026-06-25T20:18:06.780Z		CONTINENT_DERIVED_FROM_COORDINATES;IDENTIFIED_DATE_INVALID;INSTITUTION_MATCH_NONE
3032362302	d2470ef8-edfa-4ba7-821e-c3e1a537bdba	https://specieslink.net/guid/220/85634	Plantae	Tracheophyta	Magnoliopsida	Gentianales	Apocynaceae	Orthosia	Orthosia subulata		SPECIES	Tassadia subulata (Vell.) Fontella & E.A.Schwarz	Tassadia subulata		BR	Fazenda Amargoso, MG 439 km 16	Minas Gerais	PRESENT		4265f332-341c-45f6-b30b-5dc2e39b86e8	-20.387222	-45.646389							2003-08-09	9	8	2003	7311669	11547355	PRESERVED_SPECIMEN	UFMG	BHCB	85634	782	Sobral, M	2004-10-22T00:00:00	CC_BY_4_0	Herbário da UFMG - Fanerógamas, Algas e Fungos	Melo, PHA de			2026-06-25T20:18:06.806Z		CONTINENT_DERIVED_FROM_COORDINATES;INSTITUTION_MATCH_NONE
3014882377	17efa320-7312-4b55-bf0a-a4cfc4613169	https://specieslink.net/guid/1/427123	Plantae	Tracheophyta	Magnoliopsida	Rosales	Moraceae	Ficus	Ficus obtusifolia		SPECIES	Ficus obtusifolia Kunth	Ficus obtusifolia	Kunth	BR	Mineração do Vale do São Miguel	Minas Gerais	PRESENT		2437c128-bf8c-4f53-b668-da95fb2e40b7	-20.364444	-45.673611			642.0	0.0			2006-07-11	11	7	2006	5361910	5361910	PRESERVED_SPECIMEN	IPA/SP	SP	427123	147	Pelissari, G	2011-03-15T00:00:00	CC_BY_4_0	Herbário do Estado Maria Eneyda P. Kaufmann Fidalgo - Coleção de Plantas Vasculares	Borges, RAX; Bernardo, PH		native	2026-06-26T20:23:31.443Z		CONTINENT_DERIVED_FROM_COORDINATES;INSTITUTION_MATCH_NONE
3014882329	17efa320-7312-4b55-bf0a-a4cfc4613169	https://specieslink.net/guid/1/412949	Plantae	Tracheophyta	Magnoliopsida	Lamiales	Acanthaceae	Justicia	Justicia brasiliana		SPECIES	Justicia brasiliana Roth	Justicia brasiliana	Roth	BR	Mineração Vale do São Miguel, próximo ao rio Miguel	Minas Gerais	PRESENT		2437c128-bf8c-4f53-b668-da95fb2e40b7	-20.366389	-45.669722							2006-07-11	11	7	2006	3771127	3771127	PRESERVED_SPECIMEN	IPA/SP	SP	412949	206	Profice, SR	2008-01-01T00:00:00	CC_BY_4_0	Herbário do Estado Maria Eneyda P. Kaufmann Fidalgo - Coleção de Plantas Vasculares	Borges, RAX; Bernardo, PH		native	2026-06-26T20:23:41.557Z		CONTINENT_DERIVED_FROM_COORDINATES;INSTITUTION_MATCH_NONE
3013403301	d2470ef8-edfa-4ba7-821e-c3e1a537bdba	https://specieslink.net/guid/220/88355	Plantae	Tracheophyta	Magnoliopsida	Gentianales	Apocynaceae	Oxypetalum	Oxypetalum banksii		SPECIES	Oxypetalum banksii Schult.	Oxypetalum banksii	R.Br. ex Schult.	BR	Fazenda Fricom, Belo Vale	Minas Gerais	PRESENT		4265f332-341c-45f6-b30b-5dc2e39b86e8	-20.353614	-45.555722							2003-12-28	28	12	2003	7311883	7311883	PRESERVED_SPECIMEN	UFMG	BHCB	88355	1015	Lombardi, JA; Melo, PHA de	2004-10-22T00:00:00	CC_BY_4_0	Herbário da UFMG - Fanerógamas, Algas e Fungos	Melo, PHA de; Assunção, LN		native	2026-06-25T20:18:06.716Z		CONTINENT_DERIVED_FROM_COORDINATES;INSTITUTION_MATCH_NONE
3013400305	d2470ef8-edfa-4ba7-821e-c3e1a537bdba	https://specieslink.net/guid/220/88356	Plantae	Tracheophyta	Magnoliopsida	Gentianales	Apocynaceae	Oxypetalum	Oxypetalum erianthum		SPECIES	Oxypetalum erianthum Decne.	Oxypetalum erianthum		BR	Fazenda Amargoso, MG 439 Km16	Minas Gerais	PRESENT		4265f332-341c-45f6-b30b-5dc2e39b86e8	-20.397667	-45.651222							1994-04-08	8	4	1994	7311813	7311813	PRESERVED_SPECIMEN	UFMG	BHCB	88356	1145	Lombardi, JA; Melo, PHA de	2004-10-11T00:00:00	CC_BY_4_0	Herbário da UFMG - Fanerógamas, Algas e Fungos	Melo, PHA de; Leite, FSF; Leal, CG		native	2026-06-25T20:18:06.763Z		CONTINENT_DERIVED_FROM_COORDINATES;INSTITUTION_MATCH_NONE
2998679951	9e54731f-ca52-4389-95cb-e4feedc7593e	4097347	Plantae	Tracheophyta	Liliopsida	Poales	Poaceae	Ichnanthus	Ichnanthus ruprechtii		SPECIES	Hildaea ruprechtii (Döll) C.Silva & R.P.Oliveira	hildaea ruprechtii (döll) c.silva & r.p.oliveira	(Döll) C.Silva & R.P.Oliveira	BR	Mineração Carmocal	Minas Gerais	PRESENT		838537fc-4aeb-4980-8b58-97fbdcd1d91a	-20.365833	-45.668889			612.0	0.0			2006-07-10	10	7	2006	9527024	8374614	PRESERVED_SPECIMEN	CEN	CEN	CEN00082191	240	C.  Silva		CC_BY_4_0	CEN	R. A. X. Borges			2026-07-01T12:18:11.191Z		COORDINATE_ROUNDED;GEODETIC_DATUM_ASSUMED_WGS84;CONTINENT_DERIVED_FROM_COORDINATES;RECORDED_DATE_INVALID;IDENTIFIED_DATE_INVALID;INSTITUTION_MATCH_FUZZY;INSTITUTION_COLLECTION_MISMATCH;TAXON_MATCH_HIGHERRANK
2998255221	ebed4456-76d2-408c-8467-fd66be066521	2367927	Plantae	Tracheophyta	Magnoliopsida	Gentianales	Apocynaceae	Forsteronia			GENUS	Forsteronia G.Mey.	Forsteronia		BR	Fazenda Faroeste, margem esquerda do Rio São Miguel.	Minas Gerais	PRESENT		838537fc-4aeb-4980-8b58-97fbdcd1d91a	-20.256389	-45.669167							2002-11-16	16	11	2002	8171331		PRESERVED_SPECIMEN	K	K	K000996273	233			CC_BY_4_0	K	P.H.A. Melo;L.M. Versiux			2026-07-01T12:19:40.445Z		COORDINATE_ROUNDED;GEODETIC_DATUM_ASSUMED_WGS84;CONTINENT_DERIVED_FROM_COORDINATES;IDENTIFIED_DATE_INVALID;AMBIGUOUS_INSTITUTION
2998212767	ebed4456-76d2-408c-8467-fd66be066521	647651	Plantae	Tracheophyta	Magnoliopsida	Fabales	Fabaceae	Inga			GENUS	Inga Mill.	Inga		BR	Mineração Vale do São Miguel.	Minas Gerais	PRESENT		838537fc-4aeb-4980-8b58-97fbdcd1d91a	-20.353889	-45.668333							2006-07-14	14	7	2006	2965936		PRESERVED_SPECIMEN	K	K	K000944311	194	Administrador	2020-04-22T00:00:00	CC_BY_4_0	K	R.A.X. Borges;P.H. Bernardo			2026-07-01T12:19:40.382Z		COORDINATE_ROUNDED;GEODETIC_DATUM_ASSUMED_WGS84;CONTINENT_DERIVED_FROM_COORDINATES;AMBIGUOUS_INSTITUTION
2998161168	2ad00feb-1283-40d4-8352-0e4055f31773	4822428	Plantae	Tracheophyta	Magnoliopsida	Myrtales	Melastomataceae	Pleroma	Pleroma candolleanum		SPECIES	Tibouchina candolleana (DC.) Cogn.	Tibouchina candolleana (Mart. ex DC.) Cogn.	(Mart. ex DC.) Cogn.	BR		Minas Gerais	PRESENT		838537fc-4aeb-4980-8b58-97fbdcd1d91a	-20.281944	-45.539444							1990-08-07	7	8	1990	3863817	5601584	PRESERVED_SPECIMEN	SJRP	SJRP	SJRP00007755	1061			CC_BY_4_0	SJRP	Vinha, P.C.			2026-07-01T12:13:30.515Z		COORDINATE_ROUNDED;GEODETIC_DATUM_ASSUMED_WGS84;CONTINENT_DERIVED_FROM_COORDINATES;RECORDED_DATE_INVALID;IDENTIFIED_DATE_INVALID;INSTITUTION_MATCH_FUZZY;COLLECTION_MATCH_FUZZY
2998034125	a185d0c4-1a12-45c1-a729-2a7b058b528d	4730663	Plantae	Tracheophyta	Magnoliopsida	Sapindales	Meliaceae	Guarea	Guarea macrophylla	spiciflora	SUBSPECIES	Guarea macrophylla subsp. spiciflora (A.Juss.) T.D.Penn.	guarea macrophylla subsp. spiciflora (a.juss.) t.d.penn.	(A.Juss.) T.D.Penn.	BR	Margem do Rio São Miguel, Calciolandia.	Minas Gerais	PRESENT		838537fc-4aeb-4980-8b58-97fbdcd1d91a	-20.281944	-45.539167							1940-10-08	8	10	1940	8055042	7271393	PRESERVED_SPECIMEN	NY	NY	NY01017724	183	T. D. Pennington		CC_BY_4_0	NY	J. Evangelista  de Oliveira			2026-07-01T12:21:20.004Z		COORDINATE_ROUNDED;GEODETIC_DATUM_ASSUMED_WGS84;CONTINENT_DERIVED_FROM_COORDINATES;RECORDED_DATE_INVALID;IDENTIFIED_DATE_INVALID;INSTITUTION_MATCH_FUZZY;COLLECTION_MATCH_FUZZY
2997958953	a185d0c4-1a12-45c1-a729-2a7b058b528d	3110323	Plantae	Tracheophyta	Magnoliopsida	Rosales	Moraceae	Ficus	Ficus obtusifolia		SPECIES	Ficus obtusifolia Kunth	Ficus obtusifolia Kunth	Kunth	BR	Pains. Mineração Vale de São Miguel.	Minas Gerais	PRESENT		838537fc-4aeb-4980-8b58-97fbdcd1d91a	-20.364444	-45.673611							2006-07-11	11	7	2006	5361910	5361910	PRESERVED_SPECIMEN	NY	NY	NY01281762	147			CC_BY_4_0	NY	R. A. X. Borges			2026-07-01T12:21:26.994Z		COORDINATE_ROUNDED;GEODETIC_DATUM_ASSUMED_WGS84;CONTINENT_DERIVED_FROM_COORDINATES;RECORDED_DATE_INVALID;IDENTIFIED_DATE_INVALID;INSTITUTION_MATCH_FUZZY;COLLECTION_MATCH_FUZZY
2997848489	a185d0c4-1a12-45c1-a729-2a7b058b528d	2338744	Plantae	Tracheophyta	Magnoliopsida	Lamiales	Verbenaceae	Bouchea	Bouchea pseudogervao		SPECIES	Bouchea fluminensis (Vell.) Moldenke	bouchea fluminensis		BR	Fazenda do Engenho - Calciolandia.	Minas Gerais	PRESENT		838537fc-4aeb-4980-8b58-97fbdcd1d91a	-20.281944	-45.539167							1940-10-10	10	10	1940	7297089	4083862	PRESERVED_SPECIMEN	NY	NY	NY01857542	231			CC_BY_4_0	NY	J. Evangelista  de Oliveira			2026-07-01T12:21:12.241Z		COORDINATE_ROUNDED;GEODETIC_DATUM_ASSUMED_WGS84;CONTINENT_DERIVED_FROM_COORDINATES;IDENTIFIED_DATE_INVALID;INSTITUTION_MATCH_FUZZY;COLLECTION_MATCH_FUZZY
2997837801	f5d836d5-cb15-4178-8f57-68ef1d6551e9	4940448	Plantae	Tracheophyta	Magnoliopsida	Sapindales	Rutaceae	Metrodorea	Metrodorea nigra		SPECIES	Metrodorea nigra A.St.-Hil.	Metrodorea nigra A.St.-Hil.	A.St.-Hil.	BR	"Lat.: 20º22'55.5"" - 20º23'05.7""SLong.: 45º39'04.2"" - 45º38'57.7""W"	Minas Gerais	PRESENT		838537fc-4aeb-4980-8b58-97fbdcd1d91a	-20.381944	-45.651111			675.0	25.0			2003-12-08	8	12	2003	7269604	7269604	PRESERVED_SPECIMEN	SPF	SPF	SPF00163723	1009	Pirani, JR	2004-01-01T00:00:00	CC_BY_4_0	SPF	Melo, PHA			2026-07-01T12:16:31.794Z		COORDINATE_ROUNDED;GEODETIC_DATUM_ASSUMED_WGS84;CONTINENT_DERIVED_FROM_COORDINATES;RECORDED_DATE_INVALID;INSTITUTION_MATCH_FUZZY;COLLECTION_MATCH_FUZZY
2997835767	f5d836d5-cb15-4178-8f57-68ef1d6551e9	4940230	Plantae	Tracheophyta	Magnoliopsida	Sapindales	Rutaceae	Pilocarpus	Pilocarpus spicatus	spicatus	SUBSPECIES	Pilocarpus spicatus subsp. spicatus	Pilocarpus spicatus A.St.-Hil. subsp. spicatus	A.St.-Hil.	BR	Rio São Miguel.	Minas Gerais	PRESENT		838537fc-4aeb-4980-8b58-97fbdcd1d91a	-20.250278	-45.670833							2002-08-09	9	8	2002	7269475	7269470	PRESERVED_SPECIMEN	SPF	SPF	SPF00160501	28	Dias, P		CC_BY_4_0	SPF	Melo, PHA			2026-07-01T12:16:31.415Z		COORDINATE_ROUNDED;GEODETIC_DATUM_ASSUMED_WGS84;CONTINENT_DERIVED_FROM_COORDINATES;RECORDED_DATE_INVALID;IDENTIFIED_DATE_INVALID;INSTITUTION_MATCH_FUZZY;COLLECTION_MATCH_FUZZY
2997831365	a185d0c4-1a12-45c1-a729-2a7b058b528d	2316372	Plantae	Tracheophyta	Magnoliopsida	Lamiales	Verbenaceae	Bouchea	Bouchea pseudogervao		SPECIES	Bouchea fluminensis (Vell.) Moldenke	Bouchea fluminensis (Vell.) Moldenke	(Vell.) Moldenke	BR	Fazenda do Engenho - Calciolandia.	Minas Gerais	PRESENT		838537fc-4aeb-4980-8b58-97fbdcd1d91a	-20.281944	-45.539167							1940-10-10	10	10	1940	7297089	4083862	PRESERVED_SPECIMEN	NY	NY	NY00955667	231	H. N. Moldenke		CC_BY_4_0	NY	J. Evangelista  de Oliveira			2026-07-01T12:21:25.031Z		COORDINATE_ROUNDED;GEODETIC_DATUM_ASSUMED_WGS84;CONTINENT_DERIVED_FROM_COORDINATES;IDENTIFIED_DATE_INVALID;INSTITUTION_MATCH_FUZZY;COLLECTION_MATCH_FUZZY
2997806982	f5d836d5-cb15-4178-8f57-68ef1d6551e9	4679173	Plantae	Tracheophyta	Magnoliopsida	Picramniales	Picramniaceae	Picramnia	Picramnia ramiflora		SPECIES	Picramnia ramiflora Planch.	Picramnia ramiflora Planch.	Planch.	BR	Fazenda Amargoso, MG 439, km 16.	Minas Gerais	PRESENT		838537fc-4aeb-4980-8b58-97fbdcd1d91a	-20.381944	-45.651111			675.0	25.0			2003-12-08	8	12	2003	3709280	3709280	PRESERVED_SPECIMEN	SPF	SPF	SPF00163728	1005	Pirani, JR	2004-01-01T00:00:00	CC_BY_4_0	SPF	Melo, PHA			2026-07-01T12:16:27.440Z		COORDINATE_ROUNDED;GEODETIC_DATUM_ASSUMED_WGS84;CONTINENT_DERIVED_FROM_COORDINATES;RECORDED_DATE_INVALID;INSTITUTION_MATCH_FUZZY;COLLECTION_MATCH_FUZZY
2997757638	f5d836d5-cb15-4178-8f57-68ef1d6551e9	4288316	Plantae	Tracheophyta	Magnoliopsida	Sapindales	Meliaceae	Cedrela	Cedrela odorata		SPECIES	Cedrela odorata L.	Cedrela odorata L.	L.	BR		Minas Gerais	PRESENT		838537fc-4aeb-4980-8b58-97fbdcd1d91a	-20.256389	-45.669167							2002-11-16	16	11	2002	3190511	3190511	PRESERVED_SPECIMEN	SPF	SPF	SPF00160172	214	Lombardi, JA		CC_BY_4_0	SPF	Melo, PHA			2026-07-01T12:16:20.312Z		COORDINATE_ROUNDED;GEODETIC_DATUM_ASSUMED_WGS84;CONTINENT_DERIVED_FROM_COORDINATES;IDENTIFIED_DATE_INVALID;INSTITUTION_MATCH_FUZZY;COLLECTION_MATCH_FUZZY
2997751669	f5d836d5-cb15-4178-8f57-68ef1d6551e9	4288745	Plantae	Tracheophyta	Magnoliopsida	Fabales	Fabaceae	Erythrina	Erythrina mulungu		SPECIES	Erythrina dominguezii Hassl.	Erythrina dominguezii Hassl.	Hassl.	BR		Minas Gerais	PRESENT		838537fc-4aeb-4980-8b58-97fbdcd1d91a	-20.255556	-45.67			375.0	375.0			2003-08-10	10	8	2003	5349716	5349691	PRESERVED_SPECIMEN	SPF	SPF	SPF00161516	813	Administrador		CC_BY_4_0	SPF	Melo, PHA			2026-07-01T12:16:18.073Z		COORDINATE_ROUNDED;GEODETIC_DATUM_ASSUMED_WGS84;CONTINENT_DERIVED_FROM_COORDINATES;RECORDED_DATE_INVALID;ELEVATION_MIN_MAX_SWAPPED;IDENTIFIED_DATE_INVALID;INSTITUTION_MATCH_FUZZY;COLLECTION_MATCH_FUZZY
2997747148	f5d836d5-cb15-4178-8f57-68ef1d6551e9	4298445	Plantae	Tracheophyta	Magnoliopsida	Sapindales	Meliaceae	Trichilia	Trichilia catigua		SPECIES	Trichilia catigua A.Juss.	Trichilia catigua A.Juss.	A.Juss.	BR		Minas Gerais	PRESENT		838537fc-4aeb-4980-8b58-97fbdcd1d91a	-20.381111	-45.651111			335.0	335.0			2004-06-26	26	6	2004	7271401	7271401	PRESERVED_SPECIMEN	SPF	SPF	SPF00189652	1211	Sobral, M		CC_BY_4_0	SPF	Melo, PHA			2026-07-01T12:16:16.899Z		COORDINATE_ROUNDED;GEODETIC_DATUM_ASSUMED_WGS84;CONTINENT_DERIVED_FROM_COORDINATES;ELEVATION_MIN_MAX_SWAPPED;IDENTIFIED_DATE_INVALID;INSTITUTION_MATCH_FUZZY;COLLECTION_MATCH_FUZZY
2997719401	f5d836d5-cb15-4178-8f57-68ef1d6551e9	4226814	Plantae	Tracheophyta	Magnoliopsida	Myrtales	Combretaceae	Combretum	Combretum laxum		SPECIES	Combretum laxum Jacq.	Combretum laxum Jacq.	Jacq.	BR		Minas Gerais	PRESENT		838537fc-4aeb-4980-8b58-97fbdcd1d91a	-20.256389	-45.669167			750.0	50.0			2003-05-26	26	5	2003	7908521	7908521	PRESERVED_SPECIMEN	SPF	SPF	SPF00164380	669	Lombardi, JA		CC_BY_4_0	SPF	Melo, PHA			2026-07-01T12:16:13.506Z		COORDINATE_ROUNDED;GEODETIC_DATUM_ASSUMED_WGS84;CONTINENT_DERIVED_FROM_COORDINATES;IDENTIFIED_DATE_INVALID;INSTITUTION_MATCH_FUZZY;COLLECTION_MATCH_FUZZY
2997710243	a185d0c4-1a12-45c1-a729-2a7b058b528d	4734124	Plantae	Tracheophyta	Magnoliopsida	Sapindales	Meliaceae	Trichilia	Trichilia claussenii		SPECIES	Trichilia claussenii C.DC.	Trichilia claussenii C.DC.	C.DC.	BR	Iguatama. Fazenda do Caetano, margem esquerda do Rio São Miguel.	Minas Gerais	PRESENT		838537fc-4aeb-4980-8b58-97fbdcd1d91a	-20.250278	-45.670833							2002-08-09	9	8	2002	8059494	8059494	PRESERVED_SPECIMEN	NY	NY	NY01145101	20			CC_BY_4_0	NY	P. H. A. de Melo			2026-07-01T12:21:16.085Z		COORDINATE_ROUNDED;GEODETIC_DATUM_ASSUMED_WGS84;CONTINENT_DERIVED_FROM_COORDINATES;RECORDED_DATE_INVALID;IDENTIFIED_DATE_INVALID;INSTITUTION_MATCH_FUZZY;COLLECTION_MATCH_FUZZY
2997666234	a185d0c4-1a12-45c1-a729-2a7b058b528d	4734123	Plantae	Tracheophyta	Magnoliopsida	Sapindales	Meliaceae	Trichilia	Trichilia claussenii		SPECIES	Trichilia claussenii C.DC.	Trichilia claussenii C.DC.	C.DC.	BR	Iguatama. Fazenda Faroeste, margem esquerda do Rio São Miguel.	Minas Gerais	PRESENT		838537fc-4aeb-4980-8b58-97fbdcd1d91a	-20.256389	-45.669167							2002-11-16	16	11	2002	8059494	8059494	PRESERVED_SPECIMEN	NY	NY	NY01145100	209			CC_BY_4_0	NY	P. H. A. de Melo			2026-07-01T12:21:23.145Z		COORDINATE_ROUNDED;GEODETIC_DATUM_ASSUMED_WGS84;CONTINENT_DERIVED_FROM_COORDINATES;IDENTIFIED_DATE_INVALID;INSTITUTION_MATCH_FUZZY;COLLECTION_MATCH_FUZZY
2997666073	a185d0c4-1a12-45c1-a729-2a7b058b528d	4730875	Plantae	Tracheophyta	Magnoliopsida	Ericales	Sapotaceae	Pouteria	Pouteria gardneriana		SPECIES	Pouteria gardneriana (A.DC.) Radlk.	Pouteria gardneriana (A.DC.) Radlk.	(A.DC.) Radlk.	BR	Margem do rio São Miguel. Calciolandia.	Minas Gerais	PRESENT		838537fc-4aeb-4980-8b58-97fbdcd1d91a	-20.281944	-45.539167							1940-10-16	16	10	1940	2884422	2884422	PRESERVED_SPECIMEN	NY	NY	NY01019350	235			CC_BY_4_0	NY	J. Evangelista  de Oliveira			2026-07-01T12:21:09.241Z		COORDINATE_ROUNDED;GEODETIC_DATUM_ASSUMED_WGS84;CONTINENT_DERIVED_FROM_COORDINATES;IDENTIFIED_DATE_INVALID;INSTITUTION_MATCH_FUZZY;COLLECTION_MATCH_FUZZY
2997660735	f5d836d5-cb15-4178-8f57-68ef1d6551e9	5281096	Plantae	Tracheophyta	Magnoliopsida	Lamiales	Lamiaceae	Cantinoa	Cantinoa mutabilis		SPECIES	Cantinoa mutabilis (Rich.) Harley & J.F.B.Pastore	Cantinoa mutabilis (Rich.) Harley & J.F.B.Pastore	(Rich.) Harley & J.F.B.Pastore	BR		Minas Gerais	PRESENT		838537fc-4aeb-4980-8b58-97fbdcd1d91a	-20.251667	-45.663056			750.0	50.0			2003-04-22	22	4	2003	7471562	7471562	PRESERVED_SPECIMEN	SPF	SPF	SPF00164400	604	Silva-Luz, CL	2015-01-01T00:00:00	CC_BY_4_0	SPF	Melo, PHA			2026-07-01T12:16:04.896Z		COORDINATE_ROUNDED;GEODETIC_DATUM_ASSUMED_WGS84;CONTINENT_DERIVED_FROM_COORDINATES;INSTITUTION_MATCH_FUZZY;COLLECTION_MATCH_FUZZY
2997636502	f5d836d5-cb15-4178-8f57-68ef1d6551e9	4826625	Plantae	Tracheophyta	Magnoliopsida	Sapindales	Rutaceae	Conchocarpus	Conchocarpus pentandrus		SPECIES	Conchocarpus pentandrus (A.St.-Hil.) Kallunki & Pirani	Conchocarpus pentandrus (A.St.-Hil.) Kallunki & Pirani	(A.St.-Hil.) Kallunki & Pirani	BR	Margem esquerda do Rio São Miguel. Sobre afloramento calcáreo.	Minas Gerais	PRESENT		838537fc-4aeb-4980-8b58-97fbdcd1d91a	-20.256389	-45.669167							2002-10-04	4	10	2002	3835212	3835212	PRESERVED_SPECIMEN	SPF	SPF	SPF00160497	57	Pirani, JR	2003-01-01T00:00:00	CC_BY_4_0	SPF	Melo, PHA			2026-07-01T12:16:03.389Z		COORDINATE_ROUNDED;GEODETIC_DATUM_ASSUMED_WGS84;CONTINENT_DERIVED_FROM_COORDINATES;RECORDED_DATE_INVALID;INSTITUTION_MATCH_FUZZY;COLLECTION_MATCH_FUZZY
2997634801	f5d836d5-cb15-4178-8f57-68ef1d6551e9	4940450	Plantae	Tracheophyta	Magnoliopsida	Sapindales	Rutaceae	Zanthoxylum	Zanthoxylum monogynum		SPECIES	Zanthoxylum monogynum A.St.-Hil.	Zanthoxylum monogynum A.St.-Hil.	A.St.-Hil.	BR	"Lat.: 20º22'55.5"" - 20º23'05.7""S, Long.: 45º39'04.2"" - 45º38'57.7""W.MG 439, KM 16. Interior de mata calcária."	Minas Gerais	PRESENT		838537fc-4aeb-4980-8b58-97fbdcd1d91a	-20.381944	-45.651111			675.0	25.0			2003-12-08	8	12	2003	3836467	3836467	PRESERVED_SPECIMEN	SPF	SPF	SPF00163725	1011	Pirani, JR	2004-01-01T00:00:00	CC_BY_4_0	SPF	Melo, PHA			2026-07-01T12:16:18.639Z		COORDINATE_ROUNDED;GEODETIC_DATUM_ASSUMED_WGS84;CONTINENT_DERIVED_FROM_COORDINATES;RECORDED_DATE_INVALID;INSTITUTION_MATCH_FUZZY;COLLECTION_MATCH_FUZZY
2997634569	f5d836d5-cb15-4178-8f57-68ef1d6551e9	4826673	Plantae	Tracheophyta	Magnoliopsida	Sapindales	Rutaceae	Galipea	Galipea jasminiflora		SPECIES	Galipea jasminiflora (A.St.-Hil.) Engl.	Galipea jasminiflora (A.St.-Hil.) Engl.	(A.St.-Hil.) Engl.	BR	Margem esquerda do Rio São Miguel. Sobre afloramento calcáreo.	Minas Gerais	PRESENT		838537fc-4aeb-4980-8b58-97fbdcd1d91a	-20.263611	-45.670556			725.0	25.0			2004-04-09	9	4	2004	7269215	7269215	PRESERVED_SPECIMEN	SPF	SPF	SPF00163722	1162	Pirani, JR	2004-01-01T00:00:00	CC_BY_4_0	SPF	Melo, PHA			2026-07-01T12:16:06.533Z		COORDINATE_ROUNDED;GEODETIC_DATUM_ASSUMED_WGS84;CONTINENT_DERIVED_FROM_COORDINATES;RECORDED_DATE_INVALID;INSTITUTION_MATCH_FUZZY;COLLECTION_MATCH_FUZZY
2997629541	f5d836d5-cb15-4178-8f57-68ef1d6551e9	4826626	Plantae	Tracheophyta	Magnoliopsida	Sapindales	Rutaceae	Conchocarpus	Conchocarpus pentandrus		SPECIES	Conchocarpus pentandrus (A.St.-Hil.) Kallunki & Pirani	Conchocarpus pentandrus (A.St.-Hil.) Kallunki & Pirani	(A.St.-Hil.) Kallunki & Pirani	BR	Margem esquerda do Rio São Miguel. Sobre afloramento calcáreo.	Minas Gerais	PRESENT		838537fc-4aeb-4980-8b58-97fbdcd1d91a	-20.256389	-45.669167							2002-11-16	16	11	2002	3835212	3835212	PRESERVED_SPECIMEN	SPF	SPF	SPF00160498	217	Pirani, JR	2003-01-01T00:00:00	CC_BY_4_0	SPF	Melo, PHA			2026-07-01T12:16:02.511Z		COORDINATE_ROUNDED;GEODETIC_DATUM_ASSUMED_WGS84;CONTINENT_DERIVED_FROM_COORDINATES;INSTITUTION_MATCH_FUZZY;COLLECTION_MATCH_FUZZY
2997621092	f5d836d5-cb15-4178-8f57-68ef1d6551e9	4982367	Plantae	Tracheophyta	Magnoliopsida	Rosales	Cannabaceae	Trema	Trema micranthum		SPECIES	Trema micranthum (L.) Blume	Trema micrantha (L.) Blume	(L.) Blume	BR	Pains: Faz. Amargoso, MG 439, km 16. Borda de mata relacionada a afloramento calcário.	Minas Gerais	PRESENT		838537fc-4aeb-4980-8b58-97fbdcd1d91a	-20.387222	-45.649722							2003-12-30	30	12	2003	2984501	2984501	PRESERVED_SPECIMEN	SPF	SPF	SPF00160227	285	Lombardi, JA		CC_BY_4_0	SPF	Melo, PHA			2026-07-01T12:16:01.228Z		COORDINATE_ROUNDED;GEODETIC_DATUM_ASSUMED_WGS84;CONTINENT_DERIVED_FROM_COORDINATES;IDENTIFIED_DATE_INVALID;INSTITUTION_MATCH_FUZZY;COLLECTION_MATCH_FUZZY;TAXON_MATCH_FUZZY
2997612498	f5d836d5-cb15-4178-8f57-68ef1d6551e9	4826627	Plantae	Tracheophyta	Magnoliopsida	Sapindales	Rutaceae	Conchocarpus	Conchocarpus pentandrus		SPECIES	Conchocarpus pentandrus (A.St.-Hil.) Kallunki & Pirani	Conchocarpus pentandrus (A.St.-Hil.) Kallunki & Pirani	(A.St.-Hil.) Kallunki & Pirani	BR	Margem esquerda do Rio São Miguel. Comum no interior de afloramento calcáreo.	Minas Gerais	PRESENT		838537fc-4aeb-4980-8b58-97fbdcd1d91a	-20.256389	-45.669167							2002-11-16	16	11	2002	3835212	3835212	PRESERVED_SPECIMEN	SPF	SPF	SPF00160499	240	Pirani, JR	2003-01-01T00:00:00	CC_BY_4_0	SPF	Melo, PHA			2026-07-01T12:15:58.727Z		COORDINATE_ROUNDED;GEODETIC_DATUM_ASSUMED_WGS84;CONTINENT_DERIVED_FROM_COORDINATES;INSTITUTION_MATCH_FUZZY;COLLECTION_MATCH_FUZZY
2997521619	f5d836d5-cb15-4178-8f57-68ef1d6551e9	4288344	Plantae	Tracheophyta	Magnoliopsida	Vitales	Vitaceae	Cissus	Cissus verticillata		SPECIES	Cissus verticillata (L.) Nicolson & C.E.Jarvis	Cissus verticillata (L.) Nicolson & C.E.Jarvis	(L.) Nicolson & C.E.Jarvis	BR		Minas Gerais	PRESENT		838537fc-4aeb-4980-8b58-97fbdcd1d91a	-20.387222	-45.649722							2003-12-30	30	12	2003	3039173	3039173	PRESERVED_SPECIMEN	SPF	SPF	SPF00160234	288	Lombardi, JA		CC_BY_4_0	SPF	Melo, PHA			2026-07-01T12:15:48.673Z		COORDINATE_ROUNDED;GEODETIC_DATUM_ASSUMED_WGS84;CONTINENT_DERIVED_FROM_COORDINATES;IDENTIFIED_DATE_INVALID;INSTITUTION_MATCH_FUZZY;COLLECTION_MATCH_FUZZY
2997520614	f5d836d5-cb15-4178-8f57-68ef1d6551e9	4288325	Plantae	Tracheophyta	Magnoliopsida	Caryophyllales	Nyctaginaceae	Bougainvillea	Bougainvillea spectabilis		SPECIES	Bougainvillea spectabilis Willd.	Bougainvillea spectabilis Willd.	Willd.	BR		Minas Gerais	PRESENT		838537fc-4aeb-4980-8b58-97fbdcd1d91a	-20.256389	-45.669167							2002-10-04	4	10	2002	7167078	7167078	PRESERVED_SPECIMEN	SPF	SPF	SPF00160181	86	Lombardi, JA		CC_BY_4_0	SPF	Melo, PHA			2026-07-01T12:15:48.411Z		COORDINATE_ROUNDED;GEODETIC_DATUM_ASSUMED_WGS84;CONTINENT_DERIVED_FROM_COORDINATES;RECORDED_DATE_INVALID;IDENTIFIED_DATE_INVALID;INSTITUTION_MATCH_FUZZY;COLLECTION_MATCH_FUZZY
2997518727	f5d836d5-cb15-4178-8f57-68ef1d6551e9	4289768	Plantae	Tracheophyta	Magnoliopsida	Myrtales	Myrtaceae	Calycorectes	Calycorectes acutatus		SPECIES	Eugenia acutata Miq.	Eugenia acutata Miq.	Miq.	BR		Minas Gerais	PRESENT		838537fc-4aeb-4980-8b58-97fbdcd1d91a	-20.387222	-45.649722			375.0	375.0			2003-10-28	28	10	2003	5415549	3173635	PRESERVED_SPECIMEN	SPF	SPF	SPF00164429	920	Sobral, M		CC_BY_4_0	SPF	Melo, PHA			2026-07-01T12:15:47.448Z		COORDINATE_ROUNDED;GEODETIC_DATUM_ASSUMED_WGS84;CONTINENT_DERIVED_FROM_COORDINATES;ELEVATION_MIN_MAX_SWAPPED;IDENTIFIED_DATE_INVALID;INSTITUTION_MATCH_FUZZY;COLLECTION_MATCH_FUZZY
2997518655	f5d836d5-cb15-4178-8f57-68ef1d6551e9	4288345	Plantae	Tracheophyta	Magnoliopsida	Vitales	Vitaceae	Cissus	Cissus verticillata		SPECIES	Cissus verticillata (L.) Nicolson & C.E.Jarvis	Cissus verticillata (L.) Nicolson & C.E.Jarvis	(L.) Nicolson & C.E.Jarvis	BR	Fazenda Faroeste.	Minas Gerais	PRESENT		838537fc-4aeb-4980-8b58-97fbdcd1d91a	-20.251667	-45.663056							2002-12-31	31	12	2002	3039173	3039173	PRESERVED_SPECIMEN	SPF	SPF	SPF00160235	330	Lombardi, JA		CC_BY_4_0	SPF	Melo, PHA			2026-07-01T12:15:47.453Z		COORDINATE_ROUNDED;GEODETIC_DATUM_ASSUMED_WGS84;CONTINENT_DERIVED_FROM_COORDINATES;IDENTIFIED_DATE_INVALID;INSTITUTION_MATCH_FUZZY;COLLECTION_MATCH_FUZZY
2997516653	f5d836d5-cb15-4178-8f57-68ef1d6551e9	4288339	Plantae	Tracheophyta	Magnoliopsida	Malvales	Malvaceae	Guazuma	Guazuma ulmifolia		SPECIES	Guazuma ulmifolia Lam.	Guazuma ulmifolia Lam.	Lam.	BR		Minas Gerais	PRESENT		838537fc-4aeb-4980-8b58-97fbdcd1d91a	-20.256389	-45.669167							2002-10-04	4	10	2002	3152195	3152195	PRESERVED_SPECIMEN	SPF	SPF	SPF00160224	82	Lombardi, JA		CC_BY_4_0	SPF	Melo, PHA			2026-07-01T12:15:46.563Z		COORDINATE_ROUNDED;GEODETIC_DATUM_ASSUMED_WGS84;CONTINENT_DERIVED_FROM_COORDINATES;RECORDED_DATE_INVALID;IDENTIFIED_DATE_INVALID;INSTITUTION_MATCH_FUZZY;COLLECTION_MATCH_FUZZY
2997514693	f5d836d5-cb15-4178-8f57-68ef1d6551e9	4289583	Plantae	Tracheophyta	Magnoliopsida	Sapindales	Meliaceae	Trichilia	Trichilia elegans		SPECIES	Trichilia elegans A.Juss.	Trichilia elegans A.Juss.	A.Juss.	BR		Minas Gerais	PRESENT		838537fc-4aeb-4980-8b58-97fbdcd1d91a	-20.381944	-45.651111			675.0	25.0			2003-12-08	8	12	2003	7271353	7271353	PRESERVED_SPECIMEN	SPF	SPF	SPF00163729	1011	Pirani, JR	2004-01-01T00:00:00	CC_BY_4_0	SPF	Melo, PHA			2026-07-01T12:15:54.205Z		COORDINATE_ROUNDED;GEODETIC_DATUM_ASSUMED_WGS84;CONTINENT_DERIVED_FROM_COORDINATES;RECORDED_DATE_INVALID;INSTITUTION_MATCH_FUZZY;COLLECTION_MATCH_FUZZY
2997514665	f5d836d5-cb15-4178-8f57-68ef1d6551e9	4288953	Plantae	Tracheophyta	Magnoliopsida	Myrtales	Myrtaceae	Eugenia	Eugenia moraviana		SPECIES	Eugenia moraviana O.Berg	Eugenia moraviana O.Berg	O.Berg	BR		Minas Gerais	PRESENT		838537fc-4aeb-4980-8b58-97fbdcd1d91a	-20.387222	-45.649722			780.0	30.0			2003-07-06	6	7	2003	5417892	5417892	PRESERVED_SPECIMEN	SPF	SPF	SPF00162113	761	Sobral, M	2004-01-01T00:00:00	CC_BY_4_0	SPF	Melo, PHA			2026-07-01T12:15:46.128Z		COORDINATE_ROUNDED;GEODETIC_DATUM_ASSUMED_WGS84;CONTINENT_DERIVED_FROM_COORDINATES;RECORDED_DATE_INVALID;INSTITUTION_MATCH_FUZZY;COLLECTION_MATCH_FUZZY
2997514632	f5d836d5-cb15-4178-8f57-68ef1d6551e9	4288340	Plantae	Tracheophyta	Magnoliopsida	Malvales	Malvaceae	Guazuma	Guazuma ulmifolia		SPECIES	Guazuma ulmifolia Lam.	Guazuma ulmifolia Lam.	Lam.	BR		Minas Gerais	PRESENT		838537fc-4aeb-4980-8b58-97fbdcd1d91a	-20.256389	-45.669167							2002-11-16	16	11	2002	3152195	3152195	PRESERVED_SPECIMEN	SPF	SPF	SPF00160225	243	Lombardi, JA		CC_BY_4_0	SPF	Melo, PHA			2026-07-01T12:15:46.072Z		COORDINATE_ROUNDED;GEODETIC_DATUM_ASSUMED_WGS84;CONTINENT_DERIVED_FROM_COORDINATES;IDENTIFIED_DATE_INVALID;INSTITUTION_MATCH_FUZZY;COLLECTION_MATCH_FUZZY
2997513175	f5d836d5-cb15-4178-8f57-68ef1d6551e9	4299515	Plantae	Tracheophyta	Magnoliopsida	Sapindales	Meliaceae	Trichilia	Trichilia claussenii		SPECIES	Trichilia claussenii C.DC.	Trichilia claussenii C.DC.	C.DC.	BR		Minas Gerais	PRESENT		838537fc-4aeb-4980-8b58-97fbdcd1d91a	-20.255556	-45.67			375.0	375.0			2003-08-10	10	8	2003	8059494	8059494	PRESERVED_SPECIMEN	SPF	SPF	SPF00193296	808	Melo, PHA		CC_BY_4_0	SPF	Melo, PHA			2026-07-01T12:15:45.259Z		COORDINATE_ROUNDED;GEODETIC_DATUM_ASSUMED_WGS84;CONTINENT_DERIVED_FROM_COORDINATES;RECORDED_DATE_INVALID;ELEVATION_MIN_MAX_SWAPPED;IDENTIFIED_DATE_INVALID;INSTITUTION_MATCH_FUZZY;COLLECTION_MATCH_FUZZY
2997512695	f5d836d5-cb15-4178-8f57-68ef1d6551e9	4289769	Plantae	Tracheophyta	Magnoliopsida	Myrtales	Myrtaceae	Eugenia	Eugenia repanda		SPECIES	Eugenia repanda O.Berg	Eugenia repanda O.Berg	O.Berg	BR		Minas Gerais	PRESENT		838537fc-4aeb-4980-8b58-97fbdcd1d91a	-20.387222	-45.649722			780.0	30.0			2003-04-15	15	4	2003	5416508	5416508	PRESERVED_SPECIMEN	SPF	SPF	SPF00164430	561	Sobral, M		CC_BY_4_0	SPF	Melo, PHA			2026-07-01T12:16:02.651Z		COORDINATE_ROUNDED;GEODETIC_DATUM_ASSUMED_WGS84;CONTINENT_DERIVED_FROM_COORDINATES;IDENTIFIED_DATE_INVALID;INSTITUTION_MATCH_FUZZY;COLLECTION_MATCH_FUZZY
2997483395	f5d836d5-cb15-4178-8f57-68ef1d6551e9	4225183	Plantae	Tracheophyta	Magnoliopsida	Cucurbitales	Cucurbitaceae	Wilbrandia	Wilbrandia hibiscoides		SPECIES	Wilbrandia hibiscoides Silva Manso	Wilbrandia hibiscoides Silva Manso	Silva Manso	BR	Fazenda Faroeste.	Minas Gerais	PRESENT		838537fc-4aeb-4980-8b58-97fbdcd1d91a	-20.251667	-45.663056							2002-12-31	31	12	2002	7317954	7317954	PRESERVED_SPECIMEN	SPF	SPF	SPF00160117	296	Lombardi, JA		CC_BY_4_0	SPF	Melo, PHA			2026-07-01T12:15:50.756Z		COORDINATE_ROUNDED;GEODETIC_DATUM_ASSUMED_WGS84;CONTINENT_DERIVED_FROM_COORDINATES;IDENTIFIED_DATE_INVALID;INSTITUTION_MATCH_FUZZY;COLLECTION_MATCH_FUZZY
2997481402	f5d836d5-cb15-4178-8f57-68ef1d6551e9	4225178	Plantae	Tracheophyta	Magnoliopsida	Caryophyllales	Cactaceae	Brasiliopuntia	Brasiliopuntia brasiliensis		SPECIES	Brasiliopuntia brasiliensis (Willd.) A.Berger	brasiliopuntia brasiliens (willd.) a.berger	(Willd.) A.Berger	BR		Minas Gerais	PRESENT		838537fc-4aeb-4980-8b58-97fbdcd1d91a	-20.256389	-45.669167							2002-10-04	4	10	2002	7530646	7530646	PRESERVED_SPECIMEN	SPF	SPF	SPF00160099	67	Gonzaga, DR		CC_BY_4_0	SPF	Lombardi, JA			2026-07-01T12:15:40.105Z		COORDINATE_ROUNDED;GEODETIC_DATUM_ASSUMED_WGS84;CONTINENT_DERIVED_FROM_COORDINATES;RECORDED_DATE_INVALID;IDENTIFIED_DATE_INVALID;INSTITUTION_MATCH_FUZZY;COLLECTION_MATCH_FUZZY;TAXON_MATCH_HIGHERRANK
2997442823	a185d0c4-1a12-45c1-a729-2a7b058b528d	3107917	Plantae	Tracheophyta	Magnoliopsida	Rosales	Moraceae	Ficus	Ficus guaranitica		SPECIES	Ficus guaranitica Chodat	Ficus guaranitica Chodat	Chodat	BR	Pains. Mineração Vale de São Miguel.	Minas Gerais	PRESENT		838537fc-4aeb-4980-8b58-97fbdcd1d91a	-20.354167	-45.673333							2006-07-13	13	7	2006	5570839	5570839	PRESERVED_SPECIMEN	NY	NY	NY01183994	186			CC_BY_4_0	NY	R. A. X. Borges			2026-07-01T12:21:21.585Z		COORDINATE_ROUNDED;GEODETIC_DATUM_ASSUMED_WGS84;CONTINENT_DERIVED_FROM_COORDINATES;IDENTIFIED_DATE_INVALID;INSTITUTION_MATCH_FUZZY;COLLECTION_MATCH_FUZZY
2997382015	a185d0c4-1a12-45c1-a729-2a7b058b528d	2446072	Plantae	Tracheophyta	Magnoliopsida	Piperales	Piperaceae	Peperomia	Peperomia circinnata		SPECIES	Peperomia circinnata Link	Peperomia circinnata Link	Link	BR	Agua Limpa, Calciolandia.	Minas Gerais	PRESENT		838537fc-4aeb-4980-8b58-97fbdcd1d91a	-20.281944	-45.539167							1940-10-07	7	10	1940	7304921	7304921	PRESERVED_SPECIMEN	NY	NY	NY00956874	202			CC_BY_4_0	NY	J. Evangelista  de Oliveira			2026-07-01T12:21:05.602Z		COORDINATE_ROUNDED;GEODETIC_DATUM_ASSUMED_WGS84;CONTINENT_DERIVED_FROM_COORDINATES;RECORDED_DATE_INVALID;IDENTIFIED_DATE_INVALID;INSTITUTION_MATCH_FUZZY;COLLECTION_MATCH_FUZZY
2996965382	e257fa65-598c-4f11-b03e-dfeba1191db8	5545842	Plantae	Tracheophyta	Magnoliopsida	Malvales	Malvaceae	Luehea	Luehea divaricata		SPECIES	Luehea divaricata Mart.	Luehea divaricata Mart.	Mart.	BR	Calciolândia, acompanhando a linha do trem, próximo a margem do rio São Miguel. Área de extração de calcário. 652m.	Minas Gerais	PRESENT		838537fc-4aeb-4980-8b58-97fbdcd1d91a	-20.238056	-45.664167							2018-05-21	21	5	2018	5706141	5706141	PRESERVED_SPECIMEN	VIES	VIES	VIES046073	4405	G.I. Oliveira		CC_BY_4_0	VIES	Bovini, M.G.;J.F. Baumgratz, C.D.Ferreira, B. Valente et G. Leite			2026-07-01T12:16:29.217Z		COORDINATE_ROUNDED;GEODETIC_DATUM_ASSUMED_WGS84;CONTINENT_DERIVED_FROM_COORDINATES;IDENTIFIED_DATE_INVALID;INSTITUTION_MATCH_FUZZY;COLLECTION_MATCH_FUZZY
2996582297	5c9a924c-8d45-4452-8604-415a118578aa	3889153	Plantae	Tracheophyta	Magnoliopsida	Lamiales	Acanthaceae	Justicia	Justicia brasiliana		SPECIES	Justicia brasiliana Roth	Justicia brasiliana Roth	Roth	BR	Mineração Vale São Miguel.	Minas Gerais	PRESENT		838537fc-4aeb-4980-8b58-97fbdcd1d91a	-20.356389	-45.669722							2006-07-11	11	7	2006	3771127	3771127	PRESERVED_SPECIMEN	MBM	MBM	MBM351034	206	Profice, S.R.	2008-01-01T00:00:00	CC_BY_4_0	MBM	Borges, RAX;Borges, R.A.X.,Bernardo, P.H.,Bernardo, PH			2026-07-01T12:17:16.910Z		COORDINATE_ROUNDED;GEODETIC_DATUM_ASSUMED_WGS84;CONTINENT_DERIVED_FROM_COORDINATES;RECORDED_DATE_INVALID;INSTITUTION_MATCH_FUZZY;COLLECTION_MATCH_FUZZY
2996214387	df815212-bca8-45c8-b006-ba7bded25217	5442581	Plantae	Tracheophyta	Magnoliopsida	Asterales	Asteraceae	Gardnerina	Gardnerina angustata		SPECIES	Gardnerina angustata (Gardner) R.M.King & H.Rob.	Gardnerina angustata (Gardner) R.M.King & H.Rob.	(Gardner) R.M.King & H.Rob.	BR	Região do Rastro de São Pedro. Interior do afloramento.. Vegetação relacionada a afloramento calcário.	Minas Gerais	PRESENT		838537fc-4aeb-4980-8b58-97fbdcd1d91a	-20.295833	-45.604722			680.0				2005-06-26	26	6	2005	3139400	3139400	PRESERVED_SPECIMEN	HUFU	HUFU	HUFU00073410	1392	Melo, P.H.A.		CC_BY_4_0	HUFU	Melo, P.H.A.;Melo Jr, E.A.			2026-07-01T12:11:47.247Z		COORDINATE_ROUNDED;GEODETIC_DATUM_ASSUMED_WGS84;CONTINENT_DERIVED_FROM_COORDINATES;IDENTIFIED_DATE_INVALID;INSTITUTION_MATCH_FUZZY;COLLECTION_MATCH_FUZZY
2996214385	df815212-bca8-45c8-b006-ba7bded25217	5442580	Plantae	Tracheophyta	Magnoliopsida	Asterales	Asteraceae	Gardnerina	Gardnerina angustata		SPECIES	Gardnerina angustata (Gardner) R.M.King & H.Rob.	Gardnerina angustata (Gardner) R.M.King & H.Rob.	(Gardner) R.M.King & H.Rob.	BR	Reg. do Corumbá, próximo ao Morro do Marruá, Mineração Agrocampo.. Relacionada a afloramento calcário, no sub-bosque de mata.	Minas Gerais	PRESENT		838537fc-4aeb-4980-8b58-97fbdcd1d91a	-20.348889	-45.636389			750.0	50.0			2005-12-31	31	12	2005	3139400	3139400	PRESERVED_SPECIMEN	HUFU	HUFU	HUFU00073409	1354	Melo, P.H.A.		CC_BY_4_0	HUFU	Melo, P.H.A.;Melo Jr, E.A.			2026-07-01T12:11:47.168Z		COORDINATE_ROUNDED;GEODETIC_DATUM_ASSUMED_WGS84;CONTINENT_DERIVED_FROM_COORDINATES;IDENTIFIED_DATE_INVALID;INSTITUTION_MATCH_FUZZY;COLLECTION_MATCH_FUZZY
2995784070	ba06a193-82fc-425b-a7e5-f3df809fe378	2902367	Plantae	Tracheophyta	Liliopsida	Poales	Cyperaceae	Bulbostylis	Bulbostylis junciformis		SPECIES	Bulbostylis junciformis (Kunth) C.B.Clarke	Bulbostylis junciformis (Kunth) C.B.Clarke	(Kunth) C.B.Clarke	BR	Topo da Serra do Andaime	Minas Gerais	PRESENT		838537fc-4aeb-4980-8b58-97fbdcd1d91a	-20.28	-45.58							1998-02-14	14	2	1998	5292186	5292186	PRESERVED_SPECIMEN	ASE	ASE	ASE0025949	s.n.	Prata, AP	2010-10-19T00:00:00	CC_BY_4_0	ASE	Romero, R;Goldenberg, R,Dutilh, J,Semir, J			2026-07-01T12:05:22.998Z		GEODETIC_DATUM_ASSUMED_WGS84;CONTINENT_DERIVED_FROM_COORDINATES;INSTITUTION_MATCH_FUZZY;COLLECTION_MATCH_FUZZY
2995693955	1aedcdff-24f2-4925-8e55-23eeef236b0d	4854405	Plantae	Tracheophyta	Magnoliopsida	Piperales	Piperaceae	Peperomia	Peperomia nitida		SPECIES	Peperomia nitida Dahlst.	Peperomia nitida Dahlst.	Dahlst.	BR	Mineração Vale do São Miguel	Minas Gerais	PRESENT		838537fc-4aeb-4980-8b58-97fbdcd1d91a	-20.357222	-45.673889			344.0	344.0			2006-07-12	12	7	2006	7928689	7928689	PRESERVED_SPECIMEN	HEPH	HEPH	HEPH00017725	176	Carvalho-Silva, M	2011-01-01T00:00:00	CC_BY_4_0	HEPH	Borges, RAX			2026-07-01T12:03:19.892Z		COORDINATE_ROUNDED;GEODETIC_DATUM_ASSUMED_WGS84;CONTINENT_DERIVED_FROM_COORDINATES;RECORDED_DATE_INVALID;ELEVATION_MIN_MAX_SWAPPED;INSTITUTION_MATCH_FUZZY;COLLECTION_MATCH_FUZZY
2993796416	17efa320-7312-4b55-bf0a-a4cfc4613169	https://specieslink.net/guid/1/371960	Plantae	Tracheophyta	Magnoliopsida	Solanales	Convolvulaceae	Ipomoea	Ipomoea nil		SPECIES	Ipomoea nil (L.) Roth	Ipomoea nil	(L.) Roth	BR	Fazenda Faroeste, margem direita do rio São Miguel	Minas Gerais	PRESENT		2437c128-bf8c-4f53-b668-da95fb2e40b7	-20.256389	-45.669167			750.0	50.0			2003-03-08	8	3	2003	2928534	2928534	PRESERVED_SPECIMEN	IPA/SP	SP	371960	454	Simão Bianchini, R	2004-11-03T00:00:00	CC_BY_4_0	Herbário do Estado Maria Eneyda P. Kaufmann Fidalgo - Coleção de Plantas Vasculares	Melo, PHA		native	2026-06-26T20:23:31.480Z		CONTINENT_DERIVED_FROM_COORDINATES;INSTITUTION_MATCH_NONE
2993795398	17efa320-7312-4b55-bf0a-a4cfc4613169	https://specieslink.net/guid/1/371959	Plantae	Tracheophyta	Magnoliopsida	Solanales	Convolvulaceae	Ipomoea	Ipomoea hederifolia		SPECIES	Ipomoea hederifolia L.	Ipomoea hederifolia	L.	BR	Fazenda Amargoso, MG-439, Km 16	Minas Gerais	PRESENT		2437c128-bf8c-4f53-b668-da95fb2e40b7	-20.387222	-45.649722			780.0	30.0			2003-04-15	15	4	2003	2928624	2928624	PRESERVED_SPECIMEN	IPA/SP	SP	371959	566	Simão Bianchini, R	2004-11-03T00:00:00	CC_BY_4_0	Herbário do Estado Maria Eneyda P. Kaufmann Fidalgo - Coleção de Plantas Vasculares	Melo, PHA; Bezerra, FV		native	2026-06-26T20:23:31.300Z		CONTINENT_DERIVED_FROM_COORDINATES;INSTITUTION_MATCH_NONE
2993794410	17efa320-7312-4b55-bf0a-a4cfc4613169	https://specieslink.net/guid/1/371958	Plantae	Tracheophyta	Magnoliopsida	Solanales	Convolvulaceae	Ipomoea	Ipomoea ramosissima		SPECIES	Ipomoea ramosissima (Poir.) Choisy	Ipomoea ramosissima	(Poir.) Choisy	BR	Fazenda Faroeste, margem esquerda do rio São Miguel	Minas Gerais	PRESENT		2437c128-bf8c-4f53-b668-da95fb2e40b7	-20.256389	-45.669167			750.0	50.0			2003-05-26	26	5	2003	4927151	4927151	PRESERVED_SPECIMEN	IPA/SP	SP	371958	656	Simão Bianchini, R	2004-11-03T00:00:00	CC_BY_4_0	Herbário do Estado Maria Eneyda P. Kaufmann Fidalgo - Coleção de Plantas Vasculares	Melo, PHA; et al.		native	2026-06-26T20:23:41.215Z		CONTINENT_DERIVED_FROM_COORDINATES;INSTITUTION_MATCH_NONE
2993789399	17efa320-7312-4b55-bf0a-a4cfc4613169	https://specieslink.net/guid/1/372014	Plantae	Tracheophyta	Magnoliopsida	Solanales	Convolvulaceae	Aniseia	Aniseia luxurians		SPECIES	Iseia luxurians (Moric.) O'Donell	Iseia luxurians	(Moric.) O'Donell	BR	Fazenda Faroeste, margem direita do rio São Miguel	Minas Gerais	PRESENT		2437c128-bf8c-4f53-b668-da95fb2e40b7	-20.256389	-45.669167			750.0	50.0			2003-03-08	8	3	2003	8315294	9730688	PRESERVED_SPECIMEN	IPA/SP	SP	372014	468	Simão Bianchini, R	2004-11-03T00:00:00	CC_BY_4_0	Herbário do Estado Maria Eneyda P. Kaufmann Fidalgo - Coleção de Plantas Vasculares	Melo, PHA		native	2026-06-26T20:23:31.286Z		CONTINENT_DERIVED_FROM_COORDINATES;INSTITUTION_MATCH_NONE
2993785412	17efa320-7312-4b55-bf0a-a4cfc4613169	https://specieslink.net/guid/1/373170	Plantae	Tracheophyta	Magnoliopsida	Solanales	Convolvulaceae	Ipomoea	Ipomoea hederifolia		SPECIES	Ipomoea hederifolia L.	Ipomoea hederifolia	L.	BR	Fazenda Faroeste, margem direita do rio São Miguel	Minas Gerais	PRESENT		2437c128-bf8c-4f53-b668-da95fb2e40b7	-20.25095	-45.778333			750.0	50.0			2003-04-22	22	4	2003	2928624	2928624	PRESERVED_SPECIMEN	IPA/SP	SP	373170	616	Simão Bianchini, R	2004-11-11T00:00:00	CC_BY_4_0	Herbário do Estado Maria Eneyda P. Kaufmann Fidalgo - Coleção de Plantas Vasculares	Melo, PHA		native	2026-06-26T20:23:31.274Z		CONTINENT_DERIVED_FROM_COORDINATES;INSTITUTION_MATCH_NONE
2993784400	17efa320-7312-4b55-bf0a-a4cfc4613169	https://specieslink.net/guid/1/372012	Plantae	Tracheophyta	Magnoliopsida	Solanales	Convolvulaceae	Ipomoea	Ipomoea ramosissima		SPECIES	Ipomoea ramosissima (Poir.) Choisy	Ipomoea ramosissima	(Poir.) Choisy	BR	Fazenda Amargoso, MG-439, Km 16	Minas Gerais	PRESENT		2437c128-bf8c-4f53-b668-da95fb2e40b7	-20.387222	-45.649722			780.0	30.0			2003-04-16	16	4	2003	4927151	4927151	PRESERVED_SPECIMEN	IPA/SP	SP	372012	579	Simão Bianchini, R		CC_BY_4_0	Herbário do Estado Maria Eneyda P. Kaufmann Fidalgo - Coleção de Plantas Vasculares	Melo, PHA		native	2026-06-26T20:23:41.134Z		CONTINENT_DERIVED_FROM_COORDINATES;INSTITUTION_MATCH_NONE
2993782359	17efa320-7312-4b55-bf0a-a4cfc4613169	https://specieslink.net/guid/1/366076	Plantae	Tracheophyta	Magnoliopsida	Solanales	Convolvulaceae	Camonea	Camonea umbellata		SPECIES	Camonea umbellata (L.) A.R.Simões & Staples	Camonea umbellata	(L.) A.R.Simões & Staples	BR		Pernambuco	PRESENT		2437c128-bf8c-4f53-b668-da95fb2e40b7	-20.256389	-45.669167			750.0	50.0			1992-11-16	16	11	1992	9452352	9452352	PRESERVED_SPECIMEN	IPA/SP	SP	366076	683	Simão Bianchini, R; Petrongari, FS	2019-01-11T00:00:00	CC_BY_4_0	Herbário do Estado Maria Eneyda P. Kaufmann Fidalgo - Coleção de Plantas Vasculares	Miranda, AM; et al.		native	2026-06-26T20:23:31.020Z		CONTINENT_DERIVED_FROM_COORDINATES;INSTITUTION_MATCH_NONE
2993780411	17efa320-7312-4b55-bf0a-a4cfc4613169	https://specieslink.net/guid/1/373171	Plantae	Tracheophyta	Magnoliopsida	Solanales	Convolvulaceae	Dichondra	Dichondra macrocalyx		SPECIES	Dichondra macrocalyx Meisn.	Dichondra macrocalyx	Meisn.	BR	Fazenda Faroeste, margem esquerda do rio São Miguel	Minas Gerais	PRESENT		2437c128-bf8c-4f53-b668-da95fb2e40b7	-20.255556	-45.67			750.0	0.0			2003-08-10	10	8	2003	3680965	3680965	PRESERVED_SPECIMEN	IPA/SP	SP	373171	815	Simão Bianchini, R	2004-11-05T00:00:00	CC_BY_4_0	Herbário do Estado Maria Eneyda P. Kaufmann Fidalgo - Coleção de Plantas Vasculares	Melo, PHA; Santos, GP		native	2026-06-26T20:23:31.416Z		CONTINENT_DERIVED_FROM_COORDINATES;INSTITUTION_MATCH_NONE
2993778415	17efa320-7312-4b55-bf0a-a4cfc4613169	https://specieslink.net/guid/1/372010	Plantae	Tracheophyta	Magnoliopsida	Solanales	Convolvulaceae	Camonea	Camonea umbellata		SPECIES	Camonea umbellata (L.) A.R.Simões & Staples	Camonea umbellata	(L.) A.R.Simões & Staples	BR	Fazenda Faroeste, margem direita do rio São Miguel	Minas Gerais	PRESENT		2437c128-bf8c-4f53-b668-da95fb2e40b7	-20.25095	-45.657783			750.0	50.0			2003-04-22	22	4	2003	9452352	9452352	PRESERVED_SPECIMEN	IPA/SP	SP	372010	621	Simão Bianchini, R; Petrongari, FS	2019-01-11T00:00:00	CC_BY_4_0	Herbário do Estado Maria Eneyda P. Kaufmann Fidalgo - Coleção de Plantas Vasculares	Melo, PHA		native	2026-06-26T20:23:31.106Z		CONTINENT_DERIVED_FROM_COORDINATES;INSTITUTION_MATCH_NONE
2991368305	d2470ef8-edfa-4ba7-821e-c3e1a537bdba	https://specieslink.net/guid/220/94038	Plantae	Tracheophyta	Magnoliopsida	Gentianales	Apocynaceae	Forsteronia			GENUS	Forsteronia G.Mey.	Forsteronia		BR	Fazenda Amargoso, MG-439, km 16.	Minas Gerais	PRESENT		4265f332-341c-45f6-b30b-5dc2e39b86e8	-20.387222	-45.649722							2003-12-08	8	12	2003	8171331		PRESERVED_SPECIMEN	UFMG	BHCB	94038	994			CC_BY_4_0	Herbário da UFMG - Fanerógamas, Algas e Fungos	Melo, PHA de; Santos, GP			2026-06-25T20:18:06.407Z		CONTINENT_DERIVED_FROM_COORDINATES;IDENTIFIED_DATE_INVALID;INSTITUTION_MATCH_NONE
2991367314	d2470ef8-edfa-4ba7-821e-c3e1a537bdba	https://specieslink.net/guid/220/90094	Plantae	Tracheophyta	Magnoliopsida	Aquifoliales	Aquifoliaceae	Ilex			GENUS	Ilex L.L.	Ilex		BR	Fazenda Amargoso, MG-439, Km 16.	Minas Gerais	PRESENT		4265f332-341c-45f6-b30b-5dc2e39b86e8	-20.381056	-45.65125							2004-07-29	29	7	2004	10792217		PRESERVED_SPECIMEN	UFMG	BHCB	90094	1237			CC_BY_4_0	Herbário da UFMG - Fanerógamas, Algas e Fungos	Melo, PHA de			2026-06-25T20:18:06.399Z		CONTINENT_DERIVED_FROM_COORDINATES;IDENTIFIED_DATE_INVALID;INSTITUTION_MATCH_NONE
2991364308	d2470ef8-edfa-4ba7-821e-c3e1a537bdba	https://specieslink.net/guid/220/94029	Plantae	Tracheophyta	Magnoliopsida	Gentianales	Apocynaceae	Aspidosperma			GENUS	Aspidosperma Mart. & Zucc.	Aspidosperma		BR	Reg. do Corumbá, próximo ao Morro do Marruá, Mineração Agrocampo.	Minas Gerais	PRESENT		4265f332-341c-45f6-b30b-5dc2e39b86e8	-20.348778	-45.63625							2005-05-28	28	5	2005	7316607		PRESERVED_SPECIMEN	UFMG	BHCB	94029	1359			CC_BY_4_0	Herbário da UFMG - Fanerógamas, Algas e Fungos	Melo, PHA de; Melo, EA			2026-06-25T20:18:08.507Z		CONTINENT_DERIVED_FROM_COORDINATES;IDENTIFIED_DATE_INVALID;INSTITUTION_MATCH_NONE
2991360310	d2470ef8-edfa-4ba7-821e-c3e1a537bdba	https://specieslink.net/guid/220/93915	Plantae	Tracheophyta	Magnoliopsida	Gentianales	Apocynaceae	Aspidosperma			GENUS	Aspidosperma Mart. & Zucc.	Aspidosperma		BR	Fazenda Timburé, área de mineração da empresa CastroCal.	Minas Gerais	PRESENT		4265f332-341c-45f6-b30b-5dc2e39b86e8	-20.405972	-45.653722							2005-05-19	19	5	2005	7316607		PRESERVED_SPECIMEN	UFMG	BHCB	93915	1345			CC_BY_4_0	Herbário da UFMG - Fanerógamas, Algas e Fungos	Melo, PHA de; Viana, PL			2026-06-25T20:18:06.233Z		CONTINENT_DERIVED_FROM_COORDINATES;IDENTIFIED_DATE_INVALID;INSTITUTION_MATCH_NONE
2991359308	d2470ef8-edfa-4ba7-821e-c3e1a537bdba	https://specieslink.net/guid/220/88357	Plantae	Tracheophyta	Magnoliopsida	Gentianales	Apocynaceae	Asclepias	Asclepias curassavica		SPECIES	Asclepias curassavica L.	Asclepias curassavica	L.	BR	Fazenda Faroeste, Margem esquerda da Rio São Miguel.	Minas Gerais	PRESENT		4265f332-341c-45f6-b30b-5dc2e39b86e8	-20.255556	-45.67							2003-08-10	10	8	2003	3170241	3170241	PRESERVED_SPECIMEN	UFMG	BHCB	88357	825	Melo, PHA de		CC_BY_4_0	Herbário da UFMG - Fanerógamas, Algas e Fungos	Melo, PHA de; Santos, GP		native	2026-06-25T20:18:06.409Z		CONTINENT_DERIVED_FROM_COORDINATES;IDENTIFIED_DATE_INVALID;INSTITUTION_MATCH_NONE
2598718810	318730e8-4140-4297-b03c-4d34d0b6e0bd	MG236807	Plantae	Tracheophyta	Magnoliopsida	Caryophyllales	Cactaceae	Pereskia			GENUS	Pereskia Mill.	Pereskia		BR	próximo a usina de processamento de cimento	Minas Gerais	PRESENT		4f1aa16c-ac1f-4e25-95fa-70bd71b7a0b4	-20.391111	-45.606278							2015-01-26	26	1	2015	3084442		PRESERVED_SPECIMEN	MPEG	HERBMG	MG236807	981			CC_BY_NC_4_0		Cordeiro, J.M.P.; Félix, L.P.; Almeida, E.M.; Marinho, M.A.O.			2026-07-13T12:14:01.962Z		COORDINATE_ROUNDED;GEODETIC_DATUM_ASSUMED_WGS84;COUNTRY_INVALID;COUNTRY_DERIVED_FROM_COORDINATES;CONTINENT_INVALID;CONTINENT_DERIVED_FROM_COORDINATES;COLLECTION_MATCH_NONE;INSTITUTION_MATCH_FUZZY
2597525112	ed8e1590-62b5-48a8-8654-4ecc13554f57	https://specieslink.net/guid/453/87443	Plantae	Tracheophyta	Polypodiopsida	Polypodiales	Aspleniaceae	Hymenasplenium	Hymenasplenium laetum		SPECIES	Hymenasplenium laetum (Sw.) L.Regalado & Prada	Hymenasplenium laetum	(Sw.) L.Regalado & Prada	BR	Fazenda Faroeste, Próximo à margem direita do rio São Miguel. Floresta Estacional Decidual.	Minas Gerais	PRESENT		4265f332-341c-45f6-b30b-5dc2e39b86e8	-20.269111	-45.660639							2004-04-11	11	4	2004	7771961	7771961	PRESERVED_SPECIMEN	UFMG	BHCB-SL	87443	9565	Sylvestre, LS	2014-02-25T00:00:00	CC_BY_4_0	Herbário da UFMG - Samambaias e Licófitas	Salino, A; Mota, NFO; Melo, PHA de; Viana, PL; Leal, CG; Leite, FSF; Santos, GP		native	2026-06-25T19:56:35.862Z		CONTINENT_DERIVED_FROM_COORDINATES;INSTITUTION_MATCH_NONE
2597524031	ed8e1590-62b5-48a8-8654-4ecc13554f57	https://specieslink.net/guid/453/114034	Plantae	Tracheophyta	Polypodiopsida	Polypodiales	Aspleniaceae	Hymenasplenium	Hymenasplenium laetum		SPECIES	Hymenasplenium laetum (Sw.) L.Regalado & Prada	Hymenasplenium laetum	(Sw.) L.Regalado & Prada	BR	Fazenda Faroeste; ao lado da Calciolândia	Minas Gerais	PRESENT		4265f332-341c-45f6-b30b-5dc2e39b86e8	-20.270556	-45.659444							2007-12-15	15	12	2007	7771961	7771961	PRESERVED_SPECIMEN	UFMG	BHCB-SL	114034	13092	Salino, A; Sylvestre, LS	2014-02-25T00:00:00	CC_BY_4_0	Herbário da UFMG - Samambaias e Licófitas	Salino, A; Dittrich, VAO; Pivari, MOD		native	2026-06-25T19:56:35.866Z		CONTINENT_DERIVED_FROM_COORDINATES;INSTITUTION_MATCH_NONE
2595786142	d2470ef8-edfa-4ba7-821e-c3e1a537bdba	https://specieslink.net/guid/220/82051	Plantae	Tracheophyta	Magnoliopsida	Ericales	Primulaceae	Ardisia	Ardisia guianensis		SPECIES	Ardisia guianensis (Aubl.) Mez	Ardisia guianensis	(Aubl.) Mez	BR	Fazenda Faroeste, Margem esquerda do Rio São Miguel.	Minas Gerais	PRESENT		4265f332-341c-45f6-b30b-5dc2e39b86e8	-20.256389	-45.669167							2003-05-26	26	5	2003	5558301	5558301	PRESERVED_SPECIMEN	UFMG	BHCB	82051	682	Sobral, M; Melo, PHA de		CC_BY_4_0	Herbário da UFMG - Fanerógamas, Algas e Fungos	Melo, PHA de; Carvalho, FA; Ranieri, BD; Souza, DT; Lana, TC		native	2026-06-25T20:18:08.076Z		CONTINENT_DERIVED_FROM_COORDINATES;IDENTIFIED_DATE_INVALID;INSTITUTION_MATCH_NONE
2575942108	4300f8d5-1ae5-49e5-a101-63894b005868	urn:catalog:JBRJ:RB:1430410	Plantae	Tracheophyta	Magnoliopsida	Malpighiales	Malpighiaceae				FAMILY	Malpighiaceae	Malpighiaceae		BR	Calciolândia. Estrada de Ferro próximo ao Rio São Miguel.	Minas Gerais	PRESENT		838537fc-4aeb-4980-8b58-97fbdcd1d91a	-20.237778	-45.660833							2018-05-21	21	5	2018	6676		PRESERVED_SPECIMEN	JBRJ	RB	RB01430410	86	B. Valente	2018-05-01T00:00:00	CC_BY_4_0	Rio de Janeiro Botanical Garden	B. Valente; J.F.A. Baumgratz, M. Bovini, C.D.M. Ferreira, G.A. Leite			2026-07-01T12:15:29.075Z		COORDINATE_ROUNDED;GEODETIC_DATUM_ASSUMED_WGS84;CONTINENT_DERIVED_FROM_COORDINATES;INSTITUTION_MATCH_FUZZY;COLLECTION_MATCH_FUZZY
2575941792	4300f8d5-1ae5-49e5-a101-63894b005868	urn:catalog:JBRJ:RB:1430413	Plantae	Tracheophyta	Magnoliopsida	Solanales	Convolvulaceae				FAMILY	Convolvulaceae	Convolvulaceae	Juss.	BR	Estrada Calciolândia x Pains.	Minas Gerais	PRESENT		838537fc-4aeb-4980-8b58-97fbdcd1d91a	-20.264722	-45.669167							2018-05-21	21	5	2018	2389		PRESERVED_SPECIMEN	JBRJ	RB	RB01430413	89	B. Valente	2018-05-01T00:00:00	CC_BY_4_0	Rio de Janeiro Botanical Garden	B. Valente; J.F.A. Baumgratz, M. Bovini, C.D.M. Ferreira, G.A. Leite			2026-07-01T12:15:28.801Z		COORDINATE_ROUNDED;GEODETIC_DATUM_ASSUMED_WGS84;CONTINENT_DERIVED_FROM_COORDINATES;INSTITUTION_MATCH_FUZZY;COLLECTION_MATCH_FUZZY
2575941648	4300f8d5-1ae5-49e5-a101-63894b005868	urn:catalog:JBRJ:RB:1430431	Plantae	Tracheophyta	Magnoliopsida	Myrtales	Melastomataceae	Pleroma	Pleroma stenocarpum		SPECIES	Pleroma stenocarpum (DC.) Triana	Pleroma stenocarpum (Schrank et Mart. ex DC.) Triana	(Schrank et Mart. ex DC.) Triana	BR	Estrada Calciolândia x Pains.	Minas Gerais	PRESENT		838537fc-4aeb-4980-8b58-97fbdcd1d91a	-20.264722	-45.669167							2018-05-21	21	5	2018	5601297	5601297	PRESERVED_SPECIMEN	JBRJ	RB	RB01430431	90	B. Valente	2018-05-01T00:00:00	CC_BY_4_0	Rio de Janeiro Botanical Garden	B. Valente; J.F.A. Baumgratz, M. Bovini, C.D.M. Ferreira, G.A. Leite			2026-07-01T12:15:28.795Z		COORDINATE_ROUNDED;GEODETIC_DATUM_ASSUMED_WGS84;CONTINENT_DERIVED_FROM_COORDINATES;INSTITUTION_MATCH_FUZZY;COLLECTION_MATCH_FUZZY
2575941602	4300f8d5-1ae5-49e5-a101-63894b005868	urn:catalog:JBRJ:RB:1430409	Plantae	Tracheophyta	Magnoliopsida	Laurales	Lauraceae				FAMILY	Lauraceae	Lauraceae		BR	Calciolândia. Estrada de Ferro próximo ao Rio São Miguel.	Minas Gerais	PRESENT		838537fc-4aeb-4980-8b58-97fbdcd1d91a	-20.237778	-45.660833							2018-05-21	21	5	2018	6688		PRESERVED_SPECIMEN	JBRJ	RB	RB01430409	85	B. Valente	2018-05-01T00:00:00	CC_BY_4_0	Rio de Janeiro Botanical Garden	B. Valente; J.F.A. Baumgratz, M. Bovini, C.D.M. Ferreira, G.A. Leite			2026-07-01T12:14:55.681Z		COORDINATE_ROUNDED;GEODETIC_DATUM_ASSUMED_WGS84;CONTINENT_DERIVED_FROM_COORDINATES;INSTITUTION_MATCH_FUZZY;COLLECTION_MATCH_FUZZY
2575941511	4300f8d5-1ae5-49e5-a101-63894b005868	urn:catalog:JBRJ:RB:1430411	Plantae	Tracheophyta	Magnoliopsida	Malpighiales	Malpighiaceae				FAMILY	Malpighiaceae	Malpighiaceae		BR	Calciolândia. Estrada de Ferro próximo ao Rio São Miguel.	Minas Gerais	PRESENT		838537fc-4aeb-4980-8b58-97fbdcd1d91a	-20.238055	-45.661944							2018-05-21	21	5	2018	6676		PRESERVED_SPECIMEN	JBRJ	RB	RB01430411	87	B. Valente	2018-05-01T00:00:00	CC_BY_4_0	Rio de Janeiro Botanical Garden	B. Valente; J.F.A. Baumgratz, M. Bovini, C.D.M. Ferreira, G.A. Leite			2026-07-01T12:14:55.558Z		COORDINATE_ROUNDED;GEODETIC_DATUM_ASSUMED_WGS84;CONTINENT_DERIVED_FROM_COORDINATES;INSTITUTION_MATCH_FUZZY;COLLECTION_MATCH_FUZZY
2575941380	4300f8d5-1ae5-49e5-a101-63894b005868	urn:catalog:JBRJ:RB:1430408	Plantae	Tracheophyta	Magnoliopsida	Solanales	Convolvulaceae				FAMILY	Convolvulaceae	Convolvulaceae	Juss.	BR	MG-176, Trecho Lagoa da Prata x Arcos.	Minas Gerais	PRESENT		838537fc-4aeb-4980-8b58-97fbdcd1d91a	-20.18	-45.558611							2018-05-20	20	5	2018	2389		PRESERVED_SPECIMEN	JBRJ	RB	RB01430408	83	B. Valente	2018-05-01T00:00:00	CC_BY_4_0	Rio de Janeiro Botanical Garden	B. Valente; J.F.A. Baumgratz, M. Bovini, C.D.M. Ferreira, G.A. Leite			2026-07-01T12:14:55.512Z		COORDINATE_ROUNDED;GEODETIC_DATUM_ASSUMED_WGS84;CONTINENT_DERIVED_FROM_COORDINATES;INSTITUTION_MATCH_FUZZY;COLLECTION_MATCH_FUZZY
2575941077	4300f8d5-1ae5-49e5-a101-63894b005868	urn:catalog:JBRJ:RB:1430430	Plantae	Tracheophyta	Magnoliopsida	Fabales	Fabaceae	Centrolobium	Centrolobium tomentosum		SPECIES	Centrolobium tomentosum Guill. ex Benth.	Centrolobium tomentosum Guillem. ex Benth.	Guillem. ex Benth.	BR	Calciolândia. Estrada de Ferro, na margem do Rio São Miguel.	Minas Gerais	PRESENT		838537fc-4aeb-4980-8b58-97fbdcd1d91a	-20.237778	-45.660833							2018-05-21	21	5	2018	2945575	2945575	PRESERVED_SPECIMEN	JBRJ	RB	RB01430430	84	B. Valente	2018-05-01T00:00:00	CC_BY_4_0	Rio de Janeiro Botanical Garden	B. Valente; J.F.A. Baumgratz, M. Bovini, C.D.M. Ferreira, G.A. Leite			2026-07-01T12:15:31.369Z		COORDINATE_ROUNDED;GEODETIC_DATUM_ASSUMED_WGS84;CONTINENT_DERIVED_FROM_COORDINATES;INSTITUTION_MATCH_FUZZY;COLLECTION_MATCH_FUZZY
2575940656	4300f8d5-1ae5-49e5-a101-63894b005868	urn:catalog:JBRJ:RB:1430412	Plantae	Tracheophyta	Magnoliopsida	Solanales	Convolvulaceae	Ipomoea	Ipomoea quamoclit		SPECIES	Ipomoea quamoclit L.	Ipomoea quamoclit L.	L.	BR	Calciolândia. Estrada Calciolândia x Pains.	Minas Gerais	PRESENT		838537fc-4aeb-4980-8b58-97fbdcd1d91a	-20.241111	-45.666667							2018-05-21	21	5	2018	2928562	2928562	PRESERVED_SPECIMEN	JBRJ	RB	RB01430412	88	F.S. Petrongari	2026-02-01T00:00:00	CC_BY_4_0	Rio de Janeiro Botanical Garden	B. Valente; J.F.A. Baumgratz, M. Bovini, C.D.M. Ferreira, G.A. Leite			2026-07-01T12:14:55.604Z		COORDINATE_ROUNDED;GEODETIC_DATUM_ASSUMED_WGS84;CONTINENT_DERIVED_FROM_COORDINATES;INSTITUTION_MATCH_FUZZY;COLLECTION_MATCH_FUZZY
2574969779	d2470ef8-edfa-4ba7-821e-c3e1a537bdba	https://specieslink.net/guid/220/94011	Plantae	Tracheophyta	Magnoliopsida	Caryophyllales	Amaranthaceae	Pfaffia			GENUS	Pfaffia Mart.	Pfaffia		BR	Fazenda Faroeste, Margem direita do Rio São Miguel.	Minas Gerais	PRESENT		4265f332-341c-45f6-b30b-5dc2e39b86e8	-20.260417	-45.664028							2003-07-05	5	7	2003	3084895		PRESERVED_SPECIMEN	UFMG	BHCB	94011	744			CC_BY_4_0	Herbário da UFMG - Fanerógamas, Algas e Fungos	Melo, PHA de; Libanio, RC; Ferreira, RR; Loyola, DM			2026-06-25T20:18:05.260Z		CONTINENT_DERIVED_FROM_COORDINATES;IDENTIFIED_DATE_INVALID;INSTITUTION_MATCH_NONE
2574969777	d2470ef8-edfa-4ba7-821e-c3e1a537bdba	https://specieslink.net/guid/220/90100	Plantae	Tracheophyta	Magnoliopsida	Caryophyllales	Amaranthaceae	Pfaffia			GENUS	Pfaffia Mart.	Pfaffia		BR	Fazenda Amargoso, MG-439, km 16.	Minas Gerais	PRESENT		4265f332-341c-45f6-b30b-5dc2e39b86e8	-20.381056	-45.65125							2004-05-08	8	5	2004	3084895		PRESERVED_SPECIMEN	UFMG	BHCB	90100	1204			CC_BY_4_0	Herbário da UFMG - Fanerógamas, Algas e Fungos	Melo, PHA de; Mota, RC da; Santos, GP; Santos, FMG			2026-06-25T20:18:05.259Z		CONTINENT_DERIVED_FROM_COORDINATES;IDENTIFIED_DATE_INVALID;INSTITUTION_MATCH_NONE
2574969774	d2470ef8-edfa-4ba7-821e-c3e1a537bdba	https://specieslink.net/guid/220/93980	Plantae	Tracheophyta	Magnoliopsida	Caryophyllales	Amaranthaceae	Pfaffia			GENUS	Pfaffia Mart.	Pfaffia		BR	Fazenda Faroeste, Margem direita do Rio São Miguel.	Minas Gerais	PRESENT		4265f332-341c-45f6-b30b-5dc2e39b86e8	-20.260417	-45.664028							2003-07-05	5	7	2003	3084895		PRESERVED_SPECIMEN	UFMG	BHCB	93980	753			CC_BY_4_0	Herbário da UFMG - Fanerógamas, Algas e Fungos	Melo, PHA de; Libanio, RC; Ferreira, RR; Loyola, DM			2026-06-25T20:18:05.310Z		CONTINENT_DERIVED_FROM_COORDINATES;IDENTIFIED_DATE_INVALID;INSTITUTION_MATCH_NONE
2574969765	d2470ef8-edfa-4ba7-821e-c3e1a537bdba	https://specieslink.net/guid/220/90099	Plantae	Tracheophyta	Magnoliopsida	Caryophyllales	Amaranthaceae	Chamissoa	Chamissoa altissima		SPECIES	Chamissoa altissima (Jacq.) Kunth	Chamissoa altissima	Kunth	BR	Fazenda Amargoso, MG-439, km 16.	Minas Gerais	PRESENT		4265f332-341c-45f6-b30b-5dc2e39b86e8	-20.381056	-45.65125							2004-06-26	26	6	2004	3085178	3085178	PRESERVED_SPECIMEN	UFMG	BHCB	90099	1214	Melo, PHA de		CC_BY_4_0	Herbário da UFMG - Fanerógamas, Algas e Fungos	Melo, PHA de		native	2026-06-25T20:18:05.461Z		CONTINENT_DERIVED_FROM_COORDINATES;IDENTIFIED_DATE_INVALID;INSTITUTION_MATCH_NONE
2574969734	d2470ef8-edfa-4ba7-821e-c3e1a537bdba	https://specieslink.net/guid/220/85632	Plantae	Tracheophyta	Magnoliopsida	Caryophyllales	Amaranthaceae	Alternanthera			GENUS	Alternanthera Forssk.	Alternanthera		BR	Fazenda Faroeste, Margem esquerda do Rio São Miguel.	Minas Gerais	PRESENT		4265f332-341c-45f6-b30b-5dc2e39b86e8	-20.255556	-45.67							2003-08-10	10	8	2003	3084921		PRESERVED_SPECIMEN	UFMG	BHCB	85632	816			CC_BY_4_0	Herbário da UFMG - Fanerógamas, Algas e Fungos	Melo, PHA de; Santos, GP			2026-06-25T20:18:05.333Z		CONTINENT_DERIVED_FROM_COORDINATES;IDENTIFIED_DATE_INVALID;INSTITUTION_MATCH_NONE;TAXON_MATCH_HIGHERRANK
2574969732	d2470ef8-edfa-4ba7-821e-c3e1a537bdba	https://specieslink.net/guid/220/85631	Plantae	Tracheophyta	Magnoliopsida	Caryophyllales	Amaranthaceae	Pfaffia			GENUS	Pfaffia Mart.	Pfaffia		BR	Fazenda Faroeste, Margem esquerda do Rio São Miguel.	Minas Gerais	PRESENT		4265f332-341c-45f6-b30b-5dc2e39b86e8	-20.255556	-45.67							2003-08-10	10	8	2003	3084895		PRESERVED_SPECIMEN	UFMG	BHCB	85631	810			CC_BY_4_0	Herbário da UFMG - Fanerógamas, Algas e Fungos	Melo, PHA de; Santos, GP			2026-06-25T20:18:05.243Z		CONTINENT_DERIVED_FROM_COORDINATES;IDENTIFIED_DATE_INVALID;INSTITUTION_MATCH_NONE
2574969719	d2470ef8-edfa-4ba7-821e-c3e1a537bdba	https://specieslink.net/guid/220/85629	Plantae	Tracheophyta	Magnoliopsida	Caryophyllales	Amaranthaceae	Pfaffia			GENUS	Pfaffia Mart.	Pfaffia		BR	Fazenda Amargoso, MG-439, km 16.	Minas Gerais	PRESENT		4265f332-341c-45f6-b30b-5dc2e39b86e8	-20.393056	-45.646389							2003-08-09	9	8	2003	3084895		PRESERVED_SPECIMEN	UFMG	BHCB	85629	780			CC_BY_4_0	Herbário da UFMG - Fanerógamas, Algas e Fungos	Melo, PHA de			2026-06-25T20:18:05.327Z		CONTINENT_DERIVED_FROM_COORDINATES;IDENTIFIED_DATE_INVALID;INSTITUTION_MATCH_NONE
2574969718	d2470ef8-edfa-4ba7-821e-c3e1a537bdba	https://specieslink.net/guid/220/82229	Plantae	Tracheophyta	Magnoliopsida	Caryophyllales	Amaranthaceae	Pfaffia			GENUS	Pfaffia Mart.	Pfaffia		BR	Fazenda Faroeste, Margem direita do Rio São Miguel.	Minas Gerais	PRESENT		4265f332-341c-45f6-b30b-5dc2e39b86e8	-20.251583	-45.662972							2003-07-05	5	7	2003	3084895		PRESERVED_SPECIMEN	UFMG	BHCB	82229	741			CC_BY_4_0	Herbário da UFMG - Fanerógamas, Algas e Fungos	Melo, PHA de; Libanio, RC; Ferreira, RR; Loyola, DM			2026-06-25T20:18:05.225Z		CONTINENT_DERIVED_FROM_COORDINATES;IDENTIFIED_DATE_INVALID;INSTITUTION_MATCH_NONE
2574969714	d2470ef8-edfa-4ba7-821e-c3e1a537bdba	https://specieslink.net/guid/220/82043	Plantae	Tracheophyta	Magnoliopsida	Caryophyllales	Amaranthaceae	Chamissoa	Chamissoa altissima		SPECIES	Chamissoa altissima (Jacq.) Kunth	Chamissoa altissima	Kunth	BR	Fazenda Amargoso, MG-439, km 16. Área da mineração.	Minas Gerais	PRESENT		4265f332-341c-45f6-b30b-5dc2e39b86e8	-20.387222	-45.649722							2003-05-25	25	5	2003	3085178	3085178	PRESERVED_SPECIMEN	UFMG	BHCB	82043	643	Siqueira, JC		CC_BY_4_0	Herbário da UFMG - Fanerógamas, Algas e Fungos	Melo, PHA de; Carvalho, FA; Ranieri, BD; Souza, DT; Lana, TC		native	2026-06-25T20:18:05.235Z		CONTINENT_DERIVED_FROM_COORDINATES;IDENTIFIED_DATE_INVALID;INSTITUTION_MATCH_NONE
2574969713	d2470ef8-edfa-4ba7-821e-c3e1a537bdba	https://specieslink.net/guid/220/82227	Plantae	Tracheophyta	Magnoliopsida	Caryophyllales	Amaranthaceae	Pfaffia			GENUS	Pfaffia Mart.	Pfaffia		BR	Fazenda Faroeste, Margem direita do Rio São Miguel.	Minas Gerais	PRESENT		4265f332-341c-45f6-b30b-5dc2e39b86e8	-20.251583	-45.662972							2003-07-05	5	7	2003	3084895		PRESERVED_SPECIMEN	UFMG	BHCB	82227	713			CC_BY_4_0	Herbário da UFMG - Fanerógamas, Algas e Fungos	Melo, PHA de; Libanio, RC; Ferreira, RR; Loyola, DM			2026-06-25T20:18:05.232Z		CONTINENT_DERIVED_FROM_COORDINATES;IDENTIFIED_DATE_INVALID;INSTITUTION_MATCH_NONE
2565912602	1bb3cae3-b91f-4109-8a2d-a1f05f2d6fd3	https://specieslink.net/guid/7/188962	Plantae	Tracheophyta	Magnoliopsida	Lamiales	Bignoniaceae	Lundia	Lundia obliqua		SPECIES	Lundia obliqua Sond.	Lundia obliqua	Sond.	BR	Fazenda Amargoso, MG 439 Km 16.	Minas Gerais	PRESENT		76dbcb10-efc5-4d5f-87a5-bcd409fc92c8	-20.380601	-45.651092			725.0	25.0			2004-03-03	3	3	2004	5668452	5668452	PRESERVED_SPECIMEN	USP-IB	SPF	188962	1118	Lohmann, LG	2008-01-01T00:00:00	CC_BY_4_0	Herbário da Universidade de São Paulo	Melo, PHA		native	2026-06-26T20:38:23.194Z		CONTINENT_DERIVED_FROM_COORDINATES;INSTITUTION_MATCH_NONE
2565912595	1bb3cae3-b91f-4109-8a2d-a1f05f2d6fd3	https://specieslink.net/guid/7/188900	Plantae	Tracheophyta	Magnoliopsida	Lamiales	Bignoniaceae	Fridericia	Fridericia triplinervia		SPECIES	Fridericia triplinervia (Mart. ex DC.) L.G.Lohmann	Fridericia triplinervia	(Mart. ex DC.) L.G.Lohmann	BR	Fazenda Amargoso, MG 439 Km 16.	Minas Gerais	PRESENT		76dbcb10-efc5-4d5f-87a5-bcd409fc92c8	-20.387158	-45.649453			750.0	0.0			2003-03-06	6	3	2003	7418332	7418332	PRESERVED_SPECIMEN	USP-IB	SPF	188900	425	Lohmann, LG	2008-01-01T00:00:00	CC_BY_4_0	Herbário da Universidade de São Paulo	Melo, PHA		native	2026-06-26T20:38:23.313Z		CONTINENT_DERIVED_FROM_COORDINATES;INSTITUTION_MATCH_NONE
2565912587	1bb3cae3-b91f-4109-8a2d-a1f05f2d6fd3	https://specieslink.net/guid/7/188964	Plantae	Tracheophyta	Magnoliopsida	Lamiales	Bignoniaceae	Mansoa	Mansoa difficilis		SPECIES	Mansoa difficilis (Cham.) Bureau & K.Schum.	Mansoa difficilis	(Cham.) Bureau & K.Schum.	BR	Fazenda Amargoso, MG 439 Km 16.	Minas Gerais	PRESENT		76dbcb10-efc5-4d5f-87a5-bcd409fc92c8	-20.387158	-45.649453			750.0	0.0			2003-10-28	28	10	2003	4094564	4094564	PRESERVED_SPECIMEN	USP-IB	SPF	188964	923	Lohmann, LG	2008-01-01T00:00:00	CC_BY_4_0	Herbário da Universidade de São Paulo	Melo, PHA		native	2026-06-26T20:38:23.262Z		CONTINENT_DERIVED_FROM_COORDINATES;INSTITUTION_MATCH_NONE
2565912544	1bb3cae3-b91f-4109-8a2d-a1f05f2d6fd3	https://specieslink.net/guid/7/188963	Plantae	Tracheophyta	Magnoliopsida	Lamiales	Bignoniaceae	Mansoa	Mansoa difficilis		SPECIES	Mansoa difficilis (Cham.) Bureau & K.Schum.	Mansoa difficilis	(Cham.) Bureau & K.Schum.	BR	fazenda Faroeste, Margem direita do Rio São Miguel	Minas Gerais	PRESENT		76dbcb10-efc5-4d5f-87a5-bcd409fc92c8	-20.257103	-45.663387			725.0	75.0			2004-01-02	2	1	2004	4094564	4094564	PRESERVED_SPECIMEN	USP-IB	SPF	188963	1043	Lohmann, LG	2008-01-01T00:00:00	CC_BY_4_0	Herbário da Universidade de São Paulo	Melo, PHA		native	2026-06-26T20:38:23.302Z		CONTINENT_DERIVED_FROM_COORDINATES;INSTITUTION_MATCH_NONE
2565908236	1bb3cae3-b91f-4109-8a2d-a1f05f2d6fd3	https://specieslink.net/guid/7/168321	Plantae	Tracheophyta	Magnoliopsida	Lamiales	Bignoniaceae	Tanaecium	Tanaecium selloi		SPECIES	Tanaecium selloi (Spreng.) L.G.Lohmann	Tanaecium selloi	(Spreng.) L.G.Lohmann	BR		Minas Gerais	PRESENT		76dbcb10-efc5-4d5f-87a5-bcd409fc92c8	-20.281693	-45.539344							1991-01-24	24	1	1991	7887546	7887546	PRESERVED_SPECIMEN	USP-IB	SPF	168321	23A	Lohmann, LG	2006-01-01T00:00:00	CC_BY_4_0	Herbário da Universidade de São Paulo	Rollo, MAL		native	2026-06-26T20:38:22.705Z		CONTINENT_DERIVED_FROM_COORDINATES;INSTITUTION_MATCH_NONE
2565907306	1bb3cae3-b91f-4109-8a2d-a1f05f2d6fd3	https://specieslink.net/guid/7/188956	Plantae	Tracheophyta	Magnoliopsida	Lamiales	Bignoniaceae	Handroanthus	Handroanthus serratifolius		SPECIES	Handroanthus serratifolius (Vahl) S.O.Grose	Handroanthus serratifolius	(Vahl) S.O.Grose	BR	Fazenda Amargoso, MG 439 Km 16	Minas Gerais	PRESENT		76dbcb10-efc5-4d5f-87a5-bcd409fc92c8	-20.392896	-45.646174			750.0	0.0			2003-08-09	9	8	2003	4092017	4092017	PRESERVED_SPECIMEN	USP-IB	SPF	188956	798	Lohmann, LG	2008-01-01T00:00:00	CC_BY_4_0	Herbário da Universidade de São Paulo	Melo, PHA			2026-06-26T20:38:22.620Z		CONTINENT_DERIVED_FROM_COORDINATES;INSTITUTION_MATCH_NONE
2563084935	d2470ef8-edfa-4ba7-821e-c3e1a537bdba	https://specieslink.net/guid/220/94017	Plantae	Tracheophyta	Liliopsida	Liliales	Alstroemeriaceae	Alstroemeria			GENUS	Alstroemeria L.	Alstroemeria		BR	Fazenda Faroeste, Margem direita do Rio São Miguel.	Minas Gerais	PRESENT		4265f332-341c-45f6-b30b-5dc2e39b86e8	-20.260417	-45.664028							2003-04-22	22	4	2003	2753642		PRESERVED_SPECIMEN	UFMG	BHCB	94017	605			CC_BY_4_0	Herbário da UFMG - Fanerógamas, Algas e Fungos	Melo, PHA de			2026-06-25T20:18:04.977Z		CONTINENT_DERIVED_FROM_COORDINATES;IDENTIFIED_DATE_INVALID;INSTITUTION_MATCH_NONE;TAXON_MATCH_HIGHERRANK
2563084934	d2470ef8-edfa-4ba7-821e-c3e1a537bdba	https://specieslink.net/guid/220/93986	Plantae	Tracheophyta	Liliopsida	Liliales	Alstroemeriaceae	Alstroemeria			GENUS	Alstroemeria L.	Alstroemeria		BR	Fazenda Faroeste, Margem direita do Rio São Miguel.	Minas Gerais	PRESENT		4265f332-341c-45f6-b30b-5dc2e39b86e8	-20.260417	-45.664028							2003-07-05	5	7	2003	2753642		PRESERVED_SPECIMEN	UFMG	BHCB	93986	754			CC_BY_4_0	Herbário da UFMG - Fanerógamas, Algas e Fungos	Melo, PHA de; Libanio, RC; Ferreira, RR; Loyola, DM			2026-06-25T20:18:04.975Z		CONTINENT_DERIVED_FROM_COORDINATES;IDENTIFIED_DATE_INVALID;INSTITUTION_MATCH_NONE;TAXON_MATCH_HIGHERRANK
2563084927	d2470ef8-edfa-4ba7-821e-c3e1a537bdba	https://specieslink.net/guid/220/90125	Plantae	Tracheophyta	Liliopsida	Liliales	Alstroemeriaceae	Alstroemeria			GENUS	Alstroemeria L.	Alstroemeria		BR	Fazenda Amargoso, MG-439, Km 16.	Minas Gerais	PRESENT		4265f332-341c-45f6-b30b-5dc2e39b86e8	-20.381056	-45.65125							2004-06-26	26	6	2004	2753642		PRESERVED_SPECIMEN	UFMG	BHCB	90125	1209			CC_BY_4_0	Herbário da UFMG - Fanerógamas, Algas e Fungos	Melo, PHA de			2026-06-25T20:18:04.985Z		CONTINENT_DERIVED_FROM_COORDINATES;IDENTIFIED_DATE_INVALID;INSTITUTION_MATCH_NONE;TAXON_MATCH_HIGHERRANK
2563084905	d2470ef8-edfa-4ba7-821e-c3e1a537bdba	https://specieslink.net/guid/220/88353	Plantae	Tracheophyta	Magnoliopsida	Caryophyllales	Amaranthaceae	Alternanthera	Alternanthera brasiliana		SPECIES	Alternanthera brasiliana (L.) Kuntze	Alternanthera brasiliana	(L.) Kuntze	BR	Fazenda Amargoso, MG-439, km 16.	Minas Gerais	PRESENT		4265f332-341c-45f6-b30b-5dc2e39b86e8	-20.381	-45.651222							2004-04-08	8	4	2004	3084934	3084934	PRESERVED_SPECIMEN	UFMG	BHCB	88353	1128	Siqueira, JC		CC_BY_4_0	Herbário da UFMG - Fanerógamas, Algas e Fungos	Melo, PHA de; Leite, FSF; Leal, CG		native	2026-06-25T20:18:04.969Z		CONTINENT_DERIVED_FROM_COORDINATES;IDENTIFIED_DATE_INVALID;INSTITUTION_MATCH_NONE
2563083857	d2470ef8-edfa-4ba7-821e-c3e1a537bdba	https://specieslink.net/guid/220/82228	Plantae	Tracheophyta	Magnoliopsida	Caryophyllales	Amaranthaceae	Alternanthera	Alternanthera brasiliana		SPECIES	Alternanthera brasiliana (L.) Kuntze	Alternanthera brasiliana	(L.) Kuntze	BR	Fazenda Faroeste, Margem direita do Rio São Miguel.	Minas Gerais	PRESENT		4265f332-341c-45f6-b30b-5dc2e39b86e8	-20.251583	-45.662972							2003-07-05	5	7	2003	3084934	3084934	PRESERVED_SPECIMEN	UFMG	BHCB	82228	740	Siqueira, JC		CC_BY_4_0	Herbário da UFMG - Fanerógamas, Algas e Fungos	Melo, PHA de; Libanio, RC; Ferreira, RR; Loyola, DM		native	2026-06-25T20:18:05.013Z		CONTINENT_DERIVED_FROM_COORDINATES;IDENTIFIED_DATE_INVALID;INSTITUTION_MATCH_NONE
2563082952	d2470ef8-edfa-4ba7-821e-c3e1a537bdba	https://specieslink.net/guid/220/195890	Plantae	Tracheophyta	Magnoliopsida	Magnoliales	Myristicaceae	Virola	Virola sebifera		SPECIES	Virola sebifera Aubl.	Virola sebifera	Aubl.	BR	Região do Arrepiado, Fazenda de Dalto Telles	Minas Gerais	PRESENT		4265f332-341c-45f6-b30b-5dc2e39b86e8	-20.137222	-45.715833							2019-04-20	20	4	2019	3152846	3152846	PRESERVED_SPECIMEN	UFMG	BHCB	195890	6559			CC_BY_4_0	Herbário da UFMG - Fanerógamas, Algas e Fungos	Rezende, SG		native	2026-06-25T20:18:04.623Z		CONTINENT_DERIVED_FROM_COORDINATES;IDENTIFIED_DATE_INVALID;INSTITUTION_MATCH_NONE
2563082905	d2470ef8-edfa-4ba7-821e-c3e1a537bdba	https://specieslink.net/guid/220/195891	Plantae	Tracheophyta	Magnoliopsida	Myrtales	Myrtaceae	Pimenta	Pimenta pseudocaryophyllus		SPECIES	Pimenta pseudocaryophyllus (Gomes) Landrum	Pimenta pseudocaryophyllus	(Gomes) Landrum	BR	Região do Arrepiado, Fazenda Barreira	Minas Gerais	PRESENT		4265f332-341c-45f6-b30b-5dc2e39b86e8	-20.141667	-45.711389							2019-04-20	20	4	2019	3186164	3186164	PRESERVED_SPECIMEN	UFMG	BHCB	195891	6560			CC_BY_4_0	Herbário da UFMG - Fanerógamas, Algas e Fungos	Rezende, SG		native	2026-06-25T20:18:25.045Z		CONTINENT_DERIVED_FROM_COORDINATES;IDENTIFIED_DATE_INVALID;INSTITUTION_MATCH_NONE
2563082806	d2470ef8-edfa-4ba7-821e-c3e1a537bdba	https://specieslink.net/guid/220/195892	Plantae	Tracheophyta	Magnoliopsida	Malpighiales	Peraceae	Pera	Pera glabrata		SPECIES	Pera glabrata (Schott) Poepp. ex Baill.	Pera glabrata	(Schott) Poepp. ex Baill.	BR	Região do Arrepiado, Fazenda Barreira	Minas Gerais	PRESENT		4265f332-341c-45f6-b30b-5dc2e39b86e8	-20.141667	-45.711389							2019-04-20	20	4	2019	6045891	6045891	PRESERVED_SPECIMEN	UFMG	BHCB	195892	6561			CC_BY_4_0	Herbário da UFMG - Fanerógamas, Algas e Fungos	Rezende, SG			2026-06-25T20:18:07.257Z		CONTINENT_DERIVED_FROM_COORDINATES;IDENTIFIED_DATE_INVALID;INSTITUTION_MATCH_NONE
2563082804	d2470ef8-edfa-4ba7-821e-c3e1a537bdba	https://specieslink.net/guid/220/195894	Plantae	Tracheophyta	Magnoliopsida	Sapindales	Sapindaceae	Cupania	Cupania vernalis		SPECIES	Cupania vernalis Cambess.	Cupania vernalis	Cambess.	BR	Região do Arrepiado, Fazenda Barreira	Minas Gerais	PRESENT		4265f332-341c-45f6-b30b-5dc2e39b86e8	-20.142778	-45.711111							2019-04-20	20	4	2019	3784297	3784297	PRESERVED_SPECIMEN	UFMG	BHCB	195894	6563			CC_BY_4_0	Herbário da UFMG - Fanerógamas, Algas e Fungos	Rezende, SG		native	2026-06-25T20:18:07.255Z		CONTINENT_DERIVED_FROM_COORDINATES;IDENTIFIED_DATE_INVALID;INSTITUTION_MATCH_NONE
2563082772	d2470ef8-edfa-4ba7-821e-c3e1a537bdba	https://specieslink.net/guid/220/195889	Plantae	Tracheophyta	Magnoliopsida	Malvales	Malvaceae	Triumfetta	Triumfetta semitriloba		SPECIES	Triumfetta semitriloba Jacq.	Triumfetta semitriloba	Jacq.	BR	Região do Arrepiado, Fazenda Barreira	Minas Gerais	PRESENT		4265f332-341c-45f6-b30b-5dc2e39b86e8	-20.141667	-45.711389							2019-04-20	20	4	2019	3152072	3152072	PRESERVED_SPECIMEN	UFMG	BHCB	195889	6558			CC_BY_4_0	Herbário da UFMG - Fanerógamas, Algas e Fungos	Rezende, SG		native	2026-06-25T20:18:04.569Z		CONTINENT_DERIVED_FROM_COORDINATES;IDENTIFIED_DATE_INVALID;INSTITUTION_MATCH_NONE
2563082771	d2470ef8-edfa-4ba7-821e-c3e1a537bdba	https://specieslink.net/guid/220/195887	Plantae	Tracheophyta	Magnoliopsida	Asterales	Asteraceae	Chromolaena	Chromolaena laevigata		SPECIES	Chromolaena laevigata (Lam.) R.M.King & H.Rob.	Chromolaena laevigata	(Lam.) R.M.King & H.Rob.	BR	Fazenda Barreira, Região do Arrepiado. Córrego da Barreira.	Minas Gerais	PRESENT		4265f332-341c-45f6-b30b-5dc2e39b86e8	-20.141667	-45.711389							2019-04-20	20	4	2019	3087662	3087662	PRESERVED_SPECIMEN	UFMG	BHCB	195887	6556			CC_BY_4_0	Herbário da UFMG - Fanerógamas, Algas e Fungos	Rezende, SG		native	2026-06-25T20:18:04.596Z		CONTINENT_DERIVED_FROM_COORDINATES;IDENTIFIED_DATE_INVALID;INSTITUTION_MATCH_NONE
2563082736	d2470ef8-edfa-4ba7-821e-c3e1a537bdba	https://specieslink.net/guid/220/195895	Plantae	Tracheophyta	Magnoliopsida	Lamiales	Bignoniaceae	Zeyheria	Zeyheria montana		SPECIES	Zeyheria montana Mart.	Zeyheria montana	Mart.	BR	Região do Arrepiado, Fazenda Barreira	Minas Gerais	PRESENT		4265f332-341c-45f6-b30b-5dc2e39b86e8	-20.141389	-45.716944							2019-05-19	19	5	2019	5668491	5668491	PRESERVED_SPECIMEN	UFMG	BHCB	195895	6564			CC_BY_4_0	Herbário da UFMG - Fanerógamas, Algas e Fungos	Rezende, SG		native	2026-06-25T20:18:04.586Z		CONTINENT_DERIVED_FROM_COORDINATES;IDENTIFIED_DATE_INVALID;INSTITUTION_MATCH_NONE
2563082628	d2470ef8-edfa-4ba7-821e-c3e1a537bdba	https://specieslink.net/guid/220/195893	Plantae	Tracheophyta	Liliopsida	Poales	Poaceae	Taquara	Taquara micrantha		SPECIES	Parodiolyra micrantha (Kunth) Davidse & Zuloaga	Parodiolyra micrantha	(Kunth) Davidse & Zuloaga	BR	Região do Arrepiado, Fazenda Barreira	Minas Gerais	PRESENT		4265f332-341c-45f6-b30b-5dc2e39b86e8	-20.141667	-45.711389							2019-04-20	20	4	2019	4116637	11013835	PRESERVED_SPECIMEN	UFMG	BHCB	195893	6562			CC_BY_4_0	Herbário da UFMG - Fanerógamas, Algas e Fungos	Rezende, SG			2026-06-25T20:18:04.536Z		CONTINENT_DERIVED_FROM_COORDINATES;IDENTIFIED_DATE_INVALID;INSTITUTION_MATCH_NONE
2563082533	d2470ef8-edfa-4ba7-821e-c3e1a537bdba	https://specieslink.net/guid/220/195897	Plantae	Tracheophyta	Magnoliopsida	Fabales	Polygalaceae	Bredemeyera	Bredemeyera floribunda		SPECIES	Bredemeyera floribunda Willd.	Bredemeyera floribunda	Willd.	BR	Região do Arrepiado, Fazenda de Dalto Telles	Minas Gerais	PRESENT		4265f332-341c-45f6-b30b-5dc2e39b86e8	-20.137222	-45.715833							2019-05-19	19	5	2019	7293394	7293394	PRESERVED_SPECIMEN	UFMG	BHCB	195897	6566			CC_BY_4_0	Herbário da UFMG - Fanerógamas, Algas e Fungos	Rezende, SG		native	2026-06-25T20:18:04.808Z		CONTINENT_DERIVED_FROM_COORDINATES;IDENTIFIED_DATE_INVALID;INSTITUTION_MATCH_NONE
2563082522	d2470ef8-edfa-4ba7-821e-c3e1a537bdba	https://specieslink.net/guid/220/195896	Plantae	Tracheophyta	Magnoliopsida	Malpighiales	Malpighiaceae	Byrsonima	Byrsonima clausseniana		SPECIES	Byrsonima clausseniana A.Juss.	Byrsonima clausseniana	A.Juss.	BR	Região do Arrepiado, Fazenda Barreira	Minas Gerais	PRESENT		4265f332-341c-45f6-b30b-5dc2e39b86e8	-20.141389	-45.716944							2019-05-19	19	5	2019	3982467	3982467	PRESERVED_SPECIMEN	UFMG	BHCB	195896	6565			CC_BY_4_0	Herbário da UFMG - Fanerógamas, Algas e Fungos	Rezende, SG		native	2026-06-25T20:18:04.441Z		CONTINENT_DERIVED_FROM_COORDINATES;IDENTIFIED_DATE_INVALID;INSTITUTION_MATCH_NONE
2563082517	d2470ef8-edfa-4ba7-821e-c3e1a537bdba	https://specieslink.net/guid/220/195888	Plantae	Tracheophyta	Magnoliopsida	Malpighiales	Malpighiaceae	Peixotoa	Peixotoa tomentosa		SPECIES	Peixotoa tomentosa A.Juss.	Peixotoa tomentosa	A.Juss.	BR	Região do Arrepiado, Fazenda Barreira	Minas Gerais	PRESENT		4265f332-341c-45f6-b30b-5dc2e39b86e8	-20.141667	-45.711389							2019-04-20	20	4	2019	7285634	7285634	PRESERVED_SPECIMEN	UFMG	BHCB	195888	6557			CC_BY_4_0	Herbário da UFMG - Fanerógamas, Algas e Fungos	Rezende, SG		native	2026-06-25T20:18:07.168Z		CONTINENT_DERIVED_FROM_COORDINATES;IDENTIFIED_DATE_INVALID;INSTITUTION_MATCH_NONE
2558849605	4d0fa690-1551-46f0-9a22-acfec0e00dd0	https://specieslink.net/guid/84/46073	Plantae	Tracheophyta	Magnoliopsida	Malvales	Malvaceae	Luehea	Luehea divaricata		SPECIES	Luehea divaricata Mart.	Luehea divaricata	Mart.	BR	Calciolândia, acompanhando a linha do trem, próximo a margem do rio São Miguel. Área de extração de calcário. 652m.	Minas Gerais	PRESENT		503e9b26-09b5-4c40-b42a-bb476319a8ad	-20.238055	-45.664167							2018-05-21	21	5	2018	5706141	5706141	PRESERVED_SPECIMEN	UFES	VIES	46073	4405	G.I. Oliveira	2023-10-03T00:00:00	CC_BY_4_0	Herbário Central da Universidade Federal do Espírito Santo VIES	Bovini, M.G.; J.F. Baumgratz, C.D.Ferreira, B. Valente et G. Leite		native	2026-07-08T12:03:36.897Z		COORDINATE_ROUNDED;CONTINENT_DERIVED_FROM_COORDINATES;INSTITUTION_MATCH_NONE
2553493649	1bb3cae3-b91f-4109-8a2d-a1f05f2d6fd3	https://specieslink.net/guid/7/188884	Plantae	Tracheophyta	Magnoliopsida	Lamiales	Bignoniaceae	Dolichandra	Dolichandra quadrivalvis		SPECIES	Dolichandra quadrivalvis (Jacq.) L.G.Lohmann	Dolichandra quadrivalvis	(Jacq.) L.G.Lohmann	BR	Fazenda Faroeste, Margem direita do Rio São Miguel, vale da Bocaina	Minas Gerais	PRESENT		76dbcb10-efc5-4d5f-87a5-bcd409fc92c8	-20.260245	-45.663797			750.0	100.0			2003-11-23	23	11	2003	7966774	7966774	PRESERVED_SPECIMEN	USP-IB	SPF	188884	952	Lohmann, LG	2008-01-01T00:00:00	CC_BY_4_0	Herbário da Universidade de São Paulo	Melo, PHA		native	2026-06-26T20:38:21.269Z		CONTINENT_DERIVED_FROM_COORDINATES;INSTITUTION_MATCH_NONE
2542594769	d2470ef8-edfa-4ba7-821e-c3e1a537bdba	https://specieslink.net/guid/220/93991	Plantae	Tracheophyta	Magnoliopsida	Lamiales	Acanthaceae	Aphelandra	Aphelandra schottiana		SPECIES	Geissomeria schottiana Nees	Geissomeria schottiana	Nees	BR	Fazenda Amargoso, MG-439 km 16.	Minas Gerais	PRESENT		4265f332-341c-45f6-b30b-5dc2e39b86e8	-20.381	-45.651222							2004-04-08	8	4	2004	7263751	3777043	PRESERVED_SPECIMEN	UFMG	BHCB	93991	1137	Melo, PHA de		CC_BY_4_0	Herbário da UFMG - Fanerógamas, Algas e Fungos	Melo, PHA de; Leite, FSF; Leal, CG			2026-06-25T20:18:04.219Z		CONTINENT_DERIVED_FROM_COORDINATES;IDENTIFIED_DATE_INVALID;INSTITUTION_MATCH_NONE
2542594766	d2470ef8-edfa-4ba7-821e-c3e1a537bdba	https://specieslink.net/guid/220/93978	Plantae	Tracheophyta	Magnoliopsida	Gentianales	Apocynaceae	Aspidosperma	Aspidosperma cylindrocarpon		SPECIES	Aspidosperma cylindrocarpon Müll.Arg.	Aspidosperma cylindrocarpon	Müll.Arg.	BR	Fazenda Timburé, Área de mineração da empresa CastroCal.	Minas Gerais	PRESENT		4265f332-341c-45f6-b30b-5dc2e39b86e8	-20.405972	-45.653722							2005-05-19	19	5	2005	7317072	7317072	PRESERVED_SPECIMEN	UFMG	BHCB	93978	1346	Castello, ACD		CC_BY_4_0	Herbário da UFMG - Fanerógamas, Algas e Fungos	Melo, PHA de; Viana, PL		native	2026-06-25T20:18:04.707Z		CONTINENT_DERIVED_FROM_COORDINATES;IDENTIFIED_DATE_INVALID;INSTITUTION_MATCH_NONE
2542594757	d2470ef8-edfa-4ba7-821e-c3e1a537bdba	https://specieslink.net/guid/220/90097	Plantae	Tracheophyta	Magnoliopsida	Lamiales	Acanthaceae	Justicia	Justicia lythroides		SPECIES	Justicia lythroides (Nees) V.A.W.Graham	Justicia lythroides		BR	Fazenda Amargoso, MG-439 km 16.	Minas Gerais	PRESENT		4265f332-341c-45f6-b30b-5dc2e39b86e8	-20.381056	-45.65125							2004-05-08	8	5	2004	3775655	3775655	PRESERVED_SPECIMEN	UFMG	BHCB	90097	1196	Melo, PHA de		CC_BY_4_0	Herbário da UFMG - Fanerógamas, Algas e Fungos	Melo, PHA de; Mota, RC da; Santos, GP; Santos, FMG		native	2026-06-25T20:18:04.705Z		CONTINENT_DERIVED_FROM_COORDINATES;IDENTIFIED_DATE_INVALID;INSTITUTION_MATCH_NONE
2542594754	d2470ef8-edfa-4ba7-821e-c3e1a537bdba	https://specieslink.net/guid/220/90095	Plantae	Tracheophyta	Magnoliopsida	Lamiales	Acanthaceae	Chamaeranthemum			GENUS	Chamaeranthemum Nees	Chamaeranthemum		BR	Fazenda Faroeste, Margem direita do Rio São Miguel, afloramento da Bocaina.	Minas Gerais	PRESENT		4265f332-341c-45f6-b30b-5dc2e39b86e8	-20.266389	-45.660528							2004-08-13	13	8	2004	7263745		PRESERVED_SPECIMEN	UFMG	BHCB	90095	1247			CC_BY_4_0	Herbário da UFMG - Fanerógamas, Algas e Fungos	Melo, PHA de; Coelho, LHL			2026-06-25T20:18:04.702Z		CONTINENT_DERIVED_FROM_COORDINATES;IDENTIFIED_DATE_INVALID;INSTITUTION_MATCH_NONE
2542594753	d2470ef8-edfa-4ba7-821e-c3e1a537bdba	https://specieslink.net/guid/220/90096	Plantae	Tracheophyta	Magnoliopsida	Lamiales	Acanthaceae	Justicia	Justicia brasiliana		SPECIES	Justicia brasiliana Roth	Justicia brasiliana	Roth.	BR	Fazenda Amargoso, MG-439 km 16.	Minas Gerais	PRESENT		4265f332-341c-45f6-b30b-5dc2e39b86e8	-20.381056	-45.65125							2004-06-26	26	6	2004	3771127	3771127	PRESERVED_SPECIMEN	UFMG	BHCB	90096	1217	Melo, PHA de		CC_BY_4_0	Herbário da UFMG - Fanerógamas, Algas e Fungos	Melo, PHA de		native	2026-06-25T20:18:04.246Z		CONTINENT_DERIVED_FROM_COORDINATES;IDENTIFIED_DATE_INVALID;INSTITUTION_MATCH_NONE
2542594751	d2470ef8-edfa-4ba7-821e-c3e1a537bdba	https://specieslink.net/guid/220/88352	Plantae	Tracheophyta	Magnoliopsida	Lamiales	Acanthaceae	Ruellia	Ruellia brevifolia		SPECIES	Ruellia brevifolia (Pohl) C.Ezcurra	Ruellia brevifolia	(Pohl) C.Ezcurra	BR	Fazenda Amargoso, MG-439 km 16, divisa com Francisco Gonçalves Costa.	Minas Gerais	PRESENT		4265f332-341c-45f6-b30b-5dc2e39b86e8	-20.382861	-45.6495							2004-02-16	16	2	2004	5415377	5415377	PRESERVED_SPECIMEN	UFMG	BHCB	88352	1096	Melo, PHA de		CC_BY_4_0	Herbário da UFMG - Fanerógamas, Algas e Fungos	Melo, PHA de		native	2026-06-25T20:18:04.242Z		CONTINENT_DERIVED_FROM_COORDINATES;IDENTIFIED_DATE_INVALID;INSTITUTION_MATCH_NONE
2542594749	d2470ef8-edfa-4ba7-821e-c3e1a537bdba	https://specieslink.net/guid/220/90098	Plantae	Tracheophyta	Magnoliopsida	Lamiales	Acanthaceae	Ruellia	Ruellia brevifolia		SPECIES	Ruellia brevifolia (Pohl) C.Ezcurra	Ruellia brevifolia	(Pohl) C.Ezcurra	BR	Fazenda Amargoso, MG-439 km 16	Minas Gerais	PRESENT		4265f332-341c-45f6-b30b-5dc2e39b86e8	-20.381056	-45.65125							2004-07-29	29	7	2004	5415377	5415377	PRESERVED_SPECIMEN	UFMG	BHCB	90098	1236	Melo, PHA de		CC_BY_4_0	Herbário da UFMG - Fanerógamas, Algas e Fungos	Melo, PHA de		native	2026-06-25T20:18:04.359Z		CONTINENT_DERIVED_FROM_COORDINATES;IDENTIFIED_DATE_INVALID;INSTITUTION_MATCH_NONE
2542594743	d2470ef8-edfa-4ba7-821e-c3e1a537bdba	https://specieslink.net/guid/220/85628	Plantae	Tracheophyta	Magnoliopsida	Lamiales	Acanthaceae	Ruellia	Ruellia dissitifolia		SPECIES	Ruellia dissitifolia (Nees) Hiern	Ruellia dissitifolia	(Nees) Hiern	BR	Fazenda Faroeste, Margem esquerda do Rio São Miguel.	Minas Gerais	PRESENT		4265f332-341c-45f6-b30b-5dc2e39b86e8	-20.265	-45.670278							2003-09-10	10	9	2003	5574718	5574718	PRESERVED_SPECIMEN	UFMG	BHCB	85628	858	Melo, PHA de		CC_BY_4_0	Herbário da UFMG - Fanerógamas, Algas e Fungos	Melo, PHA de		native	2026-06-25T20:18:04.227Z		CONTINENT_DERIVED_FROM_COORDINATES;IDENTIFIED_DATE_INVALID;INSTITUTION_MATCH_NONE
2542594739	d2470ef8-edfa-4ba7-821e-c3e1a537bdba	https://specieslink.net/guid/220/82226	Plantae	Tracheophyta	Magnoliopsida	Lamiales	Acanthaceae	Justicia	Justicia brasiliana		SPECIES	Justicia brasiliana Roth	Justicia brasiliana	Roth.	BR	Fazenda Amargoso, MG-439 km 16.	Minas Gerais	PRESENT		4265f332-341c-45f6-b30b-5dc2e39b86e8	-20.387222	-45.649722							2003-07-06	6	7	2003	3771127	3771127	PRESERVED_SPECIMEN	UFMG	BHCB	82226	759	Melo, PHA de		CC_BY_4_0	Herbário da UFMG - Fanerógamas, Algas e Fungos	Melo, PHA de; Libanio, RC; Ferreira, RR; Loyola, DM		native	2026-06-25T20:18:04.355Z		CONTINENT_DERIVED_FROM_COORDINATES;IDENTIFIED_DATE_INVALID;INSTITUTION_MATCH_NONE
2542594738	d2470ef8-edfa-4ba7-821e-c3e1a537bdba	https://specieslink.net/guid/220/81631	Plantae	Tracheophyta	Magnoliopsida	Lamiales	Acanthaceae	Justicia	Justicia thunbergioides		SPECIES	Justicia allocota Leonard	Justicia allocota	Leonard	BR	Fazenda Faroeste, Margem direita do Rio São Miguel.	Minas Gerais	PRESENT		4265f332-341c-45f6-b30b-5dc2e39b86e8	-20.256389	-45.669167							2003-03-08	8	3	2003	3773068	3780196	PRESERVED_SPECIMEN	UFMG	BHCB	81631	462	Melo, PHA de		CC_BY_4_0	Herbário da UFMG - Fanerógamas, Algas e Fungos	Melo, PHA de			2026-06-25T20:18:04.234Z		CONTINENT_DERIVED_FROM_COORDINATES;IDENTIFIED_DATE_INVALID;INSTITUTION_MATCH_NONE
2542594736	d2470ef8-edfa-4ba7-821e-c3e1a537bdba	https://specieslink.net/guid/220/82059	Plantae	Tracheophyta	Magnoliopsida	Lamiales	Acanthaceae	Aphelandra	Aphelandra longiflora		SPECIES	Geissomeria cincinnata Nees	Geissomeria cincinnata		BR	Fazenda Faroeste, Margem esquerda do Rio São Miguel.	Minas Gerais	PRESENT		4265f332-341c-45f6-b30b-5dc2e39b86e8	-20.256389	-45.669167							2003-05-26	26	5	2003	7263781	3778472	PRESERVED_SPECIMEN	UFMG	BHCB	82059	664	Melo, PHA de		CC_BY_4_0	Herbário da UFMG - Fanerógamas, Algas e Fungos	Melo, PHA de; Carvalho, FA			2026-06-25T20:18:04.189Z		CONTINENT_DERIVED_FROM_COORDINATES;IDENTIFIED_DATE_INVALID;INSTITUTION_MATCH_NONE
2542594733	d2470ef8-edfa-4ba7-821e-c3e1a537bdba	https://specieslink.net/guid/220/81625	Plantae	Tracheophyta	Magnoliopsida	Lamiales	Acanthaceae	Justicia	Justicia thunbergioides		SPECIES	Justicia allocota Leonard	Justicia allocota	Leonard	BR	Fazenda Faroeste, Margem direita do Rio São Miguel.	Minas Gerais	PRESENT		4265f332-341c-45f6-b30b-5dc2e39b86e8	-20.256389	-45.669167							2003-03-08	8	3	2003	3773068	3780196	PRESERVED_SPECIMEN	UFMG	BHCB	81625	455	Lombardi, JA		CC_BY_4_0	Herbário da UFMG - Fanerógamas, Algas e Fungos	Melo, PHA de			2026-06-25T20:18:04.212Z		CONTINENT_DERIVED_FROM_COORDINATES;IDENTIFIED_DATE_INVALID;INSTITUTION_MATCH_NONE
2542594728	d2470ef8-edfa-4ba7-821e-c3e1a537bdba	https://specieslink.net/guid/220/82223	Plantae	Tracheophyta	Magnoliopsida	Lamiales	Acanthaceae	Aphelandra	Aphelandra schottiana		SPECIES	Geissomeria schottiana Nees	Geissomeria schottiana	Nees	BR	Fazenda Faroeste, Margem direita do Rio São Miguel.	Minas Gerais	PRESENT		4265f332-341c-45f6-b30b-5dc2e39b86e8	-20.251583	-45.662972							2003-07-05	5	7	2003	7263751	3777043	PRESERVED_SPECIMEN	UFMG	BHCB	82223	748	Lombardi, JA; Melo, PHA de		CC_BY_4_0	Herbário da UFMG - Fanerógamas, Algas e Fungos	Melo, PHA de; Libanio, RC; Ferreira, RR; Loyola, DM			2026-06-25T20:18:04.180Z		CONTINENT_DERIVED_FROM_COORDINATES;IDENTIFIED_DATE_INVALID;INSTITUTION_MATCH_NONE
2542594727	d2470ef8-edfa-4ba7-821e-c3e1a537bdba	https://specieslink.net/guid/220/82049	Plantae	Tracheophyta	Magnoliopsida	Lamiales	Acanthaceae	Justicia	Justicia lythroides		SPECIES	Justicia lythroides (Nees) V.A.W.Graham	Justicia lythroides		BR	Fazenda Faroeste, Margem esquerda do Rio São Miguel.	Minas Gerais	PRESENT		4265f332-341c-45f6-b30b-5dc2e39b86e8	-20.256389	-45.669167							2003-05-26	26	5	2003	3775655	3775655	PRESERVED_SPECIMEN	UFMG	BHCB	82049	650	Lombardi, JA; Melo, PHA de		CC_BY_4_0	Herbário da UFMG - Fanerógamas, Algas e Fungos	Melo, PHA de; Carvalho, FA; Ranieri, BD; Souza, DT; Lana, TC		native	2026-06-25T20:18:04.694Z		CONTINENT_DERIVED_FROM_COORDINATES;IDENTIFIED_DATE_INVALID;INSTITUTION_MATCH_NONE
2542594724	d2470ef8-edfa-4ba7-821e-c3e1a537bdba	https://specieslink.net/guid/220/81569	Plantae	Tracheophyta	Magnoliopsida	Lamiales	Acanthaceae	Justicia	Justicia brasiliana		SPECIES	Justicia brasiliana Roth	Justicia brasiliana	Roth.	BR	Fazenda Amargoso, MG-439 km 16.	Minas Gerais	PRESENT		4265f332-341c-45f6-b30b-5dc2e39b86e8	-20.387222	-45.649722							2003-03-22	22	3	2003	3771127	3771127	PRESERVED_SPECIMEN	UFMG	BHCB	81569	505	Melo, PHA de		CC_BY_4_0	Herbário da UFMG - Fanerógamas, Algas e Fungos	Melo, PHA de		native	2026-06-25T20:18:04.209Z		CONTINENT_DERIVED_FROM_COORDINATES;IDENTIFIED_DATE_INVALID;INSTITUTION_MATCH_NONE
2542594720	d2470ef8-edfa-4ba7-821e-c3e1a537bdba	https://specieslink.net/guid/220/82031	Plantae	Tracheophyta	Magnoliopsida	Lamiales	Acanthaceae	Justicia	Justicia thunbergioides		SPECIES	Justicia allocota Leonard	Justicia allocota	Leonard	BR	Fazenda Amargoso, MG-439 km 16. Área de mineração.	Minas Gerais	PRESENT		4265f332-341c-45f6-b30b-5dc2e39b86e8	-20.387222	-45.649722							2003-05-25	25	5	2003	3773068	3780196	PRESERVED_SPECIMEN	UFMG	BHCB	82031	638	Melo, PHA de		CC_BY_4_0	Herbário da UFMG - Fanerógamas, Algas e Fungos	Melo, PHA de; Carvalho, FA; Ranieri, BD; Souza, DT; Lana, TC			2026-06-25T20:18:04.253Z		CONTINENT_DERIVED_FROM_COORDINATES;IDENTIFIED_DATE_INVALID;INSTITUTION_MATCH_NONE
2542594700	d2470ef8-edfa-4ba7-821e-c3e1a537bdba	https://specieslink.net/guid/220/201167	Plantae	Tracheophyta	Magnoliopsida	Malpighiales	Malpighiaceae	Dicella	Dicella bracteosa		SPECIES	Dicella bracteosa (A.Juss.) Griseb.	Dicella bracteosa	(A.Juss.) Griseb.	BR	Fazenda Faroeste, Margem direita do Rio São Miguel	Minas Gerais	PRESENT		4265f332-341c-45f6-b30b-5dc2e39b86e8	-20.257361	-45.663722							2017-05-10	10	5	2017	7285046	7285046	PRESERVED_SPECIMEN	UFMG	BHCB	201167	1036	Almeida, RF		CC_BY_4_0	Herbário da UFMG - Fanerógamas, Algas e Fungos	Melo, PHA de; Silva, WO		native	2026-06-25T20:18:04.345Z		CONTINENT_DERIVED_FROM_COORDINATES;IDENTIFIED_DATE_INVALID;INSTITUTION_MATCH_NONE
2542594685	d2470ef8-edfa-4ba7-821e-c3e1a537bdba	https://specieslink.net/guid/220/201166	Plantae	Tracheophyta	Magnoliopsida	Malpighiales	Malpighiaceae	Banisteriopsis	Banisteriopsis parviflora		SPECIES	Banisteriopsis parviflora (A.Juss.) B.Gates	Banisteriopsis parviflora	(A.Juss.) B.Gates	BR	Fazenda Faroeste, Margem direita do Rio São Miguel	Minas Gerais	PRESENT		4265f332-341c-45f6-b30b-5dc2e39b86e8	-20.266389	-45.660528							2006-05-10	10	5	2006	3984892	3984892	PRESERVED_SPECIMEN	UFMG	BHCB	201166	1514	Almeida, RF		CC_BY_4_0	Herbário da UFMG - Fanerógamas, Algas e Fungos	Melo, PHA de		native	2026-06-25T20:18:04.334Z		CONTINENT_DERIVED_FROM_COORDINATES;IDENTIFIED_DATE_INVALID;INSTITUTION_MATCH_NONE
2542594683	d2470ef8-edfa-4ba7-821e-c3e1a537bdba	https://specieslink.net/guid/220/200653	Plantae	Tracheophyta	Magnoliopsida	Myrtales	Myrtaceae	Myrcia			GENUS	Myrcia DC. ex Guill.	Myrcia		BR	Fazenda São Felix	Minas Gerais	PRESENT		4265f332-341c-45f6-b30b-5dc2e39b86e8	-20.08325	-45.71275							2007-06-25	25	6	2007	3173889		PRESERVED_SPECIMEN	UFMG	BHCB	200653	s.n.			CC_BY_4_0	Herbário da UFMG - Fanerógamas, Algas e Fungos	Santos, MVC; Rezende, EG; Rezende, DL			2026-06-25T20:18:04.324Z		CONTINENT_DERIVED_FROM_COORDINATES;IDENTIFIED_DATE_INVALID;INSTITUTION_MATCH_NONE
2542594678	d2470ef8-edfa-4ba7-821e-c3e1a537bdba	https://specieslink.net/guid/220/201168	Plantae	Tracheophyta	Magnoliopsida	Malpighiales	Malpighiaceae	Banisteriopsis			GENUS	Banisteriopsis C.B.Rob.	Banisteriopsis		BR	Fazenda Amargoso, MG 439 Km 16.	Minas Gerais	PRESENT		4265f332-341c-45f6-b30b-5dc2e39b86e8	-20.381	-45.661917							2004-03-03	3	3	2004	7618041		PRESERVED_SPECIMEN	UFMG	BHCB	201168	1116			CC_BY_4_0	Herbário da UFMG - Fanerógamas, Algas e Fungos	Melo, PHA de			2026-06-25T20:18:04.168Z		CONTINENT_DERIVED_FROM_COORDINATES;IDENTIFIED_DATE_INVALID;INSTITUTION_MATCH_NONE
2542594676	d2470ef8-edfa-4ba7-821e-c3e1a537bdba	https://specieslink.net/guid/220/200666	Plantae	Tracheophyta	Magnoliopsida	Laurales	Lauraceae				FAMILY	Lauraceae			BR	Fazenda São Felix	Minas Gerais	PRESENT		4265f332-341c-45f6-b30b-5dc2e39b86e8	-20.08325	-45.71275							2008-02-10	10	2	2008	6688		PRESERVED_SPECIMEN	UFMG	BHCB	200666	s.n.			CC_BY_4_0	Herbário da UFMG - Fanerógamas, Algas e Fungos	Santos, MVC; Rezende, EG; Rezende, DL			2026-06-25T20:18:07.061Z		CONTINENT_DERIVED_FROM_COORDINATES;IDENTIFIED_DATE_INVALID;INSTITUTION_MATCH_NONE
2542594662	d2470ef8-edfa-4ba7-821e-c3e1a537bdba	https://specieslink.net/guid/220/201169	Plantae	Tracheophyta	Magnoliopsida	Malpighiales	Malpighiaceae	Amorimia	Amorimia rigida		SPECIES	Amorimia rigida (A.Juss.) W.R.Anderson	Amorimia rigida	(A.Juss.) W.R.Anderson	BR	Fazenda Faroeste, Margem direita do Rio São Miguel	Minas Gerais	PRESENT		4265f332-341c-45f6-b30b-5dc2e39b86e8	-20.266389	-45.660528							2006-12-14	14	12	2006	3985945	3985945	PRESERVED_SPECIMEN	UFMG	BHCB	201169	1762	Almeida, RF		CC_BY_4_0	Herbário da UFMG - Fanerógamas, Algas e Fungos	Melo, PHA de; Silva, LCM da		native	2026-06-25T20:18:04.163Z		CONTINENT_DERIVED_FROM_COORDINATES;IDENTIFIED_DATE_INVALID;INSTITUTION_MATCH_NONE
2542594655	d2470ef8-edfa-4ba7-821e-c3e1a537bdba	https://specieslink.net/guid/220/200658	Plantae	Tracheophyta	Magnoliopsida	Malpighiales	Euphorbiaceae	Maprounea			GENUS	Maprounea Aubl.	Maprounea		BR	Fazenda São Felix	Minas Gerais	PRESENT		4265f332-341c-45f6-b30b-5dc2e39b86e8	-20.08325	-45.71275							2008-02-10	10	2	2008	3054655		PRESERVED_SPECIMEN	UFMG	BHCB	200658	s.n.	Caruzo, MBR		CC_BY_4_0	Herbário da UFMG - Fanerógamas, Algas e Fungos	Santos, MVC; Rezende, EG; Rezende, DL			2026-06-25T20:18:07.047Z		CONTINENT_DERIVED_FROM_COORDINATES;IDENTIFIED_DATE_INVALID;INSTITUTION_MATCH_NONE;TAXON_MATCH_HIGHERRANK
2542594644	d2470ef8-edfa-4ba7-821e-c3e1a537bdba	https://specieslink.net/guid/220/200664	Plantae	Tracheophyta	Magnoliopsida	Malvales	Malvaceae				FAMILY	Malvaceae			BR	Fazenda São Felix	Minas Gerais	PRESENT		4265f332-341c-45f6-b30b-5dc2e39b86e8	-20.08325	-45.71275							2007-06-25	25	6	2007	6685		PRESERVED_SPECIMEN	UFMG	BHCB	200664	s.n.			CC_BY_4_0	Herbário da UFMG - Fanerógamas, Algas e Fungos	Santos, MVC; Rezende, EG; Rezende, DL			2026-06-25T20:18:04.151Z		CONTINENT_DERIVED_FROM_COORDINATES;IDENTIFIED_DATE_INVALID;INSTITUTION_MATCH_NONE
2542594621	d2470ef8-edfa-4ba7-821e-c3e1a537bdba	https://specieslink.net/guid/220/200670	Plantae	Tracheophyta	Magnoliopsida	Malpighiales	Erythroxylaceae	Erythroxylum			GENUS	Erythroxylum Browne	Erythroxylum		BR	Fazenda São Felix	Minas Gerais	PRESENT		4265f332-341c-45f6-b30b-5dc2e39b86e8	-20.08325	-45.71275							2007-07-04	4	7	2007	2873937		PRESERVED_SPECIMEN	UFMG	BHCB	200670	s.n.			CC_BY_4_0	Herbário da UFMG - Fanerógamas, Algas e Fungos	Santos, MVC; Rezende, EG; Rezende, DL			2026-06-25T20:18:04.288Z		CONTINENT_DERIVED_FROM_COORDINATES;IDENTIFIED_DATE_INVALID;INSTITUTION_MATCH_NONE
2542594610	d2470ef8-edfa-4ba7-821e-c3e1a537bdba	https://specieslink.net/guid/220/200669	Plantae	Tracheophyta	Magnoliopsida	Myrtales	Vochysiaceae	Qualea	Qualea parviflora		SPECIES	Qualea parviflora Mart.	Qualea parviflora	Mart.	BR	Fazenda São Felix	Minas Gerais	PRESENT		4265f332-341c-45f6-b30b-5dc2e39b86e8	-20.08325	-45.71275							2008-02-10	10	2	2008	7288348	7288348	PRESERVED_SPECIMEN	UFMG	BHCB	200669	s.n.	Shimizu, GH	2020-04-17T00:00:00	CC_BY_4_0	Herbário da UFMG - Fanerógamas, Algas e Fungos	Santos, MVC; Rezende, EG; Rezende, DL		native	2026-06-25T20:18:04.666Z		CONTINENT_DERIVED_FROM_COORDINATES;INSTITUTION_MATCH_NONE
2542594587	d2470ef8-edfa-4ba7-821e-c3e1a537bdba	https://specieslink.net/guid/220/200673	Plantae	Tracheophyta	Magnoliopsida	Malpighiales	Erythroxylaceae				FAMILY	Erythroxylaceae			BR	Fazenda São Felix	Minas Gerais	PRESENT		4265f332-341c-45f6-b30b-5dc2e39b86e8	-20.08325	-45.71275							2008-02-10	10	2	2008	6686		PRESERVED_SPECIMEN	UFMG	BHCB	200673	s.n.			CC_BY_4_0	Herbário da UFMG - Fanerógamas, Algas e Fungos	Santos, MVC; Rezende, EG; Rezende, DL			2026-06-25T20:18:04.182Z		CONTINENT_DERIVED_FROM_COORDINATES;IDENTIFIED_DATE_INVALID;INSTITUTION_MATCH_NONE
2542594584	d2470ef8-edfa-4ba7-821e-c3e1a537bdba	https://specieslink.net/guid/220/200672	Plantae	Tracheophyta	Magnoliopsida	Lamiales	Lamiaceae	Aegiphila	Aegiphila verticillata		SPECIES	Aegiphila verticillata Vell.	Aegiphila verticillata	Vell.	BR	Fazenda São Felix	Minas Gerais	PRESENT		4265f332-341c-45f6-b30b-5dc2e39b86e8	-20.08325	-45.71275							2008-02-10	10	2	2008	3890115	3890115	PRESERVED_SPECIMEN	UFMG	BHCB	200672	s.n.	Antar, GM		CC_BY_4_0	Herbário da UFMG - Fanerógamas, Algas e Fungos	Santos, MVC; Rezende, EG; Rezende, DL		native	2026-06-25T20:18:04.158Z		CONTINENT_DERIVED_FROM_COORDINATES;IDENTIFIED_DATE_INVALID;INSTITUTION_MATCH_NONE
2542594555	d2470ef8-edfa-4ba7-821e-c3e1a537bdba	https://specieslink.net/guid/220/200656	Plantae	Tracheophyta	Magnoliopsida	Malpighiales	Euphorbiaceae				FAMILY	Euphorbiaceae			BR	Fazenda São Felix	Minas Gerais	PRESENT		4265f332-341c-45f6-b30b-5dc2e39b86e8	-20.08325	-45.71275							2007-07-02	2	7	2007	4691		PRESERVED_SPECIMEN	UFMG	BHCB	200656	s.n.			CC_BY_4_0	Herbário da UFMG - Fanerógamas, Algas e Fungos	Santos, MVC; Rezende, EG; Rezende, DL			2026-06-25T20:18:04.158Z		CONTINENT_DERIVED_FROM_COORDINATES;IDENTIFIED_DATE_INVALID;INSTITUTION_MATCH_NONE
2542594554	d2470ef8-edfa-4ba7-821e-c3e1a537bdba	https://specieslink.net/guid/220/200654	Plantae	Tracheophyta	Magnoliopsida	Malpighiales	Peraceae	Pera			GENUS	Pera Mutis	Pera		BR	Fazenda São Felix	Minas Gerais	PRESENT		4265f332-341c-45f6-b30b-5dc2e39b86e8	-20.08325	-45.71275							2007-07-02	2	7	2007	3231319		PRESERVED_SPECIMEN	UFMG	BHCB	200654	s.n.	Sobral, M		CC_BY_4_0	Herbário da UFMG - Fanerógamas, Algas e Fungos	Santos, MVC; Rezende, EG; Rezende, DL			2026-06-25T20:18:04.240Z		CONTINENT_DERIVED_FROM_COORDINATES;IDENTIFIED_DATE_INVALID;INSTITUTION_MATCH_NONE
2542594552	d2470ef8-edfa-4ba7-821e-c3e1a537bdba	https://specieslink.net/guid/220/200668	Plantae	Tracheophyta	Magnoliopsida	Myrtales	Vochysiaceae	Qualea			GENUS	Qualea Aubl.	Qualea		BR	Fazenda São Felix	Minas Gerais	PRESENT		4265f332-341c-45f6-b30b-5dc2e39b86e8	-20.08325	-45.71275							2007-06-25	25	6	2007	7288308		PRESERVED_SPECIMEN	UFMG	BHCB	200668	s.n.			CC_BY_4_0	Herbário da UFMG - Fanerógamas, Algas e Fungos	Santos, MVC; Rezende, EG; Rezende, DL			2026-06-25T20:18:06.993Z		CONTINENT_DERIVED_FROM_COORDINATES;IDENTIFIED_DATE_INVALID;INSTITUTION_MATCH_NONE
2542594539	d2470ef8-edfa-4ba7-821e-c3e1a537bdba	https://specieslink.net/guid/220/200663	Plantae	Tracheophyta	Magnoliopsida	Sapindales	Anacardiaceae				FAMILY	Anacardiaceae			BR	Fazenda São Felix	Minas Gerais	PRESENT		4265f332-341c-45f6-b30b-5dc2e39b86e8	-20.08325	-45.71275							2008-02-10	10	2	2008	2398		PRESERVED_SPECIMEN	UFMG	BHCB	200663	s.n.			CC_BY_4_0	Herbário da UFMG - Fanerógamas, Algas e Fungos	Santos, MVC; Rezende, EG; Rezende, DL			2026-06-25T20:18:04.116Z		CONTINENT_DERIVED_FROM_COORDINATES;IDENTIFIED_DATE_INVALID;INSTITUTION_MATCH_NONE
2542594511	d2470ef8-edfa-4ba7-821e-c3e1a537bdba	https://specieslink.net/guid/220/200660	Plantae	Tracheophyta	Magnoliopsida	Solanales	Solanaceae	Solanum	Solanum asperolanatum		SPECIES	Solanum asperolanatum Ruiz & Pav.	Solanum asperolanatum	Ruiz & Pav.	BR	Fazenda São Felix	Minas Gerais	PRESENT		4265f332-341c-45f6-b30b-5dc2e39b86e8	-20.08325	-45.71275											2931631	2931631	PRESERVED_SPECIMEN	UFMG	BHCB	200660	s.n.			CC_BY_4_0	Herbário da UFMG - Fanerógamas, Algas e Fungos	Santos, MVC; Rezende, EG; Rezende, DL			2026-06-25T20:18:04.112Z		CONTINENT_DERIVED_FROM_COORDINATES;RECORDED_DATE_INVALID;IDENTIFIED_DATE_INVALID;INSTITUTION_MATCH_NONE
2542594478	d2470ef8-edfa-4ba7-821e-c3e1a537bdba	https://specieslink.net/guid/220/200665	Plantae	Tracheophyta	Magnoliopsida	Laurales	Lauraceae				FAMILY	Lauraceae			BR	Fazenda São Felix	Minas Gerais	PRESENT		4265f332-341c-45f6-b30b-5dc2e39b86e8	-20.08325	-45.71275							2008-02-10	10	2	2008	6688		PRESERVED_SPECIMEN	UFMG	BHCB	200665	s.n.			CC_BY_4_0	Herbário da UFMG - Fanerógamas, Algas e Fungos	Santos, MVC; Rezende, EG; Rezende, DL			2026-06-25T20:18:06.961Z		CONTINENT_DERIVED_FROM_COORDINATES;IDENTIFIED_DATE_INVALID;INSTITUTION_MATCH_NONE
2542594445	d2470ef8-edfa-4ba7-821e-c3e1a537bdba	https://specieslink.net/guid/220/200671	Plantae	Tracheophyta	Magnoliopsida	Dilleniales	Dilleniaceae	Davilla			GENUS	Davilla Vand.	Davilla		BR	Fazenda São Felix	Minas Gerais	PRESENT		4265f332-341c-45f6-b30b-5dc2e39b86e8	-20.08325	-45.71275							2007-07-04	4	7	2007	3234608		PRESERVED_SPECIMEN	UFMG	BHCB	200671	s.n.			CC_BY_4_0	Herbário da UFMG - Fanerógamas, Algas e Fungos	Santos, MVC; Rezende, EG; Rezende, DL			2026-06-25T20:18:04.094Z		CONTINENT_DERIVED_FROM_COORDINATES;IDENTIFIED_DATE_INVALID;INSTITUTION_MATCH_NONE
2542594431	d2470ef8-edfa-4ba7-821e-c3e1a537bdba	https://specieslink.net/guid/220/200662	Plantae	Tracheophyta	Liliopsida	Poales	Bromeliaceae	Tillandsia	Tillandsia loliacea		SPECIES	Tillandsia loliacea Mart. ex Schult. & Schult.f.	Tillandsia loliacea	Mart. ex Schult.	BR	Fazenda São Felix	Minas Gerais	PRESENT		4265f332-341c-45f6-b30b-5dc2e39b86e8	-20.08325	-45.71275							2007-08-12	12	8	2007	2695286	2695286	PRESERVED_SPECIMEN	UFMG	BHCB	200662	s.n.	Versieux, LM		CC_BY_4_0	Herbário da UFMG - Fanerógamas, Algas e Fungos	Santos, MVC; Rezende, EG; Rezende, DL		native	2026-06-25T20:18:04.177Z		CONTINENT_DERIVED_FROM_COORDINATES;IDENTIFIED_DATE_INVALID;INSTITUTION_MATCH_NONE
2542594398	d2470ef8-edfa-4ba7-821e-c3e1a537bdba	https://specieslink.net/guid/220/200661	Plantae	Tracheophyta	Magnoliopsida	Santalales	Loranthaceae	Struthanthus			GENUS	Struthanthus Mart.	Struthanthus		BR	Fazenda São Felix	Minas Gerais	PRESENT		4265f332-341c-45f6-b30b-5dc2e39b86e8	-20.08325	-45.71275							2007-06-25	25	6	2007	7287856		PRESERVED_SPECIMEN	UFMG	BHCB	200661	s.n.			CC_BY_4_0	Herbário da UFMG - Fanerógamas, Algas e Fungos	Santos, MVC; Rezende, EG; Rezende, DL			2026-06-25T20:18:03.990Z		CONTINENT_DERIVED_FROM_COORDINATES;IDENTIFIED_DATE_INVALID;INSTITUTION_MATCH_NONE
2542594375	d2470ef8-edfa-4ba7-821e-c3e1a537bdba	https://specieslink.net/guid/220/200657	Plantae	Tracheophyta	Magnoliopsida	Malpighiales	Euphorbiaceae	Sebastiania			GENUS	Sebastiania Spreng.	Sebastiania		BR	Fazenda São Felix	Minas Gerais	PRESENT		4265f332-341c-45f6-b30b-5dc2e39b86e8	-20.08325	-45.71275							2008-02-08	8	2	2008	8343318		PRESERVED_SPECIMEN	UFMG	BHCB	200657	s.n.			CC_BY_4_0	Herbário da UFMG - Fanerógamas, Algas e Fungos	Santos, MVC; Rezende, EG; Rezende, DL			2026-06-25T20:18:03.977Z		CONTINENT_DERIVED_FROM_COORDINATES;IDENTIFIED_DATE_INVALID;INSTITUTION_MATCH_NONE
2542594358	d2470ef8-edfa-4ba7-821e-c3e1a537bdba	https://specieslink.net/guid/220/200667	Plantae	Tracheophyta	Magnoliopsida	Lamiales	Acanthaceae	Ruellia			GENUS	Ruellia Plum. ex L.	Ruellia		BR	Fazenda São Felix	Minas Gerais	PRESENT		4265f332-341c-45f6-b30b-5dc2e39b86e8	-20.08325	-45.71275							2008-02-10	10	2	2008	3171840		PRESERVED_SPECIMEN	UFMG	BHCB	200667	s.n.			CC_BY_4_0	Herbário da UFMG - Fanerógamas, Algas e Fungos	Santos, MVC; Rezende, EG; Rezende, DL			2026-06-25T20:18:04.537Z		CONTINENT_DERIVED_FROM_COORDINATES;IDENTIFIED_DATE_INVALID;INSTITUTION_MATCH_NONE
2542594349	d2470ef8-edfa-4ba7-821e-c3e1a537bdba	https://specieslink.net/guid/220/200659	Plantae	Tracheophyta	Magnoliopsida	Malpighiales	Peraceae	Pera	Pera glabrata		SPECIES	Pera glabrata (Schott) Poepp. ex Baill.	Pera glabrata	(Schott) Poepp. ex Baill.	BR	Fazenda São Felix	Minas Gerais	PRESENT		4265f332-341c-45f6-b30b-5dc2e39b86e8	-20.08325	-45.71275							2007-07-10	10	7	2007	6045891	6045891	PRESERVED_SPECIMEN	UFMG	BHCB	200659	s.n.			CC_BY_4_0	Herbário da UFMG - Fanerógamas, Algas e Fungos	Santos, MVC; Rezende, EG; Rezende, DL			2026-06-25T20:18:03.949Z		CONTINENT_DERIVED_FROM_COORDINATES;IDENTIFIED_DATE_INVALID;INSTITUTION_MATCH_NONE
2542594345	d2470ef8-edfa-4ba7-821e-c3e1a537bdba	https://specieslink.net/guid/220/200655	Plantae	Tracheophyta	Magnoliopsida	Malpighiales	Peraceae	Pera	Pera glabrata		SPECIES	Pera glabrata (Schott) Poepp. ex Baill.	Pera glabrata	(Schott) Poepp. ex Baill.	BR	Fazenda São Felix	Minas Gerais	PRESENT		4265f332-341c-45f6-b30b-5dc2e39b86e8	-20.08325	-45.71275							2007-07-02	2	7	2007	6045891	6045891	PRESERVED_SPECIMEN	UFMG	BHCB	200655	s.n.	Brigato, LO		CC_BY_4_0	Herbário da UFMG - Fanerógamas, Algas e Fungos	Santos, MVC; Rezende, EG; Rezende, DL			2026-06-25T20:18:03.969Z		CONTINENT_DERIVED_FROM_COORDINATES;IDENTIFIED_DATE_INVALID;INSTITUTION_MATCH_NONE
2521068630	1bb3cae3-b91f-4109-8a2d-a1f05f2d6fd3	https://specieslink.net/guid/7/188865	Plantae	Tracheophyta	Magnoliopsida	Lamiales	Bignoniaceae	Adenocalymma	Adenocalymma coriaceum		SPECIES	Adenocalymma coriaceum A.DC.	Adenocalymma coriaceum	DC.	BR	Fazenda Amargoso, MG 439 Km 16.	Minas Gerais	PRESENT		76dbcb10-efc5-4d5f-87a5-bcd409fc92c8	-20.387222	-45.649722			750.0	0.0			2003-09-09	9	9	2003	4092704	4092704	PRESERVED_SPECIMEN	USP-IB	SPF	188865	836	Fonseca, LHM	2016-03-01T00:00:00	CC_BY_4_0	Herbário da Universidade de São Paulo	Melo, PHA		native	2026-06-26T20:38:20.942Z		CONTINENT_DERIVED_FROM_COORDINATES;INSTITUTION_MATCH_NONE
2521067625	1bb3cae3-b91f-4109-8a2d-a1f05f2d6fd3	https://specieslink.net/guid/7/188864	Plantae	Tracheophyta	Magnoliopsida	Lamiales	Bignoniaceae	Adenocalymma	Adenocalymma acutissimum		SPECIES	Adenocalymma acutissimum (Cham.) Miers	Adenocalymma acutissimum	Miers	BR	fazenda Faroeste, Margem direita do Rio São Miguel	Minas Gerais	PRESENT		76dbcb10-efc5-4d5f-87a5-bcd409fc92c8	-20.270278	-45.663194			675.0	25.0			2004-04-10	10	4	2004	4093097	4093097	PRESERVED_SPECIMEN	USP-IB	SPF	188864	1172	Fonseca, LHM	2019-09-01T00:00:00	CC_BY_4_0	Herbário da Universidade de São Paulo	Melo, PHA		native	2026-06-26T20:38:20.808Z		CONTINENT_DERIVED_FROM_COORDINATES;INSTITUTION_MATCH_NONE
2521065618	1bb3cae3-b91f-4109-8a2d-a1f05f2d6fd3	https://specieslink.net/guid/7/188863	Plantae	Tracheophyta	Magnoliopsida	Lamiales	Bignoniaceae	Adenocalymma	Adenocalymma coriaceum		SPECIES	Adenocalymma coriaceum A.DC.	Adenocalymma coriaceum	DC.	BR	Fazenda Faroeste, Margem direita do Rio São Miguel	Minas Gerais	PRESENT		76dbcb10-efc5-4d5f-87a5-bcd409fc92c8	-20.251583	-45.662972			750.0	50.0			2003-04-22	22	4	2003	4092704	4092704	PRESERVED_SPECIMEN	USP-IB	SPF	188863	589	Fonseca, LHM	2016-03-01T00:00:00	CC_BY_4_0	Herbário da Universidade de São Paulo	Melo, PHA		native	2026-06-26T20:38:20.968Z		CONTINENT_DERIVED_FROM_COORDINATES;INSTITUTION_MATCH_NONE
2521062629	1bb3cae3-b91f-4109-8a2d-a1f05f2d6fd3	https://specieslink.net/guid/7/188866	Plantae	Tracheophyta	Magnoliopsida	Lamiales	Bignoniaceae	Adenocalymma	Adenocalymma coriaceum		SPECIES	Adenocalymma coriaceum A.DC.	Adenocalymma coriaceum	DC.	BR	fazenda Faroeste, Margem direita do Rio São Miguel	Minas Gerais	PRESENT		76dbcb10-efc5-4d5f-87a5-bcd409fc92c8	-20.265	-45.670278			750.0	0.0			2003-09-10	10	9	2003	4092704	4092704	PRESERVED_SPECIMEN	USP-IB	SPF	188866	867	Lohmann, LG	2008-01-01T00:00:00	CC_BY_4_0	Herbário da Universidade de São Paulo	Melo, PHA		native	2026-06-26T20:38:20.668Z		CONTINENT_DERIVED_FROM_COORDINATES;INSTITUTION_MATCH_NONE
2465051194	2e684fd6-09e2-4661-910a-0a188b610c04	https://specieslink.net/guid/204/253010	Plantae	Tracheophyta	Magnoliopsida	Celastrales	Celastraceae				FAMILY	Celastraceae			BR	Calciolândia, acompanhando a linha do trem, próximo a margem do rio São Miguel. Área de extração de calcário.	Minas Gerais	PRESENT		60545be9-4f28-4245-b4b4-07635c8dfa54	-20.238056	-45.664167			652.0	0.0			2018-05-21	21	5	2018	6715		PRESERVED_SPECIMEN	UEFS	HUEFS	253010	4407			CC_BY_4_0	Herbario da Universidade Estadual de Feira de Santana	Bovini, M.G.			2026-06-26T17:13:43.739Z		CONTINENT_DERIVED_FROM_COORDINATES;INSTITUTION_MATCH_FUZZY;INSTITUTION_COLLECTION_MISMATCH
2464868106	d2470ef8-edfa-4ba7-821e-c3e1a537bdba	https://specieslink.net/guid/220/82225	Plantae	Tracheophyta	Magnoliopsida	Lamiales	Acanthaceae				FAMILY	Acanthaceae			BR	Fazenda Faroeste, Margem direita do Rio São Miguel. Trilha no interior de mata.	Minas Gerais	PRESENT		4265f332-341c-45f6-b30b-5dc2e39b86e8	-20.251583	-45.662972							2003-07-05	5	7	2003	2393		PRESERVED_SPECIMEN	UFMG	BHCB	82225	738			CC_BY_4_0	Herbário da UFMG - Fanerógamas, Algas e Fungos	Melo, PHA de; Libanio, RC; Ferreira, RR; Loyola, DM			2026-06-25T20:18:03.971Z		CONTINENT_DERIVED_FROM_COORDINATES;IDENTIFIED_DATE_INVALID;INSTITUTION_MATCH_NONE
2464863630	d2470ef8-edfa-4ba7-821e-c3e1a537bdba	https://specieslink.net/guid/220/82224	Plantae	Tracheophyta	Magnoliopsida	Lamiales	Acanthaceae				FAMILY	Acanthaceae			BR	Fazenda Faroeste, Margem direita do Rio São Miguel.	Minas Gerais	PRESENT		4265f332-341c-45f6-b30b-5dc2e39b86e8	-20.251583	-45.662972							2003-07-05	5	7	2003	2393		PRESERVED_SPECIMEN	UFMG	BHCB	82224	721			CC_BY_4_0	Herbário da UFMG - Fanerógamas, Algas e Fungos	Melo, PHA de; Libanio, RC; Ferreira, RR; Loyola, DM			2026-06-25T20:18:03.933Z		CONTINENT_DERIVED_FROM_COORDINATES;IDENTIFIED_DATE_INVALID;INSTITUTION_MATCH_NONE
2452942308	17efa320-7312-4b55-bf0a-a4cfc4613169	https://specieslink.net/guid/1/487318	Plantae	Tracheophyta	Magnoliopsida	Gentianales	Rubiaceae	Manettia			GENUS	Manettia Mutis ex L.	Manettia		BR		Minas Gerais	PRESENT		2437c128-bf8c-4f53-b668-da95fb2e40b7	-20.241944	-45.478056							2013-04		4	2013	2906969		PRESERVED_SPECIMEN	IPA/SP	SP	487318	21			CC_BY_4_0	Herbário do Estado Maria Eneyda P. Kaufmann Fidalgo - Coleção de Plantas Vasculares	Soares, F			2026-06-26T20:23:32.361Z		CONTINENT_DERIVED_FROM_COORDINATES;INSTITUTION_MATCH_NONE
2452939886	17efa320-7312-4b55-bf0a-a4cfc4613169	https://specieslink.net/guid/1/471959	Plantae	Tracheophyta	Magnoliopsida	Malpighiales	Malpighiaceae	Niedenzuella	Niedenzuella multiglandulosa		SPECIES	Niedenzuella multiglandulosa (A.Juss.) W.R.Anderson	Niedenzuella multiglandulosa	(A.Juss.) W.R.Anderson	BR	Mineração Vale do São Miguel	Minas Gerais	PRESENT		2437c128-bf8c-4f53-b668-da95fb2e40b7	-20.364444	-45.673611			642.0	0.0			2006-07-11	11	7	2006	3986104	3986104	PRESERVED_SPECIMEN	IPA/SP	SP	471959	150			CC_BY_4_0	Herbário do Estado Maria Eneyda P. Kaufmann Fidalgo - Coleção de Plantas Vasculares	Borges, RAX; Bernardo, PH		native	2026-06-26T20:23:27.816Z		CONTINENT_DERIVED_FROM_COORDINATES;INSTITUTION_MATCH_NONE
2452927200	17efa320-7312-4b55-bf0a-a4cfc4613169	https://specieslink.net/guid/1/397217	Plantae	Tracheophyta	Magnoliopsida	Gentianales	Rubiaceae	Eumachia	Eumachia cephalantha		SPECIES	Eumachia cephalantha (Müll.Arg.) Delprete & J.H.Kirkbr.	Eumachia cephalantha	(Müll.Arg.) Delprete & J.H.Kirkbr.	BR	Fazenda Amargoso, MG 439 km 16	Minas Gerais	PRESENT		2437c128-bf8c-4f53-b668-da95fb2e40b7	-20.387222	-45.649722							2003-12-30	30	12	2003	9484261	9484261	PRESERVED_SPECIMEN	IPA/SP	SP	397217	277	Mamede, MCH	2024-07-01T00:00:00	CC_BY_4_0	Herbário do Estado Maria Eneyda P. Kaufmann Fidalgo - Coleção de Plantas Vasculares	Melo, PHA; et al.		native	2026-06-26T20:23:30.696Z		CONTINENT_DERIVED_FROM_COORDINATES;INSTITUTION_MATCH_NONE
2452927166	17efa320-7312-4b55-bf0a-a4cfc4613169	https://specieslink.net/guid/1/397153	Plantae	Tracheophyta	Magnoliopsida	Gentianales	Rubiaceae	Rudgea	Rudgea recurva		SPECIES	Rudgea recurva Müll.Arg.	Rudgea recurva	Müll.Arg.	BR	Fazenda Amargoso	Minas Gerais	PRESENT		2437c128-bf8c-4f53-b668-da95fb2e40b7	-20.381958	-45.651117			675.0	25.0			2003-12-08	8	12	2003	2910689	2910689	PRESERVED_SPECIMEN	IPA/SP	SP	397153	1006	Bruniera, CP		CC_BY_4_0	Herbário do Estado Maria Eneyda P. Kaufmann Fidalgo - Coleção de Plantas Vasculares	Melo, PHA; Santos, GP		native	2026-06-26T20:23:31.633Z		CONTINENT_DERIVED_FROM_COORDINATES;INSTITUTION_MATCH_NONE
2452926323	17efa320-7312-4b55-bf0a-a4cfc4613169	https://specieslink.net/guid/1/396586	Plantae	Tracheophyta	Magnoliopsida	Gentianales	Rubiaceae	Palicourea	Palicourea brevicollis		SPECIES	Palicourea brevicollis (Müll.Arg.) C.M.Taylor	Palicourea brevicollis	(Müll.Arg.) C.M.Taylor	BR	Fazenda Amargoso, MG 439 km 16	Minas Gerais	PRESENT		2437c128-bf8c-4f53-b668-da95fb2e40b7	-20.393056	-45.646389			750.0	0.0			2003-08-09	9	8	2003	9318359	9318359	PRESERVED_SPECIMEN	IPA/SP	SP	396586	796	Mamede, MCH	2024-08-01T00:00:00	CC_BY_4_0	Herbário do Estado Maria Eneyda P. Kaufmann Fidalgo - Coleção de Plantas Vasculares	Melo, PHA		native	2026-06-26T20:23:30.653Z		CONTINENT_DERIVED_FROM_COORDINATES;INSTITUTION_MATCH_NONE
2452925814	17efa320-7312-4b55-bf0a-a4cfc4613169	https://specieslink.net/guid/1/397152	Plantae	Tracheophyta	Magnoliopsida	Gentianales	Rubiaceae				FAMILY	Rubiaceae			BR		Minas Gerais	PRESENT		2437c128-bf8c-4f53-b668-da95fb2e40b7	-20.387222	-45.649722			780.0	30.0			2003-04-15	15	4	2003	8798		PRESERVED_SPECIMEN	IPA/SP	SP	397152	568			CC_BY_4_0	Herbário do Estado Maria Eneyda P. Kaufmann Fidalgo - Coleção de Plantas Vasculares	Melo, PHA; Bezerra, FV			2026-06-26T20:23:31.292Z		CONTINENT_DERIVED_FROM_COORDINATES;INSTITUTION_MATCH_NONE
2452923910	17efa320-7312-4b55-bf0a-a4cfc4613169	https://specieslink.net/guid/1/384759	Plantae	Tracheophyta	Magnoliopsida	Malpighiales	Malpighiaceae	Heteropterys	Heteropterys crenulata		SPECIES	Heteropterys crenulata Mart. ex Griseb.	Heteropterys crenulata	Mart. ex Griseb.	BR	Fazenda Faroeste, margem esquerda do rio São Miguel	Minas Gerais	PRESENT		2437c128-bf8c-4f53-b668-da95fb2e40b7	-20.256389	-45.669167			750.0	50.0			2003-05-26	26	5	2003	7285257	7285257	PRESERVED_SPECIMEN	IPA/SP	SP	384759	658	Sebastiani, R	2004-08-14T00:00:00	CC_BY_4_0	Herbário do Estado Maria Eneyda P. Kaufmann Fidalgo - Coleção de Plantas Vasculares	Melo, PHA; Carvalho, FA; Ranieri, BD; Souza, DT; Lana, TC		native	2026-06-26T20:23:27.235Z		CONTINENT_DERIVED_FROM_COORDINATES;INSTITUTION_MATCH_NONE
2452922241	17efa320-7312-4b55-bf0a-a4cfc4613169	https://specieslink.net/guid/1/378540	Plantae	Tracheophyta	Magnoliopsida	Malpighiales	Malpighiaceae	Mascagnia			GENUS	Mascagnia (Bertero ex DC.) Colla	Mascagnia		BR	Fazenda Amargoso, MG 439, Km 16	Minas Gerais	PRESENT		2437c128-bf8c-4f53-b668-da95fb2e40b7	-20.387222	-45.649722			780.0	30.0			2003-04-16	16	4	2003	7284941		PRESERVED_SPECIMEN	IPA/SP	SP	378540	585	Mamede, MCH	2006-08-01T00:00:00	CC_BY_4_0	Herbário do Estado Maria Eneyda P. Kaufmann Fidalgo - Coleção de Plantas Vasculares	Melo, PHA			2026-06-26T20:23:27.371Z		CONTINENT_DERIVED_FROM_COORDINATES;INSTITUTION_MATCH_NONE
2452921376	17efa320-7312-4b55-bf0a-a4cfc4613169	https://specieslink.net/guid/1/378538	Plantae	Tracheophyta	Magnoliopsida	Malpighiales	Malpighiaceae	Banisteriopsis	Banisteriopsis muricata		SPECIES	Banisteriopsis muricata (Cav.) Cuatrec.	Banisteriopsis muricata	(Cav.) Cuatrec.	BR	Fazenda Amargoso, MG 139, Km 16	Minas Gerais	PRESENT		2437c128-bf8c-4f53-b668-da95fb2e40b7	-20.387222	-45.649722							2003-03-22	22	3	2003	3985018	3985018	PRESERVED_SPECIMEN	IPA/SP	SP	378538	501	Mamede, MCH	2006-08-07T00:00:00	CC_BY_4_0	Herbário do Estado Maria Eneyda P. Kaufmann Fidalgo - Coleção de Plantas Vasculares	Melo, PHA		native	2026-06-26T20:23:39.246Z		CONTINENT_DERIVED_FROM_COORDINATES;INSTITUTION_MATCH_NONE
2452920523	17efa320-7312-4b55-bf0a-a4cfc4613169	https://specieslink.net/guid/1/369744	Plantae	Tracheophyta	Magnoliopsida	Malpighiales	Malpighiaceae	Niedenzuella	Niedenzuella multiglandulosa		SPECIES	Niedenzuella multiglandulosa (A.Juss.) W.R.Anderson	Niedenzuella multiglandulosa	(A.Juss.) W.R.Anderson	BR	Fazenda Amargoso. MG-439, Km 16	Minas Gerais	PRESENT		2437c128-bf8c-4f53-b668-da95fb2e40b7	-20.387222	-45.649722			750.0	0.0			2003-09-09	9	9	2003	3986104	3986104	PRESERVED_SPECIMEN	IPA/SP	SP	369744	835	Mamede, MCH	2006-09-29T00:00:00	CC_BY_4_0	Herbário do Estado Maria Eneyda P. Kaufmann Fidalgo - Coleção de Plantas Vasculares	Melo, PHA		native	2026-06-26T20:23:38.748Z		CONTINENT_DERIVED_FROM_COORDINATES;INSTITUTION_MATCH_NONE
2452920388	17efa320-7312-4b55-bf0a-a4cfc4613169	https://specieslink.net/guid/1/369758	Plantae	Tracheophyta	Magnoliopsida	Malpighiales	Malpighiaceae	Banisteriopsis	Banisteriopsis muricata		SPECIES	Banisteriopsis muricata (Cav.) Cuatrec.	Banisteriopsis muricata	(Cav.) Cuatrec.	BR	Fazenda Noroeste, margem direita do Rio São Miguel	Minas Gerais	PRESENT		2437c128-bf8c-4f53-b668-da95fb2e40b7	-20.256389	-45.669167			750.0	50.0			2003-03-08	8	3	2003	3985018	3985018	PRESERVED_SPECIMEN	IPA/SP	SP	369758	459	Mamede, MCH	2005-01-01T00:00:00	CC_BY_4_0	Herbário do Estado Maria Eneyda P. Kaufmann Fidalgo - Coleção de Plantas Vasculares	Melo, PHA		native	2026-06-26T20:23:26.705Z		CONTINENT_DERIVED_FROM_COORDINATES;INSTITUTION_MATCH_NONE
2452920068	17efa320-7312-4b55-bf0a-a4cfc4613169	https://specieslink.net/guid/1/369847	Plantae	Tracheophyta	Magnoliopsida	Rosales	Urticaceae	Boehmeria	Boehmeria caudata		SPECIES	Boehmeria caudata Sw.	Boehmeria caudata	Sw.	BR	Fazenda Amargoso, MG-439, Km 16	Minas Gerais	PRESENT		2437c128-bf8c-4f53-b668-da95fb2e40b7	-20.387222	-45.649722							2003-01-31	31	1	2003	7610513	7610513	PRESERVED_SPECIMEN	IPA/SP	SP	369847	353	Gaglioti, AL	2018-10-08T00:00:00	CC_BY_4_0	Herbário do Estado Maria Eneyda P. Kaufmann Fidalgo - Coleção de Plantas Vasculares	Melo, PHA; Lombardi, JA		native	2026-06-26T20:23:39.162Z		CONTINENT_DERIVED_FROM_COORDINATES;INSTITUTION_MATCH_NONE
2452919835	17efa320-7312-4b55-bf0a-a4cfc4613169	https://specieslink.net/guid/1/369756	Plantae	Tracheophyta	Magnoliopsida	Malpighiales	Malpighiaceae	Amorimia	Amorimia rigida		SPECIES	Amorimia rigida (A.Juss.) W.R.Anderson	Amorimia rigida	(A.Juss.) W.R.Anderson	BR	Fazenda Faroeste, margem esquerda do rio São Miguel	Minas Gerais	PRESENT		2437c128-bf8c-4f53-b668-da95fb2e40b7	-20.255556	-45.67			750.0	0.0			2003-08-10	10	8	2003	3985945	3985945	PRESERVED_SPECIMEN	IPA/SP	SP	369756	806	Mamede, MCH	2006-09-29T00:00:00	CC_BY_4_0	Herbário do Estado Maria Eneyda P. Kaufmann Fidalgo - Coleção de Plantas Vasculares	Melo, PHA; Santos, GP		native	2026-06-26T20:23:26.703Z		CONTINENT_DERIVED_FROM_COORDINATES;INSTITUTION_MATCH_NONE
2452919759	17efa320-7312-4b55-bf0a-a4cfc4613169	https://specieslink.net/guid/1/369757	Plantae	Tracheophyta	Magnoliopsida	Malpighiales	Malpighiaceae	Mascagnia	Mascagnia cordifolia		SPECIES	Mascagnia cordifolia (A.Juss.) Griseb.	Mascagnia cordifolia	(A.Juss.) Griseb.	BR	Fazenda Faroeste, margem direita do rio São Miguel	Minas Gerais	PRESENT		2437c128-bf8c-4f53-b668-da95fb2e40b7	-20.256389	-45.669167							2002-11-16	16	11	2002	7285243	7285243	PRESERVED_SPECIMEN	IPA/SP	SP	369757	256	Mamede, MCH	2005-10-03T00:00:00	CC_BY_4_0	Herbário do Estado Maria Eneyda P. Kaufmann Fidalgo - Coleção de Plantas Vasculares	Melo, PHA; Versieux, LM		native	2026-06-26T20:23:28.860Z		CONTINENT_DERIVED_FROM_COORDINATES;INSTITUTION_MATCH_NONE
2452919615	17efa320-7312-4b55-bf0a-a4cfc4613169	https://specieslink.net/guid/1/369837	Plantae	Tracheophyta	Magnoliopsida	Malpighiales	Euphorbiaceae	Acalypha			GENUS	Acalypha L.	Acalypha		BR	Fazenda Amargoso. MG 439, km 16.	Minas Gerais	PRESENT		2437c128-bf8c-4f53-b668-da95fb2e40b7	-20.387222	-45.649722							2003-12-30	30	12	2003	3055964		PRESERVED_SPECIMEN	IPA/SP	SP	369837	289			CC_BY_4_0	Herbário do Estado Maria Eneyda P. Kaufmann Fidalgo - Coleção de Plantas Vasculares	Melo, PHA			2026-06-26T20:23:26.966Z		CONTINENT_DERIVED_FROM_COORDINATES;INSTITUTION_MATCH_NONE;TAXON_MATCH_HIGHERRANK
2452918392	17efa320-7312-4b55-bf0a-a4cfc4613169	https://specieslink.net/guid/1/369814	Plantae	Tracheophyta	Magnoliopsida	Malpighiales	Euphorbiaceae	Bernardia	Bernardia tamanduana		SPECIES	Bernardia tamanduana (Baill.) Müll.Arg.	Bernardia tamanduana	(Baill.) Müll.Arg.	BR	Fazenda faroeste, margem esquerda do rio São Manuel	Minas Gerais	PRESENT		2437c128-bf8c-4f53-b668-da95fb2e40b7	-20.256389	-45.669167							2002-10-04	4	10	2002	5378398	5378398	PRESERVED_SPECIMEN	IPA/SP	SP	369814	76	Carrión, JF	2020-04-01T00:00:00	CC_BY_4_0	Herbário do Estado Maria Eneyda P. Kaufmann Fidalgo - Coleção de Plantas Vasculares	Melo, PHA; Viana, PL		native	2026-06-26T20:23:38.725Z		CONTINENT_DERIVED_FROM_COORDINATES;INSTITUTION_MATCH_NONE
2452918335	17efa320-7312-4b55-bf0a-a4cfc4613169	https://specieslink.net/guid/1/369751	Plantae	Tracheophyta	Magnoliopsida	Malpighiales	Malpighiaceae	Stigmaphyllon			GENUS	Stigmaphyllon A.Juss.	Stigmaphyllon		BR	Fazenda Faroeste, margem direita do rio São Miguel	Minas Gerais	PRESENT		2437c128-bf8c-4f53-b668-da95fb2e40b7	-20.256389	-45.669167			750.0	50.0			2003-04-07	7	4	2003	3191310		PRESERVED_SPECIMEN	IPA/SP	SP	369751	523	Mamede, MCH	2005-10-03T00:00:00	CC_BY_4_0	Herbário do Estado Maria Eneyda P. Kaufmann Fidalgo - Coleção de Plantas Vasculares	Melo, PHA; Viana, PL; Alves, AC			2026-06-26T20:23:39.154Z		CONTINENT_DERIVED_FROM_COORDINATES;INSTITUTION_MATCH_NONE
2449423525	ed8e1590-62b5-48a8-8654-4ecc13554f57	https://specieslink.net/guid/453/187840	Plantae	Tracheophyta	Lycopodiopsida	Lycopodiales	Lycopodiaceae	Lycopodiella	Lycopodiella geometra		SPECIES	Lycopodiella geometra B.Øllg. & P.G.Windisch	Lycopodiella geometra	B.Øllg. & P.G.Windisch	BR	Parque Nacional da Serra da Canastra	Minas Gerais	PRESENT		4265f332-341c-45f6-b30b-5dc2e39b86e8	-20.233333	-45.445							2017-04-05	5	4	2017	3991172	3991172	PRESERVED_SPECIMEN	UFMG	BHCB-SL	187840	191	Salino, A		CC_BY_4_0	Herbário da UFMG - Samambaias e Licófitas	Moura, IO; Salino, A; Almeida, TE; Gouvêa, YF		native	2026-06-25T19:56:35.182Z		CONTINENT_DERIVED_FROM_COORDINATES;IDENTIFIED_DATE_INVALID;INSTITUTION_MATCH_NONE
2449423044	ed8e1590-62b5-48a8-8654-4ecc13554f57	https://specieslink.net/guid/453/114039	Plantae	Tracheophyta	Polypodiopsida	Polypodiales	Aspleniaceae	Asplenium	Asplenium abscissum		SPECIES	Asplenium abscissum Willd.	Asplenium abscissum	Willd.	BR	Fazenda Faroeste, Floresta Estacional Decidual com afloramentos de calcário e áreas alagadas adjacentes.	Minas Gerais	PRESENT		4265f332-341c-45f6-b30b-5dc2e39b86e8	-20.270556	-45.659444							2007-12-15	15	12	2007	2650638	2650638	PRESERVED_SPECIMEN	UFMG	BHCB-SL	114039	13097	Salino, A		CC_BY_4_0	Herbário da UFMG - Samambaias e Licófitas	Salino, A; Dittrich, VAO; Pivari, MOD		native	2026-06-25T19:56:34.988Z		CONTINENT_DERIVED_FROM_COORDINATES;IDENTIFIED_DATE_INVALID;INSTITUTION_MATCH_NONE
2449423035	ed8e1590-62b5-48a8-8654-4ecc13554f57	https://specieslink.net/guid/453/114029	Plantae	Tracheophyta	Polypodiopsida	Polypodiales	Aspleniaceae	Asplenium	Asplenium balansae		SPECIES	Asplenium balansae (Baker) Sylvestre	Asplenium balansae	(Baker) Sylvestre	BR	Fazenda Faroeste, Ao lado da Calciolândia. Floresta Estacional Semidecidual com afloramentos calcários e áreas alagadas adjacentes.	Minas Gerais	PRESENT		4265f332-341c-45f6-b30b-5dc2e39b86e8	-20.270556	-45.659444							2007-12-15	15	12	2007	8317521	8317521	PRESERVED_SPECIMEN	UFMG	BHCB-SL	114029	13087	Salino, A		CC_BY_4_0	Herbário da UFMG - Samambaias e Licófitas	Salino, A; Dittrich, VAO; Pivari, MOD		native	2026-06-25T19:56:35.119Z		CONTINENT_DERIVED_FROM_COORDINATES;IDENTIFIED_DATE_INVALID;INSTITUTION_MATCH_NONE
2449422761	ed8e1590-62b5-48a8-8654-4ecc13554f57	https://specieslink.net/guid/453/87449	Plantae	Tracheophyta	Polypodiopsida	Polypodiales	Aspleniaceae	Asplenium	Asplenium otites		SPECIES	Asplenium otites Link	Asplenium otites	Link	BR	Fazenda Faroeste, Próximo à margem esquerda do rio São Miguel. Floresta Estacional Decidual.	Minas Gerais	PRESENT		4265f332-341c-45f6-b30b-5dc2e39b86e8	-20.263722	-45.670444							2004-04-10	10	4	2004	7310936	7310936	PRESERVED_SPECIMEN	UFMG	BHCB-SL	87449	9552	Salino, A		CC_BY_4_0	Herbário da UFMG - Samambaias e Licófitas	Salino, A; Mota, NFO; Melo, PHA de; Viana, PL; Leal, CG; Leite, FSF; Santos, GP		native	2026-06-25T19:56:34.982Z		CONTINENT_DERIVED_FROM_COORDINATES;IDENTIFIED_DATE_INVALID;INSTITUTION_MATCH_NONE
2449422719	ed8e1590-62b5-48a8-8654-4ecc13554f57	https://specieslink.net/guid/453/87442	Plantae	Tracheophyta	Polypodiopsida	Polypodiales	Aspleniaceae	Asplenium	Asplenium brasiliense		SPECIES	Asplenium brasiliense Sw.	Asplenium brasiliense	Sw.	BR	Fazenda Faroeste, Próximo à margem direita do rio São Miguel. Floresta Estacional Semidecidual.	Minas Gerais	PRESENT		4265f332-341c-45f6-b30b-5dc2e39b86e8	-20.269111	-45.660639							2004-04-11	11	4	2004	8410877	8410877	PRESERVED_SPECIMEN	UFMG	BHCB-SL	87442	9564	Salino, A		CC_BY_4_0	Herbário da UFMG - Samambaias e Licófitas	Salino, A; Mota, NFO; Melo, PHA de; Viana, PL; Leal, CG; Leite, FSF; Santos, GP		native	2026-06-25T19:56:34.988Z		CONTINENT_DERIVED_FROM_COORDINATES;IDENTIFIED_DATE_INVALID;INSTITUTION_MATCH_NONE
2449422713	ed8e1590-62b5-48a8-8654-4ecc13554f57	https://specieslink.net/guid/453/87456	Plantae	Tracheophyta	Polypodiopsida	Polypodiales	Aspleniaceae	Asplenium	Asplenium abscissum		SPECIES	Asplenium abscissum Willd.	Asplenium abscissum	Willd.	BR	Fazenda Faroeste, Próximo à margem direita do rio São Miguel. Floresta Estacional Decidual.	Minas Gerais	PRESENT		4265f332-341c-45f6-b30b-5dc2e39b86e8	-20.269111	-45.660639							2004-04-11	11	4	2004	2650638	2650638	PRESERVED_SPECIMEN	UFMG	BHCB-SL	87456	9559	Salino, A		CC_BY_4_0	Herbário da UFMG - Samambaias e Licófitas	Salino, A; Mota, NFO; Melo, PHA de; Viana, PL; Leal, CG; Leite, FSF; Santos, GP		native	2026-06-25T19:56:34.988Z		CONTINENT_DERIVED_FROM_COORDINATES;IDENTIFIED_DATE_INVALID;INSTITUTION_MATCH_NONE
2447819164	d2470ef8-edfa-4ba7-821e-c3e1a537bdba	https://specieslink.net/guid/220/93950	Plantae	Tracheophyta	Magnoliopsida	Piperales	Piperaceae	Peperomia	Peperomia lanceolatopeltata		SPECIES	Peperomia lanceolatopeltata C.DC.	Peperomia lanceolato-peltata	C.DC.	BR	Fazenda Faroeste, Margem esquerda do Rio São Miguel.	Minas Gerais	PRESENT		4265f332-341c-45f6-b30b-5dc2e39b86e8	-20.262528	-45.669528							2005-03-25	25	3	2005	7305545	7305545	PRESERVED_SPECIMEN	UFMG	BHCB	93950	1321	Carvalho-Silva, M	2019-10-14T00:00:00	CC_BY_4_0	Herbário da UFMG - Fanerógamas, Algas e Fungos	Melo, PHA de; Martins, JF		native	2026-06-25T20:18:03.144Z		CONTINENT_DERIVED_FROM_COORDINATES;INSTITUTION_MATCH_NONE;TAXON_MATCH_FUZZY
2447819147	d2470ef8-edfa-4ba7-821e-c3e1a537bdba	https://specieslink.net/guid/220/93928	Plantae	Tracheophyta	Liliopsida	Poales	Cyperaceae	Cyperus	Cyperus incomtus		SPECIES	Cyperus incomtus Kunth	Cyperus incomtus	Kunth	BR	Fazenda Timburé, área de mineração da empresa CastroCal	Minas Gerais	PRESENT		4265f332-341c-45f6-b30b-5dc2e39b86e8	-20.405972	-45.653722							2005-05-19	19	5	2005	2714594	2714594	PRESERVED_SPECIMEN	UFMG	BHCB	93928	1343	Silva, LP da		CC_BY_4_0	Herbário da UFMG - Fanerógamas, Algas e Fungos	Melo, PHA de; Viana, PL		native	2026-06-25T20:18:03.189Z		CONTINENT_DERIVED_FROM_COORDINATES;IDENTIFIED_DATE_INVALID;INSTITUTION_MATCH_NONE
2447819137	d2470ef8-edfa-4ba7-821e-c3e1a537bdba	https://specieslink.net/guid/220/85703	Plantae	Tracheophyta	Magnoliopsida	Piperales	Piperaceae	Peperomia	Peperomia nitida		SPECIES	Peperomia nitida Dahlst.	Peperomia nitida	Dahlst.	BR	Fazenda Amargoso, MG-439 Km 16.	Minas Gerais	PRESENT		4265f332-341c-45f6-b30b-5dc2e39b86e8	-20.387222	-45.649722							2003-09-09	9	9	2003	7928689	7928689	PRESERVED_SPECIMEN	UFMG	BHCB	85703	846	Carvalho-Silva, M		CC_BY_4_0	Herbário da UFMG - Fanerógamas, Algas e Fungos	Melo, PHA de		native	2026-06-25T20:18:03.060Z		CONTINENT_DERIVED_FROM_COORDINATES;IDENTIFIED_DATE_INVALID;INSTITUTION_MATCH_NONE
2447819134	d2470ef8-edfa-4ba7-821e-c3e1a537bdba	https://specieslink.net/guid/220/82056	Plantae	Tracheophyta	Magnoliopsida	Piperales	Piperaceae	Peperomia	Peperomia nitida		SPECIES	Peperomia nitida Dahlst.	Peperomia nitida	Dahlst.	BR	Fazenda Faroeste, Margem esquerda do Rio São Miguel.	Minas Gerais	PRESENT		4265f332-341c-45f6-b30b-5dc2e39b86e8	-20.256389	-45.669167							2003-05-26	26	5	2003	7928689	7928689	PRESERVED_SPECIMEN	UFMG	BHCB	82056	671	Carvalho-Silva, M	2019-10-14T00:00:00	CC_BY_4_0	Herbário da UFMG - Fanerógamas, Algas e Fungos	Melo, PHA de; Carvalho, FA; Ranieri, BD; Souza, DT; Lana, TC		native	2026-06-25T20:18:03.107Z		CONTINENT_DERIVED_FROM_COORDINATES;INSTITUTION_MATCH_NONE
2447819131	d2470ef8-edfa-4ba7-821e-c3e1a537bdba	https://specieslink.net/guid/220/82047	Plantae	Tracheophyta	Magnoliopsida	Piperales	Piperaceae	Peperomia	Peperomia circinnata		SPECIES	Peperomia circinnata Link	Peperomia circinnata	Link	BR	Fazenda Faroeste, Margem esquerda do Rio São Miguel.	Minas Gerais	PRESENT		4265f332-341c-45f6-b30b-5dc2e39b86e8	-20.256389	-45.669167							2003-05-26	26	5	2003	7304921	7304921	PRESERVED_SPECIMEN	UFMG	BHCB	82047	646	Carvalho-Silva, M	2019-10-14T00:00:00	CC_BY_4_0	Herbário da UFMG - Fanerógamas, Algas e Fungos	Melo, PHA de; Carvalho, FA; Ranieri, BD; Souza, DT; Lana, TC		native	2026-06-25T20:18:03.099Z		CONTINENT_DERIVED_FROM_COORDINATES;INSTITUTION_MATCH_NONE
2425045978	d2470ef8-edfa-4ba7-821e-c3e1a537bdba	https://specieslink.net/guid/220/93923	Plantae	Tracheophyta	Magnoliopsida	Malpighiales	Malpighiaceae	Amorimia			GENUS	Amorimia W.R.Anderson	Amorimia		BR	Fazenda Faroeste, margem esquerda do rio São Miguel	Minas Gerais	PRESENT		4265f332-341c-45f6-b30b-5dc2e39b86e8	-20.262472	-45.670944							2005-05-08	8	5	2005	7285689		PRESERVED_SPECIMEN	UFMG	BHCB	93923	1334	Amorim, A		CC_BY_4_0	Herbário da UFMG - Fanerógamas, Algas e Fungos	Melo, PHA de; Viana, PL; Santos, FM; Heringer, G			2026-06-25T20:18:02.784Z		CONTINENT_DERIVED_FROM_COORDINATES;IDENTIFIED_DATE_INVALID;INSTITUTION_MATCH_NONE
2425045977	d2470ef8-edfa-4ba7-821e-c3e1a537bdba	https://specieslink.net/guid/220/94010	Plantae	Tracheophyta	Magnoliopsida	Boraginales	Heliotropiaceae	Myriopus	Myriopus paniculatus		SPECIES	Tournefortia paniculata Cham.	Tournefortia paniculata	Cham.	BR	Fazenda Faroeste, margem direita do Rio São Miguel.	Minas Gerais	PRESENT		4265f332-341c-45f6-b30b-5dc2e39b86e8	-20.257361	-45.663722							2004-01-02	2	1	2004	7295176	7294713	PRESERVED_SPECIMEN	UFMG	BHCB	94010	1056	Melo, PHA de		CC_BY_4_0	Herbário da UFMG - Fanerógamas, Algas e Fungos	Melo, PHA de			2026-06-25T20:18:02.781Z		CONTINENT_DERIVED_FROM_COORDINATES;IDENTIFIED_DATE_INVALID;INSTITUTION_MATCH_NONE
2425045976	d2470ef8-edfa-4ba7-821e-c3e1a537bdba	https://specieslink.net/guid/220/94041	Plantae	Tracheophyta	Magnoliopsida	Boraginales	Heliotropiaceae	Myriopus	Myriopus paniculatus		SPECIES	Tournefortia paniculata Cham.	Tournefortia paniculata	Cham.	BR	Fazenda Amargoso, MG-439 Km 16.	Minas Gerais	PRESENT		4265f332-341c-45f6-b30b-5dc2e39b86e8	-20.382083	-45.651167							2003-12-08	8	12	2003	7295176	7294713	PRESERVED_SPECIMEN	UFMG	BHCB	94041	988	Melo, PHA de		CC_BY_4_0	Herbário da UFMG - Fanerógamas, Algas e Fungos	Melo, PHA de; Santos, GP			2026-06-25T20:18:06.085Z		CONTINENT_DERIVED_FROM_COORDINATES;IDENTIFIED_DATE_INVALID;INSTITUTION_MATCH_NONE
2425045975	d2470ef8-edfa-4ba7-821e-c3e1a537bdba	https://specieslink.net/guid/220/93993	Plantae	Tracheophyta	Magnoliopsida	Boraginales	Heliotropiaceae	Myriopus	Myriopus paniculatus		SPECIES	Tournefortia paniculata Cham.	Tournefortia paniculata	Cham.	BR	Fazenda Amargoso, MG-439 Km 16.	Minas Gerais	PRESENT		4265f332-341c-45f6-b30b-5dc2e39b86e8	-20.387222	-45.649722							2003-03-06	6	3	2003	7295176	7294713	PRESERVED_SPECIMEN	UFMG	BHCB	93993	437	Melo, PHA de		CC_BY_4_0	Herbário da UFMG - Fanerógamas, Algas e Fungos	Melo, PHA de			2026-06-25T20:18:02.887Z		CONTINENT_DERIVED_FROM_COORDINATES;IDENTIFIED_DATE_INVALID;INSTITUTION_MATCH_NONE
2425045974	d2470ef8-edfa-4ba7-821e-c3e1a537bdba	https://specieslink.net/guid/220/88370	Plantae	Tracheophyta	Magnoliopsida	Boraginales	Heliotropiaceae	Euploca	Euploca procumbens		SPECIES	Euploca procumbens (Mill.) Diane & Hilger	Euploca procumbens	(Mill.) Diane & Hilger	BR	Fazenda Faroeste, margem esquerda do Rio São Miguel.	Minas Gerais	PRESENT		4265f332-341c-45f6-b30b-5dc2e39b86e8	-20.265	-45.670278							2003-09-10	10	9	2003	4062365	4062365	PRESERVED_SPECIMEN	UFMG	BHCB	88370	861	Melo, JIM	2026-04-15T00:00:00	CC_BY_4_0	Herbário da UFMG - Fanerógamas, Algas e Fungos	Melo, PHA de		native	2026-06-25T20:18:02.961Z		CONTINENT_DERIVED_FROM_COORDINATES;INSTITUTION_MATCH_NONE
2425045972	d2470ef8-edfa-4ba7-821e-c3e1a537bdba	https://specieslink.net/guid/220/88421	Plantae	Tracheophyta	Magnoliopsida	Malpighiales	Malpighiaceae	Dicella			GENUS	Dicella Griseb.	Dicella		BR	Fazenda Faroeste, margem direita do rio São Miguel	Minas Gerais	PRESENT		4265f332-341c-45f6-b30b-5dc2e39b86e8	-20.260417	-45.664028							2003-11-23	23	11	2003	3231254		PRESERVED_SPECIMEN	UFMG	BHCB	88421	954	Amorim, A		CC_BY_4_0	Herbário da UFMG - Fanerógamas, Algas e Fungos	Melo, PHA de; Carvalho, FA; Souza, DT; Mota, T			2026-06-25T20:18:02.870Z		CONTINENT_DERIVED_FROM_COORDINATES;IDENTIFIED_DATE_INVALID;INSTITUTION_MATCH_NONE
2425045971	d2470ef8-edfa-4ba7-821e-c3e1a537bdba	https://specieslink.net/guid/220/88371	Plantae	Tracheophyta	Magnoliopsida	Boraginales	Heliotropiaceae	Heliotropium	Heliotropium transalpinum		SPECIES	Heliotropium transalpinum Vell.	Heliotropium transalpinum	Vell.	BR	Fazenda Faroeste, margem direita do Rio São Miguel.	Minas Gerais	PRESENT		4265f332-341c-45f6-b30b-5dc2e39b86e8	-20.260417	-45.664028							2003-11-23	23	11	2003	7294711	7294711	PRESERVED_SPECIMEN	UFMG	BHCB	88371	957	Melo, JIM	2026-04-15T00:00:00	CC_BY_4_0	Herbário da UFMG - Fanerógamas, Algas e Fungos	Melo, PHA de; Carvalho, FA; Souza, DT; Mota, TRP		native	2026-06-25T20:18:06.083Z		CONTINENT_DERIVED_FROM_COORDINATES;INSTITUTION_MATCH_NONE
2425045970	d2470ef8-edfa-4ba7-821e-c3e1a537bdba	https://specieslink.net/guid/220/88362	Plantae	Tracheophyta	Magnoliopsida	Boraginales	Heliotropiaceae	Tournefortia			GENUS	Tournefortia L.	Tournefortia		BR	Fazenda Faroeste, Margem direita do Rio São Miguel.	Minas Gerais	PRESENT		4265f332-341c-45f6-b30b-5dc2e39b86e8	-20.257361	-45.663722							2004-01-02	2	1	2004	2925828		PRESERVED_SPECIMEN	UFMG	BHCB	88362	1050			CC_BY_4_0	Herbário da UFMG - Fanerógamas, Algas e Fungos	Melo, PHA de; Silva, WO			2026-06-25T20:18:02.867Z		CONTINENT_DERIVED_FROM_COORDINATES;IDENTIFIED_DATE_INVALID;INSTITUTION_MATCH_NONE
2425045969	d2470ef8-edfa-4ba7-821e-c3e1a537bdba	https://specieslink.net/guid/220/88373	Plantae	Tracheophyta	Magnoliopsida	Boraginales	Heliotropiaceae	Tournefortia			GENUS	Tournefortia L.	Tournefortia		BR	Fazenda Faroeste, Margem direita do Rio São Miguel.	Minas Gerais	PRESENT		4265f332-341c-45f6-b30b-5dc2e39b86e8	-20.260417	-45.664028							2003-11-22	22	11	2003	2925828		PRESERVED_SPECIMEN	UFMG	BHCB	88373	946			CC_BY_4_0	Herbário da UFMG - Fanerógamas, Algas e Fungos	Melo, PHA de; Carvalho, FA; Souza, DT; Mota, TRP			2026-06-25T20:18:02.877Z		CONTINENT_DERIVED_FROM_COORDINATES;IDENTIFIED_DATE_INVALID;INSTITUTION_MATCH_NONE
2425045968	d2470ef8-edfa-4ba7-821e-c3e1a537bdba	https://specieslink.net/guid/220/88420	Plantae	Tracheophyta	Magnoliopsida	Malpighiales	Malpighiaceae	Heteropterys	Heteropterys dumetorum		SPECIES	Heteropterys dumetorum (Griseb.) Nied.	Heteropterys dumetorum	Griseb. ex Nied.	BR	Fazenda Faroeste, Margem direita do Rio São Miguel	Minas Gerais	PRESENT		4265f332-341c-45f6-b30b-5dc2e39b86e8	-20.260417	-45.664028							2003-11-22	22	11	2003	3983737	3983737	PRESERVED_SPECIMEN	UFMG	BHCB	88420	941	Amorim, A		CC_BY_4_0	Herbário da UFMG - Fanerógamas, Algas e Fungos	Melo, PHA de; Carvalho, FA; Souza, DT; Mota, TRP		native	2026-06-25T20:18:02.941Z		CONTINENT_DERIVED_FROM_COORDINATES;IDENTIFIED_DATE_INVALID;INSTITUTION_MATCH_NONE
2425045967	d2470ef8-edfa-4ba7-821e-c3e1a537bdba	https://specieslink.net/guid/220/85681	Plantae	Tracheophyta	Magnoliopsida	Malpighiales	Malpighiaceae	Amorimia			GENUS	Amorimia W.R.Anderson	Amorimia		BR	Fazenda Faroeste, margem esquerda do rio São Miguel	Minas Gerais	PRESENT		4265f332-341c-45f6-b30b-5dc2e39b86e8	-20.255556	-45.67							2003-08-10	10	8	2003	7285689		PRESERVED_SPECIMEN	UFMG	BHCB	85681	806	Amorim, A		CC_BY_4_0	Herbário da UFMG - Fanerógamas, Algas e Fungos	Melo, PHA de; Santos, GP			2026-06-25T20:18:02.767Z		CONTINENT_DERIVED_FROM_COORDINATES;IDENTIFIED_DATE_INVALID;INSTITUTION_MATCH_NONE
2425045965	d2470ef8-edfa-4ba7-821e-c3e1a537bdba	https://specieslink.net/guid/220/85680	Plantae	Tracheophyta	Magnoliopsida	Malpighiales	Malpighiaceae	Niedenzuella			GENUS	Niedenzuella W.R.Anderson	Niedenzuella		BR	Fazenda Amargoso, MG439, Km16	Minas Gerais	PRESENT		4265f332-341c-45f6-b30b-5dc2e39b86e8	-20.387222	-45.649722							2003-09-09	9	9	2003	7285711		PRESERVED_SPECIMEN	UFMG	BHCB	85680	835	Amorim, A		CC_BY_4_0	Herbário da UFMG - Fanerógamas, Algas e Fungos	Melo, PHA de			2026-06-25T20:18:02.939Z		CONTINENT_DERIVED_FROM_COORDINATES;IDENTIFIED_DATE_INVALID;INSTITUTION_MATCH_NONE
2425045964	d2470ef8-edfa-4ba7-821e-c3e1a537bdba	https://specieslink.net/guid/220/85654	Plantae	Tracheophyta	Magnoliopsida	Boraginales	Heliotropiaceae	Heliotropium	Heliotropium indicum		SPECIES	Heliotropium indicum L.	Heliotropium indicum	L.	BR	Fazenda Faroeste, margem esquerda do Rio São Miguel.	Minas Gerais	PRESENT		4265f332-341c-45f6-b30b-5dc2e39b86e8	-20.265	-45.670278							2003-09-10	10	9	2003	2925788	2925788	PRESERVED_SPECIMEN	UFMG	BHCB	85654	865	Melo, PHA de		CC_BY_4_0	Herbário da UFMG - Fanerógamas, Algas e Fungos	Melo, PHA de		native	2026-06-25T20:18:02.775Z		CONTINENT_DERIVED_FROM_COORDINATES;IDENTIFIED_DATE_INVALID;INSTITUTION_MATCH_NONE
2425045960	d2470ef8-edfa-4ba7-821e-c3e1a537bdba	https://specieslink.net/guid/220/82062	Plantae	Tracheophyta	Magnoliopsida	Malpighiales	Malpighiaceae	Amorimia			GENUS	Amorimia W.R.Anderson	Amorimia		BR	Fazenda Faroeste, margem esquerda do rio São Miguel	Minas Gerais	PRESENT		4265f332-341c-45f6-b30b-5dc2e39b86e8	-20.256389	-45.669167							2003-05-26	26	5	2003	7285689		PRESERVED_SPECIMEN	UFMG	BHCB	82062	670	Amorim, A		CC_BY_4_0	Herbário da UFMG - Fanerógamas, Algas e Fungos	Melo, PHA de; Carvalho, FA; Ranieri, BD; Souza, DT; Lana, TC			2026-06-25T20:18:02.772Z		CONTINENT_DERIVED_FROM_COORDINATES;IDENTIFIED_DATE_INVALID;INSTITUTION_MATCH_NONE
2412489932	4300f8d5-1ae5-49e5-a101-63894b005868	urn:catalog:JBRJ:RB:1416435	Plantae	Tracheophyta	Polypodiopsida	Polypodiales	Aspleniaceae	Asplenium			GENUS	Asplenium L.	Asplenium		BR	próximo a fazenda Faroeste, estrada de chão para Pains. Área de mineração. 677m	Minas Gerais	PRESENT		838537fc-4aeb-4980-8b58-97fbdcd1d91a	-20.342222	-45.666389							2018-05-22	22	5	2018	2650583		PRESERVED_SPECIMEN	JBRJ	RB	RB01416435	4415			CC_BY_4_0	Rio de Janeiro Botanical Garden	M.G.Bovini; J.F.Baumgratz, C.D.Ferreira, B. Valente et G. Leite			2026-07-01T12:14:54.475Z		COORDINATE_ROUNDED;GEODETIC_DATUM_ASSUMED_WGS84;CONTINENT_DERIVED_FROM_COORDINATES;INSTITUTION_MATCH_FUZZY;COLLECTION_MATCH_FUZZY
2412489816	4300f8d5-1ae5-49e5-a101-63894b005868	urn:catalog:JBRJ:RB:1416222	Plantae	Tracheophyta	Magnoliopsida	Celastrales	Celastraceae				FAMILY	Celastraceae	Celastraceae		BR	Calciolândia, acompanhando a linha do trem, próximo a margem do rio São Miguel, Área de extração de calcário 652m	Minas Gerais	PRESENT		838537fc-4aeb-4980-8b58-97fbdcd1d91a	-20.238055	-45.664167							2018-05-21	21	5	2018	6715		PRESERVED_SPECIMEN	JBRJ	RB	RB01416222	4407			CC_BY_4_0	Rio de Janeiro Botanical Garden	M.G.Bovini; J.F.Baumgratz, C.D.Ferreira, B. Valente et G. Leite			2026-07-01T12:15:29.201Z		COORDINATE_ROUNDED;GEODETIC_DATUM_ASSUMED_WGS84;CONTINENT_DERIVED_FROM_COORDINATES;INSTITUTION_MATCH_FUZZY;COLLECTION_MATCH_FUZZY
2412489791	4300f8d5-1ae5-49e5-a101-63894b005868	urn:catalog:JBRJ:RB:1416432	Plantae	Tracheophyta	Magnoliopsida	Gentianales	Rubiaceae	Randia			GENUS	Randia Houst. ex L.	Randia		BR	próximo a fazenda Faroeste, estrada de chão para Pains. Área de mineração. 677m	Minas Gerais	PRESENT		838537fc-4aeb-4980-8b58-97fbdcd1d91a	-20.342222	-45.666389							2018-05-22	22	5	2018	2911655		PRESERVED_SPECIMEN	JBRJ	RB	RB01416432	4412			CC_BY_4_0	Rio de Janeiro Botanical Garden	M.G.Bovini; J.F.Baumgratz, C.D.Ferreira, B. Valente et G. Leite			2026-07-01T12:14:54.508Z		COORDINATE_ROUNDED;GEODETIC_DATUM_ASSUMED_WGS84;CONTINENT_DERIVED_FROM_COORDINATES;INSTITUTION_MATCH_FUZZY;COLLECTION_MATCH_FUZZY
2412489754	4300f8d5-1ae5-49e5-a101-63894b005868	urn:catalog:JBRJ:RB:1416433	Plantae	Tracheophyta	Magnoliopsida	Sapindales	Rutaceae	Pilocarpus			GENUS	Pilocarpus Vahl	Pilocarpus		BR	próximo a fazenda Faroeste, estrada de chão para Pains. Área de mineração. 677m	Minas Gerais	PRESENT		838537fc-4aeb-4980-8b58-97fbdcd1d91a	-20.342222	-45.666389							2018-05-22	22	5	2018	3190419		PRESERVED_SPECIMEN	JBRJ	RB	RB01416433	4413			CC_BY_4_0	Rio de Janeiro Botanical Garden	M.G.Bovini; J.F.Baumgratz, C.D.Ferreira, B. Valente et G. Leite			2026-07-01T12:14:54.440Z		COORDINATE_ROUNDED;GEODETIC_DATUM_ASSUMED_WGS84;CONTINENT_DERIVED_FROM_COORDINATES;INSTITUTION_MATCH_FUZZY;COLLECTION_MATCH_FUZZY
2412489551	4300f8d5-1ae5-49e5-a101-63894b005868	urn:catalog:JBRJ:RB:1415970	Plantae	Tracheophyta	Magnoliopsida	Malvales	Malvaceae	Luehea	Luehea divaricata		SPECIES	Luehea divaricata Mart.	Luehea divaricata Mart.	Mart.	BR	Calciolândia, acompanhando a linha do trem, próximo a margem do rio São Miguel. Área de extração de calcário. 652m	Minas Gerais	PRESENT		838537fc-4aeb-4980-8b58-97fbdcd1d91a	-20.238055	-45.664167							2018-05-21	21	5	2018	5706141	5706141	PRESERVED_SPECIMEN	JBRJ	RB	RB01415970	4405			CC_BY_4_0	Rio de Janeiro Botanical Garden	M.G.Bovini; J.F.Baumgratz, C.D.Ferreira, B. Valente et G. Leite			2026-07-01T12:14:54.386Z		COORDINATE_ROUNDED;GEODETIC_DATUM_ASSUMED_WGS84;CONTINENT_DERIVED_FROM_COORDINATES;INSTITUTION_MATCH_FUZZY;COLLECTION_MATCH_FUZZY
2412489525	4300f8d5-1ae5-49e5-a101-63894b005868	urn:catalog:JBRJ:RB:1415971	Plantae	Tracheophyta	Magnoliopsida	Myrtales	Combretaceae	Combretum			GENUS	Combretum Loefl.	Combretum		BR	Calciolândia, acompanhando a linha do trem, próximo a margem do Rio São Miguel. Área de extração de calcário	Minas Gerais	PRESENT		838537fc-4aeb-4980-8b58-97fbdcd1d91a	-20.238055	-45.664167							2018-05-21	21	5	2018	2986357		PRESERVED_SPECIMEN	JBRJ	RB	RB01415971	4406			CC_BY_4_0	Rio de Janeiro Botanical Garden	M.G. Bovini; J.F.A. Baumgratz, C.D. Ferreira, B. Valente et G. Leite			2026-07-01T12:14:54.437Z		COORDINATE_ROUNDED;GEODETIC_DATUM_ASSUMED_WGS84;CONTINENT_DERIVED_FROM_COORDINATES;INSTITUTION_MATCH_FUZZY;COLLECTION_MATCH_FUZZY
2412489297	4300f8d5-1ae5-49e5-a101-63894b005868	urn:catalog:JBRJ:RB:1416226	Plantae	Tracheophyta	Magnoliopsida	Malvales	Malvaceae	Sida	Sida glutinosa		SPECIES	Sida glutinosa Comm. ex Cav.	Sida glutinosa Comm. ex Cav.	Comm. ex Cav.	BR	Estrada de chão, próximo ao rio São Miguel. 659m.	Minas Gerais	PRESENT		838537fc-4aeb-4980-8b58-97fbdcd1d91a	-20.260833	-45.668611							2018-05-21	21	5	2018	5406746	5406746	PRESERVED_SPECIMEN	JBRJ	RB	RB01416226	4409	M.G.Bovini	2022-09-01T00:00:00	CC_BY_4_0	Rio de Janeiro Botanical Garden	M.G.Bovini; J.F.Baumgratz, C.D.Ferreira, B. Valente et G. Leite			2026-07-01T12:14:54.556Z		COORDINATE_ROUNDED;GEODETIC_DATUM_ASSUMED_WGS84;CONTINENT_DERIVED_FROM_COORDINATES;INSTITUTION_MATCH_FUZZY;COLLECTION_MATCH_FUZZY
2412489285	4300f8d5-1ae5-49e5-a101-63894b005868	urn:catalog:JBRJ:RB:1416225	Plantae	Tracheophyta	Liliopsida	Dioscoreales	Dioscoreaceae	Dioscorea	Dioscorea multiflora		SPECIES	Dioscorea multiflora Mart. ex Griseb.	Dioscorea multiflora Mart. ex Griseb.	Mart. ex Griseb.	BR	Estrada de chão, próximo ao rio São Miguel. 659m. Área de extração de calcário.	Minas Gerais	PRESENT		838537fc-4aeb-4980-8b58-97fbdcd1d91a	-20.282778	-45.663056							2018-05-21	21	5	2018	2754381	2754381	PRESERVED_SPECIMEN	JBRJ	RB	RB01416225	4408	R.S.Couto		CC_BY_4_0	Rio de Janeiro Botanical Garden	M.G.Bovini; J.F.Baumgratz, C.D.Ferreira, B. Valente et G. Leite			2026-07-01T12:14:54.439Z		COORDINATE_ROUNDED;GEODETIC_DATUM_ASSUMED_WGS84;CONTINENT_DERIVED_FROM_COORDINATES;INSTITUTION_MATCH_FUZZY;COLLECTION_MATCH_FUZZY
2412489081	4300f8d5-1ae5-49e5-a101-63894b005868	urn:catalog:JBRJ:RB:1416434	Plantae	Tracheophyta	Magnoliopsida	Sapindales	Meliaceae	Trichilia	Trichilia elegans		SPECIES	Trichilia elegans A.Juss.	Trichilia elegans A.Juss.	A.Juss.	BR	próximo a fazenda Faroeste, estrada de chão para Pains. Área de mineração. 677m	Minas Gerais	PRESENT		838537fc-4aeb-4980-8b58-97fbdcd1d91a	-20.342222	-45.666389							2018-05-22	22	5	2018	7271353	7271353	PRESERVED_SPECIMEN	JBRJ	RB	RB01416434	4414	J.R. Pirani	2023-07-01T00:00:00	CC_BY_4_0	Rio de Janeiro Botanical Garden	M.G.Bovini; J.F.Baumgratz, C.D.Ferreira, B. Valente et G. Leite			2026-07-01T12:15:30.176Z		COORDINATE_ROUNDED;GEODETIC_DATUM_ASSUMED_WGS84;CONTINENT_DERIVED_FROM_COORDINATES;INSTITUTION_MATCH_FUZZY;COLLECTION_MATCH_FUZZY
2412488817	4300f8d5-1ae5-49e5-a101-63894b005868	urn:catalog:JBRJ:RB:1416586	Plantae	Tracheophyta	Magnoliopsida	Rosales	Rhamnaceae	Gouania			GENUS	Gouania Jacq.	Gouania		BR	MG-170, direção a Arcos, lado direito. 744m.	Minas Gerais	PRESENT		838537fc-4aeb-4980-8b58-97fbdcd1d91a	-20.336944	-45.630556							2018-05-22	22	5	2018	3039434		PRESERVED_SPECIMEN	JBRJ	RB	RB01416586	4419			CC_BY_4_0	Rio de Janeiro Botanical Garden	M.G.Bovini; J.F.Baumgratz, C.D.Ferreira, B. Valente et G.Leite			2026-07-01T12:14:54.255Z		COORDINATE_ROUNDED;GEODETIC_DATUM_ASSUMED_WGS84;CONTINENT_DERIVED_FROM_COORDINATES;INSTITUTION_MATCH_FUZZY;COLLECTION_MATCH_FUZZY
2412488814	4300f8d5-1ae5-49e5-a101-63894b005868	urn:catalog:JBRJ:RB:1416404	Plantae	Tracheophyta	Magnoliopsida	Caryophyllales	Nyctaginaceae	Pisonia	Pisonia aculeata		SPECIES	Pisonia aculeata L.	Pisonia aculeata L.	L.	BR	Estrada de chão para Pains, próximo ao rio São Miguel. 660m	Minas Gerais	PRESENT		838537fc-4aeb-4980-8b58-97fbdcd1d91a	-20.260833	-45.668611							2018-05-21	21	5	2018	3086260	3086260	PRESERVED_SPECIMEN	JBRJ	RB	RB01416404	4410	C. Farney	2023-03-01T00:00:00	CC_BY_4_0	Rio de Janeiro Botanical Garden	M.G.Bovini; J.F.Baumgratz, C.D.Ferreira, B. Valente et G. Leite			2026-07-01T12:14:54.320Z		COORDINATE_ROUNDED;GEODETIC_DATUM_ASSUMED_WGS84;CONTINENT_DERIVED_FROM_COORDINATES;INSTITUTION_MATCH_FUZZY;COLLECTION_MATCH_FUZZY
2412488738	4300f8d5-1ae5-49e5-a101-63894b005868	urn:catalog:JBRJ:RB:1416405	Plantae	Tracheophyta	Magnoliopsida	Dilleniales	Dilleniaceae	Doliocarpus	Doliocarpus dentatus	dentatus	SUBSPECIES	Doliocarpus dentatus subsp. dentatus	Doliocarpus dentatus (Aubl.) Standl. ssp. dentatus	(Aubl.) Standl.	BR	Estrada de chão para Pains, próximo ao Rio São Miguel. 660m	Minas Gerais	PRESENT		838537fc-4aeb-4980-8b58-97fbdcd1d91a	-20.260833	-45.668611							2018-05-21	21	5	2018	7303934	7303933	PRESERVED_SPECIMEN	JBRJ	RB	RB01416405	4411	M.D.F. Araújo	2022-08-15T00:00:00	CC_BY_4_0	Rio de Janeiro Botanical Garden	M.G. Bovini; J.F.A. Baumgratz, C.D. Ferreira, B. Valente et G. Leite			2026-07-01T12:14:54.334Z		COORDINATE_ROUNDED;GEODETIC_DATUM_ASSUMED_WGS84;CONTINENT_DERIVED_FROM_COORDINATES;INSTITUTION_MATCH_FUZZY;COLLECTION_MATCH_FUZZY
2397831335	ed8e1590-62b5-48a8-8654-4ecc13554f57	https://specieslink.net/guid/453/94789	Plantae	Tracheophyta	Polypodiopsida	Polypodiales	Dryopteridaceae	Ctenitis	Ctenitis submarginalis	tenuifolia	VARIETY	Ctenitis submarginalis var. tenuifolia (C.Presl) R.S.Viveros & Salino	Ctenitis submarginalis tenuifolia	(C.Presl) R.S.Viveros	BR	Fazenda Faroeste, Margem esquerda do Rio São Miguel.	Minas Gerais	PRESENT		4265f332-341c-45f6-b30b-5dc2e39b86e8	-20.265	-45.670278							2003-09-10	10	9	2003	9705364	2650915	PRESERVED_SPECIMEN	UFMG	BHCB-SL	94789	853	Salino, A		CC_BY_4_0	Herbário da UFMG - Samambaias e Licófitas	Melo, PHA de		native	2026-06-25T19:56:34.319Z		CONTINENT_DERIVED_FROM_COORDINATES;IDENTIFIED_DATE_INVALID;INSTITUTION_MATCH_NONE
2397831334	ed8e1590-62b5-48a8-8654-4ecc13554f57	https://specieslink.net/guid/453/94770	Plantae	Tracheophyta	Polypodiopsida	Polypodiales	Pteridaceae	Hemionitis	Hemionitis tomentosa		SPECIES	Hemionitis tomentosa (Lam.) Raddi	Hemionitis tomentosa	(Lam.) Raddi	BR	Fazenda Amargoso, MG 439 Km 16.	Minas Gerais	PRESENT		4265f332-341c-45f6-b30b-5dc2e39b86e8	-20.387222	-45.649722							2003-04-15	15	4	2003	3748710	3748710	PRESERVED_SPECIMEN	UFMG	BHCB-SL	94770	709	Salino, A		CC_BY_4_0	Herbário da UFMG - Samambaias e Licófitas	Melo, PHA de; Bezerra, FV		native	2026-06-25T19:56:34.154Z		CONTINENT_DERIVED_FROM_COORDINATES;IDENTIFIED_DATE_INVALID;INSTITUTION_MATCH_NONE
2397831332	ed8e1590-62b5-48a8-8654-4ecc13554f57	https://specieslink.net/guid/453/94783	Plantae	Tracheophyta	Polypodiopsida	Schizaeales	Anemiaceae	Anemia	Anemia hirsuta		SPECIES	Anemia hirsuta (L.) Sw.	Anemia hirsuta	(L.) Sw.	BR	Mato das Frutas, Sítio do Sr. Chiquito e D, Naná, 7 Km da Vila Costina.	Minas Gerais	PRESENT		4265f332-341c-45f6-b30b-5dc2e39b86e8	-20.351361	-45.784917							2004-02-29	29	2	2004	5274885	5274885	PRESERVED_SPECIMEN	UFMG	BHCB-SL	94783	1105			CC_BY_4_0	Herbário da UFMG - Samambaias e Licófitas	Melo, PHA de		native	2026-06-25T19:56:34.209Z		CONTINENT_DERIVED_FROM_COORDINATES;IDENTIFIED_DATE_INVALID;INSTITUTION_MATCH_NONE
2397831331	ed8e1590-62b5-48a8-8654-4ecc13554f57	https://specieslink.net/guid/453/94781	Plantae	Tracheophyta	Polypodiopsida	Polypodiales	Pteridaceae	Adiantum	Adiantum raddianum		SPECIES	Adiantum raddianum C.Presl	Adiantum raddianum	C.Presl	BR	Mato das Frutas, Sitio do Sr. Chiquito e D. Naná, 7 Km da Vila Costina.	Minas Gerais	PRESENT		4265f332-341c-45f6-b30b-5dc2e39b86e8	-20.351361	-45.784917							2004-02-29	29	2	2004	2651826	2651826	PRESERVED_SPECIMEN	UFMG	BHCB-SL	94781	1107	Salino, A		CC_BY_4_0	Herbário da UFMG - Samambaias e Licófitas	Melo, PHA de		native	2026-06-25T19:56:34.251Z		CONTINENT_DERIVED_FROM_COORDINATES;IDENTIFIED_DATE_INVALID;INSTITUTION_MATCH_NONE
2397831329	ed8e1590-62b5-48a8-8654-4ecc13554f57	https://specieslink.net/guid/453/94776	Plantae	Tracheophyta	Polypodiopsida	Polypodiales	Aspleniaceae	Asplenium	Asplenium pumilum		SPECIES	Asplenium pumilum Sw.	Asplenium pumilum	Sw.	BR	Fazenda Faroeste, Margem esquerda do Rio São Miguel.	Minas Gerais	PRESENT		4265f332-341c-45f6-b30b-5dc2e39b86e8	-20.263722	-45.670444							2003-12-31	31	12	2003	2650696	2650696	PRESERVED_SPECIMEN	UFMG	BHCB-SL	94776	1028	Salino, A		CC_BY_4_0	Herbário da UFMG - Samambaias e Licófitas	Melo, PHA de; Valente, PMG		native	2026-06-25T19:56:34.215Z		CONTINENT_DERIVED_FROM_COORDINATES;IDENTIFIED_DATE_INVALID;INSTITUTION_MATCH_NONE
2397831328	ed8e1590-62b5-48a8-8654-4ecc13554f57	https://specieslink.net/guid/453/94763	Plantae	Tracheophyta	Polypodiopsida	Polypodiales	Thelypteridaceae	Christella	Christella dentata		SPECIES	Christella dentata (Forssk.) Brownsey & Jermy	Christella dentata	(Forssk.) Brownsey & Jermy	BR	Fazenda Faroeste, Margem esquerda do Rio São Miguel.	Minas Gerais	PRESENT		4265f332-341c-45f6-b30b-5dc2e39b86e8	-20.265	-45.670278							2003-05-26	26	5	2003	7160028	7160028	PRESERVED_SPECIMEN	UFMG	BHCB-SL	94763	696	Salino, A		CC_BY_4_0	Herbário da UFMG - Samambaias e Licófitas	Melo, PHA de; Carvalho, FA		introduced	2026-06-25T19:56:34.304Z		CONTINENT_DERIVED_FROM_COORDINATES;IDENTIFIED_DATE_INVALID;INSTITUTION_MATCH_NONE
2397831327	ed8e1590-62b5-48a8-8654-4ecc13554f57	https://specieslink.net/guid/453/78353	Plantae	Tracheophyta	Polypodiopsida	Polypodiales	Pteridaceae	Doryopteris	Doryopteris concolor		SPECIES	Doryopteris concolor (Langsd. & Fisch.) Kuhn	Doryopteris concolor	(Langsd. & Fisch.) Sm.	BR	Fazenda Faroeste, Margem esquerda do Rio São Miguel.	Minas Gerais	PRESENT		4265f332-341c-45f6-b30b-5dc2e39b86e8	-20.256389	-45.669167							2002-10-04	4	10	2002	7335399	7335399	PRESERVED_SPECIMEN	UFMG	BHCB-SL	78353	85	Salino, A		CC_BY_4_0	Herbário da UFMG - Samambaias e Licófitas	Melo, PHA de; Viana, PL		native	2026-06-25T19:56:34.205Z		CONTINENT_DERIVED_FROM_COORDINATES;IDENTIFIED_DATE_INVALID;INSTITUTION_MATCH_NONE
2397831326	ed8e1590-62b5-48a8-8654-4ecc13554f57	https://specieslink.net/guid/453/94753	Plantae	Tracheophyta	Lycopodiopsida	Selaginellales	Selaginellaceae	Selaginella	Selaginella sulcata		SPECIES	Selaginella sulcata (Desv. ex Poir.) Spring	Selaginella sulcata	(Desv. ex Poir.) Spring	BR	Fazenda Faroeste, Margem esquerda do Rio São Miguel.	Minas Gerais	PRESENT		4265f332-341c-45f6-b30b-5dc2e39b86e8	-20.263722	-45.670444							2003-12-31	31	12	2003	7329838	8224867	PRESERVED_SPECIMEN	UFMG	BHCB-SL	94753	1024	Salino, A		CC_BY_4_0	Herbário da UFMG - Samambaias e Licófitas	Melo, PHA de; Valente, PMG		native	2026-06-25T19:56:34.187Z		CONTINENT_DERIVED_FROM_COORDINATES;IDENTIFIED_DATE_INVALID;INSTITUTION_MATCH_NONE
2397831325	ed8e1590-62b5-48a8-8654-4ecc13554f57	https://specieslink.net/guid/453/94766	Plantae	Tracheophyta	Polypodiopsida	Polypodiales	Pteridaceae	Pteris	Pteris denticulata		SPECIES	Pteris denticulata Sw.	Pteris denticulata	Sw.	BR	Fazenda Faroeste, Margem esquerda do Rio São Miguel.	Minas Gerais	PRESENT		4265f332-341c-45f6-b30b-5dc2e39b86e8	-20.265	-45.670278							2003-09-10	10	9	2003	5275414	5275414	PRESERVED_SPECIMEN	UFMG	BHCB-SL	94766	857	Salino, A		CC_BY_4_0	Herbário da UFMG - Samambaias e Licófitas	Melo, PHA de		native	2026-06-25T19:56:34.136Z		CONTINENT_DERIVED_FROM_COORDINATES;IDENTIFIED_DATE_INVALID;INSTITUTION_MATCH_NONE
2397831324	ed8e1590-62b5-48a8-8654-4ecc13554f57	https://specieslink.net/guid/453/94750	Plantae	Tracheophyta	Polypodiopsida	Polypodiales	Aspleniaceae	Hymenasplenium	Hymenasplenium laetum		SPECIES	Asplenium laetum Sw.	Asplenium laetum	Sw.	BR	Fazenda Faroeste, Margem esquerda do Rio São Miguel.	Minas Gerais	PRESENT		4265f332-341c-45f6-b30b-5dc2e39b86e8	-20.265	-45.670278							2003-05-26	26	5	2003	2650646	7771961	PRESERVED_SPECIMEN	UFMG	BHCB-SL	94750	686	Salino, A		CC_BY_4_0	Herbário da UFMG - Samambaias e Licófitas	Melo, PHA de; Carvalho, FA			2026-06-25T19:56:34.284Z		CONTINENT_DERIVED_FROM_COORDINATES;IDENTIFIED_DATE_INVALID;INSTITUTION_MATCH_NONE
2397831323	ed8e1590-62b5-48a8-8654-4ecc13554f57	https://specieslink.net/guid/453/94769	Plantae	Tracheophyta	Polypodiopsida	Polypodiales	Thelypteridaceae	Goniopteris	Goniopteris lugubris		SPECIES	Goniopteris lugubris (Mett.) Brade	Goniopteris lugubris	(Mett.) R.M.Tryon & A.F.Tryon	BR	Fazenda Faroeste, Margem esquerda do Rio São Miguel.	Minas Gerais	PRESENT		4265f332-341c-45f6-b30b-5dc2e39b86e8	-20.265	-45.670278							2003-05-26	26	5	2003	4083184	4083184	PRESERVED_SPECIMEN	UFMG	BHCB-SL	94769	691	Salino, A		CC_BY_4_0	Herbário da UFMG - Samambaias e Licófitas	Melo, PHA de; Carvalho, FA		native	2026-06-25T19:56:34.118Z		CONTINENT_DERIVED_FROM_COORDINATES;IDENTIFIED_DATE_INVALID;INSTITUTION_MATCH_NONE
2397831322	ed8e1590-62b5-48a8-8654-4ecc13554f57	https://specieslink.net/guid/453/94755	Plantae	Tracheophyta	Polypodiopsida	Polypodiales	Pteridaceae	Adiantum	Adiantum pulverulentum		SPECIES	Adiantum pulverulentum L.	Adiantum pulverulentum	L.	BR	Fazenda Faroeste, Margem direita do Rio São Miguel.	Minas Gerais	PRESENT		4265f332-341c-45f6-b30b-5dc2e39b86e8	-20.251583	-45.662972							2003-07-05	5	7	2003	2651851	2651851	PRESERVED_SPECIMEN	UFMG	BHCB-SL	94755	731	Salino, A		CC_BY_4_0	Herbário da UFMG - Samambaias e Licófitas	Melo, PHA de; Libanio, RC; Ferreira, RR; Loyola, DM		native	2026-06-25T19:56:34.281Z		CONTINENT_DERIVED_FROM_COORDINATES;IDENTIFIED_DATE_INVALID;INSTITUTION_MATCH_NONE
2397831320	ed8e1590-62b5-48a8-8654-4ecc13554f57	https://specieslink.net/guid/453/94777	Plantae	Tracheophyta	Polypodiopsida	Polypodiales	Pteridaceae	Doryopteris	Doryopteris concolor		SPECIES	Doryopteris concolor (Langsd. & Fisch.) Kuhn	Doryopteris concolor	(Langsd. & Fisch.) Sm.	BR	Fazenda Amargoso, MG 439 Km 16.	Minas Gerais	PRESENT		4265f332-341c-45f6-b30b-5dc2e39b86e8	-20.382083	-45.651167							2003-12-08	8	12	2003	7335399	7335399	PRESERVED_SPECIMEN	UFMG	BHCB-SL	94777	989	Salino, A		CC_BY_4_0	Herbário da UFMG - Samambaias e Licófitas	Melo, PHA de; Santos, GP		native	2026-06-25T19:56:34.244Z		CONTINENT_DERIVED_FROM_COORDINATES;IDENTIFIED_DATE_INVALID;INSTITUTION_MATCH_NONE
2397831319	ed8e1590-62b5-48a8-8654-4ecc13554f57	https://specieslink.net/guid/453/94768	Plantae	Tracheophyta	Polypodiopsida	Polypodiales	Dryopteridaceae	Parapolystichum	Parapolystichum effusum		SPECIES	Lastreopsis effusa (Sw.) Tindale	Lastreopsis effusa	(Sw.) Tindale	BR	Fazenda Faroeste, Margem esquerda do Rio São Miguel.	Minas Gerais	PRESENT		4265f332-341c-45f6-b30b-5dc2e39b86e8	-20.265	-45.670278							2003-05-26	26	5	2003	2650947	7319499	PRESERVED_SPECIMEN	UFMG	BHCB-SL	94768	692	Salino, A		CC_BY_4_0	Herbário da UFMG - Samambaias e Licófitas	Melo, PHA de; Carvalho, FA			2026-06-25T19:56:34.268Z		CONTINENT_DERIVED_FROM_COORDINATES;IDENTIFIED_DATE_INVALID;INSTITUTION_MATCH_NONE
2397831318	ed8e1590-62b5-48a8-8654-4ecc13554f57	https://specieslink.net/guid/453/94782	Plantae	Tracheophyta	Polypodiopsida	Polypodiales	Aspleniaceae	Asplenium	Asplenium balansae		SPECIES	Asplenium balansae (Baker) Sylvestre	Asplenium balansae	(Baker) Sylvestre	BR	Fazenda Faroeste, Margem esquerda do Rio São Miguel.	Minas Gerais	PRESENT		4265f332-341c-45f6-b30b-5dc2e39b86e8	-20.263722	-45.670444							2003-12-31	31	12	2003	8317521	8317521	PRESERVED_SPECIMEN	UFMG	BHCB-SL	94782	1032	Salino, A		CC_BY_4_0	Herbário da UFMG - Samambaias e Licófitas	Melo, PHA de; Valente, PMG		native	2026-06-25T19:56:34.447Z		CONTINENT_DERIVED_FROM_COORDINATES;IDENTIFIED_DATE_INVALID;INSTITUTION_MATCH_NONE
2397831317	ed8e1590-62b5-48a8-8654-4ecc13554f57	https://specieslink.net/guid/453/94797	Plantae	Tracheophyta	Polypodiopsida	Polypodiales	Thelypteridaceae	Goniopteris	Goniopteris lugubris		SPECIES	Goniopteris lugubris (Mett.) Brade	Goniopteris lugubris	(Mett.) R.M.Tryon & A.F.Tryon	BR	Fazenda Faroeste, Margem direita do Rio São Miguel.	Minas Gerais	PRESENT		4265f332-341c-45f6-b30b-5dc2e39b86e8	-20.260417	-45.664028							2003-05-26	26	5	2003	4083184	4083184	PRESERVED_SPECIMEN	UFMG	BHCB-SL	94797	1250	Salino, A		CC_BY_4_0	Herbário da UFMG - Samambaias e Licófitas	Melo, PHA de; Carvalho, FA; Ranieri, BD; Souza, DT; Lana, TC		native	2026-06-25T19:56:34.230Z		CONTINENT_DERIVED_FROM_COORDINATES;IDENTIFIED_DATE_INVALID;INSTITUTION_MATCH_NONE
2397831316	ed8e1590-62b5-48a8-8654-4ecc13554f57	https://specieslink.net/guid/453/94778	Plantae	Tracheophyta	Polypodiopsida	Polypodiales	Thelypteridaceae	Macrothelypteris	Macrothelypteris torresiana		SPECIES	Macrothelypteris torresiana (Gaudich.) Ching	Macrothelypteris torresiana	(Gaudich.) Ching	BR	Fazenda Faroeste, Margem direita do Rio São Miguel; próximo ao vale da Bocaina.	Minas Gerais	PRESENT		4265f332-341c-45f6-b30b-5dc2e39b86e8	-20.260417	-45.664028							2003-11-23	23	11	2003	8846035	8846035	PRESERVED_SPECIMEN	UFMG	BHCB-SL	94778	978	Salino, A		CC_BY_4_0	Herbário da UFMG - Samambaias e Licófitas	Melo, PHA de; Carvalho, FA; Souza, DT; Mota, TRP; Cardos, RHG		introduced	2026-06-25T19:56:34.099Z		CONTINENT_DERIVED_FROM_COORDINATES;IDENTIFIED_DATE_INVALID;INSTITUTION_MATCH_NONE
2397831315	ed8e1590-62b5-48a8-8654-4ecc13554f57	https://specieslink.net/guid/453/94757	Plantae	Tracheophyta	Polypodiopsida	Polypodiales	Thelypteridaceae	Macrothelypteris	Macrothelypteris torresiana		SPECIES	Macrothelypteris torresiana (Gaudich.) Ching	Macrothelypteris torresiana	(Gaudich.) Ching	BR	Fazenda Faroeste, Margem esquerda do Rio São Miguel.	Minas Gerais	PRESENT		4265f332-341c-45f6-b30b-5dc2e39b86e8	-20.265	-45.670278							2003-05-26	26	5	2003	8846035	8846035	PRESERVED_SPECIMEN	UFMG	BHCB-SL	94757	697	Salino, A		CC_BY_4_0	Herbário da UFMG - Samambaias e Licófitas	Melo, PHA de; Carvalho, FA		introduced	2026-06-25T19:56:34.422Z		CONTINENT_DERIVED_FROM_COORDINATES;IDENTIFIED_DATE_INVALID;INSTITUTION_MATCH_NONE
2397831314	ed8e1590-62b5-48a8-8654-4ecc13554f57	https://specieslink.net/guid/453/94785	Plantae	Tracheophyta	Polypodiopsida	Schizaeales	Anemiaceae	Anemia	Anemia phyllitidis		SPECIES	Anemia phyllitidis (L.) Sw.	Anemia phyllitidis	(L.) Sw.	BR	Mato das Frutas, Sitio do Sr. Chiquito e D. Naná, 7 Km da Vila Costina.	Minas Gerais	PRESENT		4265f332-341c-45f6-b30b-5dc2e39b86e8	-20.351361	-45.784917							2004-02-29	29	2	2004	2650256	2650256	PRESERVED_SPECIMEN	UFMG	BHCB-SL	94785	1106	Salino, A		CC_BY_4_0	Herbário da UFMG - Samambaias e Licófitas	Melo, PHA de		native	2026-06-25T19:56:34.216Z		CONTINENT_DERIVED_FROM_COORDINATES;IDENTIFIED_DATE_INVALID;INSTITUTION_MATCH_NONE
2397831313	ed8e1590-62b5-48a8-8654-4ecc13554f57	https://specieslink.net/guid/453/94773	Plantae	Tracheophyta	Polypodiopsida	Polypodiales	Polypodiaceae	Pleopeltis	Pleopeltis minima		SPECIES	Pleopeltis minima (Bory) J.Prado & R.Y.Hirai	Pleopeltis minima	(Bory) J.Prado & R.Y.Hirai	BR	Fazenda Amargoso, MG 439 Km 16.	Minas Gerais	PRESENT		4265f332-341c-45f6-b30b-5dc2e39b86e8	-20.387222	-45.649722							2003-10-28	28	10	2003	8163528	8163528	PRESERVED_SPECIMEN	UFMG	BHCB-SL	94773	928	Salino, A		CC_BY_4_0	Herbário da UFMG - Samambaias e Licófitas	Melo, PHA de		native	2026-06-25T19:56:34.215Z		CONTINENT_DERIVED_FROM_COORDINATES;IDENTIFIED_DATE_INVALID;INSTITUTION_MATCH_NONE
2397831312	ed8e1590-62b5-48a8-8654-4ecc13554f57	https://specieslink.net/guid/453/94771	Plantae	Tracheophyta	Polypodiopsida	Polypodiales	Dennstaedtiaceae	Mucura	Mucura globulifera		SPECIES	Dennstaedtia globulifera (Poir.) Hieron.	Dennstaedtia globulifera	(Poir.) Hieron.	BR	Fazenda Faroeste, Margem esquerda do Rio São Miguel.	Minas Gerais	PRESENT		4265f332-341c-45f6-b30b-5dc2e39b86e8	-20.265	-45.670278							2003-05-26	26	5	2003	2650786	12211674	PRESERVED_SPECIMEN	UFMG	BHCB-SL	94771	690	Salino, A		CC_BY_4_0	Herbário da UFMG - Samambaias e Licófitas	Melo, PHA de; Carvalho, FA			2026-06-25T19:56:34.207Z		CONTINENT_DERIVED_FROM_COORDINATES;IDENTIFIED_DATE_INVALID;INSTITUTION_MATCH_NONE
2397831311	ed8e1590-62b5-48a8-8654-4ecc13554f57	https://specieslink.net/guid/453/94795	Plantae	Tracheophyta	Polypodiopsida	Polypodiales	Polypodiaceae	Microgramma	Microgramma lindbergii		SPECIES	Microgramma lindbergii (Mett.) de la Sota	Microgramma lindbergii	(Mett.) de la Sota	BR	Fazenda Faroeste, Margem direita do Rio São Miguel; Vale da Bocaina.	Minas Gerais	PRESENT		4265f332-341c-45f6-b30b-5dc2e39b86e8	-20.260417	-45.664028							2003-11-23	23	11	2003	8667467	8667467	PRESERVED_SPECIMEN	UFMG	BHCB-SL	94795	960	Salino, A		CC_BY_4_0	Herbário da UFMG - Samambaias e Licófitas	Melo, PHA de; Carvalho, FA; Souza, DT; Mota, TRP; Cardos, RHG		native	2026-06-25T19:56:34.213Z		CONTINENT_DERIVED_FROM_COORDINATES;IDENTIFIED_DATE_INVALID;INSTITUTION_MATCH_NONE
2397831310	ed8e1590-62b5-48a8-8654-4ecc13554f57	https://specieslink.net/guid/453/94774	Plantae	Tracheophyta	Polypodiopsida	Polypodiales	Pteridaceae	Adiantopsis	Adiantopsis perfasciculata		SPECIES	Adiantopsis perfasciculata Sehnem	Adiantopsis perfasciculata	Sehnem	BR	Fazenda Faroeste, Margem direita do Rio São Miguel; alto do Quenta-Sol.	Minas Gerais	PRESENT		4265f332-341c-45f6-b30b-5dc2e39b86e8	-20.26725	-45.506306							2003-09-15	15	9	2003	3750023	3750023	PRESERVED_SPECIMEN	UFMG	BHCB-SL	94774	889	Salino, A		CC_BY_4_0	Herbário da UFMG - Samambaias e Licófitas	Melo, PHA de; Cruz, MDC da		native	2026-06-25T19:56:34.211Z		CONTINENT_DERIVED_FROM_COORDINATES;IDENTIFIED_DATE_INVALID;INSTITUTION_MATCH_NONE
2397831309	ed8e1590-62b5-48a8-8654-4ecc13554f57	https://specieslink.net/guid/453/94759	Plantae	Tracheophyta	Polypodiopsida	Polypodiales	Aspleniaceae	Asplenium	Asplenium abscissum		SPECIES	Asplenium abscissum Willd.	Asplenium abscissum	Willd.	BR	Fazenda Faroeste, Margem esquerda do Rio São Miguel.	Minas Gerais	PRESENT		4265f332-341c-45f6-b30b-5dc2e39b86e8	-20.265	-45.670278							2003-05-26	26	5	2003	2650638	2650638	PRESERVED_SPECIMEN	UFMG	BHCB-SL	94759	688	Salino, A		CC_BY_4_0	Herbário da UFMG - Samambaias e Licófitas	Melo, PHA de; Carvalho, FA		native	2026-06-25T19:56:34.207Z		CONTINENT_DERIVED_FROM_COORDINATES;IDENTIFIED_DATE_INVALID;INSTITUTION_MATCH_NONE
2397831308	ed8e1590-62b5-48a8-8654-4ecc13554f57	https://specieslink.net/guid/453/94798	Plantae	Tracheophyta	Polypodiopsida	Polypodiales	Pteridaceae	Pteris	Pteris denticulata		SPECIES	Pteris denticulata Sw.	Pteris denticulata	Sw.	BR	Fazenda Faroeste, Margem direita do Rio São Miguel; proximo ao vale de Bocaina.	Minas Gerais	PRESENT		4265f332-341c-45f6-b30b-5dc2e39b86e8	-20.260417	-45.664028							2003-11-23	23	11	2003	5275414	5275414	PRESERVED_SPECIMEN	UFMG	BHCB-SL	94798	971	Salino, A		CC_BY_4_0	Herbário da UFMG - Samambaias e Licófitas	Melo, PHA de; Carvalho, FA; Souza, DT; Mota, TRP; Cardos, RHG		native	2026-06-25T19:56:34.184Z		CONTINENT_DERIVED_FROM_COORDINATES;IDENTIFIED_DATE_INVALID;INSTITUTION_MATCH_NONE
2397831307	ed8e1590-62b5-48a8-8654-4ecc13554f57	https://specieslink.net/guid/453/94786	Plantae	Tracheophyta	Polypodiopsida	Polypodiales	Thelypteridaceae	Amauropelta	Amauropelta concinna		SPECIES	Amauropelta concinna (Willd.) Pic.Serm.	Amauropelta concinna	(Willd.) Pic.Serm.	BR	Fazenda Faroeste, Margem direita do Rio São Miguel.	Minas Gerais	PRESENT		4265f332-341c-45f6-b30b-5dc2e39b86e8	-20.260417	-45.664028							2003-11-23	23	11	2003	4081162	4081162	PRESERVED_SPECIMEN	UFMG	BHCB-SL	94786	973	Salino, A		CC_BY_4_0	Herbário da UFMG - Samambaias e Licófitas	Melo, PHA de; Carvalho, FA; Souza, DT; Mota, TRP; Cardos, RHG		native	2026-06-25T19:56:34.302Z		CONTINENT_DERIVED_FROM_COORDINATES;IDENTIFIED_DATE_INVALID;INSTITUTION_MATCH_NONE
2397831306	ed8e1590-62b5-48a8-8654-4ecc13554f57	https://specieslink.net/guid/453/94794	Plantae	Tracheophyta	Polypodiopsida	Polypodiales	Aspleniaceae	Asplenium	Asplenium formosum		SPECIES	Asplenium formosum Willd.	Asplenium formosum	Willd.	BR	Fazenda Faroeste, Margem direita do Rio São Miguel.	Minas Gerais	PRESENT		4265f332-341c-45f6-b30b-5dc2e39b86e8	-20.260417	-45.664028							2003-11-23	23	11	2003	2650687	2650687	PRESERVED_SPECIMEN	UFMG	BHCB-SL	94794	966	Salino, A		CC_BY_4_0	Herbário da UFMG - Samambaias e Licófitas	Melo, PHA de; Carvalho, FA; Souza, DT; Mota, TRP; Cardos, RHG		native	2026-06-25T19:56:34.193Z		CONTINENT_DERIVED_FROM_COORDINATES;IDENTIFIED_DATE_INVALID;INSTITUTION_MATCH_NONE
2397831305	ed8e1590-62b5-48a8-8654-4ecc13554f57	https://specieslink.net/guid/453/94758	Plantae	Tracheophyta	Polypodiopsida	Polypodiales	Tectariaceae	Tectaria	Tectaria incisa		SPECIES	Tectaria incisa Cav.	Tectaria incisa	Cav.	BR	Fazenda Faroeste, Margem esquerda do Rio São Miguel.	Minas Gerais	PRESENT		4265f332-341c-45f6-b30b-5dc2e39b86e8	-20.265	-45.670278							2003-05-26	26	5	2003	5275167	5275167	PRESERVED_SPECIMEN	UFMG	BHCB-SL	94758	676	Salino, A		CC_BY_4_0	Herbário da UFMG - Samambaias e Licófitas	Melo, PHA de; Carvalho, FA		native	2026-06-25T19:56:34.300Z		CONTINENT_DERIVED_FROM_COORDINATES;IDENTIFIED_DATE_INVALID;INSTITUTION_MATCH_NONE
2397831304	ed8e1590-62b5-48a8-8654-4ecc13554f57	https://specieslink.net/guid/453/94772	Plantae	Tracheophyta	Polypodiopsida	Polypodiales	Aspleniaceae	Asplenium	Asplenium dimidiatum		SPECIES	Asplenium dimidiatum Sw.	Asplenium dimidiatum	Sw.	BR	Fazenda Faroeste, Margem esquerda do Rio São Miguel.	Minas Gerais	PRESENT		4265f332-341c-45f6-b30b-5dc2e39b86e8	-20.265	-45.670278							2003-05-26	26	5	2003	7310815	7310815	PRESERVED_SPECIMEN	UFMG	BHCB-SL	94772	687	Salino, A		CC_BY_4_0	Herbário da UFMG - Samambaias e Licófitas	Melo, PHA de; Carvalho, FA		native	2026-06-25T19:56:34.277Z		CONTINENT_DERIVED_FROM_COORDINATES;IDENTIFIED_DATE_INVALID;INSTITUTION_MATCH_NONE
2397831303	ed8e1590-62b5-48a8-8654-4ecc13554f57	https://specieslink.net/guid/453/94756	Plantae	Tracheophyta	Polypodiopsida	Polypodiales	Pteridaceae	Adiantum	Adiantum diogoanum		SPECIES	Adiantum diogoanum Glaz. ex Baker	Adiantum diogoanum	Graziani ex Baker	BR	Fazenda Faroeste, Margem direita do Rio São Miguel.	Minas Gerais	PRESENT		4265f332-341c-45f6-b30b-5dc2e39b86e8	-20.260417	-45.664028							2003-07-05	5	7	2003	7946103	7946103	PRESERVED_SPECIMEN	UFMG	BHCB-SL	94756	726	Salino, A		CC_BY_4_0	Herbário da UFMG - Samambaias e Licófitas	Melo, PHA de; Libanio, RC; Ferreira, RR; Loyola, DM		native	2026-06-25T19:56:34.182Z		CONTINENT_DERIVED_FROM_COORDINATES;IDENTIFIED_DATE_INVALID;INSTITUTION_MATCH_NONE
2397831301	ed8e1590-62b5-48a8-8654-4ecc13554f57	https://specieslink.net/guid/453/94793	Plantae	Tracheophyta	Polypodiopsida	Polypodiales	Pteridaceae	Polytaenium	Polytaenium lineatum		SPECIES	Polytaenium lineatum (Sw.) J.Sm.	Polytaenium lineatum	(Sw.) Kaulf.	BR	Fazenda Amargoso, MG 439 Km 16.	Minas Gerais	PRESENT		4265f332-341c-45f6-b30b-5dc2e39b86e8	-20.387222	-45.649722							2003-10-28	28	10	2003	2650237	2650237	PRESERVED_SPECIMEN	UFMG	BHCB-SL	94793	925	Salino, A		CC_BY_4_0	Herbário da UFMG - Samambaias e Licófitas	Melo, PHA de		native	2026-06-25T19:56:34.184Z		CONTINENT_DERIVED_FROM_COORDINATES;IDENTIFIED_DATE_INVALID;INSTITUTION_MATCH_NONE
2397831300	ed8e1590-62b5-48a8-8654-4ecc13554f57	https://specieslink.net/guid/453/94775	Plantae	Tracheophyta	Polypodiopsida	Polypodiales	Pteridaceae	Pteris	Pteris denticulata		SPECIES	Pteris denticulata Sw.	Pteris denticulata	Sw.	BR	Fazenda Amargoso, MG 439 Km 16.	Minas Gerais	PRESENT		4265f332-341c-45f6-b30b-5dc2e39b86e8	-20.382083	-45.651167							2003-12-08	8	12	2003	5275414	5275414	PRESERVED_SPECIMEN	UFMG	BHCB-SL	94775	991	Salino, A		CC_BY_4_0	Herbário da UFMG - Samambaias e Licófitas	Melo, PHA de; Santos, GP		native	2026-06-25T19:56:34.185Z		CONTINENT_DERIVED_FROM_COORDINATES;IDENTIFIED_DATE_INVALID;INSTITUTION_MATCH_NONE
2397831299	ed8e1590-62b5-48a8-8654-4ecc13554f57	https://specieslink.net/guid/453/94751	Plantae	Tracheophyta	Polypodiopsida	Schizaeales	Lygodiaceae	Lygodium	Lygodium venustum		SPECIES	Lygodium venustum Sw.	Lygodium venustum	Sw.	BR	Fazenda Faroeste, Margem esquerda do Rio São Miguel.	Minas Gerais	PRESENT		4265f332-341c-45f6-b30b-5dc2e39b86e8	-20.255556	-45.67							2003-08-10	10	8	2003	2650437	2650437	PRESERVED_SPECIMEN	UFMG	BHCB-SL	94751	812	Salino, A		CC_BY_4_0	Herbário da UFMG - Samambaias e Licófitas	Melo, PHA de; Santos, GP		native	2026-06-25T19:56:34.258Z		CONTINENT_DERIVED_FROM_COORDINATES;IDENTIFIED_DATE_INVALID;INSTITUTION_MATCH_NONE
2397831298	ed8e1590-62b5-48a8-8654-4ecc13554f57	https://specieslink.net/guid/453/94784	Plantae	Tracheophyta	Polypodiopsida	Polypodiales	Aspleniaceae	Asplenium	Asplenium cristatum		SPECIES	Asplenium cristatum Lam.	Asplenium cristatum	Lam.	BR	Fazenda Fricom, Belo Vale.	Minas Gerais	PRESENT		4265f332-341c-45f6-b30b-5dc2e39b86e8	-20.353639	-45.535722							2003-12-28	28	12	2003	2650645	2650645	PRESERVED_SPECIMEN	UFMG	BHCB-SL	94784	1016	Salino, A		CC_BY_4_0	Herbário da UFMG - Samambaias e Licófitas	Melo, PHA de; Assunção, LN		native	2026-06-25T19:56:34.177Z		CONTINENT_DERIVED_FROM_COORDINATES;IDENTIFIED_DATE_INVALID;INSTITUTION_MATCH_NONE
2397831297	ed8e1590-62b5-48a8-8654-4ecc13554f57	https://specieslink.net/guid/453/94754	Plantae	Tracheophyta	Polypodiopsida	Polypodiales	Pteridaceae	Adiantopsis	Adiantopsis chlorophylla		SPECIES	Adiantopsis chlorophylla (Sw.) Fée	Adiantopsis chlorophylla	(Sw.) Fée	BR	Fazenda Amargoso, MG 439 Km 16.	Minas Gerais	PRESENT		4265f332-341c-45f6-b30b-5dc2e39b86e8	-20.387222	-45.649722							2003-09-09	9	9	2003	7335779	7335779	PRESERVED_SPECIMEN	UFMG	BHCB-SL	94754	842	Salino, A		CC_BY_4_0	Herbário da UFMG - Samambaias e Licófitas	Melo, PHA de		native	2026-06-25T19:56:34.148Z		CONTINENT_DERIVED_FROM_COORDINATES;IDENTIFIED_DATE_INVALID;INSTITUTION_MATCH_NONE
2397831296	ed8e1590-62b5-48a8-8654-4ecc13554f57	https://specieslink.net/guid/453/94760	Plantae	Tracheophyta	Polypodiopsida	Polypodiales	Aspleniaceae	Asplenium	Asplenium bradei		SPECIES	Asplenium bradei Rosenst.	Asplenium bradei	Rosenst.	BR	Fazenda Faroeste, Margem esquerda do Rio São Miguel.	Minas Gerais	PRESENT		4265f332-341c-45f6-b30b-5dc2e39b86e8	-20.265	-45.670278							2003-05-26	26	5	2003	4258231	4258231	PRESERVED_SPECIMEN	UFMG	BHCB-SL	94760	685	Salino, A		CC_BY_4_0	Herbário da UFMG - Samambaias e Licófitas	Melo, PHA de; Carvalho, FA		native	2026-06-25T19:56:34.215Z		CONTINENT_DERIVED_FROM_COORDINATES;IDENTIFIED_DATE_INVALID;INSTITUTION_MATCH_NONE
2397831295	ed8e1590-62b5-48a8-8654-4ecc13554f57	https://specieslink.net/guid/453/94796	Plantae	Tracheophyta	Polypodiopsida	Polypodiales	Polypodiaceae	Pleopeltis	Pleopeltis minima		SPECIES	Pleopeltis minima (Bory) J.Prado & R.Y.Hirai	Pleopeltis minima	(Bory) J.Prado & R.Y.Hirai	BR	Fazenda Faroeste, Margem direita do Rio São Miguel.	Minas Gerais	PRESENT		4265f332-341c-45f6-b30b-5dc2e39b86e8	-20.260417	-45.664028							2003-11-23	23	11	2003	8163528	8163528	PRESERVED_SPECIMEN	UFMG	BHCB-SL	94796	961	Salino, A		CC_BY_4_0	Herbário da UFMG - Samambaias e Licófitas	Melo, PHA de; Carvalho, FA; Souza, DT; Mota, TRP; Cardos, RHG		native	2026-06-25T19:56:34.388Z		CONTINENT_DERIVED_FROM_COORDINATES;IDENTIFIED_DATE_INVALID;INSTITUTION_MATCH_NONE
2397831294	ed8e1590-62b5-48a8-8654-4ecc13554f57	https://specieslink.net/guid/453/94767	Plantae	Tracheophyta	Polypodiopsida	Polypodiales	Athyriaceae	Diplazium	Diplazium cristatum		SPECIES	Diplazium cristatum (Desr.) Alston	Diplazium cristatum	(Desr.) Alston	BR	Fazenda Faroeste, Margem esquerda do Rio São Miguel.	Minas Gerais	PRESENT		4265f332-341c-45f6-b30b-5dc2e39b86e8	-20.265	-45.670278							2003-05-26	26	5	2003	2650855	2650855	PRESERVED_SPECIMEN	UFMG	BHCB-SL	94767	694	Salino, A		CC_BY_4_0	Herbário da UFMG - Samambaias e Licófitas	Melo, PHA de; Carvalho, FA		native	2026-06-25T19:56:34.197Z		CONTINENT_DERIVED_FROM_COORDINATES;IDENTIFIED_DATE_INVALID;INSTITUTION_MATCH_NONE
2397831293	ed8e1590-62b5-48a8-8654-4ecc13554f57	https://specieslink.net/guid/453/78589	Plantae	Tracheophyta	Polypodiopsida	Polypodiales	Pteridaceae	Adiantum	Adiantum ornithopodum		SPECIES	Adiantum ornithopodum C.Presl	Adiantum ornithopodum	C.Presl & Kuhn	BR	Fazenda Faroeste, Margem direita do Rio São Miguel.	Minas Gerais	PRESENT		4265f332-341c-45f6-b30b-5dc2e39b86e8	-20.251583	-45.662972							2002-12-31	31	12	2002	3746945	3746945	PRESERVED_SPECIMEN	UFMG	BHCB-SL	78589	323	Salino, A		CC_BY_4_0	Herbário da UFMG - Samambaias e Licófitas	Melo, PHA de; Melo Júnior, EA		native	2026-06-25T19:56:34.220Z		CONTINENT_DERIVED_FROM_COORDINATES;IDENTIFIED_DATE_INVALID;INSTITUTION_MATCH_NONE
2397831292	ed8e1590-62b5-48a8-8654-4ecc13554f57	https://specieslink.net/guid/453/94792	Plantae	Tracheophyta	Polypodiopsida	Polypodiales	Pteridaceae	Doryopteris	Doryopteris concolor		SPECIES	Doryopteris concolor (Langsd. & Fisch.) Kuhn	Doryopteris concolor	(Langsd. & Fisch.) Sm.	BR	Mato das Frutas, Sitio do Sr. Chiquito e D. Naná, 7 Km da Vila Costina; em corrego que corre no quintal.	Minas Gerais	PRESENT		4265f332-341c-45f6-b30b-5dc2e39b86e8	-20.351361	-45.784917							2004-02-29	29	2	2004	7335399	7335399	PRESERVED_SPECIMEN	UFMG	BHCB-SL	94792	1109	Salino, A		CC_BY_4_0	Herbário da UFMG - Samambaias e Licófitas	Melo, PHA de		native	2026-06-25T19:56:34.169Z		CONTINENT_DERIVED_FROM_COORDINATES;IDENTIFIED_DATE_INVALID;INSTITUTION_MATCH_NONE
2397831291	ed8e1590-62b5-48a8-8654-4ecc13554f57	https://specieslink.net/guid/453/94765	Plantae	Tracheophyta	Polypodiopsida	Polypodiales	Pteridaceae	Adiantum	Adiantum lorentzii		SPECIES	Adiantum lorentzii Hieron.	Adiantum lorentzii	Hieron.	BR	Fazenda Faroeste, Margem esquerda do Rio São Miguel.	Minas Gerais	PRESENT		4265f332-341c-45f6-b30b-5dc2e39b86e8	-20.265	-45.670278							2003-05-26	26	5	2003	3748361	3748361	PRESERVED_SPECIMEN	UFMG	BHCB-SL	94765	699	Salino, A		CC_BY_4_0	Herbário da UFMG - Samambaias e Licófitas	Melo, PHA de; Carvalho, FA		native	2026-06-25T19:56:34.203Z		CONTINENT_DERIVED_FROM_COORDINATES;IDENTIFIED_DATE_INVALID;INSTITUTION_MATCH_NONE
2397831290	ed8e1590-62b5-48a8-8654-4ecc13554f57	https://specieslink.net/guid/453/94790	Plantae	Tracheophyta	Polypodiopsida	Schizaeales	Lygodiaceae	Lygodium	Lygodium venustum		SPECIES	Lygodium venustum Sw.	Lygodium venustum	Sw.	BR	Mato das Frutas, Sitio do Sr. Chiquito e D. Naná, 7 Km da Vila Costina.	Minas Gerais	PRESENT		4265f332-341c-45f6-b30b-5dc2e39b86e8	-20.351361	-45.784917							2004-02-29	29	2	2004	2650437	2650437	PRESERVED_SPECIMEN	UFMG	BHCB-SL	94790	1108	Salino, A		CC_BY_4_0	Herbário da UFMG - Samambaias e Licófitas	Melo, PHA de		native	2026-06-25T19:56:34.160Z		CONTINENT_DERIVED_FROM_COORDINATES;IDENTIFIED_DATE_INVALID;INSTITUTION_MATCH_NONE
2397831289	ed8e1590-62b5-48a8-8654-4ecc13554f57	https://specieslink.net/guid/453/94761	Plantae	Tracheophyta	Polypodiopsida	Polypodiales	Aspleniaceae	Asplenium	Asplenium balansae		SPECIES	Asplenium balansae (Baker) Sylvestre	Asplenium balansae	(Baker) Sylvestre	BR	Fazenda Faroeste, Margem esquerda do Rio São Miguel.	Minas Gerais	PRESENT		4265f332-341c-45f6-b30b-5dc2e39b86e8	-20.265	-45.670278							2003-05-26	26	5	2003	8317521	8317521	PRESERVED_SPECIMEN	UFMG	BHCB-SL	94761	648	Salino, A		CC_BY_4_0	Herbário da UFMG - Samambaias e Licófitas	Melo, PHA de		native	2026-06-25T19:56:34.148Z		CONTINENT_DERIVED_FROM_COORDINATES;IDENTIFIED_DATE_INVALID;INSTITUTION_MATCH_NONE
2397831288	ed8e1590-62b5-48a8-8654-4ecc13554f57	https://specieslink.net/guid/453/78586	Plantae	Tracheophyta	Polypodiopsida	Polypodiales	Pteridaceae	Adiantum	Adiantum rhizophytum		SPECIES	Adiantum rhizophytum Schrad.	Adiantum rhizophytum	Schrad.	BR	Fazenda Faroeste, Margem direita do Rio São Miguel.	Minas Gerais	PRESENT		4265f332-341c-45f6-b30b-5dc2e39b86e8	-20.251583	-45.662972							2002-12-31	31	12	2002	3749222	3749222	PRESERVED_SPECIMEN	UFMG	BHCB-SL	78586	320	Salino, A		CC_BY_4_0	Herbário da UFMG - Samambaias e Licófitas	Melo, PHA de; Melo Júnior, EA; Melo Júnior, EA		native	2026-06-25T19:56:34.183Z		CONTINENT_DERIVED_FROM_COORDINATES;IDENTIFIED_DATE_INVALID;INSTITUTION_MATCH_NONE
2397831287	ed8e1590-62b5-48a8-8654-4ecc13554f57	https://specieslink.net/guid/453/94791	Plantae	Tracheophyta	Polypodiopsida	Polypodiales	Pteridaceae	Adiantum	Adiantum subcordatum		SPECIES	Adiantum subcordatum Sw.	Adiantum subcordatum	Sw.	BR	Fazenda Faroeste, Margem direita do Rio São Miguel; alto do Quenta-Sol.	Minas Gerais	PRESENT		4265f332-341c-45f6-b30b-5dc2e39b86e8	-20.26725	-45.506306							2003-09-15	15	9	2003	7335523	7335523	PRESERVED_SPECIMEN	UFMG	BHCB-SL	94791	887	Salino, A		CC_BY_4_0	Herbário da UFMG - Samambaias e Licófitas	Melo, PHA de; Cruz, MDC da		native	2026-06-25T19:56:34.091Z		CONTINENT_DERIVED_FROM_COORDINATES;IDENTIFIED_DATE_INVALID;INSTITUTION_MATCH_NONE
2397831286	ed8e1590-62b5-48a8-8654-4ecc13554f57	https://specieslink.net/guid/453/78487	Plantae	Tracheophyta	Polypodiopsida	Polypodiales	Polypodiaceae	Pleopeltis	Pleopeltis burchellii	burchellii	VARIETY	Pleopeltis polypodioides var. burchellii (Baker) A.R.Sm.	Pleopeltis polypodioides burchellii	(Baker) A. R. Sm.	BR	Fazenda Faroeste, Margem esquerda do Rio São Miguel.	Minas Gerais	PRESENT		4265f332-341c-45f6-b30b-5dc2e39b86e8	-20.256389	-45.669167							2002-11-16	16	11	2002	4028717	9910538	PRESERVED_SPECIMEN	UFMG	BHCB-SL	78487	220	Salino, A		CC_BY_4_0	Herbário da UFMG - Samambaias e Licófitas	Melo, PHA de; Versieux, LM			2026-06-25T19:56:34.069Z		CONTINENT_DERIVED_FROM_COORDINATES;IDENTIFIED_DATE_INVALID;INSTITUTION_MATCH_NONE
2397831285	ed8e1590-62b5-48a8-8654-4ecc13554f57	https://specieslink.net/guid/453/94788	Plantae	Tracheophyta	Polypodiopsida	Polypodiales	Tectariaceae	Tectaria	Tectaria incisa		SPECIES	Tectaria incisa Cav.	Tectaria incisa	Cav.	BR	Fazenda Faroeste, Margem direita do Rio São Miguel.	Minas Gerais	PRESENT		4265f332-341c-45f6-b30b-5dc2e39b86e8	-20.260417	-45.664028							2003-11-23	23	11	2003	5275167	5275167	PRESERVED_SPECIMEN	UFMG	BHCB-SL	94788	968	Salino, A		CC_BY_4_0	Herbário da UFMG - Samambaias e Licófitas	Melo, PHA de; Carvalho, FA; Souza, DT; Mota, TRP; Cardos, RHG		native	2026-06-25T19:56:34.125Z		CONTINENT_DERIVED_FROM_COORDINATES;IDENTIFIED_DATE_INVALID;INSTITUTION_MATCH_NONE
2397831284	ed8e1590-62b5-48a8-8654-4ecc13554f57	https://specieslink.net/guid/453/94764	Plantae	Tracheophyta	Polypodiopsida	Polypodiales	Pteridaceae	Hemionitis	Hemionitis tomentosa		SPECIES	Hemionitis tomentosa (Lam.) Raddi	Hemionitis tomentosa	(Lam.) Raddi	BR	Fazenda Faroeste, Margem esquerda do Rio São Miguel.	Minas Gerais	PRESENT		4265f332-341c-45f6-b30b-5dc2e39b86e8	-20.265	-45.670278							2003-05-26	26	5	2003	3748710	3748710	PRESERVED_SPECIMEN	UFMG	BHCB-SL	94764	706	Salino, A		CC_BY_4_0	Herbário da UFMG - Samambaias e Licófitas	Melo, PHA de; Carvalho, FA		native	2026-06-25T19:56:34.114Z		CONTINENT_DERIVED_FROM_COORDINATES;IDENTIFIED_DATE_INVALID;INSTITUTION_MATCH_NONE
2397831283	ed8e1590-62b5-48a8-8654-4ecc13554f57	https://specieslink.net/guid/453/94780	Plantae	Tracheophyta	Polypodiopsida	Polypodiales	Thelypteridaceae	Pelazoneuron	Pelazoneuron patens		SPECIES	Thelypteris patens (Sw.) Small	Thelypteris patens	(Sw.) Small	BR	Fazenda Faroeste, Margem direita do Rio São Miguel; próximo ao vale de Bocaina.	Minas Gerais	PRESENT		4265f332-341c-45f6-b30b-5dc2e39b86e8	-20.260417	-45.664028							2003-11-23	23	11	2003	5275328	11560516	PRESERVED_SPECIMEN	UFMG	BHCB-SL	94780	975	Salino, A		CC_BY_4_0	Herbário da UFMG - Samambaias e Licófitas	Melo, PHA de; Carvalho, FA; Souza, DT; Mota, TRP; Cardos, RHG			2026-06-25T19:56:34.386Z		CONTINENT_DERIVED_FROM_COORDINATES;IDENTIFIED_DATE_INVALID;INSTITUTION_MATCH_NONE
2397831282	ed8e1590-62b5-48a8-8654-4ecc13554f57	https://specieslink.net/guid/453/78591	Plantae	Tracheophyta	Polypodiopsida	Polypodiales	Pteridaceae	Doryopteris	Doryopteris concolor		SPECIES	Doryopteris concolor (Langsd. & Fisch.) Kuhn	Doryopteris concolor	(Langsd. & Fisch.) Sm.	BR	Fazenda Faroeste, Margem direita do Rio São Miguel.	Minas Gerais	PRESENT		4265f332-341c-45f6-b30b-5dc2e39b86e8	-20.251583	-45.662972							2002-12-31	31	12	2002	7335399	7335399	PRESERVED_SPECIMEN	UFMG	BHCB-SL	78591	325	Salino, A		CC_BY_4_0	Herbário da UFMG - Samambaias e Licófitas	Melo, PHA de; Melo Júnior, EA		native	2026-06-25T19:56:34.130Z		CONTINENT_DERIVED_FROM_COORDINATES;IDENTIFIED_DATE_INVALID;INSTITUTION_MATCH_NONE
2397831281	ed8e1590-62b5-48a8-8654-4ecc13554f57	https://specieslink.net/guid/453/78587	Plantae	Tracheophyta	Polypodiopsida	Polypodiales	Polypodiaceae	Pleopeltis	Pleopeltis minima		SPECIES	Pleopeltis minima (Bory) J.Prado & R.Y.Hirai	Pleopeltis minima	(Bory) J.Prado & R.Y.Hirai	BR	Fazenda Faroeste, Margem direita do Rio São Miguel.	Minas Gerais	PRESENT		4265f332-341c-45f6-b30b-5dc2e39b86e8	-20.251583	-45.662972							2002-12-31	31	12	2002	8163528	8163528	PRESERVED_SPECIMEN	UFMG	BHCB-SL	78587	321	Salino, A		CC_BY_4_0	Herbário da UFMG - Samambaias e Licófitas	Melo, PHA de; Melo Júnior, EA		native	2026-06-25T19:56:34.160Z		CONTINENT_DERIVED_FROM_COORDINATES;IDENTIFIED_DATE_INVALID;INSTITUTION_MATCH_NONE
2397831280	ed8e1590-62b5-48a8-8654-4ecc13554f57	https://specieslink.net/guid/453/78490	Plantae	Tracheophyta	Polypodiopsida	Polypodiales	Aspleniaceae	Asplenium	Asplenium dimidiatum		SPECIES	Asplenium dimidiatum Sw.	Asplenium dimidiatum	Sw.	BR	Fazenda Faroeste, Margem esquerda do Rio São Miguel.	Minas Gerais	PRESENT		4265f332-341c-45f6-b30b-5dc2e39b86e8	-20.256389	-45.669167							2002-11-16	16	11	2002	7310815	7310815	PRESERVED_SPECIMEN	UFMG	BHCB-SL	78490	223	Salino, A		CC_BY_4_0	Herbário da UFMG - Samambaias e Licófitas	Melo, PHA de; Versieux, LM		native	2026-06-25T19:56:34.086Z		CONTINENT_DERIVED_FROM_COORDINATES;IDENTIFIED_DATE_INVALID;INSTITUTION_MATCH_NONE
2397831279	ed8e1590-62b5-48a8-8654-4ecc13554f57	https://specieslink.net/guid/453/78544	Plantae	Tracheophyta	Polypodiopsida	Polypodiales	Pteridaceae	Adiantum	Adiantum pulverulentum		SPECIES	Adiantum pulverulentum L.	Adiantum pulverulentum	L.	BR	Fazenda Amargoso, MG 439 Km 16.	Minas Gerais	PRESENT		4265f332-341c-45f6-b30b-5dc2e39b86e8	-20.387222	-45.649722							2003-12-30	30	12	2003	2651851	2651851	PRESERVED_SPECIMEN	UFMG	BHCB-SL	78544	278	Salino, A		CC_BY_4_0	Herbário da UFMG - Samambaias e Licófitas	Melo, PHA de		native	2026-06-25T19:56:34.218Z		CONTINENT_DERIVED_FROM_COORDINATES;IDENTIFIED_DATE_INVALID;INSTITUTION_MATCH_NONE
2397831277	ed8e1590-62b5-48a8-8654-4ecc13554f57	https://specieslink.net/guid/453/78286	Plantae	Tracheophyta	Polypodiopsida	Polypodiales	Pteridaceae	Pteris	Pteris quadriaurita		SPECIES	Pteris plumula Desv.	Pteris plumula	Desv.	BR	Fazenda do Caetano, Margem esquerda do Rio São Miguel.	Minas Gerais	PRESENT		4265f332-341c-45f6-b30b-5dc2e39b86e8	-20.250278	-45.670833							2002-08-09	9	8	2002	5275391	8292982	PRESERVED_SPECIMEN	UFMG	BHCB-SL	78286	16	Salino, A		CC_BY_4_0	Herbário da UFMG - Samambaias e Licófitas	Melo, PHA de; Viana, PL			2026-06-25T19:56:34.069Z		CONTINENT_DERIVED_FROM_COORDINATES;IDENTIFIED_DATE_INVALID;INSTITUTION_MATCH_NONE
2397831276	ed8e1590-62b5-48a8-8654-4ecc13554f57	https://specieslink.net/guid/453/78588	Plantae	Tracheophyta	Polypodiopsida	Polypodiales	Pteridaceae	Adiantopsis	Adiantopsis perfasciculata		SPECIES	Adiantopsis perfasciculata Sehnem	Adiantopsis perfasciculata	Sehnem	BR	Fazenda Faroeste, Margem direita do Rio São Miguel.	Minas Gerais	PRESENT		4265f332-341c-45f6-b30b-5dc2e39b86e8	-20.251583	-45.662972							2002-12-31	31	12	2002	3750023	3750023	PRESERVED_SPECIMEN	UFMG	BHCB-SL	78588	322	Salino, A		CC_BY_4_0	Herbário da UFMG - Samambaias e Licófitas	Melo, PHA de; Melo Júnior, EA; Melo Júnior, EA		native	2026-06-25T19:56:34.094Z		CONTINENT_DERIVED_FROM_COORDINATES;IDENTIFIED_DATE_INVALID;INSTITUTION_MATCH_NONE
2397831275	ed8e1590-62b5-48a8-8654-4ecc13554f57	https://specieslink.net/guid/453/94762	Plantae	Tracheophyta	Polypodiopsida	Polypodiales	Pteridaceae	Adiantum	Adiantum platyphyllum		SPECIES	Adiantum platyphyllum Sw.	Adiantum platyphyllum	Sw.	BR	Fazenda Faroeste, Margem esquerda do Rio São Miguel.	Minas Gerais	PRESENT		4265f332-341c-45f6-b30b-5dc2e39b86e8	-20.265	-45.670278							2003-05-26	26	5	2003	8197019	8197019	PRESERVED_SPECIMEN	UFMG	BHCB-SL	94762	700	Salino, A		CC_BY_4_0	Herbário da UFMG - Samambaias e Licófitas	Melo, PHA de; Carvalho, FA		native	2026-06-25T19:56:34.049Z		CONTINENT_DERIVED_FROM_COORDINATES;IDENTIFIED_DATE_INVALID;INSTITUTION_MATCH_NONE
2397831274	ed8e1590-62b5-48a8-8654-4ecc13554f57	https://specieslink.net/guid/453/78529	Plantae	Tracheophyta	Polypodiopsida	Polypodiales	Pteridaceae	Hemionitis	Hemionitis tomentosa		SPECIES	Hemionitis tomentosa (Lam.) Raddi	Hemionitis tomentosa	(Lam.) Raddi	BR	Fazenda Amargoso, MG 439 Km 16.	Minas Gerais	PRESENT		4265f332-341c-45f6-b30b-5dc2e39b86e8	-20.387222	-45.649722							2003-12-30	30	12	2003	3748710	3748710	PRESERVED_SPECIMEN	UFMG	BHCB-SL	78529	263	Salino, A		CC_BY_4_0	Herbário da UFMG - Samambaias e Licófitas	Melo, PHA de		native	2026-06-25T19:56:34.166Z		CONTINENT_DERIVED_FROM_COORDINATES;IDENTIFIED_DATE_INVALID;INSTITUTION_MATCH_NONE
2397831273	ed8e1590-62b5-48a8-8654-4ecc13554f57	https://specieslink.net/guid/453/78528	Plantae	Tracheophyta	Polypodiopsida	Polypodiales	Aspleniaceae	Asplenium	Asplenium formosum		SPECIES	Asplenium formosum Willd.	Asplenium formosum	Willd.	BR	Fazenda Amargoso, MG 439 Km 16.	Minas Gerais	PRESENT		4265f332-341c-45f6-b30b-5dc2e39b86e8	-20.387222	-45.649722							2003-12-30	30	12	2003	2650687	2650687	PRESERVED_SPECIMEN	UFMG	BHCB-SL	78528	262	Salino, A		CC_BY_4_0	Herbário da UFMG - Samambaias e Licófitas	Melo, PHA de		native	2026-06-25T19:56:34.384Z		CONTINENT_DERIVED_FROM_COORDINATES;IDENTIFIED_DATE_INVALID;INSTITUTION_MATCH_NONE
2397831272	ed8e1590-62b5-48a8-8654-4ecc13554f57	https://specieslink.net/guid/453/78355	Plantae	Tracheophyta	Polypodiopsida	Polypodiales	Pteridaceae	Adiantopsis	Adiantopsis perfasciculata		SPECIES	Adiantopsis perfasciculata Sehnem	Adiantopsis perfasciculata	Sehnem	BR	Fazenda Faroeste, Margem esquerda do Rio São Miguel.	Minas Gerais	PRESENT		4265f332-341c-45f6-b30b-5dc2e39b86e8	-20.256389	-45.669167							2002-10-04	4	10	2002	3750023	3750023	PRESERVED_SPECIMEN	UFMG	BHCB-SL	78355	87	Salino, A		CC_BY_4_0	Herbário da UFMG - Samambaias e Licófitas	Melo, PHA de; Viana, PL		native	2026-06-25T19:56:34.074Z		CONTINENT_DERIVED_FROM_COORDINATES;IDENTIFIED_DATE_INVALID;INSTITUTION_MATCH_NONE
2397831271	ed8e1590-62b5-48a8-8654-4ecc13554f57	https://specieslink.net/guid/453/78475	Plantae	Tracheophyta	Polypodiopsida	Polypodiales	Pteridaceae	Adiantopsis	Adiantopsis perfasciculata		SPECIES	Adiantopsis perfasciculata Sehnem	Adiantopsis perfasciculata	Sehnem	BR	Fazenda Faroeste, Margem esquerda do Rio São Miguel.	Minas Gerais	PRESENT		4265f332-341c-45f6-b30b-5dc2e39b86e8	-20.256389	-45.669167							2002-11-16	16	11	2002	3750023	3750023	PRESERVED_SPECIMEN	UFMG	BHCB-SL	78475	208	Salino, A		CC_BY_4_0	Herbário da UFMG - Samambaias e Licófitas	Melo, PHA de; Versieux, LM		native	2026-06-25T19:56:34.156Z		CONTINENT_DERIVED_FROM_COORDINATES;IDENTIFIED_DATE_INVALID;INSTITUTION_MATCH_NONE
2397831270	ed8e1590-62b5-48a8-8654-4ecc13554f57	https://specieslink.net/guid/453/78590	Plantae	Tracheophyta	Polypodiopsida	Polypodiales	Pteridaceae	Adiantum	Adiantum deflectens		SPECIES	Adiantum deflectens Mart.	Adiantum deflectens	Mart.	BR	Fazenda Faroeste, Margem direita do Rio São Miguel.	Minas Gerais	PRESENT		4265f332-341c-45f6-b30b-5dc2e39b86e8	-20.251583	-45.662972							2002-12-31	31	12	2002	7335373	7335373	PRESERVED_SPECIMEN	UFMG	BHCB-SL	78590	324	Salino, A		CC_BY_4_0	Herbário da UFMG - Samambaias e Licófitas	Melo, PHA de; Melo Júnior, EA		native	2026-06-25T19:56:34.059Z		CONTINENT_DERIVED_FROM_COORDINATES;IDENTIFIED_DATE_INVALID;INSTITUTION_MATCH_NONE
2382967634	d2470ef8-edfa-4ba7-821e-c3e1a537bdba	https://specieslink.net/guid/220/94000	Plantae	Tracheophyta	Magnoliopsida	Malpighiales	Malpighiaceae	Banisteriopsis	Banisteriopsis muricata		SPECIES	Banisteriopsis muricata (Cav.) Cuatrec.	Banisteriopsis muricata	(Cav.) Cuatrec.	BR	Fazenda Amargoso, MG439, Km16, divisa com Francisco Gonçalves Costa	Minas Gerais	PRESENT		4265f332-341c-45f6-b30b-5dc2e39b86e8	-20.382861	-45.6495							2004-02-16	16	2	2004	3985018	3985018	PRESERVED_SPECIMEN	UFMG	BHCB	94000	1083	Almeida, RF		CC_BY_4_0	Herbário da UFMG - Fanerógamas, Algas e Fungos	Melo, PHA de		native	2026-06-25T20:18:02.261Z		CONTINENT_DERIVED_FROM_COORDINATES;IDENTIFIED_DATE_INVALID;INSTITUTION_MATCH_NONE
2382967621	d2470ef8-edfa-4ba7-821e-c3e1a537bdba	https://specieslink.net/guid/220/88422	Plantae	Tracheophyta	Magnoliopsida	Malpighiales	Malpighiaceae	Hiraea			GENUS	Hiraea Jacq.	Hiraea		BR	Fazenda Amargoso, MG439, KM16	Minas Gerais	PRESENT		4265f332-341c-45f6-b30b-5dc2e39b86e8	-20.384917	-45.649361							2003-12-08	8	12	2003	3191288		PRESERVED_SPECIMEN	UFMG	BHCB	88422	1001			CC_BY_4_0	Herbário da UFMG - Fanerógamas, Algas e Fungos	Melo, PHA de; Santos, GP			2026-06-25T20:18:02.285Z		CONTINENT_DERIVED_FROM_COORDINATES;IDENTIFIED_DATE_INVALID;INSTITUTION_MATCH_NONE
2313593629	d2470ef8-edfa-4ba7-821e-c3e1a537bdba	https://specieslink.net/guid/220/195502	Plantae	Tracheophyta	Magnoliopsida	Asterales	Asteraceae	Dasyphyllum	Dasyphyllum vagans		SPECIES	Dasyphyllum vagans (Gardner) Cabrera	Dasyphyllum vagans	(Gardner) Cabrera	BR	Região do Arrepiado, Fazenda Barreira. Córrego da Barreira.	Minas Gerais	PRESENT		4265f332-341c-45f6-b30b-5dc2e39b86e8	-20.142778	-45.711111							2018-09-08	8	9	2018	5389229	5389229	PRESERVED_SPECIMEN	UFMG	BHCB	195502	6419			CC_BY_4_0	Herbário da UFMG - Fanerógamas, Algas e Fungos	Rezende, SG		native	2026-06-25T20:18:02.245Z		CONTINENT_DERIVED_FROM_COORDINATES;IDENTIFIED_DATE_INVALID;INSTITUTION_MATCH_NONE
2313593628	d2470ef8-edfa-4ba7-821e-c3e1a537bdba	https://specieslink.net/guid/220/195509	Plantae	Tracheophyta	Magnoliopsida	Sapindales	Rutaceae	Esenbeckia	Esenbeckia febrifuga		SPECIES	Esenbeckia febrifuga (A.St.-Hil.) A.Juss. ex Mart.	Esenbeckia febrifuga	(A.St.-Hil.) A.Juss. ex Mart.	BR	Região do Arrepiado, Fazenda Barreira	Minas Gerais	PRESENT		4265f332-341c-45f6-b30b-5dc2e39b86e8	-20.142778	-45.711111							2018-09-08	8	9	2018	8354126	8354126	PRESERVED_SPECIMEN	UFMG	BHCB	195509	6426			CC_BY_4_0	Herbário da UFMG - Fanerógamas, Algas e Fungos	Rezende, SG		native	2026-06-25T20:18:02.292Z		CONTINENT_DERIVED_FROM_COORDINATES;IDENTIFIED_DATE_INVALID;INSTITUTION_MATCH_NONE
2313593603	d2470ef8-edfa-4ba7-821e-c3e1a537bdba	https://specieslink.net/guid/220/195512	Plantae	Tracheophyta	Magnoliopsida	Malpighiales	Phyllanthaceae	Phyllanthus	Phyllanthus robustus		SPECIES	Phyllanthus klotzschianus Müll.Arg.	Phyllanthus klotzschianus	Müll.Arg.	BR	Morro da Água Quente, Mina de Tamanduá	Minas Gerais	PRESENT		4265f332-341c-45f6-b30b-5dc2e39b86e8	-20.134722	-45.701111							2019-02-19	19	2	2019	5381793	5381926	PRESERVED_SPECIMEN	UFMG	BHCB	195512	6429			CC_BY_4_0	Herbário da UFMG - Fanerógamas, Algas e Fungos	Rezende, SG		native	2026-06-25T20:18:02.239Z		CONTINENT_DERIVED_FROM_COORDINATES;IDENTIFIED_DATE_INVALID;INSTITUTION_MATCH_NONE
2313593580	d2470ef8-edfa-4ba7-821e-c3e1a537bdba	https://specieslink.net/guid/220/195505	Plantae	Tracheophyta	Magnoliopsida	Fabales	Fabaceae	Inga	Inga cylindrica		SPECIES	Inga cylindrica (Vell.) Mart.	Inga cylindrica	(Vell.) Mart.	BR	Região do Arrepiado, Fazenda Barreira	Minas Gerais	PRESENT		4265f332-341c-45f6-b30b-5dc2e39b86e8	-20.142778	-45.711111							2018-09-08	8	9	2018	5357876	5357876	PRESERVED_SPECIMEN	UFMG	BHCB	195505	6422			CC_BY_4_0	Herbário da UFMG - Fanerógamas, Algas e Fungos	Rezende, SG		native	2026-06-25T20:18:02.229Z		CONTINENT_DERIVED_FROM_COORDINATES;IDENTIFIED_DATE_INVALID;INSTITUTION_MATCH_NONE
2313593578	d2470ef8-edfa-4ba7-821e-c3e1a537bdba	https://specieslink.net/guid/220/195501	Plantae	Tracheophyta	Magnoliopsida	Sapindales	Anacardiaceae	Tapirira	Tapirira guianensis		SPECIES	Tapirira guianensis Aubl.	Tapirira guianensis	Aubl.	BR	Fazenda Barreira, Região do Arrepiado. Córrego da Barreira.	Minas Gerais	PRESENT		4265f332-341c-45f6-b30b-5dc2e39b86e8	-20.142778	-45.711111							2018-09-08	8	9	2018	7321555	7321555	PRESERVED_SPECIMEN	UFMG	BHCB	195501	6418			CC_BY_4_0	Herbário da UFMG - Fanerógamas, Algas e Fungos	Rezende, SG		native	2026-06-25T20:18:02.191Z		CONTINENT_DERIVED_FROM_COORDINATES;IDENTIFIED_DATE_INVALID;INSTITUTION_MATCH_NONE
2313593573	d2470ef8-edfa-4ba7-821e-c3e1a537bdba	https://specieslink.net/guid/220/195507	Plantae	Tracheophyta	Magnoliopsida	Sapindales	Meliaceae	Trichilia	Trichilia claussenii		SPECIES	Trichilia claussenii C.DC.	Trichilia clausseni	C.DC.	BR	Região do Arrepiado, Fazenda Barreira	Minas Gerais	PRESENT		4265f332-341c-45f6-b30b-5dc2e39b86e8	-20.142778	-45.711111							2018-09-08	8	9	2018	8059494	8059494	PRESERVED_SPECIMEN	UFMG	BHCB	195507	6424			CC_BY_4_0	Herbário da UFMG - Fanerógamas, Algas e Fungos	Rezende, SG		native	2026-06-25T20:18:02.225Z		CONTINENT_DERIVED_FROM_COORDINATES;IDENTIFIED_DATE_INVALID;INSTITUTION_MATCH_NONE;TAXON_MATCH_FUZZY
2313593569	d2470ef8-edfa-4ba7-821e-c3e1a537bdba	https://specieslink.net/guid/220/195510	Plantae	Tracheophyta	Magnoliopsida	Sapindales	Sapindaceae	Serjania	Serjania lethalis		SPECIES	Serjania lethalis A.St.-Hil.	Serjania lethalis	A.St.-Hil.	BR	Região do Arrepiado, Fazenda Barreira	Minas Gerais	PRESENT		4265f332-341c-45f6-b30b-5dc2e39b86e8	-20.142778	-45.711111							2018-09-08	8	9	2018	5577320	5577320	PRESERVED_SPECIMEN	UFMG	BHCB	195510	6427			CC_BY_4_0	Herbário da UFMG - Fanerógamas, Algas e Fungos	Rezende, SG		native	2026-06-25T20:18:02.177Z		CONTINENT_DERIVED_FROM_COORDINATES;IDENTIFIED_DATE_INVALID;INSTITUTION_MATCH_NONE
2313593546	d2470ef8-edfa-4ba7-821e-c3e1a537bdba	https://specieslink.net/guid/220/195504	Plantae	Tracheophyta	Magnoliopsida	Fabales	Fabaceae	Piptadenia	Piptadenia trisperma		SPECIES	Acacia plumosa Colla	Acacia plumosa	Mart. ex Colla	BR	Região do Arrepiado, Fazenda Barreira	Minas Gerais	PRESENT		4265f332-341c-45f6-b30b-5dc2e39b86e8	-20.142778	-45.711111							2018-09-08	8	9	2018	8403642	2951786	PRESERVED_SPECIMEN	UFMG	BHCB	195504	6421			CC_BY_4_0	Herbário da UFMG - Fanerógamas, Algas e Fungos	Rezende, SG			2026-06-25T20:18:02.250Z		CONTINENT_DERIVED_FROM_COORDINATES;IDENTIFIED_DATE_INVALID;INSTITUTION_MATCH_NONE
2313593523	d2470ef8-edfa-4ba7-821e-c3e1a537bdba	https://specieslink.net/guid/220/195511	Plantae	Tracheophyta	Magnoliopsida	Solanales	Solanaceae	Solanum	Solanum granulosoleprosum		SPECIES	Solanum granulosoleprosum Dunal	Solanum granulosoleprosum	Dunal	BR	Região do Arrepiado, Fazenda Barreira	Minas Gerais	PRESENT		4265f332-341c-45f6-b30b-5dc2e39b86e8	-20.142778	-45.711111							2018-09-08	8	9	2018	3799800	3799800	PRESERVED_SPECIMEN	UFMG	BHCB	195511	6428			CC_BY_4_0	Herbário da UFMG - Fanerógamas, Algas e Fungos	Rezende, SG		native	2026-06-25T20:18:02.221Z		CONTINENT_DERIVED_FROM_COORDINATES;IDENTIFIED_DATE_INVALID;INSTITUTION_MATCH_NONE
2313593510	d2470ef8-edfa-4ba7-821e-c3e1a537bdba	https://specieslink.net/guid/220/195506	Plantae	Tracheophyta	Magnoliopsida	Malpighiales	Malpighiaceae	Peixotoa			GENUS	Peixotoa A.Juss.	Peixotoa		BR	Região do Arrepiado, Fazenda Barreira	Minas Gerais	PRESENT		4265f332-341c-45f6-b30b-5dc2e39b86e8	-20.142778	-45.711111							2018-09-08	8	9	2018	7285633		PRESERVED_SPECIMEN	UFMG	BHCB	195506	6423			CC_BY_4_0	Herbário da UFMG - Fanerógamas, Algas e Fungos	Rezende, SG			2026-06-25T20:18:02.188Z		CONTINENT_DERIVED_FROM_COORDINATES;IDENTIFIED_DATE_INVALID;INSTITUTION_MATCH_NONE
2302489694	7fde5656-64fd-4442-ae89-60becebc29a6	4136142	Plantae	Tracheophyta	Magnoliopsida	Solanales	Solanaceae	Solandra	Solandra grandiflora		SPECIES	Solandra grandiflora Sw.	Solandra grandiflora Sw.	Sw.	BR	Fazenda Fricom, Belo Vale.	Minas Gerais	PRESENT		838537fc-4aeb-4980-8b58-97fbdcd1d91a	-20.353611	-45.557222			750.0				2004-04		4	2004	5341822	5341822	PRESERVED_SPECIMEN	UNOP	UNOP	UNOP005941	1020	Stehmann, J.R.		CC_BY_4_0	UNOP	Melo, P.H.A.;Assunção, L.N.			2026-07-01T12:05:40.070Z	StillImage	COORDINATE_ROUNDED;GEODETIC_DATUM_ASSUMED_WGS84;CONTINENT_DERIVED_FROM_COORDINATES;RECORDED_DATE_INVALID;IDENTIFIED_DATE_INVALID;INSTITUTION_MATCH_FUZZY;COLLECTION_MATCH_FUZZY
2284494363	af1b4db0-c8ce-4a95-b700-8a6a02bed9d6	79E2A467-2A52-4802-A5C8-A61210ADFD05	Plantae	Tracheophyta	Magnoliopsida	Asterales	Asteraceae	Senecio	Senecio erubescens		SPECIES	Senecio vernonioides Sch.Bip.	Senecio vernonioides	Sch. Bip.	BR	Parque Vila Velha.	Paraná	PRESENT		253fc67c-c7fb-4c85-88f5-43ac6d9dc8a9	-20.3	-45.6833							1982-09-22	22	9	1982	3109073	7617006	PRESERVED_SPECIMEN	USF	Herb	171411	45468	G. Hatschbach	1982-10-01T00:00:00	CC_BY_4_0		G. Hatschbach			2026-07-13T00:08:25.838Z	StillImage	GEODETIC_DATUM_ASSUMED_WGS84;CONTINENT_DERIVED_FROM_COORDINATES;INSTITUTION_COLLECTION_MISMATCH
2274808034	2e684fd6-09e2-4661-910a-0a188b610c04	https://specieslink.net/guid/204/250494	Plantae	Tracheophyta	Magnoliopsida	Malpighiales	Euphorbiaceae	Bernardia	Bernardia tamanduana		SPECIES	Bernardia tamanduana (Baill.) Müll.Arg.	Bernardia tamanduana	(Baill.) Müll.Arg.	BR	Fazenda Faroeste, margem direita do Rio São Miguel, afloramento da Bocaina.	Minas Gerais	PRESENT		60545be9-4f28-4245-b4b4-07635c8dfa54	-20.266389	-45.660278							2004-08-13	13	8	2004	5378398	5378398	PRESERVED_SPECIMEN	UEFS	HUEFS	250494	1241	J.F.Carrión	2016-08-01T00:00:00	CC_BY_4_0	Herbario da Universidade Estadual de Feira de Santana	Melo, P.H.A.		native	2026-06-26T17:13:43.216Z		CONTINENT_DERIVED_FROM_COORDINATES;INSTITUTION_MATCH_FUZZY;INSTITUTION_COLLECTION_MISMATCH
2274792615	ed8e1590-62b5-48a8-8654-4ecc13554f57	https://specieslink.net/guid/453/87439	Plantae	Tracheophyta	Polypodiopsida	Schizaeales	Anemiaceae	Anemia	Anemia rotundifolia		SPECIES	Anemia rotundifolia Schrad.	Anemia rotundifolia	Schrad.	BR	Fazenda Faroeste, próximo à margem direita do rio São Miguel	Minas Gerais	PRESENT		4265f332-341c-45f6-b30b-5dc2e39b86e8	-20.269111	-45.660639							2004-04-11	11	4	2004	7681163	7681163	PRESERVED_SPECIMEN	UFMG	BHCB-SL	87439	9561	Salino, A		CC_BY_4_0	Herbário da UFMG - Samambaias e Licófitas	Salino, A; Mota, NFO; Melo, PHA de; Viana, PL; Leal, CG; Leite, FSF; Santos, GP		native	2026-06-25T19:56:34.075Z		CONTINENT_DERIVED_FROM_COORDINATES;IDENTIFIED_DATE_INVALID;INSTITUTION_MATCH_NONE
2252465078	d2470ef8-edfa-4ba7-821e-c3e1a537bdba	https://specieslink.net/guid/220/88439	Plantae	Tracheophyta	Magnoliopsida	Sapindales	Sapindaceae	Allophylus	Allophylus semidentatus		SPECIES	Allophylus semidentatus (Miq.) Radlk.	Allophylus semidentatus	(Miq.) Radlk.	BR	Fazenda Amargoso, MG 439 km 16.	Minas Gerais	PRESENT		4265f332-341c-45f6-b30b-5dc2e39b86e8	-20.38085	-45.651222							2004-12-29	29	12	2004	7264789	7724402	PRESERVED_SPECIMEN	UFMG	BHCB	88439	1183	Melo, PHA de		CC_BY_4_0	Herbário da UFMG - Fanerógamas, Algas e Fungos	Melo, PHA de		native	2026-06-25T20:18:05.257Z		CONTINENT_DERIVED_FROM_COORDINATES;IDENTIFIED_DATE_INVALID;INSTITUTION_MATCH_NONE
2252465074	d2470ef8-edfa-4ba7-821e-c3e1a537bdba	https://specieslink.net/guid/220/85679	Plantae	Tracheophyta	Magnoliopsida	Lamiales	Plantaginaceae	Stemodia	Stemodia verticillata		SPECIES	Stemodia verticillata (Mill.) Hassl.	Stemodia verticillata	(Mill.) Hassl.	BR	Fazenda Faroeste, Margem esquerda do Rio São Miguel	Minas Gerais	PRESENT		4265f332-341c-45f6-b30b-5dc2e39b86e8	-20.255556	-45.67							2003-08-10	10	8	2003	3171751	3171751	PRESERVED_SPECIMEN	UFMG	BHCB	85679	817			CC_BY_4_0	Herbário da UFMG - Fanerógamas, Algas e Fungos	Melo, PHA de; Santos, GP		native	2026-06-25T20:18:01.404Z		CONTINENT_DERIVED_FROM_COORDINATES;IDENTIFIED_DATE_INVALID;INSTITUTION_MATCH_NONE
2252465072	d2470ef8-edfa-4ba7-821e-c3e1a537bdba	https://specieslink.net/guid/220/88418	Plantae	Tracheophyta	Magnoliopsida	Lamiales	Plantaginaceae	Stemodia	Stemodia verticillata		SPECIES	Stemodia verticillata (Mill.) Hassl.	Stemodia verticillata	(Mill.) Hassl.	BR	Fazenda Faroeste, Fazenda faroeste, margem direita do Rio São Miguel.	Minas Gerais	PRESENT		4265f332-341c-45f6-b30b-5dc2e39b86e8	-20.257236	-45.663622							2004-01-02	2	1	2004	3171751	3171751	PRESERVED_SPECIMEN	UFMG	BHCB	88418	1057			CC_BY_4_0	Herbário da UFMG - Fanerógamas, Algas e Fungos	Melo, PHA de; Silva, WO		native	2026-06-25T20:18:01.389Z		CONTINENT_DERIVED_FROM_COORDINATES;IDENTIFIED_DATE_INVALID;INSTITUTION_MATCH_NONE
2242465797	af1b4db0-c8ce-4a95-b700-8a6a02bed9d6	CF9EB8F8-F9EB-42A6-8298-AB67530C3EE8	Plantae	Tracheophyta	Magnoliopsida	Myrtales	Lythraceae	Lagerstroemia			GENUS	Lagerstroemia L.	Lagerstroemia pacari	A. St.-Hil.	BR	Ca. 20 km (straight line) ENE of Barra do Garcas.	Mato Grosso	PRESENT		253fc67c-c7fb-4c85-88f5-43ac6d9dc8a9	-20.1833	-45.6667			460.0				1973-05-06	6	5	1973	3188723		PRESERVED_SPECIMEN	USF	Herb	190196	9847	A. Lourteig	1985-01-01T00:00:00	CC_BY_4_0		W. R. Anderson			2026-07-13T00:08:25.509Z	StillImage	GEODETIC_DATUM_ASSUMED_WGS84;CONTINENT_DERIVED_FROM_COORDINATES;INSTITUTION_COLLECTION_MISMATCH;TAXON_MATCH_HIGHERRANK
2236797514	1bb3cae3-b91f-4109-8a2d-a1f05f2d6fd3	https://specieslink.net/guid/7/164400	Plantae	Tracheophyta	Magnoliopsida	Lamiales	Lamiaceae	Cantinoa	Cantinoa mutabilis		SPECIES	Cantinoa mutabilis (Rich.) Harley & J.F.B.Pastore	Cantinoa mutabilis	(Rich.) Harley & J.F.B.Pastore	BR		Minas Gerais	PRESENT		76dbcb10-efc5-4d5f-87a5-bcd409fc92c8	-20.251583	-45.662972			750.0	50.0			2003-04-22	22	4	2003	7471562	7471562	PRESERVED_SPECIMEN	USP-IB	SPF	164400	604	Silva-Luz, CL	2015-01-01T00:00:00	CC_BY_4_0	Herbário da Universidade de São Paulo	Melo, PHA		native	2026-06-26T20:38:18.170Z		CONTINENT_DERIVED_FROM_COORDINATES;INSTITUTION_MATCH_NONE
2013095930	d2470ef8-edfa-4ba7-821e-c3e1a537bdba	https://specieslink.net/guid/220/88393	Plantae	Tracheophyta	Magnoliopsida	Malpighiales	Euphorbiaceae	Croton	Croton rottlerifolius		SPECIES	Croton rottlerifolius Baill.	Croton rottlerifolius	Baill.	BR	Fazenda Amargoso, MG-439 Km16	Minas Gerais	PRESENT		4265f332-341c-45f6-b30b-5dc2e39b86e8	-20.382083	-45.651167							2003-12-08	8	12	2003	3059834	3059834	PRESERVED_SPECIMEN	UFMG	BHCB	88393	984			CC_BY_4_0	Herbário da UFMG - Fanerógamas, Algas e Fungos	Melo, PHA de; Santos, GP		native	2026-06-25T20:18:00.866Z		CONTINENT_DERIVED_FROM_COORDINATES;IDENTIFIED_DATE_INVALID;INSTITUTION_MATCH_NONE
1993815674	d2470ef8-edfa-4ba7-821e-c3e1a537bdba	https://specieslink.net/guid/220/82048	Plantae	Tracheophyta	Liliopsida	Asparagales	Orchidaceae	Trichocentrum	Trichocentrum cebolleta		SPECIES	Oncidium cebolleta (Jacq.) Sw.	Oncidium cebolleta	(Jacq.) Sw.	BR	Fazenda Faroeste, margem esquerda do rio São Miguel	Minas Gerais	PRESENT		4265f332-341c-45f6-b30b-5dc2e39b86e8	-20.256389	-45.669167							2003-05-26	26	5	2003	5324549	2846478	PRESERVED_SPECIMEN	UFMG	BHCB	82048	648	Viana, PL		CC_BY_4_0	Herbário da UFMG - Fanerógamas, Algas e Fungos	Melo, PHA de; Carvalho, FA; Ranieri, BD; Souza, DT; Lana, TC			2026-06-25T20:18:00.377Z		CONTINENT_DERIVED_FROM_COORDINATES;IDENTIFIED_DATE_INVALID;INSTITUTION_MATCH_NONE
1993815673	d2470ef8-edfa-4ba7-821e-c3e1a537bdba	https://specieslink.net/guid/220/78331	Plantae	Tracheophyta	Liliopsida	Asparagales	Orchidaceae	Trichocentrum	Trichocentrum pumilum		SPECIES	Oncidium pumilum Lindl.	Oncidium pumilum	Lindl.	BR	Fazenda Faroeste, Margem esquerda do rio São Miguel	Minas Gerais	PRESENT		4265f332-341c-45f6-b30b-5dc2e39b86e8	-20.256389	-45.669167							2002-10-04	4	10	2002	5324558	2846498	PRESERVED_SPECIMEN	UFMG	BHCB	78331	62	Lombardi, JA		CC_BY_4_0	Herbário da UFMG - Fanerógamas, Algas e Fungos	Melo, PHA de; Viana, PL			2026-06-25T20:18:00.481Z		CONTINENT_DERIVED_FROM_COORDINATES;IDENTIFIED_DATE_INVALID;INSTITUTION_MATCH_NONE
1986494116	2e684fd6-09e2-4661-910a-0a188b610c04	https://specieslink.net/guid/204/245464	Plantae	Tracheophyta	Magnoliopsida	Cucurbitales	Begoniaceae	Begonia	Begonia cucullata		SPECIES	Begonia cucullata Willd.	Begonia cucullata	Willd.	BR	Fazenda Amargoso, MG 439 Km 16.	Minas Gerais	PRESENT		60545be9-4f28-4245-b4b4-07635c8dfa54	-20.381111	-45.661944			700.0	0.0			2004-04-08	8	4	2004	2874717	2874717	PRESERVED_SPECIMEN	UEFS	HUEFS	245464	1149	Freitas-Filho,E.A.	2026-05-01T00:00:00	CC_BY_4_0	Herbario da Universidade Estadual de Feira de Santana	Melo, P.H.A.		native	2026-06-26T17:13:43.164Z		CONTINENT_DERIVED_FROM_COORDINATES;INSTITUTION_MATCH_FUZZY;INSTITUTION_COLLECTION_MISMATCH
1986493938	2e684fd6-09e2-4661-910a-0a188b610c04	https://specieslink.net/guid/204/245462	Plantae	Tracheophyta	Magnoliopsida	Cucurbitales	Begoniaceae	Begonia	Begonia fischeri		SPECIES	Begonia fischeri Schrank	Begonia fischeri	Schrank	BR	Nascentes do Rio São Miguel, Região do Timburé.	Minas Gerais	PRESENT		60545be9-4f28-4245-b4b4-07635c8dfa54	-20.407778	-45.6625							2007-02-26	26	2	2007	7303483	7303483	PRESERVED_SPECIMEN	UEFS	HUEFS	245462	2413			CC_BY_4_0	Herbario da Universidade Estadual de Feira de Santana	Melo, P.H.A.		native	2026-06-26T17:13:42.990Z		CONTINENT_DERIVED_FROM_COORDINATES;INSTITUTION_MATCH_FUZZY;INSTITUTION_COLLECTION_MISMATCH
1986493936	2e684fd6-09e2-4661-910a-0a188b610c04	https://specieslink.net/guid/204/245461	Plantae	Tracheophyta	Magnoliopsida	Cucurbitales	Begoniaceae	Begonia	Begonia cucullata		SPECIES	Begonia cucullata Willd.	Begonia cucullata	Willd.	BR	Fazenda Faroeste, margem esquerda do Rio São Miguel.	Minas Gerais	PRESENT		60545be9-4f28-4245-b4b4-07635c8dfa54	-20.2625	-45.670833							2005-12-29	29	12	2005	2874717	2874717	PRESERVED_SPECIMEN	UEFS	HUEFS	245461	1425	Freitas-Filho,E.A.	2026-05-01T00:00:00	CC_BY_4_0	Herbario da Universidade Estadual de Feira de Santana	Melo, P.H.A.		native	2026-06-26T17:13:43.249Z		CONTINENT_DERIVED_FROM_COORDINATES;INSTITUTION_MATCH_FUZZY;INSTITUTION_COLLECTION_MISMATCH
1986493931	2e684fd6-09e2-4661-910a-0a188b610c04	https://specieslink.net/guid/204/245459	Plantae	Tracheophyta	Magnoliopsida	Cucurbitales	Begoniaceae	Begonia	Begonia cucullata		SPECIES	Begonia cucullata Willd.	Begonia cucculata	Willd.	BR	Região do Córrego Barreado, afloramentos entremeados por cursos d'água.	Minas Gerais	PRESENT		60545be9-4f28-4245-b4b4-07635c8dfa54	-20.339722	-45.615833							2006-04-22	22	4	2006	2874717	2874717	PRESERVED_SPECIMEN	UEFS	HUEFS	245459	1525	Freitas-Filho,E.A.	2026-05-01T00:00:00	CC_BY_4_0	Herbario da Universidade Estadual de Feira de Santana	Melo, P.H.A.			2026-06-26T17:13:42.976Z		CONTINENT_DERIVED_FROM_COORDINATES;INSTITUTION_MATCH_FUZZY;INSTITUTION_COLLECTION_MISMATCH;TAXON_MATCH_FUZZY
1986493929	2e684fd6-09e2-4661-910a-0a188b610c04	https://specieslink.net/guid/204/245463	Plantae	Tracheophyta	Magnoliopsida	Cucurbitales	Begoniaceae	Begonia	Begonia cucullata		SPECIES	Begonia cucullata Willd.	Begonia cucullata	Willd.	BR	Fazenda Amargoso, MG 439 Km 16.	Minas Gerais	PRESENT		60545be9-4f28-4245-b4b4-07635c8dfa54	-20.381111	-45.661944			700.0	0.0			2004-04-08	8	4	2004	2874717	2874717	PRESERVED_SPECIMEN	UEFS	HUEFS	245463	1125	Freitas-Filho,E.A.	2026-05-01T00:00:00	CC_BY_4_0	Herbario da Universidade Estadual de Feira de Santana	Melo, P.H.A.		native	2026-06-26T17:13:42.894Z		CONTINENT_DERIVED_FROM_COORDINATES;INSTITUTION_MATCH_FUZZY;INSTITUTION_COLLECTION_MISMATCH
1986493912	2e684fd6-09e2-4661-910a-0a188b610c04	https://specieslink.net/guid/204/245418	Plantae	Tracheophyta	Magnoliopsida	Malpighiales	Violaceae	Pombalia	Pombalia atropurpurea		SPECIES	Pombalia atropurpurea (A.St.-Hil.) Paula-Souza	Pombalia atropurpurea	(A.St.Hil.) Paula-Souza	BR	Fazenda Faroeste, margem esquerda do Rio São Miguel.	Minas Gerais	PRESENT		60545be9-4f28-4245-b4b4-07635c8dfa54	-20.256389	-45.669167							2003-03-06	6	3	2003	8049834	8049834	PRESERVED_SPECIMEN	UEFS	HUEFS	245418	90	J.F.C.Oliveira	2018-12-01T00:00:00	CC_BY_4_0	Herbario da Universidade Estadual de Feira de Santana	Melo, P.H.A.		native	2026-06-26T17:13:43.029Z		CONTINENT_DERIVED_FROM_COORDINATES;INSTITUTION_MATCH_FUZZY;INSTITUTION_COLLECTION_MISMATCH
1986493871	2e684fd6-09e2-4661-910a-0a188b610c04	https://specieslink.net/guid/204/245380	Plantae	Tracheophyta	Magnoliopsida	Lamiales	Verbenaceae	Petrea	Petrea volubilis		SPECIES	Petrea volubilis L.	Petrea volubilis	L.	BR	Nascente do Rio São Miguel, Região do Onça.	Minas Gerais	PRESENT		60545be9-4f28-4245-b4b4-07635c8dfa54	-20.431389	-45.619167							2006-11-25	25	11	2006	2925536	2925536	PRESERVED_SPECIMEN	UEFS	HUEFS	245380	2436			CC_BY_4_0	Herbario da Universidade Estadual de Feira de Santana	Melo, P.H.A.		native	2026-06-26T17:14:04.273Z		CONTINENT_DERIVED_FROM_COORDINATES;INSTITUTION_MATCH_FUZZY;INSTITUTION_COLLECTION_MISMATCH
1986493497	2e684fd6-09e2-4661-910a-0a188b610c04	https://specieslink.net/guid/204/243076	Plantae	Tracheophyta	Magnoliopsida	Fabales	Fabaceae	Calopogonium	Calopogonium caeruleum		SPECIES	Calopogonium caeruleum (Benth.) C.Wright	Calopogonium caeruleum	(Benth.) C.Wright	BR	Fazenda Faroeste, margem direita do Rio São Miguel.	Minas Gerais	PRESENT		60545be9-4f28-4245-b4b4-07635c8dfa54	-20.266389	-45.660556			750.0	50.0			2003-04-22	22	4	2003	7661174	7661174	PRESERVED_SPECIMEN	UEFS	HUEFS	243076	612	L.P.Queiroz	2022-10-01T00:00:00	CC_BY_4_0	Herbario da Universidade Estadual de Feira de Santana	Melo, P.H.A.		native	2026-06-26T17:13:42.891Z		CONTINENT_DERIVED_FROM_COORDINATES;INSTITUTION_MATCH_FUZZY;INSTITUTION_COLLECTION_MISMATCH
1986493486	2e684fd6-09e2-4661-910a-0a188b610c04	https://specieslink.net/guid/204/243063	Plantae	Tracheophyta	Magnoliopsida	Fabales	Fabaceae	Centrosema	Centrosema brasilianum		SPECIES	Centrosema brasilianum (L.) Benth.	Centrosema brasilianum	(L.) Benth.	BR	Fazenda Faroeste, margem direita do Rio São Miguel..	Minas Gerais	PRESENT		60545be9-4f28-4245-b4b4-07635c8dfa54	-20.266389	-45.660556							2005-01-07	7	1	2005	2964988	2964988	PRESERVED_SPECIMEN	UEFS	HUEFS	243063	1414	L.P.Queiroz	2021-08-01T00:00:00	CC_BY_4_0	Herbario da Universidade Estadual de Feira de Santana	Melo, P.H.A.		native	2026-06-26T17:14:03.922Z		CONTINENT_DERIVED_FROM_COORDINATES;INSTITUTION_MATCH_FUZZY;INSTITUTION_COLLECTION_MISMATCH
1978403268	1bb3cae3-b91f-4109-8a2d-a1f05f2d6fd3	https://specieslink.net/guid/7/160219	Plantae	Tracheophyta	Magnoliopsida	Solanales	Solanaceae	Solanum	Solanum alternatopinnatum		SPECIES	Solanum alternatopinnatum Steud.	Solanum alternatopinnatum	Steud.	BR		Minas Gerais	PRESENT		76dbcb10-efc5-4d5f-87a5-bcd409fc92c8	-20.387222	-45.649722							2003-03-22	22	3	2003	2929017	2929017	PRESERVED_SPECIMEN	USP-IB	SPF	160219	506	Barros, A	2003-04-01T00:00:00	CC_BY_4_0	Herbário da Universidade de São Paulo	Melo, PHA		native	2026-06-26T20:38:33.028Z		CONTINENT_DERIVED_FROM_COORDINATES;INSTITUTION_MATCH_NONE
1949968041	2e684fd6-09e2-4661-910a-0a188b610c04	https://specieslink.net/guid/204/245340	Plantae	Tracheophyta	Magnoliopsida	Fabales	Fabaceae	Dahlstedtia	Dahlstedtia muehlbergiana		SPECIES	Dahlstedtia muehlbergiana (Hassl.) M.J.Silva & A.M.G.Azevedo	Dahlstedtia muehlbergiana	(Hassl.) M.J.Silva & A.M.G. Azevedo	BR	Fazenda Posse Grande, proximidades da CSN.	Minas Gerais	PRESENT		60545be9-4f28-4245-b4b4-07635c8dfa54	-20.335556	-45.5875							2006-10		10	2006	8359138	8359138	PRESERVED_SPECIMEN	UEFS	HUEFS	245340	2460	L.P.de Queiroz	2018-12-01T00:00:00	CC_BY_4_0	Herbario da Universidade Estadual de Feira de Santana	Melo, P.H.A.		native	2026-06-26T17:13:42.886Z		CONTINENT_DERIVED_FROM_COORDINATES;INSTITUTION_MATCH_FUZZY;INSTITUTION_COLLECTION_MISMATCH
1949968040	2e684fd6-09e2-4661-910a-0a188b610c04	https://specieslink.net/guid/204/245344	Plantae	Tracheophyta	Magnoliopsida	Fabales	Fabaceae	Lonchocarpus	Lonchocarpus cultratus		SPECIES	Lonchocarpus cultratus (Vell.) A.M.G.Azevedo & H.C.Lima	Lonchocarpus cultratus	(Vell.) A.M.G.Azevedo & H.C.Lima	BR	Morro do Marruá, afloramentos marginais à estrada de terra Pains-Arcos.	Minas Gerais	PRESENT		60545be9-4f28-4245-b4b4-07635c8dfa54	-20.364722	-45.67			676.0	0.0			2005-12-29	29	12	2005	3908683	3908683	PRESERVED_SPECIMEN	UEFS	HUEFS	245344	1405	L.P.de Queiroz	2018-12-01T00:00:00	CC_BY_4_0	Herbario da Universidade Estadual de Feira de Santana	Melo, P.H.A.		native	2026-06-26T17:13:42.945Z		CONTINENT_DERIVED_FROM_COORDINATES;INSTITUTION_MATCH_FUZZY;INSTITUTION_COLLECTION_MISMATCH
1949968038	2e684fd6-09e2-4661-910a-0a188b610c04	https://specieslink.net/guid/204/245347	Plantae	Tracheophyta	Magnoliopsida	Fabales	Fabaceae	Inga	Inga marginata		SPECIES	Inga marginata Willd.	Inga marginata	Willd.	BR	Fazenda Posse Grande, proximidades da CSN.	Minas Gerais	PRESENT		60545be9-4f28-4245-b4b4-07635c8dfa54	-20.335556	-45.5875							2006-10		10	2006	7546887	7546887	PRESERVED_SPECIMEN	UEFS	HUEFS	245347	2445	L.P.de Queiroz	2018-12-01T00:00:00	CC_BY_4_0	Herbario da Universidade Estadual de Feira de Santana	Melo, P.H.A.		native	2026-06-26T17:13:42.873Z		CONTINENT_DERIVED_FROM_COORDINATES;INSTITUTION_MATCH_FUZZY;INSTITUTION_COLLECTION_MISMATCH
1949968036	2e684fd6-09e2-4661-910a-0a188b610c04	https://specieslink.net/guid/204/245348	Plantae	Tracheophyta	Magnoliopsida	Fabales	Fabaceae	Centrolobium	Centrolobium tomentosum		SPECIES	Centrolobium tomentosum Guill. ex Benth.	Centrolobium tomentosum	Guill. ex Benth.	BR	Fazenda Faroeste, margem direita do Rio São Miguel.	Minas Gerais	PRESENT		60545be9-4f28-4245-b4b4-07635c8dfa54	-20.266389	-45.660556							2006-04-21	21	4	2006	2945575	2945575	PRESERVED_SPECIMEN	UEFS	HUEFS	245348	1523	L.P.de Queiroz	2018-12-01T00:00:00	CC_BY_4_0	Herbario da Universidade Estadual de Feira de Santana	Melo, P.H.A.			2026-06-26T17:13:42.849Z		CONTINENT_DERIVED_FROM_COORDINATES;INSTITUTION_MATCH_FUZZY;INSTITUTION_COLLECTION_MISMATCH
1949968033	2e684fd6-09e2-4661-910a-0a188b610c04	https://specieslink.net/guid/204/245351	Plantae	Tracheophyta	Magnoliopsida	Fabales	Fabaceae	Calliandra	Calliandra foliolosa		SPECIES	Calliandra foliolosa Benth.	Calliandra foliolosa	Benth.	BR	Fazenda Faroeste, margem direita do Rio São Miguel.	Minas Gerais	PRESENT		60545be9-4f28-4245-b4b4-07635c8dfa54	-20.266389	-45.660556							2006-10-14	14	10	2006	2981801	2981801	PRESERVED_SPECIMEN	UEFS	HUEFS	245351	1728	L.P.de Queiroz	2018-12-01T00:00:00	CC_BY_4_0	Herbario da Universidade Estadual de Feira de Santana	Melo, P.H.A.		native	2026-06-26T17:13:42.892Z		CONTINENT_DERIVED_FROM_COORDINATES;INSTITUTION_MATCH_FUZZY;INSTITUTION_COLLECTION_MISMATCH
1949968027	2e684fd6-09e2-4661-910a-0a188b610c04	https://specieslink.net/guid/204/245356	Plantae	Tracheophyta	Magnoliopsida	Fabales	Fabaceae	Senegalia	Senegalia tenuifolia		SPECIES	Senegalia tenuifolia (L.) Britton & Rose	Senegalia tenuifolia	(L.) Britton & Rose	BR	Fazenda Faroeste, margem direita do Rio São Miguel.	Minas Gerais	PRESENT		60545be9-4f28-4245-b4b4-07635c8dfa54	-20.266389	-45.660556							2006-04-21	21	4	2006	2979126	2979126	PRESERVED_SPECIMEN	UEFS	HUEFS	245356	1519			CC_BY_4_0	Herbario da Universidade Estadual de Feira de Santana	Melo, P.H.A.		native	2026-06-26T17:13:42.907Z		CONTINENT_DERIVED_FROM_COORDINATES;INSTITUTION_MATCH_FUZZY;INSTITUTION_COLLECTION_MISMATCH
1949968025	2e684fd6-09e2-4661-910a-0a188b610c04	https://specieslink.net/guid/204/245349	Plantae	Tracheophyta	Magnoliopsida	Fabales	Fabaceae	Senegalia			GENUS	Senegalia Raf.	Senegalia		BR	Fazenda Posse Grande, proximidades da CSN.	Minas Gerais	PRESENT		60545be9-4f28-4245-b4b4-07635c8dfa54	-20.335556	-45.5875							2006-10		10	2006	7989631		PRESERVED_SPECIMEN	UEFS	HUEFS	245349	2444			CC_BY_4_0	Herbario da Universidade Estadual de Feira de Santana	Melo, P.H.A.			2026-06-26T17:13:42.866Z		CONTINENT_DERIVED_FROM_COORDINATES;INSTITUTION_MATCH_FUZZY;INSTITUTION_COLLECTION_MISMATCH
1949968021	2e684fd6-09e2-4661-910a-0a188b610c04	https://specieslink.net/guid/204/245341	Plantae	Tracheophyta	Magnoliopsida	Fabales	Fabaceae	Dahlstedtia	Dahlstedtia muehlbergiana		SPECIES	Dahlstedtia muehlbergiana (Hassl.) M.J.Silva & A.M.G.Azevedo	Dahlstedtia muehlbergiana	(Hassl.) M.J.Silva & A.M.G. Azevedo	BR	Fazenda Amargosa, MG 439 Km 16.	Minas Gerais	PRESENT		60545be9-4f28-4245-b4b4-07635c8dfa54	-20.381111	-45.661944							2003-04-16	16	4	2003	8359138	8359138	PRESERVED_SPECIMEN	UEFS	HUEFS	245341	575	L.P.de Queiroz	2018-12-01T00:00:00	CC_BY_4_0	Herbario da Universidade Estadual de Feira de Santana	Melo, P.H.A.		native	2026-06-26T17:13:42.818Z		CONTINENT_DERIVED_FROM_COORDINATES;INSTITUTION_MATCH_FUZZY;INSTITUTION_COLLECTION_MISMATCH
1949968012	2e684fd6-09e2-4661-910a-0a188b610c04	https://specieslink.net/guid/204/245350	Plantae	Tracheophyta	Magnoliopsida	Fabales	Fabaceae	Lonchocarpus	Lonchocarpus cultratus		SPECIES	Lonchocarpus cultratus (Vell.) A.M.G.Azevedo & H.C.Lima	Lonchocarpus cultratus	(Vell.) A.M.G.Azevedo & H.C.Lima	BR	Região do Corumbá, proximidades da CSN.	Minas Gerais	PRESENT		60545be9-4f28-4245-b4b4-07635c8dfa54	-20.335556	-45.5875							2006-12-20	20	12	2006	3908683	3908683	PRESERVED_SPECIMEN	UEFS	HUEFS	245350	1782	L.P.de Queiroz	2018-12-01T00:00:00	CC_BY_4_0	Herbario da Universidade Estadual de Feira de Santana	Melo, P.H.A.		native	2026-06-26T17:13:43.084Z		CONTINENT_DERIVED_FROM_COORDINATES;INSTITUTION_MATCH_FUZZY;INSTITUTION_COLLECTION_MISMATCH
1949968009	2e684fd6-09e2-4661-910a-0a188b610c04	https://specieslink.net/guid/204/245345	Plantae	Tracheophyta	Magnoliopsida	Fabales	Fabaceae	Albizia	Pseudalbizzia niopoides		SPECIES	Pseudalbizzia niopoides (Spruce ex Benth.) E.J.M.Koenen & Duno	Pseudalbizzia niopoides var. niopoides		BR	Fazenda Faroeste, margem direita do Rio São Miguel.	Minas Gerais	PRESENT		60545be9-4f28-4245-b4b4-07635c8dfa54	-20.266389	-45.660556							2006-04-21	21	4	2006	12075529	12075529	PRESERVED_SPECIMEN	UEFS	HUEFS	245345	1518	L.P.de Queiroz	2018-12-01T00:00:00	CC_BY_4_0	Herbario da Universidade Estadual de Feira de Santana	Melo, P.H.A.		native	2026-06-26T17:13:42.928Z		CONTINENT_DERIVED_FROM_COORDINATES;INSTITUTION_MATCH_FUZZY;INSTITUTION_COLLECTION_MISMATCH;TAXON_MATCH_HIGHERRANK
1949967910	2e684fd6-09e2-4661-910a-0a188b610c04	https://specieslink.net/guid/204/245346	Plantae	Tracheophyta	Magnoliopsida	Fabales	Fabaceae	Calliandra	Calliandra foliolosa		SPECIES	Calliandra foliolosa Benth.	Calliandra foliolosa	Benth.	BR	Nascentes do Rio São Miguel, Região do Onça.	Minas Gerais	PRESENT		60545be9-4f28-4245-b4b4-07635c8dfa54	-20.431389	-45.619167							2006-11-25	25	11	2006	2981801	2981801	PRESERVED_SPECIMEN	UEFS	HUEFS	245346	2441	L.P.de Queiroz	2018-12-01T00:00:00	CC_BY_4_0	Herbario da Universidade Estadual de Feira de Santana	Melo, P.H.A.		native	2026-06-26T17:13:42.887Z		CONTINENT_DERIVED_FROM_COORDINATES;INSTITUTION_MATCH_FUZZY;INSTITUTION_COLLECTION_MISMATCH
1949967905	2e684fd6-09e2-4661-910a-0a188b610c04	https://specieslink.net/guid/204/245352	Plantae	Tracheophyta	Magnoliopsida	Fabales	Fabaceae	Machaerium	Machaerium scleroxylon		SPECIES	Machaerium scleroxylon Tul.	Machaerium scleroxylon	Tul.	BR	Fazenda Amargosa, MG 439 Km 16, divisa com Francisco Gonçalves Costa.	Minas Gerais	PRESENT		60545be9-4f28-4245-b4b4-07635c8dfa54	-20.381111	-45.661944			700.0	0.0			2004-02-16	16	2	2004	5355040	5355040	PRESERVED_SPECIMEN	UEFS	HUEFS	245352	1088	L.P.de Queiroz	2018-12-01T00:00:00	CC_BY_4_0	Herbario da Universidade Estadual de Feira de Santana	Melo, P.H.A.		native	2026-06-26T17:13:42.816Z		CONTINENT_DERIVED_FROM_COORDINATES;INSTITUTION_MATCH_FUZZY;INSTITUTION_COLLECTION_MISMATCH
1949967904	2e684fd6-09e2-4661-910a-0a188b610c04	https://specieslink.net/guid/204/245338	Plantae	Tracheophyta	Magnoliopsida	Fabales	Fabaceae	Anadenanthera	Anadenanthera colubrina	cebil	VARIETY	Anadenanthera colubrina var. cebil (Griseb.) Altschul	Anadenanthera colubrina var. cebil	(Griseb.) Altschul	BR	Fazenda Amargosa, MG 439 Km 16.	Minas Gerais	PRESENT		60545be9-4f28-4245-b4b4-07635c8dfa54	-20.381111	-45.661944			750.0	0.0			2003-10-28	28	10	2003	2952829	2952823	PRESERVED_SPECIMEN	UEFS	HUEFS	245338	919	L.P.de Queiroz	2018-12-01T00:00:00	CC_BY_4_0	Herbario da Universidade Estadual de Feira de Santana	Melo, P.H.A.		native	2026-06-26T17:13:43.096Z		CONTINENT_DERIVED_FROM_COORDINATES;INSTITUTION_MATCH_FUZZY;INSTITUTION_COLLECTION_MISMATCH
1949967897	2e684fd6-09e2-4661-910a-0a188b610c04	https://specieslink.net/guid/204/245343	Plantae	Tracheophyta	Magnoliopsida	Fabales	Fabaceae	Deguelia	Deguelia costata		SPECIES	Deguelia costata (Benth.) A.M.G.Azevedo & R.A.Camargo	Deguelia costata	(Benth.) A.M.G.Azevedo & R.A.Camargo	BR	Fazenda Faroeste, margem direita do Rio São Miguel.	Minas Gerais	PRESENT		60545be9-4f28-4245-b4b4-07635c8dfa54	-20.266389	-45.660556							2006-04-21	21	4	2006	4929062	4929062	PRESERVED_SPECIMEN	UEFS	HUEFS	245343	1520	L.P.de Queiroz	2018-12-01T00:00:00	CC_BY_4_0	Herbario da Universidade Estadual de Feira de Santana	Melo, P.H.A.		native	2026-06-26T17:13:42.883Z		CONTINENT_DERIVED_FROM_COORDINATES;INSTITUTION_MATCH_FUZZY;INSTITUTION_COLLECTION_MISMATCH
1949967798	2e684fd6-09e2-4661-910a-0a188b610c04	https://specieslink.net/guid/204/245342	Plantae	Tracheophyta	Magnoliopsida	Fabales	Fabaceae	Dahlstedtia	Dahlstedtia muehlbergiana		SPECIES	Dahlstedtia muehlbergiana (Hassl.) M.J.Silva & A.M.G.Azevedo	Dahlstedtia muehlbergiana	(Hassl.) M.J.Silva & A.M.G. Azevedo	BR	Fazenda Posse Grande, proximidades da CSN.	Minas Gerais	PRESENT		60545be9-4f28-4245-b4b4-07635c8dfa54	-20.335556	-45.5875							2006-11		11	2006	8359138	8359138	PRESERVED_SPECIMEN	UEFS	HUEFS	245342	2486	L.P.de Queiroz	2018-12-01T00:00:00	CC_BY_4_0	Herbario da Universidade Estadual de Feira de Santana	Melo, P.H.A.		native	2026-06-26T17:14:03.214Z		CONTINENT_DERIVED_FROM_COORDINATES;INSTITUTION_MATCH_FUZZY;INSTITUTION_COLLECTION_MISMATCH
1949967797	2e684fd6-09e2-4661-910a-0a188b610c04	https://specieslink.net/guid/204/245339	Plantae	Tracheophyta	Magnoliopsida	Fabales	Fabaceae	Calliandra	Calliandra foliolosa		SPECIES	Calliandra foliolosa Benth.	Calliandra foliolosa	Benth.	BR	Fazenda Faroeste, margem direita do Rio São Miguel.	Minas Gerais	PRESENT		60545be9-4f28-4245-b4b4-07635c8dfa54	-20.266389	-45.660556			750.0	0.0			2006-10-14	14	10	2006	2981801	2981801	PRESERVED_SPECIMEN	UEFS	HUEFS	245339	1724	L.P.de Queiroz	2018-12-01T00:00:00	CC_BY_4_0	Herbario da Universidade Estadual de Feira de Santana	Melo, P.H.A.		native	2026-06-26T17:13:43.084Z		CONTINENT_DERIVED_FROM_COORDINATES;INSTITUTION_MATCH_FUZZY;INSTITUTION_COLLECTION_MISMATCH
1949967767	2e684fd6-09e2-4661-910a-0a188b610c04	https://specieslink.net/guid/204/245321	Plantae	Tracheophyta	Liliopsida	Poales	Poaceae	Setaria	Setaria parviflora		SPECIES	Cenchrus polystachios (L.) Morrone	Cenchrus polystachios	(L.) Morrone	BR	Fazenda Faroeste, margem direita do Rio São Miguel.	Minas Gerais	PRESENT		60545be9-4f28-4245-b4b4-07635c8dfa54	-20.251667	-45.663056							2003-04-07	7	4	2003	5828207	5289679	PRESERVED_SPECIMEN	UEFS	HUEFS	245321	536	C.Silva	2018-12-01T00:00:00	CC_BY_4_0	Herbario da Universidade Estadual de Feira de Santana	Melo, P.H.A.		native	2026-06-26T17:13:42.876Z		CONTINENT_DERIVED_FROM_COORDINATES;INSTITUTION_MATCH_FUZZY;INSTITUTION_COLLECTION_MISMATCH
1949967754	2e684fd6-09e2-4661-910a-0a188b610c04	https://specieslink.net/guid/204/245320	Plantae	Tracheophyta	Liliopsida	Poales	Poaceae	Pharus	Pharus lappulaceus		SPECIES	Pharus lappulaceus Aubl.	Pharus lappulaceus	Aubl.	BR	Fazenda Amargoso, MG 439 Km 16.	Minas Gerais	PRESENT		60545be9-4f28-4245-b4b4-07635c8dfa54	-20.381111	-45.651111							2004-03-03	3	3	2004	5289841	5289841	PRESERVED_SPECIMEN	UEFS	HUEFS	245320	1112	C.Silva	2018-12-01T00:00:00	CC_BY_4_0	Herbario da Universidade Estadual de Feira de Santana	Melo, P.H.A.		native	2026-06-26T17:13:42.640Z		CONTINENT_DERIVED_FROM_COORDINATES;INSTITUTION_MATCH_FUZZY;INSTITUTION_COLLECTION_MISMATCH
1949962620	d2470ef8-edfa-4ba7-821e-c3e1a537bdba	https://specieslink.net/guid/220/93970	Plantae	Tracheophyta	Magnoliopsida	Celastrales	Celastraceae	Monteverdia	Monteverdia robusta		SPECIES	Maytenus robusta Reissek	Maytenus robusta	Reissek	BR	Fazenda Timburé, Área da Mineração da empresa CastroCal. Mata do Rio São Miguel.	Minas Gerais	PRESENT		4265f332-341c-45f6-b30b-5dc2e39b86e8	-20.405847	-45.653622							2005-05-19	19	5	2005	3794360	9706934	PRESERVED_SPECIMEN	UFMG	BHCB	93970	1348	Melo, PHA de		CC_BY_4_0	Herbário da UFMG - Fanerógamas, Algas e Fungos	Melo, PHA de; Viana, PL			2026-06-25T20:18:24.592Z		CONTINENT_DERIVED_FROM_COORDINATES;IDENTIFIED_DATE_INVALID;INSTITUTION_MATCH_NONE
1947780097	af1b4db0-c8ce-4a95-b700-8a6a02bed9d6	10FA482A-AD8D-4791-8053-5F3FB6F1468C	Plantae	Tracheophyta	Magnoliopsida	Malpighiales	Malpighiaceae	Glicophyllum	Glicophyllum salicifolium		SPECIES	Tetrapterys salicifolia (A.Juss.) Nied.	Tetrapterys salicifolia	(A. Juss.) Nied.	BR	Parque Vila Velha.	Paraná	PRESENT		253fc67c-c7fb-4c85-88f5-43ac6d9dc8a9	-20.3	-45.6833							1982-09-22	22	9	1982	7384373	11211718	PRESERVED_SPECIMEN	USF	Herb	185817	45480	W. R. Anderson	1984-01-01T00:00:00	CC_BY_4_0		G. Hatschbach			2026-07-13T00:08:24.023Z	StillImage	GEODETIC_DATUM_ASSUMED_WGS84;CONTINENT_DERIVED_FROM_COORDINATES;INSTITUTION_COLLECTION_MISMATCH
1936707473	2e684fd6-09e2-4661-910a-0a188b610c04	https://specieslink.net/guid/204/244319	Plantae	Tracheophyta	Magnoliopsida	Malpighiales	Euphorbiaceae	Bernardia	Bernardia tamanduana		SPECIES	Bernardia tamanduana (Baill.) Müll.Arg.	Bernardia tamanduana	(Baill.) Müll.Arg.	BR	Fazenda Faroeste, margem esquerda do Rio São Miguel.	Minas Gerais	PRESENT		60545be9-4f28-4245-b4b4-07635c8dfa54	-20.2625	-45.670833							2005-01-08	8	1	2005	5378398	5378398	PRESERVED_SPECIMEN	UEFS	HUEFS	244319	1416	J.F.Carrión	2019-08-01T00:00:00	CC_BY_4_0	Herbario da Universidade Estadual de Feira de Santana	Melo, P.H.A.		native	2026-06-26T17:14:03.157Z		CONTINENT_DERIVED_FROM_COORDINATES;INSTITUTION_MATCH_FUZZY;INSTITUTION_COLLECTION_MISMATCH
1936634415	834c9918-f762-11e1-a439-00145eb45e9a	67e398c6-20fe-11e3-9e2e-000c29035824	Plantae	Tracheophyta	Magnoliopsida	Boraginales	Heliotropiaceae	Heliotropium	Heliotropium transalpinum		SPECIES	Heliotropium transalpinum Vell.	Heliotropium transalpinum Vell.	Vell.	BR	MG, Iguatama: Fazenda Faroeste, margem esquerda do Rio Sao Miguel		PRESENT		0363cbd4-f666-455e-8e86-0bbddcf51950	-20.2564	-45.6692							2002-10-04	4	10	2002	7294711	7294711	PRESERVED_SPECIMEN	MA	MA	MA-01-00716709	61		2015-03-16T00:00:00	CC_BY_NC_4_0		P.H.A. Melo and P.L. Viana			2026-06-12T04:03:53.271Z		GEODETIC_DATUM_ASSUMED_WGS84;CONTINENT_DERIVED_FROM_COORDINATES;INSTITUTION_MATCH_NONE;TAXON_ID_NOT_FOUND
1936634378	834c9918-f762-11e1-a439-00145eb45e9a	67e393d6-20fe-11e3-9e2e-000c29035824	Plantae	Tracheophyta	Magnoliopsida	Boraginales	Heliotropiaceae	Heliotropium	Heliotropium transalpinum		SPECIES	Heliotropium transalpinum Vell.	Heliotropium transalpinum Vell.	Vell.	BR	MG, Iguatama:Fazenda do Caetano, margem esquerda do Rio Sao Miguel.		PRESENT		0363cbd4-f666-455e-8e86-0bbddcf51950	-20.2503	-45.6708							2002-08-09	9	8	2002	7294711	7294711	PRESERVED_SPECIMEN	MA	MA	MA-01-00716708	35		2015-03-16T00:00:00	CC_BY_NC_4_0		P.H.A.Melo and P.L. Viana			2026-06-12T04:03:19.499Z		GEODETIC_DATUM_ASSUMED_WGS84;CONTINENT_DERIVED_FROM_COORDINATES;INSTITUTION_MATCH_NONE;TAXON_ID_NOT_FOUND
1936634312	834c9918-f762-11e1-a439-00145eb45e9a	5b046d15-20fe-11e3-9e2e-000c29035824	Plantae	Tracheophyta	Magnoliopsida	Malpighiales	Euphorbiaceae	Cnidoscolus			GENUS	Cnidoscolus Pohl	Cnidoscolus lombardianus		BR	Minas Gerais: Arcos: Fazenda Faroeste, margen direita do rio Sâo Miguel		PRESENT		0363cbd4-f666-455e-8e86-0bbddcf51950	-20.2564	-45.6692							2002-11-16	16	11	2002	3073435		PRESERVED_SPECIMEN	MA	MA	MA-01-00716700	249	F. J. Fernández Casas	2004-08-01T00:00:00	CC_BY_NC_4_0		P. H. A. Melo			2026-06-12T04:03:19.406Z	StillImage	GEODETIC_DATUM_ASSUMED_WGS84;CONTINENT_DERIVED_FROM_COORDINATES;INSTITUTION_MATCH_NONE;TAXON_ID_NOT_FOUND;TAXON_MATCH_HIGHERRANK
1936633961	834c9918-f762-11e1-a439-00145eb45e9a	5b047fb6-20fe-11e3-9e2e-000c29035824	Plantae	Tracheophyta	Magnoliopsida	Malpighiales	Euphorbiaceae	Manihot			GENUS	Manihot Mill.	Manihot Manihot		BR	MG, Arcos: Fazenda Faroeste, margem direita do Rio Sao Miguel		PRESENT		0363cbd4-f666-455e-8e86-0bbddcf51950	-20.2703	-45.6631							2004-01-02	2	1	2004	3060685		PRESERVED_SPECIMEN	MA	MA	MA-01-00716704	1048	Francisco Javier Fernández Casas	2004-08-01T00:00:00	CC_BY_NC_4_0		P.H.A. Melo & al			2026-06-12T04:03:19.405Z	StillImage	GEODETIC_DATUM_ASSUMED_WGS84;CONTINENT_DERIVED_FROM_COORDINATES;INSTITUTION_MATCH_NONE;TAXON_ID_NOT_FOUND;TAXON_MATCH_HIGHERRANK
1935009312	d2470ef8-edfa-4ba7-821e-c3e1a537bdba	https://specieslink.net/guid/220/191239	Plantae	Tracheophyta	Magnoliopsida	Sapindales	Sapindaceae	Paullinia	Paullinia meliifolia		SPECIES	Paullinia meliifolia Juss.	Paullinia meliifolia	A.Juss.	BR	Região do Arrepiado, Fazenda Barreira	Minas Gerais	PRESENT		4265f332-341c-45f6-b30b-5dc2e39b86e8	-20.142778	-45.711111							2018-07-31	31	7	2018	7264664	7264664	PRESERVED_SPECIMEN	UFMG	BHCB	191239	6325			CC_BY_4_0	Herbário da UFMG - Fanerógamas, Algas e Fungos	Rezende, SG		native	2026-06-25T20:17:59.566Z		CONTINENT_DERIVED_FROM_COORDINATES;IDENTIFIED_DATE_INVALID;INSTITUTION_MATCH_NONE
1935009311	d2470ef8-edfa-4ba7-821e-c3e1a537bdba	https://specieslink.net/guid/220/191237	Plantae	Tracheophyta	Magnoliopsida	Sapindales	Rutaceae	Esenbeckia	Esenbeckia febrifuga		SPECIES	Esenbeckia febrifuga (A.St.-Hil.) A.Juss. ex Mart.	Esenbeckia febrifuga	(A.St.-Hil.) A.Juss. ex Mart.	BR	Região do Arrepiado, Fazenda Barreira	Minas Gerais	PRESENT		4265f332-341c-45f6-b30b-5dc2e39b86e8	-20.142778	-45.711111							2018-07-31	31	7	2018	8354126	8354126	PRESERVED_SPECIMEN	UFMG	BHCB	191237	6323			CC_BY_4_0	Herbário da UFMG - Fanerógamas, Algas e Fungos	Rezende, SG		native	2026-06-25T20:17:59.612Z		CONTINENT_DERIVED_FROM_COORDINATES;IDENTIFIED_DATE_INVALID;INSTITUTION_MATCH_NONE
1935009306	d2470ef8-edfa-4ba7-821e-c3e1a537bdba	https://specieslink.net/guid/220/191236	Plantae	Tracheophyta	Magnoliopsida	Rosales	Rosaceae	Rubus	Rubus brasiliensis		SPECIES	Rubus brasiliensis Mart.	Rubus brasiliensis	Mart.	BR	Região do Arrepiado, Fazenda Barreira	Minas Gerais	PRESENT		4265f332-341c-45f6-b30b-5dc2e39b86e8	-20.142778	-45.711111							2018-07-31	31	7	2018	2991264	2991264	PRESERVED_SPECIMEN	UFMG	BHCB	191236	6322			CC_BY_4_0	Herbário da UFMG - Fanerógamas, Algas e Fungos	Rezende, SG		native	2026-06-25T20:17:59.610Z		CONTINENT_DERIVED_FROM_COORDINATES;IDENTIFIED_DATE_INVALID;INSTITUTION_MATCH_NONE
1935009304	d2470ef8-edfa-4ba7-821e-c3e1a537bdba	https://specieslink.net/guid/220/191224	Plantae	Tracheophyta	Magnoliopsida	Apiales	Araliaceae	Dendropanax	Dendropanax cuneatus		SPECIES	Dendropanax cuneatus (DC.) Decne. & Planch.	Dendropanax cuneatus	(DC.) Decne. & Planch.	BR	Região do Arrepiado, Fazenda Barreira	Minas Gerais	PRESENT		4265f332-341c-45f6-b30b-5dc2e39b86e8	-20.142778	-45.711111							2018-07-31	31	7	2018	3034961	3034961	PRESERVED_SPECIMEN	UFMG	BHCB	191224	6310			CC_BY_4_0	Herbário da UFMG - Fanerógamas, Algas e Fungos	Rezende, SG		native	2026-06-25T20:17:59.478Z		CONTINENT_DERIVED_FROM_COORDINATES;IDENTIFIED_DATE_INVALID;INSTITUTION_MATCH_NONE
1935009303	d2470ef8-edfa-4ba7-821e-c3e1a537bdba	https://specieslink.net/guid/220/191226	Plantae	Tracheophyta	Magnoliopsida	Asterales	Asteraceae	Dasyphyllum	Dasyphyllum brasiliense		SPECIES	Dasyphyllum brasiliense (Spreng.) Cabrera	Dasyphyllum brasiliense	(Spreng.) Cabrera	BR	Fazenda Barreira, Região do Arrepiado. Córrego da Barreira.	Minas Gerais	PRESENT		4265f332-341c-45f6-b30b-5dc2e39b86e8	-20.142778	-45.711111							2018-07-31	31	7	2018	5389251	5389251	PRESERVED_SPECIMEN	UFMG	BHCB	191226	6312			CC_BY_4_0	Herbário da UFMG - Fanerógamas, Algas e Fungos	Rezende, SG		native	2026-06-25T20:17:59.604Z		CONTINENT_DERIVED_FROM_COORDINATES;IDENTIFIED_DATE_INVALID;INSTITUTION_MATCH_NONE
1935009302	d2470ef8-edfa-4ba7-821e-c3e1a537bdba	https://specieslink.net/guid/220/191238	Plantae	Tracheophyta	Magnoliopsida	Sapindales	Sapindaceae	Cupania	Cupania vernalis		SPECIES	Cupania vernalis Cambess.	Cupania vernalis	Cambess.	BR	Região do Arrepiado, Fazenda Barreira	Minas Gerais	PRESENT		4265f332-341c-45f6-b30b-5dc2e39b86e8	-20.142778	-45.711111							2018-07-31	31	7	2018	3784297	3784297	PRESERVED_SPECIMEN	UFMG	BHCB	191238	6324			CC_BY_4_0	Herbário da UFMG - Fanerógamas, Algas e Fungos	Rezende, SG		native	2026-06-25T20:17:59.603Z		CONTINENT_DERIVED_FROM_COORDINATES;IDENTIFIED_DATE_INVALID;INSTITUTION_MATCH_NONE
1935009301	d2470ef8-edfa-4ba7-821e-c3e1a537bdba	https://specieslink.net/guid/220/191218	Plantae	Tracheophyta	Magnoliopsida	Lamiales	Lamiaceae	Leonurus	Leonurus japonicus		SPECIES	Leonurus japonicus Houtt.	Leonurus japonicus	Houtt.	BR	Região do Arrepiado, Fazenda Barreira	Minas Gerais	PRESENT		4265f332-341c-45f6-b30b-5dc2e39b86e8	-20.143333	-45.711944							2018-07-29	29	7	2018	6410563	6410563	PRESERVED_SPECIMEN	UFMG	BHCB	191218	6304	Antar, GM		CC_BY_4_0	Herbário da UFMG - Fanerógamas, Algas e Fungos	Rezende, SG		introduced	2026-06-25T20:17:59.640Z		CONTINENT_DERIVED_FROM_COORDINATES;IDENTIFIED_DATE_INVALID;INSTITUTION_MATCH_NONE
1935009299	d2470ef8-edfa-4ba7-821e-c3e1a537bdba	https://specieslink.net/guid/220/191234	Plantae	Tracheophyta	Magnoliopsida	Malvales	Malvaceae	Luehea	Luehea divaricata		SPECIES	Luehea divaricata Mart.	Luehea divaricata	Mart. & Zucc.	BR	Região do Arrepiado, Fazenda Barreira	Minas Gerais	PRESENT		4265f332-341c-45f6-b30b-5dc2e39b86e8	-20.142778	-45.711111							2018-07-31	31	7	2018	5706141	5706141	PRESERVED_SPECIMEN	UFMG	BHCB	191234	6320			CC_BY_4_0	Herbário da UFMG - Fanerógamas, Algas e Fungos	Rezende, SG		native	2026-06-25T20:18:03.985Z		CONTINENT_DERIVED_FROM_COORDINATES;IDENTIFIED_DATE_INVALID;INSTITUTION_MATCH_NONE
1935009296	d2470ef8-edfa-4ba7-821e-c3e1a537bdba	https://specieslink.net/guid/220/191216	Plantae	Tracheophyta	Magnoliopsida	Cardiopteridales	Cardiopteridaceae	Citronella	Citronella paniculata		SPECIES	Citronella paniculata (Mart.) R.A.Howard	Citronella paniculata	(Mart.) R.A. Howard	BR	Região do Arrepiado, Fazenda Barreira. Córrego da Barreira	Minas Gerais	PRESENT		4265f332-341c-45f6-b30b-5dc2e39b86e8	-20.142778	-45.711111							2018-07-29	29	7	2018	3596979	3596979	PRESERVED_SPECIMEN	UFMG	BHCB	191216	6302			CC_BY_4_0	Herbário da UFMG - Fanerógamas, Algas e Fungos	Rezende, SG		native	2026-06-25T20:17:59.608Z		CONTINENT_DERIVED_FROM_COORDINATES;IDENTIFIED_DATE_INVALID;INSTITUTION_MATCH_NONE
1935009295	d2470ef8-edfa-4ba7-821e-c3e1a537bdba	https://specieslink.net/guid/220/191217	Plantae	Tracheophyta	Magnoliopsida	Malpighiales	Euphorbiaceae	Alchornea	Alchornea glandulosa		SPECIES	Alchornea glandulosa Poepp.	Alchornea glandulosa	Poepp. & Endl.	BR	Região do Arrepiado, Fazenda Barreira	Minas Gerais	PRESENT		4265f332-341c-45f6-b30b-5dc2e39b86e8	-20.1425	-45.711389							2018-07-29	29	7	2018	3055361	3055361	PRESERVED_SPECIMEN	UFMG	BHCB	191217	6303			CC_BY_4_0	Herbário da UFMG - Fanerógamas, Algas e Fungos	Rezende, SG		native	2026-06-25T20:18:03.983Z		CONTINENT_DERIVED_FROM_COORDINATES;IDENTIFIED_DATE_INVALID;INSTITUTION_MATCH_NONE
1935009294	d2470ef8-edfa-4ba7-821e-c3e1a537bdba	https://specieslink.net/guid/220/191227	Plantae	Tracheophyta	Liliopsida	Poales	Bromeliaceae	Tillandsia	Tillandsia loliacea		SPECIES	Tillandsia loliacea Mart. ex Schult. & Schult.f.	Tillandsia loliacea	Mart. ex Schult.	BR	Região do Arrepiado, Fazenda Barreira	Minas Gerais	PRESENT		4265f332-341c-45f6-b30b-5dc2e39b86e8	-20.142778	-45.711111							2018-07-31	31	7	2018	2695286	2695286	PRESERVED_SPECIMEN	UFMG	BHCB	191227	6313			CC_BY_4_0	Herbário da UFMG - Fanerógamas, Algas e Fungos	Rezende, SG		native	2026-06-25T20:17:59.476Z		CONTINENT_DERIVED_FROM_COORDINATES;IDENTIFIED_DATE_INVALID;INSTITUTION_MATCH_NONE
1935009293	d2470ef8-edfa-4ba7-821e-c3e1a537bdba	https://specieslink.net/guid/220/191222	Plantae	Tracheophyta	Magnoliopsida	Lamiales	Acanthaceae	Ruellia	Ruellia rasa		SPECIES	Ruellia rasa Hiern	Ruellia rasa	Hiern	BR	Região do Arrepiado, Fazenda Barreira. Córrego da Barreira.	Minas Gerais	PRESENT		4265f332-341c-45f6-b30b-5dc2e39b86e8	-20.142778	-45.711111							2018-07-31	31	7	2018	5573295	5573295	PRESERVED_SPECIMEN	UFMG	BHCB	191222	6308			CC_BY_4_0	Herbário da UFMG - Fanerógamas, Algas e Fungos	Rezende, SG		native	2026-06-25T20:17:59.730Z		CONTINENT_DERIVED_FROM_COORDINATES;IDENTIFIED_DATE_INVALID;INSTITUTION_MATCH_NONE
1935009292	d2470ef8-edfa-4ba7-821e-c3e1a537bdba	https://specieslink.net/guid/220/191219	Plantae	Tracheophyta	Magnoliopsida	Myrtales	Melastomataceae	Miconia			GENUS	Miconia Ruiz & Pav.	Miconia		BR	Região do Arrepiado, Fazenda Barreira	Minas Gerais	PRESENT		4265f332-341c-45f6-b30b-5dc2e39b86e8	-20.142778	-45.711111							2018-07-29	29	7	2018	3188558		PRESERVED_SPECIMEN	UFMG	BHCB	191219	6305			CC_BY_4_0	Herbário da UFMG - Fanerógamas, Algas e Fungos	Rezende, SG			2026-06-25T20:17:59.562Z		CONTINENT_DERIVED_FROM_COORDINATES;IDENTIFIED_DATE_INVALID;INSTITUTION_MATCH_NONE
1935009291	d2470ef8-edfa-4ba7-821e-c3e1a537bdba	https://specieslink.net/guid/220/191231	Plantae	Tracheophyta	Magnoliopsida	Laurales	Lauraceae	Nectandra	Nectandra lanceolata		SPECIES	Nectandra lanceolata Nees & Mart. ex Nees	Nectandra lanceolata	Nees	BR	Região do Arrepiado, Fazenda Barreira	Minas Gerais	PRESENT		4265f332-341c-45f6-b30b-5dc2e39b86e8	-20.142778	-45.711111							2018-07-31	31	7	2018	7304186	7304186	PRESERVED_SPECIMEN	UFMG	BHCB	191231	6317			CC_BY_4_0	Herbário da UFMG - Fanerógamas, Algas e Fungos	Rezende, SG		native	2026-06-25T20:17:59.638Z		CONTINENT_DERIVED_FROM_COORDINATES;IDENTIFIED_DATE_INVALID;INSTITUTION_MATCH_NONE
1935009290	d2470ef8-edfa-4ba7-821e-c3e1a537bdba	https://specieslink.net/guid/220/191229	Plantae	Tracheophyta	Magnoliopsida	Malpighiales	Euphorbiaceae	Alchornea	Alchornea glandulosa		SPECIES	Alchornea glandulosa Poepp.	Alchornea glandulosa	Poepp. & Endl.	BR	Região do Arrepiado, Fazenda Barreira	Minas Gerais	PRESENT		4265f332-341c-45f6-b30b-5dc2e39b86e8	-20.142778	-45.711111							2018-07-31	31	7	2018	3055361	3055361	PRESERVED_SPECIMEN	UFMG	BHCB	191229	6315			CC_BY_4_0	Herbário da UFMG - Fanerógamas, Algas e Fungos	Rezende, SG		native	2026-06-25T20:18:03.981Z		CONTINENT_DERIVED_FROM_COORDINATES;IDENTIFIED_DATE_INVALID;INSTITUTION_MATCH_NONE
1935009289	d2470ef8-edfa-4ba7-821e-c3e1a537bdba	https://specieslink.net/guid/220/191225	Plantae	Tracheophyta	Magnoliopsida	Asterales	Asteraceae	Chromolaena	Chromolaena laevigata		SPECIES	Chromolaena laevigata (Lam.) R.M.King & H.Rob.	Chromolaena laevigata	(Lam.) R.M.King & H.Rob.	BR	Fazenda Barreira, Região do Arrepiado. Córrego da Barreira.	Minas Gerais	PRESENT		4265f332-341c-45f6-b30b-5dc2e39b86e8	-20.142778	-45.711111							2018-07-31	31	7	2018	3087662	3087662	PRESERVED_SPECIMEN	UFMG	BHCB	191225	6311			CC_BY_4_0	Herbário da UFMG - Fanerógamas, Algas e Fungos	Rezende, SG		native	2026-06-25T20:17:59.636Z		CONTINENT_DERIVED_FROM_COORDINATES;IDENTIFIED_DATE_INVALID;INSTITUTION_MATCH_NONE
1935009288	d2470ef8-edfa-4ba7-821e-c3e1a537bdba	https://specieslink.net/guid/220/191215	Plantae	Tracheophyta	Magnoliopsida	Asterales	Asteraceae	Vernonanthura	Vernonanthura polyanthes		SPECIES	Vernonanthura polyanthes (Spreng.) A.J.Vega & Dematt.	Vernonanthura polyanthes	(Spreng.) A.J.Vega & Dematt.	BR	Região do Arrepiado, Fazenda Barreira	Minas Gerais	PRESENT		4265f332-341c-45f6-b30b-5dc2e39b86e8	-20.1425	-45.711389							2018-07-29	29	7	2018	8245828	8245828	PRESERVED_SPECIMEN	UFMG	BHCB	191215	6301			CC_BY_4_0	Herbário da UFMG - Fanerógamas, Algas e Fungos	Rezende, SG			2026-06-25T20:17:59.634Z		CONTINENT_DERIVED_FROM_COORDINATES;IDENTIFIED_DATE_INVALID;INSTITUTION_MATCH_NONE
1935009285	d2470ef8-edfa-4ba7-821e-c3e1a537bdba	https://specieslink.net/guid/220/191221	Plantae	Tracheophyta	Magnoliopsida	Lamiales	Acanthaceae	Ruellia	Ruellia macrantha		SPECIES	Ruellia macrantha Mart.	Ruellia macrantha	Mart.	BR	Região do Arrepiado, Fazenda Barreira. Córrego da Barreira.	Minas Gerais	PRESENT		4265f332-341c-45f6-b30b-5dc2e39b86e8	-20.142778	-45.711111							2018-07-31	31	7	2018	8695217	5573912	PRESERVED_SPECIMEN	UFMG	BHCB	191221	6307			CC_BY_4_0	Herbário da UFMG - Fanerógamas, Algas e Fungos	Rezende, SG			2026-06-25T20:17:59.601Z		CONTINENT_DERIVED_FROM_COORDINATES;IDENTIFIED_DATE_INVALID;INSTITUTION_MATCH_NONE
1935009284	d2470ef8-edfa-4ba7-821e-c3e1a537bdba	https://specieslink.net/guid/220/191232	Plantae	Tracheophyta	Magnoliopsida	Gentianales	Loganiaceae	Spigelia	Spigelia humboldtiana		SPECIES	Spigelia scabra Cham. & Schltdl.	Spigelia scabra	Cham. & Schltdl.	BR	Região do Arrepiado, Fazenda Barreira	Minas Gerais	PRESENT		4265f332-341c-45f6-b30b-5dc2e39b86e8	-20.142778	-45.711111							2018-07-31	31	7	2018	7289323	7289408	PRESERVED_SPECIMEN	UFMG	BHCB	191232	6318			CC_BY_4_0	Herbário da UFMG - Fanerógamas, Algas e Fungos	Rezende, SG		native	2026-06-25T20:17:59.607Z		CONTINENT_DERIVED_FROM_COORDINATES;IDENTIFIED_DATE_INVALID;INSTITUTION_MATCH_NONE
1935009281	d2470ef8-edfa-4ba7-821e-c3e1a537bdba	https://specieslink.net/guid/220/191223	Plantae	Tracheophyta	Magnoliopsida	Sapindales	Anacardiaceae	Lithraea	Lithraea molleoides		SPECIES	Lithraea molleoides (Vell.) Engl.	Lithraea molleoides	(Vell.) Engl.	BR	Região do Arrepiado, Fazenda Barreira. Córrego da Barreira.	Minas Gerais	PRESENT		4265f332-341c-45f6-b30b-5dc2e39b86e8	-20.142778	-45.711111							2018-07-31	31	7	2018	3660239	3660239	PRESERVED_SPECIMEN	UFMG	BHCB	191223	6309			CC_BY_4_0	Herbário da UFMG - Fanerógamas, Algas e Fungos	Rezende, SG		native	2026-06-25T20:17:59.560Z		CONTINENT_DERIVED_FROM_COORDINATES;IDENTIFIED_DATE_INVALID;INSTITUTION_MATCH_NONE
1935009278	d2470ef8-edfa-4ba7-821e-c3e1a537bdba	https://specieslink.net/guid/220/191214	Plantae	Tracheophyta	Magnoliopsida	Asterales	Asteraceae	Vernonanthura	Vernonanthura polyanthes		SPECIES	Vernonanthura polyanthes (Spreng.) A.J.Vega & Dematt.	Vernonanthura polyanthes	(Spreng.) A.J.Vega & Dematt.	BR	Região do Arrepiado, Fazenda Barreira	Minas Gerais	PRESENT		4265f332-341c-45f6-b30b-5dc2e39b86e8	-20.142778	-45.711111							2018-07-29	29	7	2018	8245828	8245828	PRESERVED_SPECIMEN	UFMG	BHCB	191214	6300			CC_BY_4_0	Herbário da UFMG - Fanerógamas, Algas e Fungos	Rezende, SG			2026-06-25T20:17:59.474Z		CONTINENT_DERIVED_FROM_COORDINATES;IDENTIFIED_DATE_INVALID;INSTITUTION_MATCH_NONE
1935009275	d2470ef8-edfa-4ba7-821e-c3e1a537bdba	https://specieslink.net/guid/220/191210	Plantae	Tracheophyta	Magnoliopsida	Asterales	Asteraceae	Baccharis	Baccharis trinervis		SPECIES	Baccharis trinervis (Lam.) Pers.	Baccharis trinervis	(Lam.) Pers.	BR	Região do Arrepiado. Fazenda Barreira.	Minas Gerais	PRESENT		4265f332-341c-45f6-b30b-5dc2e39b86e8	-20.1425	-45.711389							2018-07-29	29	7	2018	3129535	3129535	PRESERVED_SPECIMEN	UFMG	BHCB	191210	6296			CC_BY_4_0	Herbário da UFMG - Fanerógamas, Algas e Fungos	Rezende, SG			2026-06-25T20:17:59.470Z		CONTINENT_DERIVED_FROM_COORDINATES;IDENTIFIED_DATE_INVALID;INSTITUTION_MATCH_NONE
1935009274	d2470ef8-edfa-4ba7-821e-c3e1a537bdba	https://specieslink.net/guid/220/191220	Plantae	Tracheophyta	Magnoliopsida	Myrtales	Myrtaceae	Syzygium	Syzygium jambos		SPECIES	Syzygium jambos (L.) Alston	Syzygium jambos	(L.) Alston	BR	Região do Arrepiado, Fazenda Barreira	Minas Gerais	PRESENT		4265f332-341c-45f6-b30b-5dc2e39b86e8	-20.142778	-45.711111							2018-07-29	29	7	2018	3183534	3183534	PRESERVED_SPECIMEN	UFMG	BHCB	191220	6306			CC_BY_4_0	Herbário da UFMG - Fanerógamas, Algas e Fungos	Rezende, SG		introduced	2026-06-25T20:17:59.536Z		CONTINENT_DERIVED_FROM_COORDINATES;IDENTIFIED_DATE_INVALID;INSTITUTION_MATCH_NONE
1935009271	d2470ef8-edfa-4ba7-821e-c3e1a537bdba	https://specieslink.net/guid/220/191230	Plantae	Tracheophyta	Magnoliopsida	Fabales	Fabaceae	Inga	Inga marginata		SPECIES	Inga marginata Willd.	Inga marginata	Willd.	BR	Região do Arrepiado, Fazenda Barreira	Minas Gerais	PRESENT		4265f332-341c-45f6-b30b-5dc2e39b86e8	-20.142778	-45.711111							2018-07-31	31	7	2018	7546887	7546887	PRESERVED_SPECIMEN	UFMG	BHCB	191230	6316			CC_BY_4_0	Herbário da UFMG - Fanerógamas, Algas e Fungos	Rezende, SG		native	2026-06-25T20:18:03.974Z		CONTINENT_DERIVED_FROM_COORDINATES;IDENTIFIED_DATE_INVALID;INSTITUTION_MATCH_NONE
1935009268	d2470ef8-edfa-4ba7-821e-c3e1a537bdba	https://specieslink.net/guid/220/191211	Plantae	Tracheophyta	Magnoliopsida	Asterales	Asteraceae	Eclipta	Eclipta prostrata		SPECIES	Eclipta prostrata (L.) L.	Eclipta prostrata	(L.) L.	BR	Região do Arrepiado, Fazenda Barreira. Córrego da Barreira.	Minas Gerais	PRESENT		4265f332-341c-45f6-b30b-5dc2e39b86e8	-20.142778	-45.711111							2018-07-29	29	7	2018	5384950	5384950	PRESERVED_SPECIMEN	UFMG	BHCB	191211	6297			CC_BY_4_0	Herbário da UFMG - Fanerógamas, Algas e Fungos	Rezende, SG		native	2026-06-25T20:17:59.468Z		CONTINENT_DERIVED_FROM_COORDINATES;IDENTIFIED_DATE_INVALID;INSTITUTION_MATCH_NONE
1935009262	d2470ef8-edfa-4ba7-821e-c3e1a537bdba	https://specieslink.net/guid/220/191228	Plantae	Tracheophyta	Liliopsida	Commelinales	Commelinaceae	Commelina	Commelina erecta		SPECIES	Commelina erecta L.	Commelina erecta	L.	BR	Região do Arrepiado, Fazenda Barreira	Minas Gerais	PRESENT		4265f332-341c-45f6-b30b-5dc2e39b86e8	-20.142778	-45.711111							2018-07-31	31	7	2018	2764389	2764389	PRESERVED_SPECIMEN	UFMG	BHCB	191228	6314			CC_BY_4_0	Herbário da UFMG - Fanerógamas, Algas e Fungos	Rezende, SG		native	2026-06-25T20:17:59.593Z		CONTINENT_DERIVED_FROM_COORDINATES;IDENTIFIED_DATE_INVALID;INSTITUTION_MATCH_NONE
1935009252	d2470ef8-edfa-4ba7-821e-c3e1a537bdba	https://specieslink.net/guid/220/191235	Plantae	Tracheophyta	Magnoliopsida	Malpighiales	Passifloraceae	Passiflora	Passiflora alata		SPECIES	Passiflora alata Curtis	Passiflora alata	Curtis	BR	Região do Arrepiado, Fazenda Barreira	Minas Gerais	PRESENT		4265f332-341c-45f6-b30b-5dc2e39b86e8	-20.142778	-45.711111							2018-07-31	31	7	2018	2874181	2874181	PRESERVED_SPECIMEN	UFMG	BHCB	191235	6321			CC_BY_4_0	Herbário da UFMG - Fanerógamas, Algas e Fungos	Rezende, SG		native	2026-06-25T20:17:59.591Z		CONTINENT_DERIVED_FROM_COORDINATES;IDENTIFIED_DATE_INVALID;INSTITUTION_MATCH_NONE
1935009247	d2470ef8-edfa-4ba7-821e-c3e1a537bdba	https://specieslink.net/guid/220/191212	Plantae	Tracheophyta	Magnoliopsida	Asterales	Asteraceae	Emilia	Emilia sonchifolia		SPECIES	Emilia sonchifolia (L.) DC. ex Wight	Emilia sonchifolia	DC.	BR	Região do Arrepiado, Fazenda Barreira. Córrego da Barreira.	Minas Gerais	PRESENT		4265f332-341c-45f6-b30b-5dc2e39b86e8	-20.142778	-45.711111							2018-07-29	29	7	2018	7376217	7376217	PRESERVED_SPECIMEN	UFMG	BHCB	191212	6298			CC_BY_4_0	Herbário da UFMG - Fanerógamas, Algas e Fungos	Rezende, SG		introduced	2026-06-25T20:17:59.463Z		CONTINENT_DERIVED_FROM_COORDINATES;IDENTIFIED_DATE_INVALID;INSTITUTION_MATCH_NONE
1935009246	d2470ef8-edfa-4ba7-821e-c3e1a537bdba	https://specieslink.net/guid/220/191213	Plantae	Tracheophyta	Magnoliopsida	Asterales	Asteraceae	Sonchus	Sonchus oleraceus		SPECIES	Sonchus oleraceus L.	Sonchus oleraceus	L.	BR	Região do Arrepiado, Fazenda Barreira	Minas Gerais	PRESENT		4265f332-341c-45f6-b30b-5dc2e39b86e8	-20.142778	-45.711111							2018-07-29	29	7	2018	8228544	8228544	PRESERVED_SPECIMEN	UFMG	BHCB	191213	6299			CC_BY_4_0	Herbário da UFMG - Fanerógamas, Algas e Fungos	Rezende, SG		native	2026-06-25T20:17:59.576Z		CONTINENT_DERIVED_FROM_COORDINATES;IDENTIFIED_DATE_INVALID;INSTITUTION_MATCH_NONE
1935008681	d2470ef8-edfa-4ba7-821e-c3e1a537bdba	https://specieslink.net/guid/220/90124	Plantae	Tracheophyta	Magnoliopsida	Laurales	Lauraceae	Mespilodaphne	Mespilodaphne quixos		SPECIES	Ocotea odorifera (Vell.) Rohwer	Ocotea odorifera	(Vell.) Rohwer	BR	Fazenda Amargoso, MG 439, KM 16	Minas Gerais	PRESENT		4265f332-341c-45f6-b30b-5dc2e39b86e8	-20.381056	-45.650417							2004-05-08	8	5	2004	4177566	11020082	PRESERVED_SPECIMEN	UFMG	BHCB	90124	1202	Domingos, DQ		CC_BY_4_0	Herbário da UFMG - Fanerógamas, Algas e Fungos	Melo, PHA de		native	2026-06-25T20:17:59.322Z		CONTINENT_DERIVED_FROM_COORDINATES;IDENTIFIED_DATE_INVALID;INSTITUTION_MATCH_NONE
1932866616	1bb3cae3-b91f-4109-8a2d-a1f05f2d6fd3	https://specieslink.net/guid/7/164379	Plantae	Tracheophyta	Magnoliopsida	Boraginales	Cordiaceae	Cordia	Cordia trichotoma		SPECIES	Cordia trichotoma (Vell.) Arráb. ex Steud.	Cordia trichotoma	(Vell.) Arráb. ex Steud.	BR		Minas Gerais	PRESENT		76dbcb10-efc5-4d5f-87a5-bcd409fc92c8	-20.255917	-45.662583			675.0	25.0			2004-02-15	15	2	2004	7294667	7294667	PRESERVED_SPECIMEN	USP-IB	SPF	164379	1076	Lombardi, JA	2004-04-01T00:00:00	CC_BY_4_0	Herbário da Universidade de São Paulo	Melo, PHA		native	2026-06-26T20:38:12.398Z		CONTINENT_DERIVED_FROM_COORDINATES;INSTITUTION_MATCH_NONE
1931780082	09010edb-5e55-4dc0-8a97-a26a3bb89e85	https://specieslink.net/guid/237/75021	Plantae	Tracheophyta	Magnoliopsida	Asterales	Asteraceae	Gardnerina	Gardnerina angustata		SPECIES	Gardnerina angustata (Gardner) R.M.King & H.Rob.	Gardnerina angustata	(Gardner) R.M.King & H.Rob.	BR	Reg. do Corumbá, próximo ao Morro do Marruá, Mineração Agrocampo.	Minas Gerais	PRESENT		9610290b-e0ea-439b-b726-ba11bcecfb86	-20.348889	-45.636389			750.0	50.0			2005-12-31	31	12	2005	3139400	3139400	PRESERVED_SPECIMEN	UFU	HUFU	75021	1354	Melo, P.H.A.	2011-05-01T00:00:00	CC_BY_4_0	Herbarium Uberlandense	Melo, P.H.A.; Melo Jr, E.A.		native	2026-06-26T15:52:45.102Z		CONTINENT_DERIVED_FROM_COORDINATES;INSTITUTION_MATCH_FUZZY;INSTITUTION_COLLECTION_MISMATCH
1931780025	09010edb-5e55-4dc0-8a97-a26a3bb89e85	https://specieslink.net/guid/237/75020	Plantae	Tracheophyta	Magnoliopsida	Asterales	Asteraceae	Gardnerina	Gardnerina angustata		SPECIES	Gardnerina angustata (Gardner) R.M.King & H.Rob.	Gardnerina angustata	(Gardner) R.M.King & H.Rob.	BR	Região do Rastro de São Pedro. Interior do afloramento.	Minas Gerais	PRESENT		9610290b-e0ea-439b-b726-ba11bcecfb86	-20.295833	-45.604722			680.0	0.0			2005-06-26	26	6	2005	3139400	3139400	PRESERVED_SPECIMEN	UFU	HUFU	75020	1392	Melo, P.H.A.	2011-05-01T00:00:00	CC_BY_4_0	Herbarium Uberlandense	Melo, P.H.A.; Melo Jr, E.A.		native	2026-06-26T15:52:45.062Z		CONTINENT_DERIVED_FROM_COORDINATES;INSTITUTION_MATCH_FUZZY;INSTITUTION_COLLECTION_MISMATCH
1931178178	d415c253-4d61-4459-9d25-4015b9084fb0	f154d105-33fd-4dde-ae71-d8d4516c4f16	Plantae	Tracheophyta	Magnoliopsida	Sapindales	Meliaceae	Trichilia	Trichilia claussenii		SPECIES	Trichilia claussenii C.DC.	Trichilia claussenii C.DC.	C.DC.	BR	Iguatama. Fazenda Faroeste, margem esquerda do Rio São Miguel.	Minas Gerais	PRESENT		ae447c50-b8a8-11d8-92a4-b8a03c50a862	-20.2564	-45.6692							2002-11-16	16	11	2002	8059494	8059494	PRESERVED_SPECIMEN	NY	NY	1145100	209			CC0_1_0	The New York Botanical Garden	P. H. A. de Melo			2026-07-09T08:30:25.722Z	StillImage	GEODETIC_DATUM_ASSUMED_WGS84;MODIFIED_DATE_INVALID
1930222749	d415c253-4d61-4459-9d25-4015b9084fb0	ada80873-7828-4ed6-9508-705549283b52	Plantae	Tracheophyta	Magnoliopsida	Sapindales	Meliaceae	Trichilia	Trichilia claussenii		SPECIES	Trichilia claussenii C.DC.	Trichilia claussenii C.DC.	C.DC.	BR	Iguatama. Fazenda do Caetano, margem esquerda do Rio São Miguel.	Minas Gerais	PRESENT		ae447c50-b8a8-11d8-92a4-b8a03c50a862	-20.2503	-45.6708							2002-08-09	9	8	2002	8059494	8059494	PRESERVED_SPECIMEN	NY	NY	1145101	20			CC0_1_0	The New York Botanical Garden	P. H. A. de Melo			2026-07-09T08:33:34.978Z	StillImage	GEODETIC_DATUM_ASSUMED_WGS84;MODIFIED_DATE_INVALID
1930097673	d415c253-4d61-4459-9d25-4015b9084fb0	a4cf6793-70d6-4060-8fa3-1c43bba527a8	Plantae	Tracheophyta	Magnoliopsida	Sapindales	Meliaceae	Guarea	Guarea macrophylla	spiciflora	SUBSPECIES	Guarea macrophylla subsp. spiciflora (A.Juss.) T.D.Penn.	Guarea macrophylla subsp. spiciflora (A.Juss.) T.D.Penn.	(A.Juss.) T.D.Penn.	BR	Margem do Rio São Miguel, Calciolandia.	Minas Gerais	PRESENT		ae447c50-b8a8-11d8-92a4-b8a03c50a862	-20.2857122	-45.5395235	25000.0						1940-10-08	8	10	1940	8055042	7271393	PRESERVED_SPECIMEN	NY	NY	1017724	183	T. D. Pennington		CC0_1_0	The New York Botanical Garden	J. Evangelista  de Oliveira			2026-07-09T08:33:34.008Z	StillImage	COORDINATE_REPROJECTED;MODIFIED_DATE_INVALID
1929731438	d415c253-4d61-4459-9d25-4015b9084fb0	8aea76d8-fafe-4f22-9de2-7647923d011a	Plantae	Tracheophyta	Magnoliopsida	Rosales	Moraceae	Ficus	Ficus obtusifolia		SPECIES	Ficus obtusifolia Kunth	Ficus obtusifolia Kunth	Kunth	BR	Pains. Mineração Vale de São Miguel.	Minas Gerais	PRESENT		ae447c50-b8a8-11d8-92a4-b8a03c50a862	-20.3644	-45.6736			642.0				2006-07-11	11	7	2006	5361910	5361910	PRESERVED_SPECIMEN	NY	NY	1281762	147			CC0_1_0	The New York Botanical Garden	R. A. X. Borges			2026-07-09T08:32:15.626Z	StillImage	GEODETIC_DATUM_ASSUMED_WGS84;MODIFIED_DATE_INVALID
1929666834	d415c253-4d61-4459-9d25-4015b9084fb0	8665cd56-8658-43d6-9416-d0b28d138c91	Plantae	Tracheophyta	Magnoliopsida	Lamiales	Verbenaceae	Bouchea	Bouchea pseudogervao		SPECIES	Bouchea fluminensis (Vell.) Moldenke	Bouchea fluminensis (Vell.) Moldenke	(Vell.) Moldenke	BR	Fazenda do Engenho - Calciolandia.	Minas Gerais	PRESENT		ae447c50-b8a8-11d8-92a4-b8a03c50a862	-20.2857122	-45.5395235	25000.0						1940-10-10	10	10	1940	7297089	4083862	PRESERVED_SPECIMEN	NY	NY	01857542	231			CC0_1_0	The New York Botanical Garden	J. Evangelista  de Oliveira			2026-07-09T08:29:45.527Z	StillImage	COORDINATE_REPROJECTED;MODIFIED_DATE_INVALID
1928743226	d415c253-4d61-4459-9d25-4015b9084fb0	44f9fc72-b2e8-4a94-ace5-520fcc5ba4cf	Plantae	Tracheophyta	Magnoliopsida	Rosales	Moraceae	Ficus	Ficus guaranitica		SPECIES	Ficus guaranitica Chodat	Ficus guaranitica Chodat	Chodat	BR	Pains. Mineração Vale de São Miguel.	Minas Gerais	PRESENT		ae447c50-b8a8-11d8-92a4-b8a03c50a862	-20.3542	-45.6733			720.0	0.0			2006-07-13	13	7	2006	5570839	5570839	PRESERVED_SPECIMEN	NY	NY	1183994	186			CC0_1_0	The New York Botanical Garden	R. A. X. Borges			2026-07-09T08:29:11.768Z	StillImage	GEODETIC_DATUM_ASSUMED_WGS84;MODIFIED_DATE_INVALID
1928546862	d415c253-4d61-4459-9d25-4015b9084fb0	370f3ade-877c-47c2-b14b-52cfc2c40b92	Plantae	Tracheophyta	Magnoliopsida	Lamiales	Verbenaceae	Bouchea	Bouchea pseudogervao		SPECIES	Bouchea fluminensis (Vell.) Moldenke	Bouchea fluminensis (Vell.) Moldenke	(Vell.) Moldenke	BR	Fazenda do Engenho - Calciolandia.	Minas Gerais	PRESENT		ae447c50-b8a8-11d8-92a4-b8a03c50a862	-20.2857122	-45.5395235	25000.0						1940-10-10	10	10	1940	7297089	4083862	PRESERVED_SPECIMEN	NY	NY	00955667	231	H. N. Moldenke		CC0_1_0	The New York Botanical Garden	J. Evangelista  de Oliveira			2026-07-09T08:29:00.121Z	StillImage	COORDINATE_REPROJECTED;MODIFIED_DATE_INVALID
1928309097	d415c253-4d61-4459-9d25-4015b9084fb0	2636cf1e-71d7-44a3-addf-d8996f6c8ae5	Plantae	Tracheophyta	Magnoliopsida	Piperales	Piperaceae	Peperomia	Peperomia circinnata		SPECIES	Peperomia circinnata Link	Peperomia circinnata Link	Link	BR	Agua Limpa, Calciolandia.	Minas Gerais	PRESENT		ae447c50-b8a8-11d8-92a4-b8a03c50a862	-20.2857122	-45.5395235	25000.0						1940-10-07	7	10	1940	7304921	7304921	PRESERVED_SPECIMEN	NY	NY	00956874	202			CC0_1_0	The New York Botanical Garden	J. Evangelista  de Oliveira			2026-07-09T08:31:52.307Z	StillImage	COORDINATE_REPROJECTED;MODIFIED_DATE_INVALID
1928061250	d415c253-4d61-4459-9d25-4015b9084fb0	14d03a8c-ce30-4f09-869d-b72b47bd74d6	Plantae	Tracheophyta	Magnoliopsida	Ericales	Sapotaceae	Pouteria	Pouteria gardneriana		SPECIES	Pouteria gardneriana (A.DC.) Radlk.	Pouteria gardneriana (A.DC.) Radlk.	(A.DC.) Radlk.	BR	Margem do rio São Miguel. Calciolandia.	Minas Gerais	PRESENT		ae447c50-b8a8-11d8-92a4-b8a03c50a862	-20.2857122	-45.5395235	25000.0						1940-10-16	16	10	1940	2884422	2884422	PRESERVED_SPECIMEN	NY	NY	1019350	235			CC0_1_0	The New York Botanical Garden	J. Evangelista  de Oliveira			2026-07-09T08:28:25.848Z	StillImage	COORDINATE_REPROJECTED;MODIFIED_DATE_INVALID
1915274496	2e684fd6-09e2-4661-910a-0a188b610c04	https://specieslink.net/guid/204/244134	Plantae	Tracheophyta	Magnoliopsida	Lamiales	Lamiaceae	Aegiphila	Aegiphila integrifolia		SPECIES	Aegiphila integrifolia (Jacq.) Moldenke	Aegiphila integrifolia	(Jacq.) Moldenke	BR	Fazenda Faroeste, margem direita do Rio São Miguel.	Minas Gerais	PRESENT		60545be9-4f28-4245-b4b4-07635c8dfa54	-20.266389	-45.660556							2006-04-21	21	4	2006	7571825	2925468	PRESERVED_SPECIMEN	UEFS	HUEFS	244134	1516	F.França	2019-03-01T00:00:00	CC_BY_4_0	Herbario da Universidade Estadual de Feira de Santana	Melo, P.H.A.		native	2026-06-26T17:13:42.745Z		CONTINENT_DERIVED_FROM_COORDINATES;INSTITUTION_MATCH_FUZZY;INSTITUTION_COLLECTION_MISMATCH
1915274437	2e684fd6-09e2-4661-910a-0a188b610c04	https://specieslink.net/guid/204/244128	Plantae	Tracheophyta	Magnoliopsida	Lamiales	Lamiaceae	Cantinoa	Cantinoa mutabilis		SPECIES	Cantinoa mutabilis (Rich.) Harley & J.F.B.Pastore	Cantinoa mutabilis	(Rich.) Harley & J.F.B.Pastore	BR	Fazenda Faroeste, margem direita do Rio São miguel.	Minas Gerais	PRESENT		60545be9-4f28-4245-b4b4-07635c8dfa54	-20.266389	-45.660556			750.0	50.0			2003-07-05	5	7	2003	7471562	7471562	PRESERVED_SPECIMEN	UEFS	HUEFS	244128	742	R.M.Harley	2019-03-01T00:00:00	CC_BY_4_0	Herbario da Universidade Estadual de Feira de Santana	Melo, P.H.A.		native	2026-06-26T17:13:42.723Z		CONTINENT_DERIVED_FROM_COORDINATES;INSTITUTION_MATCH_FUZZY;INSTITUTION_COLLECTION_MISMATCH
1915274385	2e684fd6-09e2-4661-910a-0a188b610c04	https://specieslink.net/guid/204/244002	Plantae	Tracheophyta	Magnoliopsida	Fabales	Fabaceae	Teramnus	Teramnus uncinatus		SPECIES	Teramnus uncinatus (L.) Sw.	Teramnus uncinatus	(L.) Sw.	BR	Fazenda Faroeste, margem esquerda do Rio Miguel.	Minas Gerais	PRESENT		60545be9-4f28-4245-b4b4-07635c8dfa54	-20.265	-45.670278			750.0	0.0			2003-09-10	10	9	2003	2951909	2951909	PRESERVED_SPECIMEN	UEFS	HUEFS	244002	851	L.P.de Queiroz	2018-12-01T00:00:00	CC_BY_4_0	Herbario da Universidade Estadual de Feira de Santana	Melo, P.H.A.		native	2026-06-26T17:14:02.767Z		CONTINENT_DERIVED_FROM_COORDINATES;INSTITUTION_MATCH_FUZZY;INSTITUTION_COLLECTION_MISMATCH
1915274348	2e684fd6-09e2-4661-910a-0a188b610c04	https://specieslink.net/guid/204/243974	Plantae	Tracheophyta	Magnoliopsida	Fabales	Fabaceae	Deguelia	Deguelia costata		SPECIES	Deguelia costata (Benth.) A.M.G.Azevedo & R.A.Camargo	Deguelia costata	(Benth.) A.M.G.Azevedo & R.A.Camargo	BR	Fazenda Amargoso, MG 439 Km 16.	Minas Gerais	PRESENT		60545be9-4f28-4245-b4b4-07635c8dfa54	-20.381111	-45.661944			675.0	25.0			2003-12-08	8	12	2003	4929062	4929062	PRESERVED_SPECIMEN	UEFS	HUEFS	243974	979	L.P.de Queiroz	2018-12-01T00:00:00	CC_BY_4_0	Herbario da Universidade Estadual de Feira de Santana	Melo, P.H.A.		native	2026-06-26T17:13:42.773Z		CONTINENT_DERIVED_FROM_COORDINATES;INSTITUTION_MATCH_FUZZY;INSTITUTION_COLLECTION_MISMATCH
1915274280	2e684fd6-09e2-4661-910a-0a188b610c04	https://specieslink.net/guid/204/243919	Plantae	Tracheophyta	Magnoliopsida	Caryophyllales	Polygonaceae	Triplaris			GENUS	Triplaris Loefl. ex L.	Triplaris		BR	Fazenda Posse Grande, proximidades da CSN.	Minas Gerais	PRESENT		60545be9-4f28-4245-b4b4-07635c8dfa54	-20.355278	-45.5875							2006-11		11	2006	6390747		PRESERVED_SPECIMEN	UEFS	HUEFS	243919	2481			CC_BY_4_0	Herbario da Universidade Estadual de Feira de Santana	Melo, P.H.A.			2026-06-26T17:13:42.709Z		CONTINENT_DERIVED_FROM_COORDINATES;INSTITUTION_MATCH_FUZZY;INSTITUTION_COLLECTION_MISMATCH
1915274272	2e684fd6-09e2-4661-910a-0a188b610c04	https://specieslink.net/guid/204/243967	Plantae	Tracheophyta	Magnoliopsida	Fabales	Fabaceae	Leucochloron	Leucochloron incuriale		SPECIES	Leucochloron incuriale (Vell.) Barneby & J.W.Grimes	Leucochloron incuriale	(Vell.) Barneby & J.W.Grimes	BR	Nascentes do Rio São Miguel, Região do Onça.	Minas Gerais	PRESENT		60545be9-4f28-4245-b4b4-07635c8dfa54	-20.431389	-45.619167							2006-11-25	25	11	2006	2944288	2944288	PRESERVED_SPECIMEN	UEFS	HUEFS	243967	2428	L.P.de Queiroz	2018-12-01T00:00:00	CC_BY_4_0	Herbario da Universidade Estadual de Feira de Santana	Melo, P.H.A.		native	2026-06-26T17:14:04.239Z		CONTINENT_DERIVED_FROM_COORDINATES;INSTITUTION_MATCH_FUZZY;INSTITUTION_COLLECTION_MISMATCH
1889180191	1bb3cae3-b91f-4109-8a2d-a1f05f2d6fd3	https://specieslink.net/guid/7/160216	Plantae	Tracheophyta	Magnoliopsida	Solanales	Solanaceae	Lycianthes	Lycianthes repens		SPECIES	Lycianthes repens (Spreng.) Bitter	Lycianthes repens	(Spreng.) Bitter	BR		Minas Gerais	PRESENT		76dbcb10-efc5-4d5f-87a5-bcd409fc92c8	-20.387222	-45.649722							2003-12-30	30	12	2003	3799000	3799000	PRESERVED_SPECIMEN	USP-IB	SPF	160216	267	Stehmann, JR		CC_BY_4_0	Herbário da Universidade de São Paulo	Melo, PHA		native	2026-06-26T20:38:10.379Z		CONTINENT_DERIVED_FROM_COORDINATES;INSTITUTION_MATCH_NONE
1853952098	1bb3cae3-b91f-4109-8a2d-a1f05f2d6fd3	https://specieslink.net/guid/7/163725	Plantae	Tracheophyta	Magnoliopsida	Sapindales	Rutaceae	Zanthoxylum	Zanthoxylum monogynum		SPECIES	Zanthoxylum monogynum A.St.-Hil.	Zanthoxylum monogynum	A.St.-Hil.	BR	Lat.: 20º22'55.5' - 20º23'05.7'S, Long.: 45º39'04.2' - 45º38'57.7'W.&nf;MG 439, KM 16. Interior de mata calcária.	Minas Gerais	PRESENT		76dbcb10-efc5-4d5f-87a5-bcd409fc92c8	-20.382083	-45.651167			675.0	25.0			2003-12-08	8	12	2003	3836467	3836467	PRESERVED_SPECIMEN	USP-IB	SPF	163725	1011	Pirani, JR	2004-01-01T00:00:00	CC_BY_4_0	Herbário da Universidade de São Paulo	Melo, PHA		native	2026-06-26T20:38:09.325Z		CONTINENT_DERIVED_FROM_COORDINATES;INSTITUTION_MATCH_NONE
1853952096	1bb3cae3-b91f-4109-8a2d-a1f05f2d6fd3	https://specieslink.net/guid/7/163723	Plantae	Tracheophyta	Magnoliopsida	Sapindales	Rutaceae	Metrodorea	Metrodorea nigra		SPECIES	Metrodorea nigra A.St.-Hil.	Metrodorea nigra	A.St.-Hil.	BR	Lat.: 20º22'55.5' - 20º23'05.7'S&nf;Long.: 45º39'04.2' - 45º38'57.7'W	Minas Gerais	PRESENT		76dbcb10-efc5-4d5f-87a5-bcd409fc92c8	-20.382083	-45.651167			675.0	25.0			2003-12-08	8	12	2003	7269604	7269604	PRESERVED_SPECIMEN	USP-IB	SPF	163723	1009	Pirani, JR	2004-01-01T00:00:00	CC_BY_4_0	Herbário da Universidade de São Paulo	Melo, PHA		native	2026-06-26T20:38:09.499Z		CONTINENT_DERIVED_FROM_COORDINATES;INSTITUTION_MATCH_NONE
1853951955	1bb3cae3-b91f-4109-8a2d-a1f05f2d6fd3	https://specieslink.net/guid/7/160501	Plantae	Tracheophyta	Magnoliopsida	Sapindales	Rutaceae	Pilocarpus	Pilocarpus spicatus	spicatus	VARIETY	Pilocarpus spicatus var. spicatus	Pilocarpus spicatus spicatus	A.St.-Hil.	BR	Rio São Miguel.	Minas Gerais	PRESENT		76dbcb10-efc5-4d5f-87a5-bcd409fc92c8	-20.250278	-45.670833							2002-08-09	9	8	2002	7269471	7269470	PRESERVED_SPECIMEN	USP-IB	SPF	160501	28	Dias, P	2004-05-01T00:00:00	CC_BY_4_0	Herbário da Universidade de São Paulo	Melo, PHA		native	2026-06-26T20:38:09.436Z		CONTINENT_DERIVED_FROM_COORDINATES;INSTITUTION_MATCH_NONE
1853951874	1bb3cae3-b91f-4109-8a2d-a1f05f2d6fd3	https://specieslink.net/guid/7/160200	Plantae	Tracheophyta	Magnoliopsida	Gentianales	Rubiaceae	Psychotria	Psychotria carthagenensis		SPECIES	Psychotria carthagenensis Jacq.	Psychotria carthagenensis	Jacq.	BR		Minas Gerais	PRESENT		76dbcb10-efc5-4d5f-87a5-bcd409fc92c8	-20.251583	-45.662972			750.0	50.0			2003-07-05	5	7	2003	2920891	2920891	PRESERVED_SPECIMEN	USP-IB	SPF	160200	720	Lombardi, JA	2003-08-01T00:00:00	CC_BY_4_0	Herbário da Universidade de São Paulo	Melo, PHA		native	2026-06-26T20:38:09.417Z		CONTINENT_DERIVED_FROM_COORDINATES;INSTITUTION_MATCH_NONE
1848112513	d2470ef8-edfa-4ba7-821e-c3e1a537bdba	https://specieslink.net/guid/220/190276	Plantae	Tracheophyta	Magnoliopsida	Solanales	Solanaceae	Cestrum			GENUS	Cestrum L.	Cestrum		BR		Minas Gerais	PRESENT		4265f332-341c-45f6-b30b-5dc2e39b86e8	-20.431378	-45.641194							2006-11-25	25	11	2006	2928784		PRESERVED_SPECIMEN	UFMG	BHCB	190276	2429			CC_BY_4_0	Herbário da UFMG - Fanerógamas, Algas e Fungos	Melo, PHA de; Santos, RM			2026-06-25T20:17:57.191Z		CONTINENT_DERIVED_FROM_COORDINATES;IDENTIFIED_DATE_INVALID;INSTITUTION_MATCH_NONE
1848112255	d2470ef8-edfa-4ba7-821e-c3e1a537bdba	https://specieslink.net/guid/220/85669	Plantae	Tracheophyta	Magnoliopsida	Fabales	Fabaceae	Senna	Senna multijuga	verrucosa	VARIETY	Senna multijuga var. verrucosa (Vogel) H.S.Irwin & Barneby	Senna multijuga verrucosa	(Vogel) H.S.Irwin & Barneby	BR	Fazenda Faroeste, Margem esquerda do rio São Miguel	Minas Gerais	PRESENT		4265f332-341c-45f6-b30b-5dc2e39b86e8	-20.255556	-45.67							2003-08-10	10	8	2003	3931523	2957158	PRESERVED_SPECIMEN	UFMG	BHCB	85669	814	Souto, F		CC_BY_4_0	Herbário da UFMG - Fanerógamas, Algas e Fungos	Melo, PHA de; Santos, GP			2026-06-25T20:17:56.933Z		CONTINENT_DERIVED_FROM_COORDINATES;IDENTIFIED_DATE_INVALID;INSTITUTION_MATCH_NONE
1844430676	ed8e1590-62b5-48a8-8654-4ecc13554f57	https://specieslink.net/guid/453/94787	Plantae	Tracheophyta	Polypodiopsida	Polypodiales	Thelypteridaceae	Christella	Christella dentata		SPECIES	Christella dentata (Forssk.) Brownsey & Jermy	Christella dentata	(Forssk.) Brownsey & Jermy	BR	Sítio do Sr; Chiquito e D; Naná, Mato das Frutas, 7 km da Vila Costina.	Minas Gerais	PRESENT		4265f332-341c-45f6-b30b-5dc2e39b86e8	-20.351361	-45.784917							2004-02-29	29	2	2004	7160028	7160028	PRESERVED_SPECIMEN	UFMG	BHCB-SL	94787	1110			CC_BY_4_0	Herbário da UFMG - Samambaias e Licófitas	Melo, PHA de		introduced	2026-06-25T19:56:32.035Z		CONTINENT_DERIVED_FROM_COORDINATES;IDENTIFIED_DATE_INVALID;INSTITUTION_MATCH_NONE
1844430675	ed8e1590-62b5-48a8-8654-4ecc13554f57	https://specieslink.net/guid/453/94752	Plantae	Tracheophyta	Polypodiopsida	Polypodiales	Dennstaedtiaceae	Pteridium	Pteridium esculentum		SPECIES	Hypolepis aquilinaris (Fée) Christ	Hypolepis aquilinaris	(Fée) C.Chr.	BR	Fazenda Faroeste, Margem direita do Rio São Miguel, alto da trilha do Quenta-Sol.	Minas Gerais	PRESENT		4265f332-341c-45f6-b30b-5dc2e39b86e8	-20.26725	-45.506306							2003-09-15	15	9	2003	5532331	5532455	PRESERVED_SPECIMEN	UFMG	BHCB-SL	94752	876	Salino, A		CC_BY_4_0	Herbário da UFMG - Samambaias e Licófitas	Melo, PHA de; Cruz, MDC da			2026-06-25T19:56:32.015Z		CONTINENT_DERIVED_FROM_COORDINATES;IDENTIFIED_DATE_INVALID;INSTITUTION_MATCH_NONE
1840928358	1bb3cae3-b91f-4109-8a2d-a1f05f2d6fd3	https://specieslink.net/guid/7/163722	Plantae	Tracheophyta	Magnoliopsida	Sapindales	Rutaceae	Galipea	Galipea jasminiflora		SPECIES	Galipea jasminiflora (A.St.-Hil.) Engl.	Galipea jasminiflora	(A.St.-Hil.) Engl.	BR	Margem esquerda do Rio São Miguel. Sobre afloramento calcáreo.	Minas Gerais	PRESENT		76dbcb10-efc5-4d5f-87a5-bcd409fc92c8	-20.263722	-45.670444			725.0	25.0			2004-04-09	9	4	2004	7269215	7269215	PRESERVED_SPECIMEN	USP-IB	SPF	163722	1162	Pirani, JR	2004-01-01T00:00:00	CC_BY_4_0	Herbário da Universidade de São Paulo	Melo, PHA		native	2026-06-26T20:38:07.438Z		CONTINENT_DERIVED_FROM_COORDINATES;INSTITUTION_MATCH_NONE
1840928318	1bb3cae3-b91f-4109-8a2d-a1f05f2d6fd3	https://specieslink.net/guid/7/160499	Plantae	Tracheophyta	Magnoliopsida	Sapindales	Rutaceae	Conchocarpus	Conchocarpus pentandrus		SPECIES	Conchocarpus pentandrus (A.St.-Hil.) Kallunki & Pirani	Conchocarpus pentandrus	(A.St.-Hil.) Kallunki & Pirani	BR	Margem esquerda do Rio São Miguel. Comum no interior de afloramento calcáreo.	Minas Gerais	PRESENT		76dbcb10-efc5-4d5f-87a5-bcd409fc92c8	-20.256389	-45.669167							2002-11-16	16	11	2002	3835212	3835212	PRESERVED_SPECIMEN	USP-IB	SPF	160499	240	Pirani, JR	2003-01-01T00:00:00	CC_BY_4_0	Herbário da Universidade de São Paulo	Melo, PHA		native	2026-06-26T20:38:07.253Z		CONTINENT_DERIVED_FROM_COORDINATES;INSTITUTION_MATCH_NONE
1840928315	1bb3cae3-b91f-4109-8a2d-a1f05f2d6fd3	https://specieslink.net/guid/7/160498	Plantae	Tracheophyta	Magnoliopsida	Sapindales	Rutaceae	Conchocarpus	Conchocarpus pentandrus		SPECIES	Conchocarpus pentandrus (A.St.-Hil.) Kallunki & Pirani	Conchocarpus pentandrus	(A.St.-Hil.) Kallunki & Pirani	BR	Margem esquerda do Rio São Miguel. Sobre afloramento calcáreo.	Minas Gerais	PRESENT		76dbcb10-efc5-4d5f-87a5-bcd409fc92c8	-20.256389	-45.669167							2002-11-16	16	11	2002	3835212	3835212	PRESERVED_SPECIMEN	USP-IB	SPF	160498	217	Pirani, JR	2003-01-01T00:00:00	CC_BY_4_0	Herbário da Universidade de São Paulo	Melo, PHA		native	2026-06-26T20:38:07.425Z		CONTINENT_DERIVED_FROM_COORDINATES;INSTITUTION_MATCH_NONE
1840928314	1bb3cae3-b91f-4109-8a2d-a1f05f2d6fd3	https://specieslink.net/guid/7/160497	Plantae	Tracheophyta	Magnoliopsida	Sapindales	Rutaceae	Conchocarpus	Conchocarpus pentandrus		SPECIES	Conchocarpus pentandrus (A.St.-Hil.) Kallunki & Pirani	Conchocarpus pentandrus	(A.St.-Hil.) Kallunki & Pirani	BR	Margem esquerda do Rio São Miguel. Sobre afloramento calcáreo.	Minas Gerais	PRESENT		76dbcb10-efc5-4d5f-87a5-bcd409fc92c8	-20.256389	-45.669167							2002-10-04	4	10	2002	3835212	3835212	PRESERVED_SPECIMEN	USP-IB	SPF	160497	57	Pirani, JR	2003-01-01T00:00:00	CC_BY_4_0	Herbário da Universidade de São Paulo	Melo, PHA		native	2026-06-26T20:38:07.336Z		CONTINENT_DERIVED_FROM_COORDINATES;INSTITUTION_MATCH_NONE
1840923031	d2470ef8-edfa-4ba7-821e-c3e1a537bdba	https://specieslink.net/guid/220/90121	Plantae	Tracheophyta	Magnoliopsida	Fabales	Fabaceae	Senna	Senna splendida		SPECIES	Senna splendida (Vogel) H.S.Irwin & Barneby	Senna splendida	(Vogel) H.S.Irwin & Barneby	BR		Minas Gerais	PRESENT		4265f332-341c-45f6-b30b-5dc2e39b86e8	-20.381056	-45.650417							2004-05-08	8	5	2004	2957478	2957478	PRESERVED_SPECIMEN	UFMG	BHCB	90121	1205			CC_BY_4_0	Herbário da UFMG - Fanerógamas, Algas e Fungos	Melo, PHA de; Mota, RC da; Santos, GP; Santos, FMG		native	2026-06-25T20:17:56.514Z		CONTINENT_DERIVED_FROM_COORDINATES;IDENTIFIED_DATE_INVALID;INSTITUTION_MATCH_NONE
1840923027	d2470ef8-edfa-4ba7-821e-c3e1a537bdba	https://specieslink.net/guid/220/88406	Plantae	Tracheophyta	Magnoliopsida	Fabales	Fabaceae	Senna	Senna macranthera		SPECIES	Senna macranthera (DC. ex Collad.) H.S.Irwin & Barneby	Senna macranthera	(DC. ex Collad.) H.S.Irwin & Barneby	BR	Fazenda Amargoso, MG 439, Km 16	Minas Gerais	PRESENT		4265f332-341c-45f6-b30b-5dc2e39b86e8	-20.381	-45.651222							2004-03-03	3	3	2004	2957977	2957977	PRESERVED_SPECIMEN	UFMG	BHCB	88406	1119	Santos, J		CC_BY_4_0	Herbário da UFMG - Fanerógamas, Algas e Fungos	Melo, PHA de		native	2026-06-25T20:17:56.461Z		CONTINENT_DERIVED_FROM_COORDINATES;IDENTIFIED_DATE_INVALID;INSTITUTION_MATCH_NONE
1840923017	d2470ef8-edfa-4ba7-821e-c3e1a537bdba	https://specieslink.net/guid/220/82027	Plantae	Tracheophyta	Magnoliopsida	Fabales	Fabaceae	Senna	Senna cernua		SPECIES	Senna cernua (Balb.) H.S.Irwin & Barneby	Senna cernua	(Balb.) H.S.Irwin & Barneby	BR	Fazenda Faroeste	Minas Gerais	PRESENT		4265f332-341c-45f6-b30b-5dc2e39b86e8	-20.251408	-45.662797							2003-04-22	22	4	2003	2958001	2958001	PRESERVED_SPECIMEN	UFMG	BHCB	82027	590	Santos, J		CC_BY_4_0	Herbário da UFMG - Fanerógamas, Algas e Fungos	Melo, PHA de		native	2026-06-25T20:17:56.477Z		CONTINENT_DERIVED_FROM_COORDINATES;IDENTIFIED_DATE_INVALID;INSTITUTION_MATCH_NONE
1840923016	d2470ef8-edfa-4ba7-821e-c3e1a537bdba	https://specieslink.net/guid/220/81574	Plantae	Tracheophyta	Magnoliopsida	Malvales	Malvaceae	Ceiba	Ceiba pubiflora		SPECIES	Ceiba pubiflora (A.St.-Hil.) K.Schum.	Ceiba pubiflora	(A.St.-Hil.) K.Schum.	BR		Minas Gerais	PRESENT		4265f332-341c-45f6-b30b-5dc2e39b86e8	-20.263722	-45.670444							2003-04-08	8	4	2003	7361253	7361253	PRESERVED_SPECIMEN	UFMG	BHCB	81574	542	Yoshikawa, VN		CC_BY_4_0	Herbário da UFMG - Fanerógamas, Algas e Fungos	Melo, PHA de; Viana, PL; Alves, AC		native	2026-06-25T20:17:56.507Z		CONTINENT_DERIVED_FROM_COORDINATES;IDENTIFIED_DATE_INVALID;INSTITUTION_MATCH_NONE
1840923015	d2470ef8-edfa-4ba7-821e-c3e1a537bdba	https://specieslink.net/guid/220/82026	Plantae	Tracheophyta	Magnoliopsida	Fabales	Fabaceae	Senna	Senna obtusifolia		SPECIES	Senna obtusifolia (L.) H.S.Irwin & Barneby	Senna obtusifolia	(L.) H.S.Irwin & Barneby	BR	Fazenda Faroeste	Minas Gerais	PRESENT		4265f332-341c-45f6-b30b-5dc2e39b86e8	-20.251408	-45.662797							2003-04-22	22	4	2003	2957408	2957408	PRESERVED_SPECIMEN	UFMG	BHCB	82026	591	Santos, J		CC_BY_4_0	Herbário da UFMG - Fanerógamas, Algas e Fungos	Melo, PHA de		native	2026-06-25T20:18:02.137Z		CONTINENT_DERIVED_FROM_COORDINATES;IDENTIFIED_DATE_INVALID;INSTITUTION_MATCH_NONE
1840923013	d2470ef8-edfa-4ba7-821e-c3e1a537bdba	https://specieslink.net/guid/220/81566	Plantae	Tracheophyta	Magnoliopsida	Fabales	Fabaceae	Senna	Senna obtusifolia		SPECIES	Senna obtusifolia (L.) H.S.Irwin & Barneby	Senna obtusifolia	(L.) H.S.Irwin & Barneby	BR	Fazenda Amargoso, MG439, Km16	Minas Gerais	PRESENT		4265f332-341c-45f6-b30b-5dc2e39b86e8	-20.387222	-45.649722							2003-03-22	22	3	2003	2957408	2957408	PRESERVED_SPECIMEN	UFMG	BHCB	81566	508	Santos, J		CC_BY_4_0	Herbário da UFMG - Fanerógamas, Algas e Fungos	Melo, PHA de		native	2026-06-25T20:17:56.470Z		CONTINENT_DERIVED_FROM_COORDINATES;IDENTIFIED_DATE_INVALID;INSTITUTION_MATCH_NONE
1840923011	d2470ef8-edfa-4ba7-821e-c3e1a537bdba	https://specieslink.net/guid/220/81649	Plantae	Tracheophyta	Magnoliopsida	Fabales	Fabaceae	Senna	Senna affinis		SPECIES	Senna affinis (Benth.) H.S.Irwin & Barneby	Senna affinis	(Benth.) H.S.Irwin & Barneby	BR	Fazenda Faroeste, Margem direita do rio São Miguel	Minas Gerais	PRESENT		4265f332-341c-45f6-b30b-5dc2e39b86e8	-20.256389	-45.669167							2003-03-08	8	3	2003	2958020	2958020	PRESERVED_SPECIMEN	UFMG	BHCB	81649	476	Santos, J		CC_BY_4_0	Herbário da UFMG - Fanerógamas, Algas e Fungos	Melo, PHA de		native	2026-06-25T20:17:56.456Z		CONTINENT_DERIVED_FROM_COORDINATES;IDENTIFIED_DATE_INVALID;INSTITUTION_MATCH_NONE
1806875376	d2470ef8-edfa-4ba7-821e-c3e1a537bdba	https://specieslink.net/guid/220/93984	Plantae	Tracheophyta	Liliopsida	Asparagales	Orchidaceae	Cyrtopodium	Cyrtopodium glutiniferum		SPECIES	Cyrtopodium glutiniferum Raddi	Cyrtopodium glutiniferum	Raddi	BR	Rio São Miguel, Margem esquerda do rio. Fazenda do Vininho.	Minas Gerais	PRESENT		4265f332-341c-45f6-b30b-5dc2e39b86e8	-20.262778	-45.671083							2003-10-20	20	10	2003	5319632	5319632	PRESERVED_SPECIMEN	UFMG	BHCB	93984	896	Batista, JAN	2017-12-07T00:00:00	CC_BY_4_0	Herbário da UFMG - Fanerógamas, Algas e Fungos	Melo, PHA de; Velente, PMG		native	2026-06-25T20:17:55.905Z		CONTINENT_DERIVED_FROM_COORDINATES;INSTITUTION_MATCH_NONE
1806875375	d2470ef8-edfa-4ba7-821e-c3e1a537bdba	https://specieslink.net/guid/220/88411	Plantae	Tracheophyta	Magnoliopsida	Fabales	Fabaceae	Platypodium	Platypodium elegans		SPECIES	Platypodium elegans Vogel	Platypodium elegans	Vogel	BR	Fazenda Amargoso, MG439, Km16	Minas Gerais	PRESENT		4265f332-341c-45f6-b30b-5dc2e39b86e8	-20.381	-45.651222							2004-12-29	29	12	2004	2977383	2977383	PRESERVED_SPECIMEN	UFMG	BHCB	88411	1182	Melo, PHA de		CC_BY_4_0	Herbário da UFMG - Fanerógamas, Algas e Fungos	Melo, PHA de		native	2026-06-25T20:17:55.937Z		CONTINENT_DERIVED_FROM_COORDINATES;IDENTIFIED_DATE_INVALID;INSTITUTION_MATCH_NONE
1806875374	d2470ef8-edfa-4ba7-821e-c3e1a537bdba	https://specieslink.net/guid/220/88415	Plantae	Tracheophyta	Magnoliopsida	Fabales	Fabaceae	Senegalia	Senegalia loretensis		SPECIES	Senegalia loretensis (J.F.Macbr.) Seigler & Ebinger	Senegalia loretensis	(J.F.Macbr.) Seigler & Ebinger	BR	Fazenda Faroeste, Margem direita do Rio São Miguel	Minas Gerais	PRESENT		4265f332-341c-45f6-b30b-5dc2e39b86e8	-20.255833	-45.6625							2004-02-15	15	2	2004	3796032	3796032	PRESERVED_SPECIMEN	UFMG	BHCB	88415	1061	Terra, V		CC_BY_4_0	Herbário da UFMG - Fanerógamas, Algas e Fungos	Melo, PHA de; Souza, DT; Palmeira, LRM; Carvalho, FA		native	2026-06-25T20:18:01.773Z		CONTINENT_DERIVED_FROM_COORDINATES;IDENTIFIED_DATE_INVALID;INSTITUTION_MATCH_NONE
180630394	832cb04e-f762-11e1-a439-00145eb45e9a	6894BCC3-6DD1-4054-9AA3-9C7FC78E6633	Plantae	Tracheophyta	Magnoliopsida	Solanales	Convolvulaceae	Jacquemontia			GENUS	Jacquemontia Choisy	Jacquemontia sp.		BR	Top and eastern slope of mountain ca. 9 km NE of Barra do Garcas.	Mato Grasso	PRESENT		bd561840-efdc-11d9-a329-b8a03c50a862	-20.1833	-45.6667	301.0						1973-05-06	6	5	1973	2928487		PRESERVED_SPECIMEN	FTG	Herbarium	114693	9812			CC_BY_4_0		W. R. Anderson, S.R. Hill, R. Reis dos Santos, R. Sousa			2026-07-01T23:04:36.470Z		GEODETIC_DATUM_ASSUMED_WGS84;CONTINENT_DERIVED_FROM_COORDINATES;RECORDED_DATE_INVALID;INSTITUTION_COLLECTION_MISMATCH;TAXON_MATCH_HIGHERRANK
180629303	832cb04e-f762-11e1-a439-00145eb45e9a	B6CF4B16-1D51-4392-8A67-1B492FD34463	Plantae	Tracheophyta	Magnoliopsida	Solanales	Convolvulaceae	Ipomoea	Ipomoea gigantea		SPECIES	Ipomoea gigantea (Silva Manso) Choisy	Ipomoea gigantea		BR	Barra do Garcas, 5 km N of Barro; Mato Grosso		PRESENT		bd561840-efdc-11d9-a329-b8a03c50a862	-20.1833	-45.6667	301.0						1982-02-24	24	2	1982	7411069	7411069	PRESERVED_SPECIMEN	FTG	Herbarium	111539	446			CC_BY_4_0		P. Oliveira, W. R. Anderson			2026-07-01T23:04:36.101Z		GEODETIC_DATUM_ASSUMED_WGS84;CONTINENT_DERIVED_FROM_COORDINATES;RECORDED_DATE_INVALID;INSTITUTION_COLLECTION_MISMATCH
1802941070	fe8c1017-5941-4703-8f81-5023028a32ab	https://specieslink.net/guid/468/87614	Plantae	Tracheophyta	Magnoliopsida	Caryophyllales	Phytolaccaceae	Phytolacca	Phytolacca dioica		SPECIES	Phytolacca dioica L.	Phytolacca dioica	L.	BR	Faz. Faroeste, margem esq. do Rio São Miguel	Mg	PRESENT		94a9c3b2-d54d-4938-811b-e91e091eeb28	-20.265	-45.670278			750.0								7309625	7309625	PRESERVED_SPECIMEN	IAP	PACA-AGP	87614	849	M. S. Marchioretto	2004-08-01T00:00:00	CC_BY_4_0	Herbarium Anchieta - Coleção de Angiospermas	P. H. A. Melo		native	2026-06-25T21:22:34.666Z		CONTINENT_DERIVED_FROM_COORDINATES;INSTITUTION_MATCH_NONE
1802861641	ed8e1590-62b5-48a8-8654-4ecc13554f57	https://specieslink.net/guid/453/114037	Plantae	Tracheophyta	Polypodiopsida	Polypodiales	Pteridaceae	Adiantum	Adiantum diogoanum		SPECIES	Adiantum diogoanum Glaz. ex Baker	Adiantum diogoanum	Graziani ex Baker	BR	Fazenda Faroeste	Minas Gerais	PRESENT		4265f332-341c-45f6-b30b-5dc2e39b86e8	-20.270556	-45.659444							2007-07-15	15	7	2007	7946103	7946103	PRESERVED_SPECIMEN	UFMG	BHCB-SL	114037	13095	Salino, A		CC_BY_4_0	Herbário da UFMG - Samambaias e Licófitas	Salino, A		native	2026-06-25T19:56:28.216Z		CONTINENT_DERIVED_FROM_COORDINATES;IDENTIFIED_DATE_INVALID;INSTITUTION_MATCH_NONE
1802861628	ed8e1590-62b5-48a8-8654-4ecc13554f57	https://specieslink.net/guid/453/114030	Plantae	Tracheophyta	Polypodiopsida	Polypodiales	Pteridaceae	Hemionitis	Hemionitis tomentosa		SPECIES	Hemionitis tomentosa (Lam.) Raddi	Hemionitis tomentosa	(Lam.) Raddi	BR	Fazenda Faroeste, Ao lado da Calciolândia. Floresta Estacional Decidual com afloramentos de calcáreo e áreas alagadas adjacentes.	Minas Gerais	PRESENT		4265f332-341c-45f6-b30b-5dc2e39b86e8	-20.270556	-45.659444							2007-12-15	15	12	2007	3748710	3748710	PRESERVED_SPECIMEN	UFMG	BHCB-SL	114030	114030	Salino, A		CC_BY_4_0	Herbário da UFMG - Samambaias e Licófitas	Salino, A; Dittrich, VAO; Pivari, MOD		native	2026-06-25T19:56:28.216Z		CONTINENT_DERIVED_FROM_COORDINATES;IDENTIFIED_DATE_INVALID;INSTITUTION_MATCH_NONE
1802861623	ed8e1590-62b5-48a8-8654-4ecc13554f57	https://specieslink.net/guid/453/114032	Plantae	Tracheophyta	Polypodiopsida	Polypodiales	Polypodiaceae	Pleopeltis	Pleopeltis pleopeltifolia		SPECIES	Pleopeltis pleopeltifolia (Raddi) Alston	Pleopeltis pleopeltifolia	(Raddi) Alston	BR	Fazenda Faroeste, ao lado da Calciolândia. Floresta Estacional Decidual com afloramentos de calcário e áreas alagadas adjacentes.	Minas Gerais	PRESENT		4265f332-341c-45f6-b30b-5dc2e39b86e8	-20.270556	-45.659444							2007-12-15	15	12	2007	4028806	4028806	PRESERVED_SPECIMEN	UFMG	BHCB-SL	114032	13090	Salino, A		CC_BY_4_0	Herbário da UFMG - Samambaias e Licófitas	Salino, A; Dittrich, VAO; Pivari, MOD		native	2026-06-25T19:56:28.396Z		CONTINENT_DERIVED_FROM_COORDINATES;IDENTIFIED_DATE_INVALID;INSTITUTION_MATCH_NONE
1802861613	ed8e1590-62b5-48a8-8654-4ecc13554f57	https://specieslink.net/guid/453/114040	Plantae	Tracheophyta	Polypodiopsida	Polypodiales	Polypodiaceae	Pleopeltis	Pleopeltis minima		SPECIES	Pleopeltis minima (Bory) J.Prado & R.Y.Hirai	Pleopeltis minima	(Bory) J.Prado & R.Y.Hirai	BR	Fazenda Faroeste, ao lado da Calciolândia. Floresta Estacional Decidual com afloramentos de calcário e áreas alagadas adjacentes.	Minas Gerais	PRESENT		4265f332-341c-45f6-b30b-5dc2e39b86e8	-20.270556	-45.659444							2007-12-15	15	12	2007	8163528	8163528	PRESERVED_SPECIMEN	UFMG	BHCB-SL	114040	13098	Salino, A		CC_BY_4_0	Herbário da UFMG - Samambaias e Licófitas	Salino, A; Dittrich, VAO; Pivari, MOD		native	2026-06-25T19:56:28.405Z		CONTINENT_DERIVED_FROM_COORDINATES;IDENTIFIED_DATE_INVALID;INSTITUTION_MATCH_NONE
1802861598	ed8e1590-62b5-48a8-8654-4ecc13554f57	https://specieslink.net/guid/453/114044	Plantae	Tracheophyta	Polypodiopsida	Polypodiales	Athyriaceae	Diplazium	Diplazium cristatum		SPECIES	Diplazium cristatum (Desr.) Alston	Diplazium cristatum	(Desr.) Alston	BR	Fazenda Faroeste, Ao lado da Calciolândia. Floresta Estacional Decidual com afloramentos de calcário e áreas alagadas adjacentes.	Minas Gerais	PRESENT		4265f332-341c-45f6-b30b-5dc2e39b86e8	-20.270556	-45.659444							2007-12-15	15	12	2007	2650855	2650855	PRESERVED_SPECIMEN	UFMG	BHCB-SL	114044	13102	Salino, A		CC_BY_4_0	Herbário da UFMG - Samambaias e Licófitas	Salino, A; Dittrich, VAO; Pivari, MOD		native	2026-06-25T19:56:28.209Z		CONTINENT_DERIVED_FROM_COORDINATES;IDENTIFIED_DATE_INVALID;INSTITUTION_MATCH_NONE
1802861594	ed8e1590-62b5-48a8-8654-4ecc13554f57	https://specieslink.net/guid/453/114031	Plantae	Tracheophyta	Polypodiopsida	Polypodiales	Pteridaceae	Adiantum	Adiantum deflectens		SPECIES	Adiantum deflectens Mart.	Adiantum deflectens	Mart.	BR	Fazenda Faroeste	Minas Gerais	PRESENT		4265f332-341c-45f6-b30b-5dc2e39b86e8	-20.270556	-45.659444							2007-12-15	15	12	2007	7335373	7335373	PRESERVED_SPECIMEN	UFMG	BHCB-SL	114031	13089	Salino, A		CC_BY_4_0	Herbário da UFMG - Samambaias e Licófitas	Salino, A		native	2026-06-25T19:56:28.390Z		CONTINENT_DERIVED_FROM_COORDINATES;IDENTIFIED_DATE_INVALID;INSTITUTION_MATCH_NONE
1802861588	ed8e1590-62b5-48a8-8654-4ecc13554f57	https://specieslink.net/guid/453/114041	Plantae	Tracheophyta	Polypodiopsida	Polypodiales	Thelypteridaceae	Pelazoneuron	Pelazoneuron berroi		SPECIES	Christella berroi (C.Chr.) Salino & A.R.Sm.	Christella berroi	(C.Chr.) Salino & A.R.Sm.	BR	Fazenda Faroeste; ao lado da Calciolândia, Floresta Estacional Semidecidual com afloramentos de calcário e áreas alagadas adjacentes	Minas Gerais	PRESENT		4265f332-341c-45f6-b30b-5dc2e39b86e8	-20.270556	-45.659444							2007-12-15	15	12	2007	9814465	11865575	PRESERVED_SPECIMEN	UFMG	BHCB-SL	114041	13099	Salino, A		CC_BY_4_0	Herbário da UFMG - Samambaias e Licófitas	Salino, A; Dittrich, VAO; Pivari, MOD			2026-06-25T19:56:28.159Z		CONTINENT_DERIVED_FROM_COORDINATES;IDENTIFIED_DATE_INVALID;INSTITUTION_MATCH_NONE
1802861581	ed8e1590-62b5-48a8-8654-4ecc13554f57	https://specieslink.net/guid/453/114045	Plantae	Tracheophyta	Polypodiopsida	Polypodiales	Tectariaceae	Tectaria	Tectaria incisa		SPECIES	Tectaria incisa Cav.	Tectaria incisa	Cav.	BR	Fazenda Faroeste, Ao lado da Calcioândia. Floresta Estacional Decidual com afloramentos de calcário e áreas alagadas adjacentes.	Minas Gerais	PRESENT		4265f332-341c-45f6-b30b-5dc2e39b86e8	-20.270556	-45.659444							2007-12-15	15	12	2007	5275167	5275167	PRESERVED_SPECIMEN	UFMG	BHCB-SL	114045	13103	Salino, A	2007-12-16T00:00:00	CC_BY_4_0	Herbário da UFMG - Samambaias e Licófitas	Salino, A; Dittrich, VAO; Pivari, MOD		native	2026-06-25T19:56:28.381Z		CONTINENT_DERIVED_FROM_COORDINATES;INSTITUTION_MATCH_NONE
1802861569	ed8e1590-62b5-48a8-8654-4ecc13554f57	https://specieslink.net/guid/453/114043	Plantae	Tracheophyta	Lycopodiopsida	Selaginellales	Selaginellaceae	Selaginella	Selaginella sulcata		SPECIES	Selaginella sulcata (Desv. ex Poir.) Spring	Selaginella sulcata	(Desv. ex Poir.) Spring	BR	Fazenda Faroeste, Ao lado da Calciolândia. Floresta Estacional Decidua com afloramentos de calcário e áreas alagadas adjacentes.	Minas Gerais	PRESENT		4265f332-341c-45f6-b30b-5dc2e39b86e8	-20.270556	-45.659444											7329838	8224867	PRESERVED_SPECIMEN	UFMG	BHCB-SL	114043	13101	Heringer, G		CC_BY_4_0	Herbário da UFMG - Samambaias e Licófitas	Salino, A; Dittrich, VAO; Pivari, MOD		native	2026-06-25T19:56:28.369Z		CONTINENT_DERIVED_FROM_COORDINATES;RECORDED_DATE_MISMATCH;RECORDED_DATE_INVALID;IDENTIFIED_DATE_INVALID;INSTITUTION_MATCH_NONE
1802861568	ed8e1590-62b5-48a8-8654-4ecc13554f57	https://specieslink.net/guid/453/114035	Plantae	Tracheophyta	Polypodiopsida	Polypodiales	Thelypteridaceae	Goniopteris	Goniopteris lugubris		SPECIES	Goniopteris lugubris (Mett.) Brade	Goniopteris lugubris	(Mett.) R.M.Tryon & A.F.Tryon	BR	Fazenda Faroeste; ao lado da Calciolândia, Floresta Estacional Semidecidual	Minas Gerais	PRESENT		4265f332-341c-45f6-b30b-5dc2e39b86e8	-20.270556	-45.659444							2007-12-15	15	12	2007	4083184	4083184	PRESERVED_SPECIMEN	UFMG	BHCB-SL	114035	13093	Salino, A		CC_BY_4_0	Herbário da UFMG - Samambaias e Licófitas	Salino, A; Dittrich, VAO; Pivari, MOD		native	2026-06-25T19:56:28.375Z		CONTINENT_DERIVED_FROM_COORDINATES;IDENTIFIED_DATE_INVALID;INSTITUTION_MATCH_NONE
1802857732	ed8e1590-62b5-48a8-8654-4ecc13554f57	https://specieslink.net/guid/453/94812	Plantae	Tracheophyta	Polypodiopsida	Polypodiales	Pteridaceae	Adiantopsis	Adiantopsis perfasciculata		SPECIES	Adiantopsis perfasciculata Sehnem	Adiantopsis perfasciculata	Sehnem	BR	Corumbá	Minas Gerais	PRESENT		4265f332-341c-45f6-b30b-5dc2e39b86e8	-20.348778	-45.63625							2005-05-28	28	5	2005	3750023	3750023	PRESERVED_SPECIMEN	UFMG	BHCB-SL	94812	1363	Salino, A		CC_BY_4_0	Herbário da UFMG - Samambaias e Licófitas	Melo, PHA de		native	2026-06-25T19:56:26.311Z		CONTINENT_DERIVED_FROM_COORDINATES;IDENTIFIED_DATE_INVALID;INSTITUTION_MATCH_NONE
1802857722	ed8e1590-62b5-48a8-8654-4ecc13554f57	https://specieslink.net/guid/453/94808	Plantae	Tracheophyta	Polypodiopsida	Polypodiales	Polypodiaceae	Campyloneurum	Campyloneurum rigidum		SPECIES	Campyloneurum rigidum J.Sm.	Campyloneurum rigidum	Sm.	BR	Fazenda Timburé, área de mineração da empresa CastroCal.	Minas Gerais	PRESENT		4265f332-341c-45f6-b30b-5dc2e39b86e8	-20.405972	-45.653722							2005-05-19	19	5	2005	4024021	4024021	PRESERVED_SPECIMEN	UFMG	BHCB-SL	94808	1338	Dittrich, VAO		CC_BY_4_0	Herbário da UFMG - Samambaias e Licófitas	Melo, PHA de; Viana, PL		native	2026-06-25T19:56:26.302Z		CONTINENT_DERIVED_FROM_COORDINATES;IDENTIFIED_DATE_INVALID;INSTITUTION_MATCH_NONE
1802857703	ed8e1590-62b5-48a8-8654-4ecc13554f57	https://specieslink.net/guid/453/94810	Plantae	Tracheophyta	Polypodiopsida	Polypodiales	Polypodiaceae	Microgramma	Microgramma lindbergii		SPECIES	Microgramma lindbergii (Mett.) de la Sota	Microgramma lindbergii	(Mett.) de la Sota	BR	Fazenda Timburé, área de mineração da empresa CastroCal.	Minas Gerais	PRESENT		4265f332-341c-45f6-b30b-5dc2e39b86e8	-20.405972	-45.653722							2005-05-19	19	5	2005	8667467	8667467	PRESERVED_SPECIMEN	UFMG	BHCB-SL	94810	1340	Almeida, TE		CC_BY_4_0	Herbário da UFMG - Samambaias e Licófitas	Melo, PHA de; Viana, PL		native	2026-06-25T19:56:26.294Z		CONTINENT_DERIVED_FROM_COORDINATES;IDENTIFIED_DATE_INVALID;INSTITUTION_MATCH_NONE
1802857658	ed8e1590-62b5-48a8-8654-4ecc13554f57	https://specieslink.net/guid/453/94820	Plantae	Tracheophyta	Lycopodiopsida	Selaginellales	Selaginellaceae	Selaginella	Selaginella sulcata		SPECIES	Selaginella sulcata (Desv. ex Poir.) Spring	Selaginella sulcata	(Desv. ex Poir.) Spring	BR	Fazenda Faroeste, Margem esquerda do Rio São Miguel.	Minas Gerais	PRESENT		4265f332-341c-45f6-b30b-5dc2e39b86e8	-20.262472	-45.670944											7329838	8224867	PRESERVED_SPECIMEN	UFMG	BHCB-SL	94820	1332	Heringer, G		CC_BY_4_0	Herbário da UFMG - Samambaias e Licófitas	Melo, PHA de; Viana, PL; Santos, FM; Heringer, G		native	2026-06-25T19:56:26.279Z		CONTINENT_DERIVED_FROM_COORDINATES;RECORDED_DATE_MISMATCH;RECORDED_DATE_INVALID;IDENTIFIED_DATE_INVALID;INSTITUTION_MATCH_NONE
1802856648	ed8e1590-62b5-48a8-8654-4ecc13554f57	https://specieslink.net/guid/453/87444	Plantae	Tracheophyta	Polypodiopsida	Polypodiales	Pteridaceae	Adiantum	Adiantum diogoanum		SPECIES	Adiantum diogoanum Glaz. ex Baker	Adiantum diogoanum	Graziani ex Baker	BR	Fazenda Faroeste	Minas Gerais	PRESENT		4265f332-341c-45f6-b30b-5dc2e39b86e8	-20.269111	-45.660639							2004-04-11	11	4	2004	7946103	7946103	PRESERVED_SPECIMEN	UFMG	BHCB-SL	87444	9566	Prado, J		CC_BY_4_0	Herbário da UFMG - Samambaias e Licófitas	Salino, A		native	2026-06-25T19:56:25.811Z		CONTINENT_DERIVED_FROM_COORDINATES;IDENTIFIED_DATE_INVALID;INSTITUTION_MATCH_NONE
1802856619	ed8e1590-62b5-48a8-8654-4ecc13554f57	https://specieslink.net/guid/453/87453	Plantae	Tracheophyta	Polypodiopsida	Schizaeales	Anemiaceae	Anemia	Anemia candidoi		SPECIES	Anemia × candidoi Brade	Anemia candidoi	Brade	BR	Fazenda Faroeste, próximo à margem esquerda do Rio São Miguel. Floresta Estacional Decidual	Minas Gerais	PRESENT		4265f332-341c-45f6-b30b-5dc2e39b86e8	-20.263722	-45.670444							2004-04-10	10	4	2004	8013284	8013284	PRESERVED_SPECIMEN	UFMG	BHCB-SL	87453	9556	Salino, A		CC_BY_4_0	Herbário da UFMG - Samambaias e Licófitas	Salino, A; Mota, NFO; Melo, PHA de; Viana, PL			2026-06-25T19:56:25.787Z		CONTINENT_DERIVED_FROM_COORDINATES;IDENTIFIED_DATE_INVALID;INSTITUTION_MATCH_NONE
1802856606	ed8e1590-62b5-48a8-8654-4ecc13554f57	https://specieslink.net/guid/453/87445	Plantae	Tracheophyta	Polypodiopsida	Polypodiales	Dryopteridaceae	Parapolystichum	Parapolystichum effusum		SPECIES	Parapolystichum effusum (Sw.) Ching	Parapolystichum effusum	(Sw.) Ching	BR	Fazenda Faroeste, Floresta Estacional Decidual. Margem do rio São Miguel.	Minas Gerais	PRESENT		4265f332-341c-45f6-b30b-5dc2e39b86e8	-20.269111	-45.660639							2004-04-11	11	4	2004	7319499	7319499	PRESERVED_SPECIMEN	UFMG	BHCB-SL	87445	9567	Salino, A		CC_BY_4_0	Herbário da UFMG - Samambaias e Licófitas	Salino, A; Mota, NFO; Melo, PHA de; Viana, PL; Leal, CG; Leite, FSF; Santos, GP		native	2026-06-25T19:56:25.777Z		CONTINENT_DERIVED_FROM_COORDINATES;IDENTIFIED_DATE_INVALID;INSTITUTION_MATCH_NONE
1802856605	ed8e1590-62b5-48a8-8654-4ecc13554f57	https://specieslink.net/guid/453/87441	Plantae	Tracheophyta	Polypodiopsida	Polypodiales	Polypodiaceae	Pleopeltis	Pleopeltis minima		SPECIES	Pleopeltis minima (Bory) J.Prado & R.Y.Hirai	Pleopeltis minima	(Bory) J.Prado & R.Y.Hirai	BR	Fazenda Faroeste, a margem direita do Rio São Miguel. Floresta Estacional Decidual.	Minas Gerais	PRESENT		4265f332-341c-45f6-b30b-5dc2e39b86e8	-20.269111	-45.660639							2004-04-11	11	4	2004	8163528	8163528	PRESERVED_SPECIMEN	UFMG	BHCB-SL	87441	9563	Almeida, TE		CC_BY_4_0	Herbário da UFMG - Samambaias e Licófitas	Salino, A; Mota, NFO; Melo, PHA de; Viana, PL; Leal, CG; Leite, FSF; Santos, GP		native	2026-06-25T19:56:25.800Z		CONTINENT_DERIVED_FROM_COORDINATES;IDENTIFIED_DATE_INVALID;INSTITUTION_MATCH_NONE
1802856572	ed8e1590-62b5-48a8-8654-4ecc13554f57	https://specieslink.net/guid/453/87450	Plantae	Tracheophyta	Polypodiopsida	Polypodiales	Pteridaceae	Adiantum	Adiantum diogoanum		SPECIES	Adiantum diogoanum Glaz. ex Baker	Adiantum diogoanum	Graziani ex Baker	BR	Fazenda Faroeste	Minas Gerais	PRESENT		4265f332-341c-45f6-b30b-5dc2e39b86e8	-20.263722	-45.670444							2004-04-10	10	4	2004	7946103	7946103	PRESERVED_SPECIMEN	UFMG	BHCB-SL	87450	9553	Prado, J		CC_BY_4_0	Herbário da UFMG - Samambaias e Licófitas	Salino, A		native	2026-06-25T19:56:25.975Z		CONTINENT_DERIVED_FROM_COORDINATES;IDENTIFIED_DATE_INVALID;INSTITUTION_MATCH_NONE
1802856567	ed8e1590-62b5-48a8-8654-4ecc13554f57	https://specieslink.net/guid/453/87455	Plantae	Tracheophyta	Polypodiopsida	Polypodiales	Pteridaceae	Adiantum	Adiantum deflectens		SPECIES	Adiantum deflectens Mart.	Adiantum deflectens	Mart.	BR		Minas Gerais	PRESENT		4265f332-341c-45f6-b30b-5dc2e39b86e8	-20.263722	-45.670444							2004-04-10	10	4	2004	7335373	7335373	PRESERVED_SPECIMEN	UFMG	BHCB-SL	87455	9558	Prado, J		CC_BY_4_0	Herbário da UFMG - Samambaias e Licófitas	Salino, A		native	2026-06-25T19:56:25.764Z		CONTINENT_DERIVED_FROM_COORDINATES;IDENTIFIED_DATE_INVALID;INSTITUTION_MATCH_NONE
1802856562	ed8e1590-62b5-48a8-8654-4ecc13554f57	https://specieslink.net/guid/453/87454	Plantae	Tracheophyta	Polypodiopsida	Polypodiales	Pteridaceae	Adiantum	Adiantum lorentzii		SPECIES	Adiantum lorentzii Hieron.	Adiantum lorentzii	Hieron.	BR	Fazenda Faroeste, Próximo a margem esquerda do rio São Miguel. Floresta Estacional Semidecidual.	Minas Gerais	PRESENT		4265f332-341c-45f6-b30b-5dc2e39b86e8	-20.263722	-45.670444							2004-04-10	10	4	2004	3748361	3748361	PRESERVED_SPECIMEN	UFMG	BHCB-SL	87454	9557	Salino, A		CC_BY_4_0	Herbário da UFMG - Samambaias e Licófitas	Salino, A; Mota, NFO; Melo, PHA de; Viana, PL; Leal, GC; Leite, FSF; Santos, GP		native	2026-06-25T19:56:25.783Z		CONTINENT_DERIVED_FROM_COORDINATES;IDENTIFIED_DATE_INVALID;INSTITUTION_MATCH_NONE
1802856551	ed8e1590-62b5-48a8-8654-4ecc13554f57	https://specieslink.net/guid/453/87440	Plantae	Tracheophyta	Polypodiopsida	Polypodiales	Athyriaceae	Diplazium	Diplazium cristatum		SPECIES	Diplazium cristatum (Desr.) Alston	Diplazium cristatum	(Desr.) Alston	BR	Fazenda Faroeste, Próximo a margem direita do Rio São MIguel. Floresta Estacional Decidual.	Minas Gerais	PRESENT		4265f332-341c-45f6-b30b-5dc2e39b86e8	-20.269111	-45.660639							2004-04-11	11	4	2004	2650855	2650855	PRESERVED_SPECIMEN	UFMG	BHCB-SL	87440	9562	Salino, A		CC_BY_4_0	Herbário da UFMG - Samambaias e Licófitas	Salino, A; Mota, NFO; Melo, PHA de; Viana, PL; Leal, CG; Leite, FSF; Santos, GP		native	2026-06-25T19:56:25.762Z		CONTINENT_DERIVED_FROM_COORDINATES;IDENTIFIED_DATE_INVALID;INSTITUTION_MATCH_NONE
1802856550	ed8e1590-62b5-48a8-8654-4ecc13554f57	https://specieslink.net/guid/453/87446	Plantae	Tracheophyta	Polypodiopsida	Polypodiales	Thelypteridaceae	Goniopteris	Goniopteris lugubris		SPECIES	Goniopteris lugubris (Mett.) Brade	Goniopteris lugubris	(Mett.) R.M.Tryon & A.F.Tryon	BR	Fazenda Faroeste, Floresta Estacional Semidecidual	Minas Gerais	PRESENT		4265f332-341c-45f6-b30b-5dc2e39b86e8	-20.269111	-45.660639							2004-04-11	11	4	2004	4083184	4083184	PRESERVED_SPECIMEN	UFMG	BHCB-SL	87446	9568			CC_BY_4_0	Herbário da UFMG - Samambaias e Licófitas	Salino, A; Mota, NFO; Melo, PHA de; Viana, PL; Leal, CG; Leite, FSF; Santos, GP		native	2026-06-25T19:56:25.778Z		CONTINENT_DERIVED_FROM_COORDINATES;IDENTIFIED_DATE_INVALID;INSTITUTION_MATCH_NONE
1802856523	ed8e1590-62b5-48a8-8654-4ecc13554f57	https://specieslink.net/guid/453/87452	Plantae	Tracheophyta	Polypodiopsida	Polypodiales	Pteridaceae	Adiantopsis	Adiantopsis perfasciculata		SPECIES	Adiantopsis perfasciculata Sehnem	Adiantopsis perfasciculata	Sehnem	BR	Fazenda Faroeste	Minas Gerais	PRESENT		4265f332-341c-45f6-b30b-5dc2e39b86e8	-20.263722	-45.670444							2004-04-10	10	4	2004	3750023	3750023	PRESERVED_SPECIMEN	UFMG	BHCB-SL	87452	9555	Salino, A		CC_BY_4_0	Herbário da UFMG - Samambaias e Licófitas	Salino, A		native	2026-06-25T19:56:25.770Z		CONTINENT_DERIVED_FROM_COORDINATES;IDENTIFIED_DATE_INVALID;INSTITUTION_MATCH_NONE
1801097762	d2470ef8-edfa-4ba7-821e-c3e1a537bdba	https://specieslink.net/guid/220/93957	Plantae	Tracheophyta	Magnoliopsida	Solanales	Convolvulaceae	Ipomoea	Ipomoea parasitica		SPECIES	Ipomoea parasitica (Kunth) G.Don	Ipomoea parasitica	(Kunth) G.Don	BR	Fazenda Faroeste, Margem esquerda do rio São Miguel	Minas Gerais	PRESENT		4265f332-341c-45f6-b30b-5dc2e39b86e8	-20.262528	-45.669528							2005-03-25	25	3	2005	4927124	4927124	PRESERVED_SPECIMEN	UFMG	BHCB	93957	1313	Simão-Bianchini, R	2016-09-22T00:00:00	CC_BY_4_0	Herbário da UFMG - Fanerógamas, Algas e Fungos	Melo, PHA de; Martins, JF		introduced	2026-06-25T20:17:55.644Z		CONTINENT_DERIVED_FROM_COORDINATES;INSTITUTION_MATCH_NONE
1801097761	d2470ef8-edfa-4ba7-821e-c3e1a537bdba	https://specieslink.net/guid/220/94034	Plantae	Tracheophyta	Magnoliopsida	Malpighiales	Euphorbiaceae	Tragia	Tragia volubilis		SPECIES	Tragia volubilis L.	Tragia volubilis	L.	BR	Fazenda Amargoso, MG-439, Km 16.	Minas Gerais	PRESENT		4265f332-341c-45f6-b30b-5dc2e39b86e8	-20.382083	-45.651167							2003-12-08	8	12	2003	3061705	3061705	PRESERVED_SPECIMEN	UFMG	BHCB	94034	983	Melo, PHA de		CC_BY_4_0	Herbário da UFMG - Fanerógamas, Algas e Fungos	Melo, PHA de; Santos, GP		native	2026-06-25T20:17:55.739Z		CONTINENT_DERIVED_FROM_COORDINATES;IDENTIFIED_DATE_INVALID;INSTITUTION_MATCH_NONE
1801097760	d2470ef8-edfa-4ba7-821e-c3e1a537bdba	https://specieslink.net/guid/220/93994	Plantae	Tracheophyta	Magnoliopsida	Solanales	Convolvulaceae	Ipomoea	Ipomoea sidifolia		SPECIES	Ipomoea tubata Nees	Ipomoea tubata	Nees	BR	Fazenda Faroeste, margem direita do Rio São Miguel	Minas Gerais	PRESENT		4265f332-341c-45f6-b30b-5dc2e39b86e8	-20.260417	-45.664028							2003-04-07	7	4	2003	7944698	7536938	PRESERVED_SPECIMEN	UFMG	BHCB	93994	528	Mota, RC da; Buril, MT		CC_BY_4_0	Herbário da UFMG - Fanerógamas, Algas e Fungos	Melo, PHA de; Viana, PL; Alves, AC			2026-06-25T20:17:55.675Z		CONTINENT_DERIVED_FROM_COORDINATES;IDENTIFIED_DATE_INVALID;INSTITUTION_MATCH_NONE
1801097751	d2470ef8-edfa-4ba7-821e-c3e1a537bdba	https://specieslink.net/guid/220/90111	Plantae	Tracheophyta	Magnoliopsida	Malpighiales	Euphorbiaceae	Bernardia	Bernardia tamanduana		SPECIES	Bernardia tamanduana (Baill.) Müll.Arg.	Bernardia tamanduana	(Baill.) Müll.Arg.	BR	Fazenda Faroeste, Margem direita do Rio São Miguel.	Minas Gerais	PRESENT		4265f332-341c-45f6-b30b-5dc2e39b86e8	-20.266389	-45.660528							2004-08-13	13	8	2004	5378398	5378398	PRESERVED_SPECIMEN	UFMG	BHCB	90111	1241	Carrión, JF	2016-09-27T00:00:00	CC_BY_4_0	Herbário da UFMG - Fanerógamas, Algas e Fungos	Melo, PHA de; Coelho, LHL		native	2026-06-25T20:17:55.638Z		CONTINENT_DERIVED_FROM_COORDINATES;INSTITUTION_MATCH_NONE
1801097745	d2470ef8-edfa-4ba7-821e-c3e1a537bdba	https://specieslink.net/guid/220/88392	Plantae	Tracheophyta	Magnoliopsida	Malpighiales	Euphorbiaceae	Tragia			GENUS	Tragia Plum. ex L.	Tragia		BR	Fazenda Faroeste, Margem direita do rio São Miguel	Minas Gerais	PRESENT		4265f332-341c-45f6-b30b-5dc2e39b86e8	-20.257361	-45.663722							2004-01-02	2	1	2004	3061520		PRESERVED_SPECIMEN	UFMG	BHCB	88392	1041			CC_BY_4_0	Herbário da UFMG - Fanerógamas, Algas e Fungos	Melo, PHA de; Silva, W			2026-06-25T20:17:55.655Z		CONTINENT_DERIVED_FROM_COORDINATES;IDENTIFIED_DATE_INVALID;INSTITUTION_MATCH_NONE
1801097742	d2470ef8-edfa-4ba7-821e-c3e1a537bdba	https://specieslink.net/guid/220/88388	Plantae	Tracheophyta	Magnoliopsida	Malpighiales	Euphorbiaceae	Acalypha	Acalypha gracilis		SPECIES	Acalypha gracilis Spreng.	Acalypha gracilis	Spreng.	BR	Fazenda Amargoso, MG-439 Km 16.	Minas Gerais	PRESENT		4265f332-341c-45f6-b30b-5dc2e39b86e8	-20.381	-45.651222							2004-04-08	8	4	2004	3056509	3056509	PRESERVED_SPECIMEN	UFMG	BHCB	88388	1136	Sousa, AAC	2016-12-01T00:00:00	CC_BY_4_0	Herbário da UFMG - Fanerógamas, Algas e Fungos	Melo, PHA de; Leite, FSF; Leal, CG		native	2026-06-25T20:17:55.603Z		CONTINENT_DERIVED_FROM_COORDINATES;INSTITUTION_MATCH_NONE
1801097740	d2470ef8-edfa-4ba7-821e-c3e1a537bdba	https://specieslink.net/guid/220/88385	Plantae	Tracheophyta	Magnoliopsida	Malpighiales	Euphorbiaceae	Manihot	Manihot pilosa		SPECIES	Manihot pilosa Pohl	Manihot pilosa	Pohl	BR	Fazenda Amargoso, MG-439, Km 16.	Minas Gerais	PRESENT		4265f332-341c-45f6-b30b-5dc2e39b86e8	-20.381944	-45.651111							2003-12-08	8	12	2003	3060927	3060927	PRESERVED_SPECIMEN	UFMG	BHCB	88385	1010	Amaral, US	2019-02-11T00:00:00	CC_BY_4_0	Herbário da UFMG - Fanerógamas, Algas e Fungos	Melo, PHA de		native	2026-06-25T20:17:55.710Z		CONTINENT_DERIVED_FROM_COORDINATES;INSTITUTION_MATCH_NONE
1801097739	d2470ef8-edfa-4ba7-821e-c3e1a537bdba	https://specieslink.net/guid/220/88381	Plantae	Tracheophyta	Magnoliopsida	Solanales	Convolvulaceae	Distimake	Distimake dissectus		SPECIES	Merremia dissecta (Jacq.) Hallier fil.	Merremia dissecta	(Jacq.) Hallier f.	BR	Fazenda Faroeste	Minas Gerais	PRESENT		4265f332-341c-45f6-b30b-5dc2e39b86e8	-20.270278	-45.663056							2004-04-10	10	4	2004	3679601	9293992	PRESERVED_SPECIMEN	UFMG	BHCB	88381	1171	Petrongari, FS	2016-09-22T00:00:00	CC_BY_4_0	Herbário da UFMG - Fanerógamas, Algas e Fungos	Melo, PHA de; et al.			2026-06-25T20:17:55.707Z		CONTINENT_DERIVED_FROM_COORDINATES;INSTITUTION_MATCH_NONE
1801097732	d2470ef8-edfa-4ba7-821e-c3e1a537bdba	https://specieslink.net/guid/220/85662	Plantae	Tracheophyta	Magnoliopsida	Solanales	Convolvulaceae	Dichondra	Dichondra sericea		SPECIES	Dichondra sericea Sw.	Dichondra sericea	Sw.	BR	Fazenda Faroeste, margem esquerda do rio São Miguel	Minas Gerais	PRESENT		4265f332-341c-45f6-b30b-5dc2e39b86e8	-20.255556	-45.67							2003-08-10	10	8	2003	2928661	2928661	PRESERVED_SPECIMEN	UFMG	BHCB	85662	815	Buril, MT		CC_BY_4_0	Herbário da UFMG - Fanerógamas, Algas e Fungos	Melo, PHA de; Santos, GP		native	2026-06-25T20:18:01.605Z		CONTINENT_DERIVED_FROM_COORDINATES;IDENTIFIED_DATE_INVALID;INSTITUTION_MATCH_NONE
1801097721	d2470ef8-edfa-4ba7-821e-c3e1a537bdba	https://specieslink.net/guid/220/82019	Plantae	Tracheophyta	Magnoliopsida	Solanales	Convolvulaceae	Ipomoea	Ipomoea hederifolia		SPECIES	Ipomoea hederifolia L.	Ipomoea hederifolia	L.	BR	Fazenda Faroeste, margem direita do rio São Miguel	Minas Gerais	PRESENT		4265f332-341c-45f6-b30b-5dc2e39b86e8	-20.251667	-45.663056							2016-04-22	22	4	2016	2928624	2928624	PRESERVED_SPECIMEN	UFMG	BHCB	82019	616	Buril, MT		CC_BY_4_0	Herbário da UFMG - Fanerógamas, Algas e Fungos	Melo, PHA de		native	2026-06-25T20:17:55.687Z		CONTINENT_DERIVED_FROM_COORDINATES;IDENTIFIED_DATE_INVALID;INSTITUTION_MATCH_NONE
1801097719	d2470ef8-edfa-4ba7-821e-c3e1a537bdba	https://specieslink.net/guid/220/81998	Plantae	Tracheophyta	Magnoliopsida	Solanales	Convolvulaceae	Ipomoea	Ipomoea cynanchifolia		SPECIES	Ipomoea cynanchifolia Meisn.	Ipomoea cynanchifolia	Meisn.	BR	Fazenda Amargoso, MG-439, Km 16.	Minas Gerais	PRESENT		4265f332-341c-45f6-b30b-5dc2e39b86e8	-20.387222	-45.649722							2003-04-16	16	4	2003	3680601	3680601	PRESERVED_SPECIMEN	UFMG	BHCB	81998	579	Mota, RC da; Buril, MT		CC_BY_4_0	Herbário da UFMG - Fanerógamas, Algas e Fungos	Melo, PHA de		native	2026-06-25T20:17:55.623Z		CONTINENT_DERIVED_FROM_COORDINATES;IDENTIFIED_DATE_INVALID;INSTITUTION_MATCH_NONE
1801097718	d2470ef8-edfa-4ba7-821e-c3e1a537bdba	https://specieslink.net/guid/220/82000	Plantae	Tracheophyta	Magnoliopsida	Lamiales	Lamiaceae	Mesosphaerum	Mesosphaerum suaveolens		SPECIES	Mesosphaerum suaveolens (L.) Kuntze	Mesosphaerum suaveolens	(L.) Kuntze	BR	Fazenda Amargoso, MG439, Km 16	Minas Gerais	PRESENT		4265f332-341c-45f6-b30b-5dc2e39b86e8	-20.387222	-45.649722							2003-04-16	16	4	2003	3889017	3889017	PRESERVED_SPECIMEN	UFMG	BHCB	82000	582	Mota, RC da; Antar, GM		CC_BY_4_0	Herbário da UFMG - Fanerógamas, Algas e Fungos	Melo, PHA de		native	2026-06-25T20:17:55.528Z		CONTINENT_DERIVED_FROM_COORDINATES;IDENTIFIED_DATE_INVALID;INSTITUTION_MATCH_NONE
1801097717	d2470ef8-edfa-4ba7-821e-c3e1a537bdba	https://specieslink.net/guid/220/82006	Plantae	Tracheophyta	Magnoliopsida	Solanales	Convolvulaceae	Camonea	Camonea umbellata		SPECIES	Merremia umbellata (L.) Hallier fil.	Merremia umbellata	(L.) Hallier f.	BR	Fazenda Faroeste, Margem direita do rio São Miguel	Minas Gerais	PRESENT		4265f332-341c-45f6-b30b-5dc2e39b86e8	-20.251408	-45.612972							2003-04-22	22	4	2003	3678484	9452352	PRESERVED_SPECIMEN	UFMG	BHCB	82006	621	Mota, RC da; Petrongari, FS	2016-09-22T00:00:00	CC_BY_4_0	Herbário da UFMG - Fanerógamas, Algas e Fungos	Melo, PHA de			2026-06-25T20:17:55.632Z		CONTINENT_DERIVED_FROM_COORDINATES;INSTITUTION_MATCH_NONE
1801097716	d2470ef8-edfa-4ba7-821e-c3e1a537bdba	https://specieslink.net/guid/220/81989	Plantae	Tracheophyta	Magnoliopsida	Malpighiales	Euphorbiaceae	Tragia	Tragia volubilis		SPECIES	Tragia volubilis L.	Tragia volubilis	L.	BR	Fazenda Amargoso, MG-439, Km 16.	Minas Gerais	PRESENT		4265f332-341c-45f6-b30b-5dc2e39b86e8	-20.387222	-45.649722							2003-04-15	15	4	2003	3061705	3061705	PRESERVED_SPECIMEN	UFMG	BHCB	81989	555	Melo, PHA de	2004-11-08T00:00:00	CC_BY_4_0	Herbário da UFMG - Fanerógamas, Algas e Fungos	Melo, PHA de; Bezerra		native	2026-06-25T20:17:55.617Z		CONTINENT_DERIVED_FROM_COORDINATES;INSTITUTION_MATCH_NONE
1801097714	d2470ef8-edfa-4ba7-821e-c3e1a537bdba	https://specieslink.net/guid/220/81984	Plantae	Tracheophyta	Magnoliopsida	Solanales	Convolvulaceae	Ipomoea	Ipomoea hederifolia		SPECIES	Ipomoea hederifolia L.	Ipomoea hederifolia	L.	BR	Fazenda Amargoso, MG-439, Km 16.	Minas Gerais	PRESENT		4265f332-341c-45f6-b30b-5dc2e39b86e8	-20.387222	-45.649722							2003-04-15	15	4	2003	2928624	2928624	PRESERVED_SPECIMEN	UFMG	BHCB	81984	566	Buril, MT		CC_BY_4_0	Herbário da UFMG - Fanerógamas, Algas e Fungos	Melo, PHA de; Bezerra, FV		native	2026-06-25T20:17:55.679Z		CONTINENT_DERIVED_FROM_COORDINATES;IDENTIFIED_DATE_INVALID;INSTITUTION_MATCH_NONE
1801097712	d2470ef8-edfa-4ba7-821e-c3e1a537bdba	https://specieslink.net/guid/220/81592	Plantae	Tracheophyta	Magnoliopsida	Malpighiales	Euphorbiaceae	Euphorbia	Euphorbia zonosperma		SPECIES	Euphorbia zonosperma Müll.Arg.	Euphorbia zonosperma	Müll.Arg.	BR	Fazenda Amargoso, MG-439, Km 16.	Minas Gerais	PRESENT		4265f332-341c-45f6-b30b-5dc2e39b86e8	-20.381	-45.651222							2003-03-06	6	3	2003	3069915	3069915	PRESERVED_SPECIMEN	UFMG	BHCB	81592	417	Souza, FS; Barsoli, EF; Silva, OLM	2016-12-01T00:00:00	CC_BY_4_0	Herbário da UFMG - Fanerógamas, Algas e Fungos	Melo, PHA de		native	2026-06-25T20:17:55.574Z		CONTINENT_DERIVED_FROM_COORDINATES;INSTITUTION_MATCH_NONE
1801097710	d2470ef8-edfa-4ba7-821e-c3e1a537bdba	https://specieslink.net/guid/220/81632	Plantae	Tracheophyta	Magnoliopsida	Solanales	Convolvulaceae	Aniseia	Aniseia luxurians		SPECIES	Iseia luxurians (Moric.) O'Donell	Iseia luxurians	(Moric.) O'Donell	BR	Fazenda Faroeste, Margem direta do rio São Miguel	Minas Gerais	PRESENT		4265f332-341c-45f6-b30b-5dc2e39b86e8	-20.256389	-45.669167							2003-03-08	8	3	2003	8315294	9730688	PRESERVED_SPECIMEN	UFMG	BHCB	81632	468	Mota, RC da; Buril, MT		CC_BY_4_0	Herbário da UFMG - Fanerógamas, Algas e Fungos	Melo, PHA de		native	2026-06-25T20:17:55.596Z		CONTINENT_DERIVED_FROM_COORDINATES;IDENTIFIED_DATE_INVALID;INSTITUTION_MATCH_NONE
1702649942	1bb3cae3-b91f-4109-8a2d-a1f05f2d6fd3	https://specieslink.net/guid/7/163728	Plantae	Tracheophyta	Magnoliopsida	Picramniales	Picramniaceae	Picramnia	Picramnia ramiflora		SPECIES	Picramnia ramiflora Planch.	Picramnia ramiflora	Planch.	BR	Fazenda Amargoso, MG 439, km 16.	Minas Gerais	PRESENT		76dbcb10-efc5-4d5f-87a5-bcd409fc92c8	-20.382083	-45.651167			675.0	25.0			2003-12-08	8	12	2003	3709280	3709280	PRESERVED_SPECIMEN	USP-IB	SPF	163728	1005	Pirani, JR	2004-01-01T00:00:00	CC_BY_4_0	Herbário da Universidade de São Paulo	Melo, PHA		native	2026-06-26T20:38:01.676Z		CONTINENT_DERIVED_FROM_COORDINATES;INSTITUTION_MATCH_NONE
1702649874	1bb3cae3-b91f-4109-8a2d-a1f05f2d6fd3	https://specieslink.net/guid/7/160227	Plantae	Tracheophyta	Magnoliopsida	Rosales	Cannabaceae	Trema	Trema micranthum		SPECIES	Trema micranthum (L.) Blume	Trema micrantha	(L.) Blume	BR	Pains: Faz. Amargoso, MG 439, km 16. Borda de mata relacionada a afloramento calcário.	Minas Gerais	PRESENT		76dbcb10-efc5-4d5f-87a5-bcd409fc92c8	-20.387222	-45.649722							2003-12-30	30	12	2003	2984501	2984501	PRESERVED_SPECIMEN	USP-IB	SPF	160227	285	Lombardi, JA		CC_BY_4_0	Herbário da Universidade de São Paulo	Melo, PHA			2026-06-26T20:38:01.700Z		CONTINENT_DERIVED_FROM_COORDINATES;INSTITUTION_MATCH_NONE;TAXON_MATCH_FUZZY
1671752449	af1b4db0-c8ce-4a95-b700-8a6a02bed9d6	EC35AC44-AB2F-4517-9671-A9035D331C84	Plantae	Tracheophyta	Magnoliopsida	Fabales	Fabaceae	Bauhinia	Bauhinia rufa		SPECIES	Bauhinia rufa (Bong.) Steud.	Bauhinia rufa	(Bong.) Steud.	BR	Ca. 30 km (straight line) ENE of Barra do Garcas.	Mato Grosso	PRESENT		253fc67c-c7fb-4c85-88f5-43ac6d9dc8a9	-20.1833	-45.6667			450.0				1973-05-05	5	5	1973	2953546	2953546	PRESERVED_SPECIMEN	USF	Herb	166274	9782	R. P. Wunderlin	1982-01-01T00:00:00	CC_BY_4_0		W. R. Anderson			2026-07-13T00:08:22.196Z	StillImage	GEODETIC_DATUM_ASSUMED_WGS84;CONTINENT_DERIVED_FROM_COORDINATES;INSTITUTION_COLLECTION_MISMATCH
1671752438	af1b4db0-c8ce-4a95-b700-8a6a02bed9d6	4C1C36B9-8B13-442C-9D04-217E6B6C75BF	Plantae	Tracheophyta	Magnoliopsida	Fabales	Fabaceae	Bauhinia	Bauhinia rufa		SPECIES	Bauhinia rufa (Bong.) Steud.	Bauhinia rufa	(Bong.) Steud.	BR	Ca. 35 km (straight line) ENE of Barra do Garcas.	Mato Grosso	PRESENT		253fc67c-c7fb-4c85-88f5-43ac6d9dc8a9	-20.1833	-45.6667			500.0				1973-05-04	4	5	1973	2953546	2953546	PRESERVED_SPECIMEN	USF	Herb	166270	9719	R. P. Wunderlin	1982-01-01T00:00:00	CC_BY_4_0		W. R. Anderson			2026-07-13T00:08:23.819Z	StillImage	GEODETIC_DATUM_ASSUMED_WGS84;CONTINENT_DERIVED_FROM_COORDINATES;INSTITUTION_COLLECTION_MISMATCH
1671752325	af1b4db0-c8ce-4a95-b700-8a6a02bed9d6	8195EFE7-78E8-42AE-8ADB-39CE10BDC2DC	Plantae	Tracheophyta	Magnoliopsida	Fabales	Fabaceae	Bauhinia	Bauhinia pulchella		SPECIES	Bauhinia pulchella Benth.	Bauhinia pulchella	Benth.	BR	Ca. 35 km (straight line) ENE of Barra do Garcas.	Mato Grosso	PRESENT		253fc67c-c7fb-4c85-88f5-43ac6d9dc8a9	-20.1833	-45.6667			500.0				1973-05-04	4	5	1973	2953070	2953070	PRESERVED_SPECIMEN	USF	Herb	148295	9677	R. P. Wunderlin		CC_BY_4_0		W. R. Anderson			2026-07-13T00:08:25.322Z	StillImage	GEODETIC_DATUM_ASSUMED_WGS84;CONTINENT_DERIVED_FROM_COORDINATES;INSTITUTION_COLLECTION_MISMATCH
1664964279	af1b4db0-c8ce-4a95-b700-8a6a02bed9d6	2DB62142-7B73-4D29-A1CF-F229A90C642B	Plantae	Tracheophyta	Magnoliopsida	Fabales	Fabaceae	Bauhinia	Bauhinia cupulata		SPECIES	Bauhinia cupulata Benth.	Bauhinia cupulata	Benth.	BR	3 m of road, 20 km before Alto Garcas, after SR Araqueria.	Mato Grosso	PRESENT		253fc67c-c7fb-4c85-88f5-43ac6d9dc8a9	-20.1833	-45.6667							1966-07-08	8	7	1966	2953518	2953518	PRESERVED_SPECIMEN	USF	Herb	166237	503	R. P. Wunderlin		CC_BY_4_0		Robert Goodland			2026-07-13T00:08:21.826Z	StillImage	GEODETIC_DATUM_ASSUMED_WGS84;CONTINENT_DERIVED_FROM_COORDINATES;INSTITUTION_COLLECTION_MISMATCH
1638342038	2e684fd6-09e2-4661-910a-0a188b610c04	https://specieslink.net/guid/204/229577	Plantae	Tracheophyta	Magnoliopsida	Sapindales	Anacardiaceae	Myracrodruon	Myracrodruon urundeuva		SPECIES	Myracrodruon urundeuva Allemão	Myracrodruon urundeuva	Allemão	BR	Just south of limestone mine in Arcos	Minas Gerais	PRESENT		60545be9-4f28-4245-b4b4-07635c8dfa54	-20.328056	-45.585556			748.0	0.0			2013-06-27	27	6	2013	3660652	3660652	PRESERVED_SPECIMEN	UEFS	HUEFS	229577	1348	D.M.Neves		CC_BY_4_0	Herbario da Universidade Estadual de Feira de Santana	Neves, D.M.			2026-06-26T17:13:41.724Z		CONTINENT_DERIVED_FROM_COORDINATES;INSTITUTION_MATCH_FUZZY;INSTITUTION_COLLECTION_MISMATCH
1638342036	2e684fd6-09e2-4661-910a-0a188b610c04	https://specieslink.net/guid/204/229576	Plantae	Tracheophyta	Magnoliopsida	Myrtales	Myrtaceae	Eugenia	Eugenia lagoensis		SPECIES	Eugenia lagoensis Kiaersk.	Eugenia lagoensis	Kiaersk.	BR	Just south of limestone mine in Arcos	Minas Gerais	PRESENT		60545be9-4f28-4245-b4b4-07635c8dfa54	-20.328056	-45.585556			748.0	0.0			2013-06-27	27	6	2013	5416752	5416752	PRESERVED_SPECIMEN	UEFS	HUEFS	229576	1347	M.Sobral	2019-06-01T00:00:00	CC_BY_4_0	Herbario da Universidade Estadual de Feira de Santana	Neves, D.M.		native	2026-06-26T17:13:41.675Z		CONTINENT_DERIVED_FROM_COORDINATES;INSTITUTION_MATCH_FUZZY;INSTITUTION_COLLECTION_MISMATCH
1587302566	1bb3cae3-b91f-4109-8a2d-a1f05f2d6fd3	https://specieslink.net/guid/7/160229	Plantae	Tracheophyta	Magnoliopsida	Lamiales	Verbenaceae	Lantana	Lantana camara		SPECIES	Lantana camara L.	Lantana camara	L.	BR		Minas Gerais	PRESENT		76dbcb10-efc5-4d5f-87a5-bcd409fc92c8	-20.251583	-45.662972							2002-12-31	31	12	2002	2925303	2925303	PRESERVED_SPECIMEN	USP-IB	SPF	160229	304	Lombardi, JA		CC_BY_4_0	Herbário da Universidade de São Paulo	Melo, PHA		introduced	2026-06-26T20:37:56.777Z		CONTINENT_DERIVED_FROM_COORDINATES;INSTITUTION_MATCH_NONE
1585193947	1bb3cae3-b91f-4109-8a2d-a1f05f2d6fd3	https://specieslink.net/guid/7/164380	Plantae	Tracheophyta	Magnoliopsida	Myrtales	Combretaceae	Combretum	Combretum laxum		SPECIES	Combretum laxum Jacq.	Combretum laxum	Jacq.	BR		Minas Gerais	PRESENT		76dbcb10-efc5-4d5f-87a5-bcd409fc92c8	-20.256389	-45.669167			750.0	50.0			2003-05-26	26	5	2003	7908521	7908521	PRESERVED_SPECIMEN	USP-IB	SPF	164380	669	Lombardi, JA	2003-06-01T00:00:00	CC_BY_4_0	Herbário da Universidade de São Paulo	Melo, PHA		native	2026-06-26T20:37:55.810Z		CONTINENT_DERIVED_FROM_COORDINATES;INSTITUTION_MATCH_NONE
1585193924	1bb3cae3-b91f-4109-8a2d-a1f05f2d6fd3	https://specieslink.net/guid/7/160117	Plantae	Tracheophyta	Magnoliopsida	Cucurbitales	Cucurbitaceae	Wilbrandia	Wilbrandia hibiscoides		SPECIES	Wilbrandia hibiscoides Silva Manso	Wilbrandia hibiscoides	Silva Manso	BR	Fazenda Faroeste.	Minas Gerais	PRESENT		76dbcb10-efc5-4d5f-87a5-bcd409fc92c8	-20.251583	-45.662972							2002-12-31	31	12	2002	7317954	7317954	PRESERVED_SPECIMEN	USP-IB	SPF	160117	296	Lombardi, JA		CC_BY_4_0	Herbário da Universidade de São Paulo	Melo, PHA		native	2026-06-26T20:37:55.867Z		CONTINENT_DERIVED_FROM_COORDINATES;INSTITUTION_MATCH_NONE
1584439311	af1b4db0-c8ce-4a95-b700-8a6a02bed9d6	5D6032F7-1E6F-432C-B3C5-36EB344EC665	Plantae	Tracheophyta	Liliopsida	Asparagales	Orchidaceae	Habenaria	Habenaria leprieurii		SPECIES	Habenaria platydactyla Kraenzl.	Habenaria platydactyla	Kränzl.	BR	Vila Velha.	Paraná	PRESENT		253fc67c-c7fb-4c85-88f5-43ac6d9dc8a9	-20.3	-45.6833							1952-12-21	21	12	1952	2828780	2828410	PRESERVED_SPECIMEN	USF	Herb	28363	2964	G. J. F. Pabst	1953-05-30T00:00:00	CC_BY_4_0		G. Hatschbach			2026-07-13T00:08:19.286Z	StillImage	GEODETIC_DATUM_ASSUMED_WGS84;CONTINENT_DERIVED_FROM_COORDINATES;INSTITUTION_COLLECTION_MISMATCH
1576158289	af1b4db0-c8ce-4a95-b700-8a6a02bed9d6	0BB91F98-4B87-48CD-AC7E-D1FB9FA8FA38	Plantae	Tracheophyta	Liliopsida	Asparagales	Orchidaceae	Epidendrum	Epidendrum patens		SPECIES	Epidendrum patens Sw.	Epidendrum patens	Sw.	BR	Pains, W de Minas.	Minas Gerais	PRESENT		253fc67c-c7fb-4c85-88f5-43ac6d9dc8a9	-20.3833	-45.6333							1956-10		10	1956	5320648	5320648	PRESERVED_SPECIMEN	USF	Herb	26765	197	G. J. F. Pabst		CC_BY_4_0		N. Welter			2026-07-13T00:08:32.187Z	StillImage	GEODETIC_DATUM_ASSUMED_WGS84;CONTINENT_DERIVED_FROM_COORDINATES;INSTITUTION_COLLECTION_MISMATCH
1570747613	1bb3cae3-b91f-4109-8a2d-a1f05f2d6fd3	https://specieslink.net/guid/7/160099	Plantae	Tracheophyta	Magnoliopsida	Caryophyllales	Cactaceae	Brasiliopuntia	Brasiliopuntia brasiliensis		SPECIES	Brasiliopuntia brasiliensis (Willd.) A.Berger	Brasiliopuntia brasiliensis	(Willd.) A.Berger	BR		Minas Gerais	PRESENT		76dbcb10-efc5-4d5f-87a5-bcd409fc92c8	-20.256389	-45.669167							2002-10-04	4	10	2002	7530646	7530646	PRESERVED_SPECIMEN	USP-IB	SPF	160099	67	Gonzaga, DR	2015-07-20T00:00:00	CC_BY_4_0	Herbário da Universidade de São Paulo	Lombardi, JA		native	2026-06-26T20:37:54.934Z		CONTINENT_DERIVED_FROM_COORDINATES;INSTITUTION_MATCH_NONE
1499618387	d2470ef8-edfa-4ba7-821e-c3e1a537bdba	https://specieslink.net/guid/220/90478	Plantae	Tracheophyta	Liliopsida	Poales	Poaceae	Cenchrus	Cenchrus pedicellatus		SPECIES	Pennisetum pedicellatum Trin.	Pennisetum pedicellatum	Trin.	BR	Fazenda Faroeste, Margem direita do Rio São Miguel	Minas Gerais	PRESENT		4265f332-341c-45f6-b30b-5dc2e39b86e8	-20.251389	-45.662778							2003-04-07	7	4	2003	2706161	5828233	PRESERVED_SPECIMEN	UFMG	BHCB	90478	536	Viana, PL		CC_BY_4_0	Herbário da UFMG - Fanerógamas, Algas e Fungos	Melo, PHA de; Viana, PL; Alves, AC			2026-06-25T20:17:53.991Z		CONTINENT_DERIVED_FROM_COORDINATES;IDENTIFIED_DATE_INVALID;INSTITUTION_MATCH_NONE
1499618386	d2470ef8-edfa-4ba7-821e-c3e1a537bdba	https://specieslink.net/guid/220/90486	Plantae	Tracheophyta	Liliopsida	Poales	Poaceae	Olyra			GENUS	Olyra L.	Olyra		BR	Fazenda Amargoso, Km 16 da Rodovia MG 439	Minas Gerais	PRESENT		4265f332-341c-45f6-b30b-5dc2e39b86e8	-20.38085	-45.651122							2004-03-03	3	3	2004	2705466		PRESERVED_SPECIMEN	UFMG	BHCB	90486	1122			CC_BY_4_0	Herbário da UFMG - Fanerógamas, Algas e Fungos	Melo, PHA de			2026-06-25T20:17:53.998Z		CONTINENT_DERIVED_FROM_COORDINATES;IDENTIFIED_DATE_INVALID;INSTITUTION_MATCH_NONE
1450975237	1bb3cae3-b91f-4109-8a2d-a1f05f2d6fd3	https://specieslink.net/guid/7/160181	Plantae	Tracheophyta	Magnoliopsida	Caryophyllales	Nyctaginaceae	Bougainvillea	Bougainvillea spectabilis		SPECIES	Bougainvillea spectabilis Willd.	Bougainvillea spectabilis	Willd.	BR		Minas Gerais	PRESENT		76dbcb10-efc5-4d5f-87a5-bcd409fc92c8	-20.256389	-45.669167							2002-10-04	4	10	2002	7167078	7167078	PRESERVED_SPECIMEN	USP-IB	SPF	160181	86	Lombardi, JA		CC_BY_4_0	Herbário da Universidade de São Paulo	Melo, PHA		native	2026-06-26T20:37:49.226Z		CONTINENT_DERIVED_FROM_COORDINATES;INSTITUTION_MATCH_NONE
1424497066	4300f8d5-1ae5-49e5-a101-63894b005868	urn:catalog:JBRJ:RB:903332	Plantae	Tracheophyta	Magnoliopsida	Fabales	Fabaceae	Enterolobium	Enterolobium contortisiliquum		SPECIES	Enterolobium contortisiliquum (Vell.) Morong	Enterolobium contortisiliquum (Vell.) Morong	(Vell.) Morong	BR	Just south of limestone mine in Arcos.	Minas Gerais	PRESENT		838537fc-4aeb-4980-8b58-97fbdcd1d91a	-20.328056	-45.585555			748.0				2013-06-27	27	6	2013	2961170	2961170	PRESERVED_SPECIMEN	JBRJ	RB	RB00903332	1349	Neves, D.M.	2013-06-27T00:00:00	CC_BY_4_0	Rio de Janeiro Botanical Garden	Neves, D.M.; Dexter, K.G.			2026-07-01T12:14:43.510Z	StillImage	COORDINATE_ROUNDED;GEODETIC_DATUM_ASSUMED_WGS84;CONTINENT_DERIVED_FROM_COORDINATES;INSTITUTION_MATCH_FUZZY;COLLECTION_MATCH_FUZZY
1424492779	4300f8d5-1ae5-49e5-a101-63894b005868	urn:catalog:JBRJ:RB:880664	Plantae	Tracheophyta	Magnoliopsida	Sapindales	Anacardiaceae	Myracrodruon	Myracrodruon urundeuva		SPECIES	Myracrodruon urundeuva Allemão	Myracrodruon urundeuva Allemão	Allemão	BR	Just south of limestone mine in Arcos.	Minas Gerais	PRESENT		838537fc-4aeb-4980-8b58-97fbdcd1d91a	-20.328056	-45.585555							2013-06-27	27	6	2013	3660652	3660652	PRESERVED_SPECIMEN	JBRJ	RB	RB00880664	1348	Neves, D.M.	2013-06-27T00:00:00	CC_BY_4_0	Rio de Janeiro Botanical Garden	Neves, D.M.; Dexter, K.G.			2026-07-01T12:15:22.926Z	StillImage	COORDINATE_ROUNDED;GEODETIC_DATUM_ASSUMED_WGS84;CONTINENT_DERIVED_FROM_COORDINATES;INSTITUTION_MATCH_FUZZY;COLLECTION_MATCH_FUZZY
1424492753	4300f8d5-1ae5-49e5-a101-63894b005868	urn:catalog:JBRJ:RB:880663	Plantae	Tracheophyta	Magnoliopsida	Myrtales	Myrtaceae	Eugenia	Eugenia lagoensis		SPECIES	Eugenia lagoensis Kiaersk.	Eugenia lagoensis Kiaersk.	Kiaersk.	BR	Just south of limestone mine in Arcos.	Minas Gerais	PRESENT		838537fc-4aeb-4980-8b58-97fbdcd1d91a	-20.328056	-45.585555							2013-06-27	27	6	2013	5416752	5416752	PRESERVED_SPECIMEN	JBRJ	RB	RB00880663	1347	M.SOBRAL	2017-06-01T00:00:00	CC_BY_4_0	Rio de Janeiro Botanical Garden	Neves, D.M.; Dexter, K.G.			2026-07-01T12:14:42.465Z	StillImage	COORDINATE_ROUNDED;GEODETIC_DATUM_ASSUMED_WGS84;CONTINENT_DERIVED_FROM_COORDINATES;INSTITUTION_MATCH_FUZZY;COLLECTION_MATCH_FUZZY
1424491994	4300f8d5-1ae5-49e5-a101-63894b005868	urn:catalog:JBRJ:RB:879287	Plantae	Tracheophyta	Liliopsida	Zingiberales	Marantaceae	Calathea			GENUS	Calathea G.Mey.	Calathea		BR	Fazenda Amargoso, MG 439 km 16.	Minas Gerais	PRESENT		838537fc-4aeb-4980-8b58-97fbdcd1d91a	-20.387222	-45.649722							2003-12-30	30	12	2003	8394666		PRESERVED_SPECIMEN	JBRJ	RB	RB00879287	269			CC_BY_4_0	Rio de Janeiro Botanical Garden	P.H.A. Melo			2026-07-01T12:14:43.045Z	StillImage	COORDINATE_ROUNDED;GEODETIC_DATUM_ASSUMED_WGS84;CONTINENT_DERIVED_FROM_COORDINATES;INSTITUTION_MATCH_FUZZY;COLLECTION_MATCH_FUZZY
1424491970	4300f8d5-1ae5-49e5-a101-63894b005868	urn:catalog:JBRJ:RB:879239	Plantae	Tracheophyta	Liliopsida	Zingiberales	Marantaceae	Calathea			GENUS	Calathea G.Mey.	Calathea		BR	Fazenda Amargoso, MG 439 km 16, divisa com Francisco Gonçalves Costa.	Minas Gerais	PRESENT		838537fc-4aeb-4980-8b58-97fbdcd1d91a	-20.382778	-45.649444							2004-02-16	16	2	2004	8394666		PRESERVED_SPECIMEN	JBRJ	RB	RB00879239	1098			CC_BY_4_0	Rio de Janeiro Botanical Garden	P.H.A. Melo			2026-07-01T12:14:42.895Z	StillImage	COORDINATE_ROUNDED;GEODETIC_DATUM_ASSUMED_WGS84;CONTINENT_DERIVED_FROM_COORDINATES;INSTITUTION_MATCH_FUZZY;COLLECTION_MATCH_FUZZY
1424491969	4300f8d5-1ae5-49e5-a101-63894b005868	urn:catalog:JBRJ:RB:879247	Plantae	Tracheophyta	Liliopsida	Zingiberales	Marantaceae	Calathea			GENUS	Calathea G.Mey.	Calathea		BR	Fazenda Faroeste, margem esquerda do Rio São Miguel.	Minas Gerais	PRESENT		838537fc-4aeb-4980-8b58-97fbdcd1d91a	-20.387222	-45.704444			730.0	50.0			2003-12-31	31	12	2003	8394666		PRESERVED_SPECIMEN	JBRJ	RB	RB00879247	1027			CC_BY_4_0	Rio de Janeiro Botanical Garden	P.H.A. Melo; P.M.G. Valente			2026-07-01T12:14:42.567Z	StillImage	COORDINATE_ROUNDED;GEODETIC_DATUM_ASSUMED_WGS84;CONTINENT_DERIVED_FROM_COORDINATES;INSTITUTION_MATCH_FUZZY;COLLECTION_MATCH_FUZZY
1424489731	4300f8d5-1ae5-49e5-a101-63894b005868	urn:catalog:JBRJ:RB:873050	Plantae	Tracheophyta	Liliopsida	Zingiberales	Marantaceae	Calathea			GENUS	Calathea G.Mey.	Calathea		BR	Fazenda Faroeste, margem direita do Rio São Miguel.	Minas Gerais	PRESENT		838537fc-4aeb-4980-8b58-97fbdcd1d91a	-20.256389	-45.669167			750.0	50.0			2003-03-08	8	3	2003	8394666		PRESERVED_SPECIMEN	JBRJ	RB	RB00873050	477			CC_BY_4_0	Rio de Janeiro Botanical Garden	P.H.A. Melo			2026-07-01T12:14:41.958Z	StillImage	COORDINATE_ROUNDED;GEODETIC_DATUM_ASSUMED_WGS84;CONTINENT_DERIVED_FROM_COORDINATES;INSTITUTION_MATCH_FUZZY;COLLECTION_MATCH_FUZZY
1424489707	4300f8d5-1ae5-49e5-a101-63894b005868	urn:catalog:JBRJ:RB:873060	Plantae	Tracheophyta	Liliopsida	Zingiberales	Marantaceae	Maranta	Maranta incrassata		SPECIES	Maranta incrassata L.Andersson	Maranta incrassata L.Andersson	L.Andersson	BR	Fazenda Faroeste, margem direita do Rio São Miguel.	Minas Gerais	PRESENT		838537fc-4aeb-4980-8b58-97fbdcd1d91a	-20.251389	-45.662778							2002-12-31	31	12	2002	2761336	2761336	PRESERVED_SPECIMEN	JBRJ	RB	RB00873060	314	Luna,N.K.	2018-04-26T00:00:00	CC_BY_4_0	Rio de Janeiro Botanical Garden	P.H.A. Melo; E.A. Melo Jr			2026-07-01T12:14:41.998Z	StillImage	COORDINATE_ROUNDED;GEODETIC_DATUM_ASSUMED_WGS84;CONTINENT_DERIVED_FROM_COORDINATES;INSTITUTION_MATCH_FUZZY;COLLECTION_MATCH_FUZZY
1424479217	4300f8d5-1ae5-49e5-a101-63894b005868	urn:catalog:JBRJ:RB:851866	Plantae	Tracheophyta	Magnoliopsida	Solanales	Solanaceae	Dyssochroma	Dyssochroma viridiflorum		SPECIES	Dyssochroma viridiflorum (Sims) Miers	Dyssochroma viridiflorum (Sims) Miers	(Sims) Miers	BR	Fazenda Amargoso, MG 439 km 16.	Minas Gerais	PRESENT		838537fc-4aeb-4980-8b58-97fbdcd1d91a	-20.38852	-45.65041			670.0				2004-06-26	26	6	2004	7299241	7299241	PRESERVED_SPECIMEN	JBRJ	RB	RB00851866	1218	J.R. Stehmann	2004-10-01T00:00:00	CC_BY_4_0	Rio de Janeiro Botanical Garden	P.H.A. Melo			2026-07-01T12:15:23.315Z	StillImage	GEODETIC_DATUM_ASSUMED_WGS84;CONTINENT_DERIVED_FROM_COORDINATES;INSTITUTION_MATCH_FUZZY;COLLECTION_MATCH_FUZZY
1424460076	4300f8d5-1ae5-49e5-a101-63894b005868	urn:catalog:JBRJ:RB:802688	Plantae	Tracheophyta	Liliopsida	Poales	Bromeliaceae	Aechmea	Aechmea distichantha		SPECIES	Aechmea distichantha Lem.	Aechmea distichantha Lem.	Lem.	BR	Mineração Vale do São Miguel.	Minas Gerais	PRESENT		838537fc-4aeb-4980-8b58-97fbdcd1d91a	-20.357222	-45.673889			688.0				2006-07-12	12	7	2006	2698018	2698018	PRESERVED_SPECIMEN	JBRJ	RB	RB00802688	178	R.T. Monteiro et V.R. Almeida	2006-08-08T00:00:00	CC_BY_4_0	Rio de Janeiro Botanical Garden	R.A.X. Borges; P.H. Bernardo			2026-07-01T12:14:38.794Z		COORDINATE_ROUNDED;GEODETIC_DATUM_ASSUMED_WGS84;CONTINENT_DERIVED_FROM_COORDINATES;MULTIMEDIA_URI_INVALID;INSTITUTION_MATCH_FUZZY;COLLECTION_MATCH_FUZZY
1424364534	4300f8d5-1ae5-49e5-a101-63894b005868	urn:catalog:JBRJ:RB:653902	Plantae	Tracheophyta	Magnoliopsida	Lamiales	Acanthaceae	Justicia			GENUS	Justicia L.	Justicia		BR	Fazenda Amargoso, MG 439 Km 16.	Minas Gerais	PRESENT		838537fc-4aeb-4980-8b58-97fbdcd1d91a	-20.387222	-45.649722							2003-07-06	6	7	2003	2904597		PRESERVED_SPECIMEN	JBRJ	RB	RB00653902	759			CC_BY_4_0	Rio de Janeiro Botanical Garden	P.H.A. Melo; R. C. Libanio, R. R. Ferreira; D. M. Loyola			2026-07-01T12:14:29.565Z		COORDINATE_ROUNDED;GEODETIC_DATUM_ASSUMED_WGS84;CONTINENT_DERIVED_FROM_COORDINATES;MULTIMEDIA_URI_INVALID;INSTITUTION_MATCH_FUZZY;COLLECTION_MATCH_FUZZY
1424344413	4300f8d5-1ae5-49e5-a101-63894b005868	urn:catalog:JBRJ:RB:635116	Plantae	Tracheophyta	Liliopsida	Liliales	Smilacaceae	Smilax			GENUS	Smilax L.	Smilax		BR		Minas Gerais	PRESENT		838537fc-4aeb-4980-8b58-97fbdcd1d91a	-20.354167	-45.673333							2006-07-13	13	7	2006	2740627		PRESERVED_SPECIMEN	JBRJ	RB	RB00635116	189			CC_BY_4_0	Rio de Janeiro Botanical Garden	R.A.X. Borges; P.H. BErnardo			2026-07-01T12:15:17.869Z	StillImage	COORDINATE_ROUNDED;GEODETIC_DATUM_ASSUMED_WGS84;CONTINENT_DERIVED_FROM_COORDINATES;INSTITUTION_MATCH_FUZZY;COLLECTION_MATCH_FUZZY
1424335132	4300f8d5-1ae5-49e5-a101-63894b005868	urn:catalog:JBRJ:RB:625775	Plantae	Tracheophyta	Liliopsida	Poales	Poaceae	Setaria	Setaria sulcata		SPECIES	Setaria sulcata Raddi	Setaria sulcata Raddi	Raddi	BR	Mineração Vale do São Miguel.	Minas Gerais	PRESENT		838537fc-4aeb-4980-8b58-97fbdcd1d91a	-20.359722	-45.673889			613.0				2006-07-12	12	7	2006	5673534	5673534	PRESERVED_SPECIMEN	JBRJ	RB	RB00625775	220	K.R. Malaquias	2022-07-27T00:00:00	CC_BY_4_0	Rio de Janeiro Botanical Garden	R.A.X. Borges; P.H. Bernardo			2026-07-01T12:14:25.297Z	StillImage	COORDINATE_ROUNDED;GEODETIC_DATUM_ASSUMED_WGS84;CONTINENT_DERIVED_FROM_COORDINATES;INSTITUTION_MATCH_FUZZY;COLLECTION_MATCH_FUZZY
1424329213	4300f8d5-1ae5-49e5-a101-63894b005868	urn:catalog:JBRJ:RB:620214	Plantae	Tracheophyta	Liliopsida	Poales	Poaceae	Olyra	Olyra latifolia		SPECIES	Olyra latifolia L.	Olyra latifolia L.	L.	BR	Mineração Vale do São Miguel.	Minas Gerais	PRESENT		838537fc-4aeb-4980-8b58-97fbdcd1d91a	-20.357222	-45.673889			688.0				2006-07-12	12	7	2006	5290105	5290105	PRESERVED_SPECIMEN	JBRJ	RB	RB00620214	232	F. M. Ferreira	2006-08-01T00:00:00	CC_BY_4_0	Rio de Janeiro Botanical Garden	R. A. X. Borges; P. H. Bernardo			2026-07-01T12:14:24.379Z	StillImage	COORDINATE_ROUNDED;GEODETIC_DATUM_ASSUMED_WGS84;CONTINENT_DERIVED_FROM_COORDINATES;INSTITUTION_MATCH_FUZZY;COLLECTION_MATCH_FUZZY
1424327267	4300f8d5-1ae5-49e5-a101-63894b005868	urn:catalog:JBRJ:RB:617395	Plantae	Tracheophyta	Liliopsida	Poales	Poaceae	Ichnanthus	Ichnanthus ruprechtii		SPECIES	Hildaea ruprechtii (Döll) C.Silva & R.P.Oliveira	Hildaea ruprechtii (Döll) C.Silva & R.P.Oliveira	(Döll) C.Silva & R.P.Oliveira	BR	Mineração carmocal.	Minas Gerais	PRESENT		838537fc-4aeb-4980-8b58-97fbdcd1d91a	-20.365833	-45.668889			612.0				2006-07-10	10	7	2006	9527024	8374614	PRESERVED_SPECIMEN	JBRJ	RB	RB00617395	240	CHRISTIAN DA SILVA	2016-04-01T00:00:00	CC_BY_4_0	Rio de Janeiro Botanical Garden	R. A. X. Borges; P. H. Bernardo			2026-07-01T12:15:18.285Z	StillImage	COORDINATE_ROUNDED;GEODETIC_DATUM_ASSUMED_WGS84;CONTINENT_DERIVED_FROM_COORDINATES;INSTITUTION_MATCH_FUZZY;COLLECTION_MATCH_FUZZY
1424319749	4300f8d5-1ae5-49e5-a101-63894b005868	urn:catalog:JBRJ:RB:609893	Plantae	Tracheophyta	Magnoliopsida	Piperales	Piperaceae	Peperomia	Peperomia alata		SPECIES	Peperomia alata Ruiz & Pav.	Peperomia alata Ruiz & Pav.	Ruiz & Pav.	BR		Minas Gerais	PRESENT		838537fc-4aeb-4980-8b58-97fbdcd1d91a	-20.357222	-45.673889			688.0				2006-07-12	12	7	2006	3086498	3086498	PRESERVED_SPECIMEN	JBRJ	RB	RB00609893	174	G.M. Marcusso	2023-03-22T00:00:00	CC_BY_4_0	Rio de Janeiro Botanical Garden	R. A. X. Borges; P. H. Bernardo			2026-07-01T12:15:16.708Z	StillImage	COORDINATE_ROUNDED;GEODETIC_DATUM_ASSUMED_WGS84;CONTINENT_DERIVED_FROM_COORDINATES;INSTITUTION_MATCH_FUZZY;COLLECTION_MATCH_FUZZY
1424300942	4300f8d5-1ae5-49e5-a101-63894b005868	urn:catalog:JBRJ:RB:589889	Plantae	Tracheophyta	Magnoliopsida	Sapindales	Sapindaceae	Serjania	Serjania pinnatifolia		SPECIES	Serjania pinnatifolia Radlk.	Serjania pinnatifolia Radlk.	Radlk.	BR	Fazenda Amargoso, MG-439, Km 16.	Minas Gerais	PRESENT		838537fc-4aeb-4980-8b58-97fbdcd1d91a	-20.393055	-45.646389			750.0				2003-08-09	9	8	2003	5576999	5576999	PRESERVED_SPECIMEN	JBRJ	RB	RB00589889	781	Maria S. Ferrucci		CC_BY_4_0	Rio de Janeiro Botanical Garden	P.H.A. Melo			2026-07-01T12:14:21.226Z	StillImage	COORDINATE_ROUNDED;GEODETIC_DATUM_ASSUMED_WGS84;CONTINENT_DERIVED_FROM_COORDINATES;INSTITUTION_MATCH_FUZZY;COLLECTION_MATCH_FUZZY
1424295153	4300f8d5-1ae5-49e5-a101-63894b005868	urn:catalog:JBRJ:RB:584409	Plantae	Tracheophyta	Magnoliopsida	Sapindales	Sapindaceae	Serjania	Serjania lethalis		SPECIES	Serjania lethalis A.St.-Hil.	Serjania lethalis A.St.-Hil.	A.St.-Hil.	BR	Fazenda Amargoso, MG 439 Km 16.	Minas Gerais	PRESENT		838537fc-4aeb-4980-8b58-97fbdcd1d91a	-20.387222	-45.649722			750.0				2003-09-09	9	9	2003	5577320	5577320	PRESERVED_SPECIMEN	JBRJ	RB	RB00584409	832	Maria S. Ferrucci		CC_BY_4_0	Rio de Janeiro Botanical Garden	P.H.A. Melo			2026-07-01T12:14:21.020Z	StillImage	COORDINATE_ROUNDED;GEODETIC_DATUM_ASSUMED_WGS84;CONTINENT_DERIVED_FROM_COORDINATES;INSTITUTION_MATCH_FUZZY;COLLECTION_MATCH_FUZZY
1424295131	4300f8d5-1ae5-49e5-a101-63894b005868	urn:catalog:JBRJ:RB:584408	Plantae	Tracheophyta	Magnoliopsida	Sapindales	Sapindaceae	Cardiospermum	Cardiospermum grandiflorum		SPECIES	Cardiospermum grandiflorum Sw.	Cardiospermum grandiflorum Sw.	Sw.	BR	Fazenda Faroeste, margem esquerda do Rio São Miguel.	Minas Gerais	PRESENT		838537fc-4aeb-4980-8b58-97fbdcd1d91a	-20.255556	-45.67			750.0				2003-08-10	10	8	2003	3189935	3189935	PRESERVED_SPECIMEN	JBRJ	RB	RB00584408	827	Maria S. Ferrucci		CC_BY_4_0	Rio de Janeiro Botanical Garden	P.H.A. Melo; G.P. Santos			2026-07-01T12:14:20.729Z	StillImage	COORDINATE_ROUNDED;GEODETIC_DATUM_ASSUMED_WGS84;CONTINENT_DERIVED_FROM_COORDINATES;INSTITUTION_MATCH_FUZZY;COLLECTION_MATCH_FUZZY
1424295128	4300f8d5-1ae5-49e5-a101-63894b005868	urn:catalog:JBRJ:RB:584410	Plantae	Tracheophyta	Magnoliopsida	Sapindales	Sapindaceae	Paullinia	Paullinia elegans		SPECIES	Paullinia elegans Cambess.	Paullinia elegans Cambess.	Cambess.	BR	Fazenda Faroeste, margem esquerda do Rio São Miguel.	Minas Gerais	PRESENT		838537fc-4aeb-4980-8b58-97fbdcd1d91a	-20.256389	-45.669167							2002-11-16	16	11	2002	7264759	7264759	PRESERVED_SPECIMEN	JBRJ	RB	RB00584410	246	G.V. Somner	2013-04-19T00:00:00	CC_BY_4_0	Rio de Janeiro Botanical Garden	P.H.A. Melo; L.M. Versieux			2026-07-01T12:14:21.136Z		COORDINATE_ROUNDED;GEODETIC_DATUM_ASSUMED_WGS84;CONTINENT_DERIVED_FROM_COORDINATES;MULTIMEDIA_URI_INVALID;INSTITUTION_MATCH_FUZZY;COLLECTION_MATCH_FUZZY
1424293797	4300f8d5-1ae5-49e5-a101-63894b005868	urn:catalog:JBRJ:RB:583147	Plantae	Tracheophyta	Magnoliopsida	Gentianales	Rubiaceae	Chomelia	Chomelia obtusa		SPECIES	Chomelia obtusa Cham. & Schltdl.	Chomelia obtusa Cham. & Schltdl.	Cham. & Schltdl.	BR	Fazenda Timburé, área de mineração da empresa CastroCal.	Minas Gerais	PRESENT		838537fc-4aeb-4980-8b58-97fbdcd1d91a	-20.410556	-45.656944							2005-05-19	19	5	2005	5337345	5337345	PRESERVED_SPECIMEN	JBRJ	RB	RB00583147	1347	Maria do Céo Rodrigues Pessoa	2013-05-01T00:00:00	CC_BY_4_0	Rio de Janeiro Botanical Garden	P.H.A. Melo; P.L. Viana			2026-07-01T12:14:20.608Z	StillImage	COORDINATE_ROUNDED;GEODETIC_DATUM_ASSUMED_WGS84;CONTINENT_DERIVED_FROM_COORDINATES;INSTITUTION_MATCH_FUZZY;COLLECTION_MATCH_FUZZY
1424293751	4300f8d5-1ae5-49e5-a101-63894b005868	urn:catalog:JBRJ:RB:583155	Plantae	Tracheophyta	Magnoliopsida	Gentianales	Rubiaceae	Chomelia	Chomelia pohliana		SPECIES	Chomelia pohliana Müll.Arg.	Chomelia pohliana Müll.Arg.	Müll.Arg.	BR	Fazenda Faroeste, margem direita do Rio São Miguel.	Minas Gerais	PRESENT		838537fc-4aeb-4980-8b58-97fbdcd1d91a	-20.260278	-45.663889							2003-11-22	22	11	2003	5337365	5337365	PRESERVED_SPECIMEN	JBRJ	RB	RB00583155	940	P.H.A. Melo		CC_BY_4_0	Rio de Janeiro Botanical Garden	P.H.A. Melo; F.A. Carvalho, D.T. Souza, T.R.P. Mota & R.H.G Cardos			2026-07-01T12:15:21.195Z	StillImage	COORDINATE_ROUNDED;GEODETIC_DATUM_ASSUMED_WGS84;CONTINENT_DERIVED_FROM_COORDINATES;INSTITUTION_MATCH_FUZZY;COLLECTION_MATCH_FUZZY
1424293735	4300f8d5-1ae5-49e5-a101-63894b005868	urn:catalog:JBRJ:RB:583153	Plantae	Tracheophyta	Magnoliopsida	Gentianales	Rubiaceae	Rudgea	Rudgea recurva		SPECIES	Rudgea recurva Müll.Arg.	Rudgea recurva Müll.Arg.	Müll.Arg.	BR	Fazenda Faroeste, margem esquerda do Rio São Miguel.	Minas Gerais	PRESENT		838537fc-4aeb-4980-8b58-97fbdcd1d91a	-20.256389	-45.669167			750.0	50.0			2003-05-26	26	5	2003	2910689	2910689	PRESERVED_SPECIMEN	JBRJ	RB	RB00583153	667	Daniela Zappi		CC_BY_4_0	Rio de Janeiro Botanical Garden	P.H.A. Melo; F.A. Carvalho , B.D. Ranieri, D.T. Souza & T.C. Lana			2026-07-01T12:14:20.222Z	StillImage	COORDINATE_ROUNDED;GEODETIC_DATUM_ASSUMED_WGS84;CONTINENT_DERIVED_FROM_COORDINATES;INSTITUTION_MATCH_FUZZY;COLLECTION_MATCH_FUZZY
1424293703	4300f8d5-1ae5-49e5-a101-63894b005868	urn:catalog:JBRJ:RB:583148	Plantae	Tracheophyta	Magnoliopsida	Gentianales	Rubiaceae	Rudgea	Rudgea recurva		SPECIES	Rudgea recurva Müll.Arg.	Rudgea recurva Müll.Arg.	Müll.Arg.	BR	Fazenda Amargoso, MG 439 Km 16.	Minas Gerais	PRESENT		838537fc-4aeb-4980-8b58-97fbdcd1d91a	-20.380833	-45.651111							2004-05-26	26	5	2004	2910689	2910689	PRESERVED_SPECIMEN	JBRJ	RB	RB00583148	1219	D.Zappi	2014-05-01T00:00:00	CC_BY_4_0	Rio de Janeiro Botanical Garden	P.H. A. Melo			2026-07-01T12:14:20.589Z	StillImage	COORDINATE_ROUNDED;GEODETIC_DATUM_ASSUMED_WGS84;CONTINENT_DERIVED_FROM_COORDINATES;INSTITUTION_MATCH_FUZZY;COLLECTION_MATCH_FUZZY
1424288333	4300f8d5-1ae5-49e5-a101-63894b005868	urn:catalog:JBRJ:RB:577655	Plantae	Tracheophyta	Liliopsida	Poales	Bromeliaceae	Tillandsia	Tillandsia loliacea		SPECIES	Tillandsia loliacea Mart. ex Schult. & Schult.f.	Tillandsia loliacea Mart. ex Schult. & Schult.f.	Mart. ex Schult. & Schult.f.	BR	Mineração Carmocal.	Minas Gerais	PRESENT		838537fc-4aeb-4980-8b58-97fbdcd1d91a	-20.365833	-45.668889			612.0				2006-07-10	10	7	2006	2695286	2695286	PRESERVED_SPECIMEN	JBRJ	RB	RB00577655	237	A. Costa	2010-05-07T00:00:00	CC_BY_4_0	Rio de Janeiro Botanical Garden	R.A.X. Borges; P.H. Bernardo			2026-07-01T12:14:20.471Z	StillImage	COORDINATE_ROUNDED;GEODETIC_DATUM_ASSUMED_WGS84;CONTINENT_DERIVED_FROM_COORDINATES;INSTITUTION_MATCH_FUZZY;COLLECTION_MATCH_FUZZY
1424274660	4300f8d5-1ae5-49e5-a101-63894b005868	urn:catalog:JBRJ:RB:560704	Plantae	Tracheophyta	Magnoliopsida	Sapindales	Sapindaceae	Paullinia	Paullinia elegans		SPECIES	Paullinia elegans Cambess.	Paullinia elegans Cambess.	Cambess.	BR	Fazenda Foroeste,margem a direita do Rio São Miguel.	Minas Gerais	PRESENT		838537fc-4aeb-4980-8b58-97fbdcd1d91a	-20.251389	-45.662778							2002-12-31	31	12	2002	7264759	7264759	PRESERVED_SPECIMEN	JBRJ	RB	RB00560704	302	G.V. Somner	2013-07-04T00:00:00	CC_BY_4_0	Rio de Janeiro Botanical Garden	P.H.A.Melo; E.A.Melo			2026-07-01T12:15:16.621Z	StillImage	COORDINATE_ROUNDED;GEODETIC_DATUM_ASSUMED_WGS84;CONTINENT_DERIVED_FROM_COORDINATES;INSTITUTION_MATCH_FUZZY;COLLECTION_MATCH_FUZZY
1424274649	4300f8d5-1ae5-49e5-a101-63894b005868	urn:catalog:JBRJ:RB:560705	Plantae	Tracheophyta	Magnoliopsida	Malpighiales	Erythroxylaceae	Erythroxylum	Erythroxylum strobilaceum		SPECIES	Erythroxylum strobilaceum Peyr.	Erythroxylum cf. strobilaceum Peyr.	Peyr.	BR	Fazenda Faroeste margem esquerda do Rio São Miguel.	Minas Gerais	PRESENT		838537fc-4aeb-4980-8b58-97fbdcd1d91a	-20.256389	-45.669167							2002-10-04	4	10	2002	3694163	3694163	PRESERVED_SPECIMEN	JBRJ	RB	RB00560705	59	Thiago Araújo	2012-08-13T00:00:00	CC_BY_4_0	Rio de Janeiro Botanical Garden	P.H.A.Melo; P.L.Viana			2026-07-01T12:14:18.984Z	StillImage	COORDINATE_ROUNDED;GEODETIC_DATUM_ASSUMED_WGS84;CONTINENT_DERIVED_FROM_COORDINATES;INSTITUTION_MATCH_FUZZY;COLLECTION_MATCH_FUZZY
1424274644	4300f8d5-1ae5-49e5-a101-63894b005868	urn:catalog:JBRJ:RB:560698	Plantae	Tracheophyta	Magnoliopsida	Sapindales	Sapindaceae	Serjania			GENUS	Serjania Mill.	Serjania		BR	Fazenda Faroeste,.margem direita do Rio São Miguel.	Minas Gerais	PRESENT		838537fc-4aeb-4980-8b58-97fbdcd1d91a	-20.251389	-45.662778							2003-02-01	1	2	2003	5421120		PRESERVED_SPECIMEN	JBRJ	RB	RB00560698	380	P.ACEVEDO R.	2017-08-20T00:00:00	CC_BY_4_0	Rio de Janeiro Botanical Garden	P.H.A.Melo; J.A.Lombardi			2026-07-01T12:14:18.693Z	StillImage	COORDINATE_ROUNDED;GEODETIC_DATUM_ASSUMED_WGS84;CONTINENT_DERIVED_FROM_COORDINATES;INSTITUTION_MATCH_FUZZY;COLLECTION_MATCH_FUZZY
1424274641	4300f8d5-1ae5-49e5-a101-63894b005868	urn:catalog:JBRJ:RB:560710	Plantae	Tracheophyta	Magnoliopsida	Malpighiales	Erythroxylaceae	Erythroxylum	Erythroxylum strobilaceum		SPECIES	Erythroxylum strobilaceum Peyr.	Erythroxylum strobilaceum Peyr.	Peyr.	BR	Fzazenda Faroeste,margem direita do Rio São Miguel.	Minas Gerais	PRESENT		838537fc-4aeb-4980-8b58-97fbdcd1d91a	-20.260278	-45.663889							2003-11-22	22	11	2003	3694163	3694163	PRESERVED_SPECIMEN	JBRJ	RB	RB00560710	935	P.H.A.de Melo	2004-06-01T00:00:00	CC_BY_4_0	Rio de Janeiro Botanical Garden	P.H.A.de Melo; et al.			2026-07-01T12:14:19.243Z	StillImage	COORDINATE_ROUNDED;GEODETIC_DATUM_ASSUMED_WGS84;CONTINENT_DERIVED_FROM_COORDINATES;INSTITUTION_MATCH_FUZZY;COLLECTION_MATCH_FUZZY
1424274604	4300f8d5-1ae5-49e5-a101-63894b005868	urn:catalog:JBRJ:RB:560701	Plantae	Tracheophyta	Magnoliopsida	Sapindales	Sapindaceae	Paullinia	Paullinia elegans		SPECIES	Paullinia elegans Cambess.	Paullinia elegans Cambess.	Cambess.	BR	Arcos, Fazenda Faroeste,margem direita do Rio São Miguel.	Espírito Santo	PRESENT		838537fc-4aeb-4980-8b58-97fbdcd1d91a	-20.257222	-45.663611			725.0	75.0			2004-01-02	2	1	2004	7264759	7264759	PRESERVED_SPECIMEN	JBRJ	RB	RB00560701	1037	G.V. Somner	2013-04-19T00:00:00	CC_BY_4_0	Rio de Janeiro Botanical Garden	P.H.A.Melo; W.O.Silva			2026-07-01T12:14:18.840Z	StillImage	COORDINATE_ROUNDED;GEODETIC_DATUM_ASSUMED_WGS84;CONTINENT_DERIVED_FROM_COORDINATES;INSTITUTION_MATCH_FUZZY;COLLECTION_MATCH_FUZZY
1424274461	4300f8d5-1ae5-49e5-a101-63894b005868	urn:catalog:JBRJ:RB:560500	Plantae	Tracheophyta	Magnoliopsida	Rosales	Rhamnaceae	Gouania			GENUS	Gouania Jacq.	Gouania		BR	Arcos, Fazenda Faroeste, margem direita do Rio São Miguel.	Espírito Santo	PRESENT		838537fc-4aeb-4980-8b58-97fbdcd1d91a	-20.256389	-45.669167			750.0	50.0			2003-03-08	8	3	2003	3039434		PRESERVED_SPECIMEN	JBRJ	RB	RB00560500	458			CC_BY_4_0	Rio de Janeiro Botanical Garden	P. H. A. Melo			2026-07-01T12:14:18.734Z		COORDINATE_ROUNDED;GEODETIC_DATUM_ASSUMED_WGS84;CONTINENT_DERIVED_FROM_COORDINATES;INSTITUTION_MATCH_FUZZY;COLLECTION_MATCH_FUZZY
1424270293	4300f8d5-1ae5-49e5-a101-63894b005868	urn:catalog:JBRJ:RB:556587	Plantae	Tracheophyta	Magnoliopsida	Gentianales	Apocynaceae	Forsteronia	Forsteronia thyrsoidea		SPECIES	Forsteronia thyrsoidea (Vell.) Müll.Arg.	Forsteronia thyrsoidea (Vell.) Müll.Arg.	(Vell.) Müll.Arg.	BR	Fazenda Faroeste, margem esquerda do Rio São Miguel.	Minas Gerais	PRESENT		838537fc-4aeb-4980-8b58-97fbdcd1d91a	-20.256389	-45.669167							2002-11-16	16	11	2002	7316857	7316857	PRESERVED_SPECIMEN	JBRJ	RB	RB00556587	233	L.S. Souza	2025-05-01T00:00:00	CC_BY_4_0	Rio de Janeiro Botanical Garden	P.H.A. Melo ; L.M. Versieux			2026-07-01T12:14:18.686Z	StillImage	COORDINATE_ROUNDED;GEODETIC_DATUM_ASSUMED_WGS84;CONTINENT_DERIVED_FROM_COORDINATES;INSTITUTION_MATCH_FUZZY;COLLECTION_MATCH_FUZZY
1424270291	4300f8d5-1ae5-49e5-a101-63894b005868	urn:catalog:JBRJ:RB:556588	Plantae	Tracheophyta	Magnoliopsida	Gentianales	Apocynaceae	Odontadenia			GENUS	Odontadenia Benth.	cf. Odontadenia		BR	Arcos, Fazenda Faroeste, margem direita do Rio São Miguel.	Espírito Santo	PRESENT		838537fc-4aeb-4980-8b58-97fbdcd1d91a	-20.251389	-45.662778							2003-02-01	1	2	2003	7316739		PRESERVED_SPECIMEN	JBRJ	RB	RB00556588	386	A.L.SCUDELER & A.C.D.CASTELLO	2016-05-25T00:00:00	CC_BY_4_0	Rio de Janeiro Botanical Garden	P. H. A. Melo; J. A. Lombardi			2026-07-01T12:14:18.895Z	StillImage	COORDINATE_ROUNDED;GEODETIC_DATUM_ASSUMED_WGS84;CONTINENT_DERIVED_FROM_COORDINATES;INSTITUTION_MATCH_FUZZY;COLLECTION_MATCH_FUZZY;TAXON_MATCH_HIGHERRANK
1424270289	4300f8d5-1ae5-49e5-a101-63894b005868	urn:catalog:JBRJ:RB:556613	Plantae	Tracheophyta	Magnoliopsida	Sapindales	Meliaceae	Trichilia	Trichilia claussenii		SPECIES	Trichilia claussenii C.DC.	Trichilia claussenii C.DC.	C.DC.	BR	Fazenda Faroeste, margem esquerda do Rio São Miguel.	Minas Gerais	PRESENT		838537fc-4aeb-4980-8b58-97fbdcd1d91a	-20.255556	-45.67			750.0				2003-08-10	10	8	2003	8059494	8059494	PRESERVED_SPECIMEN	JBRJ	RB	RB00556613	808	P. H. A. Melo	2005-06-01T00:00:00	CC_BY_4_0	Rio de Janeiro Botanical Garden	P. H. A. Melo ; G. P. Santos			2026-07-01T12:15:15.420Z	StillImage	COORDINATE_ROUNDED;GEODETIC_DATUM_ASSUMED_WGS84;CONTINENT_DERIVED_FROM_COORDINATES;INSTITUTION_MATCH_FUZZY;COLLECTION_MATCH_FUZZY
1424270249	4300f8d5-1ae5-49e5-a101-63894b005868	urn:catalog:JBRJ:RB:556586	Plantae	Tracheophyta	Magnoliopsida	Gentianales	Apocynaceae	Rhodocalyx	Rhodocalyx riedelii		SPECIES	Prestonia riedelii (Müll.Arg.) Markgr.	Prestonia riedelii (Müll.Arg.) Markgr.	(Müll.Arg.) Markgr.	BR	Fazenda Amargoso, MG 439 km 16.	Minas Gerais	PRESENT		838537fc-4aeb-4980-8b58-97fbdcd1d91a	-20.387222	-45.649722							2003-01-31	31	1	2003	5536283	9637545	PRESERVED_SPECIMEN	JBRJ	RB	RB00556586	367	J.F. Morales	2009-05-25T00:00:00	CC_BY_4_0	Rio de Janeiro Botanical Garden	P. H. A. Melo ; J. A. Lombardi			2026-07-01T12:15:17.117Z	StillImage	COORDINATE_ROUNDED;GEODETIC_DATUM_ASSUMED_WGS84;CONTINENT_DERIVED_FROM_COORDINATES;INSTITUTION_MATCH_FUZZY;COLLECTION_MATCH_FUZZY
1424268151	4300f8d5-1ae5-49e5-a101-63894b005868	urn:catalog:JBRJ:RB:554628	Plantae	Tracheophyta	Magnoliopsida	Sapindales	Meliaceae	Trichilia	Trichilia catigua		SPECIES	Trichilia catigua A.Juss.	Trichilia catigua A.Juss.	A.Juss.	BR	Fazenda Amargoso MG 439 Km 16.	Minas Gerais	PRESENT		838537fc-4aeb-4980-8b58-97fbdcd1d91a	-20.380833	-45.651111			670.0				2004-06-26	26	6	2004	7271401	7271401	PRESERVED_SPECIMEN	JBRJ	RB	RB00554628	1211	M. Sobral		CC_BY_4_0	Rio de Janeiro Botanical Garden	P.H.A. Mello			2026-07-01T12:14:18.389Z	StillImage	COORDINATE_ROUNDED;GEODETIC_DATUM_ASSUMED_WGS84;CONTINENT_DERIVED_FROM_COORDINATES;INSTITUTION_MATCH_FUZZY;COLLECTION_MATCH_FUZZY
1424267926	4300f8d5-1ae5-49e5-a101-63894b005868	urn:catalog:JBRJ:RB:552970	Plantae	Tracheophyta	Magnoliopsida	Ericales	Sapotaceae	Pouteria	Pouteria grandiflora		SPECIES	Pouteria grandiflora (A.DC.) Baehni	Pouteria grandiflora (A.DC.) Baehni	(A.DC.) Baehni	BR	Fazenda Faroeste, margem esquerda do Rio São Miguel.	Minas Gerais	PRESENT		838537fc-4aeb-4980-8b58-97fbdcd1d91a	-20.256389	-45.669167			750.0	50.0			2003-05-26	26	5	2003	2884596	2884596	PRESERVED_SPECIMEN	JBRJ	RB	RB00552970	674	T. Pennington		CC_BY_4_0	Rio de Janeiro Botanical Garden	P. H. A. Melo ; F. A. Carvalho, B. D. Ranieri & D. T. Souza			2026-07-01T12:14:18.330Z	StillImage	COORDINATE_ROUNDED;GEODETIC_DATUM_ASSUMED_WGS84;CONTINENT_DERIVED_FROM_COORDINATES;INSTITUTION_MATCH_FUZZY;COLLECTION_MATCH_FUZZY
1424263086	4300f8d5-1ae5-49e5-a101-63894b005868	urn:catalog:JBRJ:RB:548071	Plantae	Tracheophyta	Magnoliopsida	Lamiales	Acanthaceae	Aphelandra	Aphelandra schottiana		SPECIES	Aphelandra schottiana (Nees) Profice	Aphelandra schottiana (Nees) Profice	(Nees) Profice	BR	Fazenda Faroeste, margem direita do Rio São Miguel.	Minas Gerais	PRESENT		838537fc-4aeb-4980-8b58-97fbdcd1d91a	-20.251389	-45.662778							2003-07-05	5	7	2003	3777043	3777043	PRESERVED_SPECIMEN	JBRJ	RB	RB00548071	748	Profice		CC_BY_4_0	Rio de Janeiro Botanical Garden	P. H. A. Melo; R. C. Libanio, R. R. Ferreira & D. M. Loyola			2026-07-01T12:15:16.781Z	StillImage	COORDINATE_ROUNDED;GEODETIC_DATUM_ASSUMED_WGS84;CONTINENT_DERIVED_FROM_COORDINATES;INSTITUTION_MATCH_FUZZY;COLLECTION_MATCH_FUZZY
1424263085	4300f8d5-1ae5-49e5-a101-63894b005868	urn:catalog:JBRJ:RB:548075	Plantae	Tracheophyta	Magnoliopsida	Lamiales	Acanthaceae	Aphelandra	Aphelandra schottiana		SPECIES	Aphelandra schottiana (Nees) Profice	Aphelandra schottiana (Nees) Profice	(Nees) Profice	BR	Fazenda Faroeste, margem esquerda do Rio São Miguel.	Minas Gerais	PRESENT		838537fc-4aeb-4980-8b58-97fbdcd1d91a	-20.256389	-45.669167			750.0	50.0			2003-05-26	26	5	2003	3777043	3777043	PRESERVED_SPECIMEN	JBRJ	RB	RB00548075	664	Profice		CC_BY_4_0	Rio de Janeiro Botanical Garden	P. H. A. Melo; F. A. Carvalho, B. D. Ranieri & D. T. Souza			2026-07-01T12:14:18.044Z	StillImage	COORDINATE_ROUNDED;GEODETIC_DATUM_ASSUMED_WGS84;CONTINENT_DERIVED_FROM_COORDINATES;INSTITUTION_MATCH_FUZZY;COLLECTION_MATCH_FUZZY
1424263022	4300f8d5-1ae5-49e5-a101-63894b005868	urn:catalog:JBRJ:RB:548069	Plantae	Tracheophyta	Magnoliopsida	Lamiales	Acanthaceae	Aphelandra	Aphelandra schottiana		SPECIES	Aphelandra schottiana (Nees) Profice	Aphelandra schottiana (Nees) Profice	(Nees) Profice	BR	Fazenda Amargoso, MG 439 km 16.	Minas Gerais	PRESENT		838537fc-4aeb-4980-8b58-97fbdcd1d91a	-20.380833	-45.651111			725.0	25.0			2004-04-08	8	4	2004	3777043	3777043	PRESERVED_SPECIMEN	JBRJ	RB	RB00548069	1137	Profice		CC_BY_4_0	Rio de Janeiro Botanical Garden	P. H. A. Melo; F. S. F. Leite & G. G. Leal			2026-07-01T12:15:16.137Z	StillImage	COORDINATE_ROUNDED;GEODETIC_DATUM_ASSUMED_WGS84;CONTINENT_DERIVED_FROM_COORDINATES;INSTITUTION_MATCH_FUZZY;COLLECTION_MATCH_FUZZY
1424262480	4300f8d5-1ae5-49e5-a101-63894b005868	urn:catalog:JBRJ:RB:547454	Plantae	Tracheophyta	Polypodiopsida	Polypodiales	Athyriaceae	Diplazium	Diplazium cristatum		SPECIES	Diplazium cristatum (Desr.) Alston	Diplazium cristatum (Desr.) Alston	(Desr.) Alston	BR	Fazenda Faroeste, próximo a margem direita do Rio São Miguel.	Minas Gerais	PRESENT		838537fc-4aeb-4980-8b58-97fbdcd1d91a	-20.268889	-45.660556			675.0	25.0			2004-04-11	11	4	2004	2650855	2650855	PRESERVED_SPECIMEN	JBRJ	RB	RB00547454	9562	A. Salino	2004-04-01T00:00:00	CC_BY_4_0	Rio de Janeiro Botanical Garden	A. Salino; N. F. O. Mota, P. H. A. Melo, P. L. Viana, C. G. Leal, F. S. F. Leite & G. P. Santos			2026-07-01T12:14:17.796Z	StillImage	COORDINATE_ROUNDED;GEODETIC_DATUM_ASSUMED_WGS84;CONTINENT_DERIVED_FROM_COORDINATES;INSTITUTION_MATCH_FUZZY;COLLECTION_MATCH_FUZZY
1424262050	4300f8d5-1ae5-49e5-a101-63894b005868	urn:catalog:JBRJ:RB:546194	Plantae	Tracheophyta	Magnoliopsida	Celastrales	Celastraceae	Monteverdia	Monteverdia gonoclada		SPECIES	Monteverdia gonoclada (Mart.) Biral	Monteverdia gonoclada (Mart.) Biral	(Mart.) Biral	BR	Fazenda Timburé, área de mineração da empresa CastroCal..	Minas Gerais	PRESENT		838537fc-4aeb-4980-8b58-97fbdcd1d91a	-20.405833	-45.653611							2005-05-19	19	5	2005	9740066	9740066	PRESERVED_SPECIMEN	JBRJ	RB	RB00546194	1348	Ronaldo Marquete	2020-02-01T00:00:00	CC_BY_4_0	Rio de Janeiro Botanical Garden	P.H.A. Melo; P.L. Viana			2026-07-01T12:14:17.280Z	StillImage	COORDINATE_ROUNDED;GEODETIC_DATUM_ASSUMED_WGS84;CONTINENT_DERIVED_FROM_COORDINATES;INSTITUTION_MATCH_FUZZY;COLLECTION_MATCH_FUZZY
1424251489	4300f8d5-1ae5-49e5-a101-63894b005868	urn:catalog:JBRJ:RB:534576	Plantae	Tracheophyta	Magnoliopsida	Solanales	Convolvulaceae	Ipomoea	Ipomoea indica		SPECIES	Ipomoea indica (Burm.) Merr.	Ipomoea indica (Burm.) Merr.	(Burm.) Merr.	BR	Fazenda Amargoso, MG-439, KM 16.	Minas Gerais	PRESENT		838537fc-4aeb-4980-8b58-97fbdcd1d91a	-20.380833	-45.633611			670.0				2004-05-08	8	5	2004	2928598	2928598	PRESERVED_SPECIMEN	JBRJ	RB	RB00534576	1193	R.S. Bianchini	2010-03-11T00:00:00	CC_BY_4_0	Rio de Janeiro Botanical Garden	P. H. A. Melo; R. C. Mota, G. P. Santos & F. M. G. Santos			2026-07-01T12:15:15.289Z	StillImage	COORDINATE_ROUNDED;GEODETIC_DATUM_ASSUMED_WGS84;CONTINENT_DERIVED_FROM_COORDINATES;INSTITUTION_MATCH_FUZZY;COLLECTION_MATCH_FUZZY
1424251217	4300f8d5-1ae5-49e5-a101-63894b005868	urn:catalog:JBRJ:RB:534311	Plantae	Tracheophyta	Magnoliopsida	Malvales	Malvaceae	Melochia	Melochia argentina		SPECIES	Melochia argentina Hassl.	Melochia argentina Hassl.	Hassl.	BR	Fazenda Faroeste, margem direita do Rio São Miguel.	Minas Gerais	PRESENT		838537fc-4aeb-4980-8b58-97fbdcd1d91a	-20.260278	-45.506111			750.0	100.0			2003-11-23	23	11	2003	7771365	7845452	PRESERVED_SPECIMEN	JBRJ	RB	RB00534311	947	C.L. Cristóbal	2004-10-01T00:00:00	CC_BY_4_0	Rio de Janeiro Botanical Garden	P.H.A. Melo; F.A. Carvalho, D.T. Souza, T.R.P. Mota & R.H.G. Cardos			2026-07-01T12:15:15.244Z	StillImage	COORDINATE_ROUNDED;GEODETIC_DATUM_ASSUMED_WGS84;CONTINENT_DERIVED_FROM_COORDINATES;INSTITUTION_MATCH_FUZZY;COLLECTION_MATCH_FUZZY
1424250766	4300f8d5-1ae5-49e5-a101-63894b005868	urn:catalog:JBRJ:RB:533817	Plantae	Tracheophyta	Magnoliopsida	Lamiales	Acanthaceae	Justicia	Justicia lythroides		SPECIES	Justicia lythroides (Nees) V.A.W.Graham	Justicia lythroides (Nees) V.A.W.Graham	(Nees) V.A.W.Graham	BR	Fazenda Amargoso, MG 439 km 16.	Minas Gerais	PRESENT		838537fc-4aeb-4980-8b58-97fbdcd1d91a	-20.380833	-45.651111			670.0				2004-05-08	8	5	2004	3775655	3775655	PRESERVED_SPECIMEN	JBRJ	RB	RB00533817	1196	Profice		CC_BY_4_0	Rio de Janeiro Botanical Garden	P. H. A. Melo; R. C. Mota, G. P. Santos & F. M. G. Santos			2026-07-01T12:14:13.877Z	StillImage	COORDINATE_ROUNDED;GEODETIC_DATUM_ASSUMED_WGS84;CONTINENT_DERIVED_FROM_COORDINATES;INSTITUTION_MATCH_FUZZY;COLLECTION_MATCH_FUZZY
1424250728	4300f8d5-1ae5-49e5-a101-63894b005868	urn:catalog:JBRJ:RB:533814	Plantae	Tracheophyta	Magnoliopsida	Lamiales	Acanthaceae	Justicia	Justicia brasiliana		SPECIES	Justicia brasiliana Roth	Justicia brasiliana Roth	Roth	BR	Fazenda Amargoso, MG 439 km 16.	Minas Gerais	PRESENT		838537fc-4aeb-4980-8b58-97fbdcd1d91a	-20.380833	-45.651111			670.0				2004-06-26	26	6	2004	3771127	3771127	PRESERVED_SPECIMEN	JBRJ	RB	RB00533814	1217	Profice		CC_BY_4_0	Rio de Janeiro Botanical Garden	P. H. A. Melo			2026-07-01T12:14:13.969Z	StillImage	COORDINATE_ROUNDED;GEODETIC_DATUM_ASSUMED_WGS84;CONTINENT_DERIVED_FROM_COORDINATES;INSTITUTION_MATCH_FUZZY;COLLECTION_MATCH_FUZZY
1424249023	4300f8d5-1ae5-49e5-a101-63894b005868	urn:catalog:JBRJ:RB:532174	Plantae	Tracheophyta	Magnoliopsida	Sapindales	Sapindaceae	Urvillea	Urvillea laevis		SPECIES	Urvillea laevis Radlk.	Urvillea laevis Radlk.	Radlk.	BR	Fazenda Faroeste, margem esquerda do Rio São Miguel.	Minas Gerais	PRESENT		838537fc-4aeb-4980-8b58-97fbdcd1d91a	-20.256389	-45.669167			750.0	50.0			2003-05-26	26	5	2003	7264880	7264880	PRESERVED_SPECIMEN	JBRJ	RB	RB00532174	657	Maria S. Ferrucci		CC_BY_4_0	Rio de Janeiro Botanical Garden	P.H.A. Melo; F.A. Carvalho, B.D. Ranieri & D.T. Souza			2026-07-01T12:14:14.097Z	StillImage	COORDINATE_ROUNDED;GEODETIC_DATUM_ASSUMED_WGS84;CONTINENT_DERIVED_FROM_COORDINATES;INSTITUTION_MATCH_FUZZY;COLLECTION_MATCH_FUZZY
1424249019	4300f8d5-1ae5-49e5-a101-63894b005868	urn:catalog:JBRJ:RB:532172	Plantae	Tracheophyta	Magnoliopsida	Sapindales	Sapindaceae	Paullinia	Paullinia rhomboidea		SPECIES	Paullinia rhomboidea Radlk.	Paullinia rhomboidea Radlk.	Radlk.	BR	Arcos, Fazenda Faroeste, margem direita do Rio São Miguel. .	Espírito Santo	PRESENT		838537fc-4aeb-4980-8b58-97fbdcd1d91a	-20.251389	-45.662778			750.0	50.0			2003-04-22	22	4	2003	3787827	3787827	PRESERVED_SPECIMEN	JBRJ	RB	RB00532172	615	G.V. Somner	2013-04-19T00:00:00	CC_BY_4_0	Rio de Janeiro Botanical Garden	P. H. A. Melo			2026-07-01T12:14:13.635Z	StillImage	COORDINATE_ROUNDED;GEODETIC_DATUM_ASSUMED_WGS84;CONTINENT_DERIVED_FROM_COORDINATES;INSTITUTION_MATCH_FUZZY;COLLECTION_MATCH_FUZZY
1424247488	4300f8d5-1ae5-49e5-a101-63894b005868	urn:catalog:JBRJ:RB:530803	Plantae	Tracheophyta	Magnoliopsida	Malpighiales	Malpighiaceae	Heteropterys			GENUS	Heteropterys Kunth	Heteropterys		BR	Arcos. Fazenda Faroeste, margem direita do Rio São Miguel. .	Espírito Santo	PRESENT		838537fc-4aeb-4980-8b58-97fbdcd1d91a	-20.26725	-45.5063			750.0	100.0			2003-11-22	22	11	2003	3191290		PRESERVED_SPECIMEN	JBRJ	RB	RB00530803	941			CC_BY_4_0	Rio de Janeiro Botanical Garden	P.H.A. Melo; F.A. Carvalho, D.T. Souza & T.R.P. Mota			2026-07-01T12:14:14.198Z	StillImage	GEODETIC_DATUM_ASSUMED_WGS84;CONTINENT_DERIVED_FROM_COORDINATES;INSTITUTION_MATCH_FUZZY;COLLECTION_MATCH_FUZZY
1424244324	4300f8d5-1ae5-49e5-a101-63894b005868	urn:catalog:JBRJ:RB:527666	Plantae	Tracheophyta	Magnoliopsida	Gentianales	Apocynaceae	Prestonia	Prestonia coalita		SPECIES	Prestonia coalita (Vell.) Woodson	Prestonia coalita (Vell.) Woodson	(Vell.) Woodson	BR	Fazenda Faroeste, margem direita do Rio São Miguel.	Minas Gerais	PRESENT		838537fc-4aeb-4980-8b58-97fbdcd1d91a	-20.251667	-45.662778							2002-12-31	31	12	2002	5536637	5536637	PRESERVED_SPECIMEN	JBRJ	RB	RB00527666	295	J.F. Morales	2009-05-25T00:00:00	CC_BY_4_0	Rio de Janeiro Botanical Garden	P. H. A. Melo; E. A. Melo			2026-07-01T12:15:14.995Z	StillImage	COORDINATE_ROUNDED;GEODETIC_DATUM_ASSUMED_WGS84;CONTINENT_DERIVED_FROM_COORDINATES;INSTITUTION_MATCH_FUZZY;COLLECTION_MATCH_FUZZY
1424244269	4300f8d5-1ae5-49e5-a101-63894b005868	urn:catalog:JBRJ:RB:527667	Plantae	Tracheophyta	Magnoliopsida	Gentianales	Apocynaceae	Aspidosperma	Aspidosperma cylindrocarpon		SPECIES	Aspidosperma cylindrocarpon Müll.Arg.	Aspidosperma cylindrocarpon Müll.Arg.	Müll.Arg.	BR	Fazenda Faroeste, margem esquerda do Rio São Miguel.	Minas Gerais	PRESENT		838537fc-4aeb-4980-8b58-97fbdcd1d91a	-20.256389	-45.669167							2002-10-04	4	10	2002	7317072	7317072	PRESERVED_SPECIMEN	JBRJ	RB	RB00527667	53	A.L.SCUDELER & A.C.D.CASTELLO	2016-05-25T00:00:00	CC_BY_4_0	Rio de Janeiro Botanical Garden	P. H. A. Melo; P. L. Viana			2026-07-01T12:14:13.781Z	StillImage	COORDINATE_ROUNDED;GEODETIC_DATUM_ASSUMED_WGS84;CONTINENT_DERIVED_FROM_COORDINATES;INSTITUTION_MATCH_FUZZY;COLLECTION_MATCH_FUZZY
1424244142	4300f8d5-1ae5-49e5-a101-63894b005868	urn:catalog:JBRJ:RB:527687	Plantae	Tracheophyta	Magnoliopsida	Caryophyllales	Amaranthaceae	Chamissoa	Chamissoa altissima		SPECIES	Chamissoa altissima (Jacq.) Kunth	Chamissoa altissima (Jacq.) Kunth	(Jacq.) Kunth	BR	Fazenda Amargoso, MG 439 Km 16.	Minas Gerais	PRESENT		838537fc-4aeb-4980-8b58-97fbdcd1d91a	-20.387222	-45.649722			780.0	30.0			2003-05-25	25	5	2003	3085178	3085178	PRESERVED_SPECIMEN	JBRJ	RB	RB00527687	643	J.C. Siqueira	2004-10-01T00:00:00	CC_BY_4_0	Rio de Janeiro Botanical Garden	P.H. A. Melo; F.A. Carvalho, B.D. Ranieri, D.T. Souza & T.C. Lana			2026-07-01T12:14:13.458Z	StillImage	COORDINATE_ROUNDED;GEODETIC_DATUM_ASSUMED_WGS84;CONTINENT_DERIVED_FROM_COORDINATES;INSTITUTION_MATCH_FUZZY;COLLECTION_MATCH_FUZZY
1424243585	4300f8d5-1ae5-49e5-a101-63894b005868	urn:catalog:JBRJ:RB:527027	Plantae	Tracheophyta	Magnoliopsida	Malpighiales	Euphorbiaceae	Dalechampia	Dalechampia stipulacea		SPECIES	Dalechampia stipulacea Müll.Arg.	Dalechampia stipulacea Müll.Arg.	Müll.Arg.	BR	Fazenda Faroeste, margem esquerda do Rio São Miguel.	Minas Gerais	PRESENT		838537fc-4aeb-4980-8b58-97fbdcd1d91a	-20.256389	-45.669167							2002-11-16	16	11	2002	3055678	3055678	PRESERVED_SPECIMEN	JBRJ	RB	RB00527027	216	I. Cordeiro	2004-07-01T00:00:00	CC_BY_4_0	Rio de Janeiro Botanical Garden	P. H. A. Melo; L. M. Versieux			2026-07-01T12:14:13.936Z		COORDINATE_ROUNDED;GEODETIC_DATUM_ASSUMED_WGS84;CONTINENT_DERIVED_FROM_COORDINATES;INSTITUTION_MATCH_FUZZY;COLLECTION_MATCH_FUZZY
1424243553	4300f8d5-1ae5-49e5-a101-63894b005868	urn:catalog:JBRJ:RB:527014	Plantae	Tracheophyta	Magnoliopsida	Malpighiales	Euphorbiaceae	Bia	Bia alienata		SPECIES	Bia alienata Didr.	Bia alienata Didr.	Didr.	BR	Fazenda Amargoso, MG-439, KM 16.	Minas Gerais	PRESENT		838537fc-4aeb-4980-8b58-97fbdcd1d91a	-20.381944	-45.649167			675.0	25.0			2003-12-08	8	12	2003	5378083	5378083	PRESERVED_SPECIMEN	JBRJ	RB	RB00527014	983	W.D.Medeiros & Warren Cardinal - Mc Teague	2015-06-10T00:00:00	CC_BY_4_0	Rio de Janeiro Botanical Garden	P. H. A. Melo; G. P. Santos			2026-07-01T12:14:14.240Z	StillImage	COORDINATE_ROUNDED;GEODETIC_DATUM_ASSUMED_WGS84;CONTINENT_DERIVED_FROM_COORDINATES;INSTITUTION_MATCH_FUZZY;COLLECTION_MATCH_FUZZY
1424243547	4300f8d5-1ae5-49e5-a101-63894b005868	urn:catalog:JBRJ:RB:527019	Plantae	Tracheophyta	Magnoliopsida	Malpighiales	Euphorbiaceae	Dalechampia	Dalechampia stipulacea		SPECIES	Dalechampia stipulacea Müll.Arg.	Dalechampia stipulacea Müll.Arg.	Müll.Arg.	BR	Fazenda Amargoso. MG-439, KM 16.	Minas Gerais	PRESENT		838537fc-4aeb-4980-8b58-97fbdcd1d91a	-20.387222	-45.649722			750.0				2003-09-09	9	9	2003	3055678	3055678	PRESERVED_SPECIMEN	JBRJ	RB	RB00527019	847	P. H. A. Melo	2005-06-01T00:00:00	CC_BY_4_0	Rio de Janeiro Botanical Garden	P. H. A. Melo			2026-07-01T12:14:13.869Z	StillImage	COORDINATE_ROUNDED;GEODETIC_DATUM_ASSUMED_WGS84;CONTINENT_DERIVED_FROM_COORDINATES;INSTITUTION_MATCH_FUZZY;COLLECTION_MATCH_FUZZY
1424243534	4300f8d5-1ae5-49e5-a101-63894b005868	urn:catalog:JBRJ:RB:527017	Plantae	Tracheophyta	Magnoliopsida	Malpighiales	Euphorbiaceae	Actinostemon	Actinostemon verticillatus		SPECIES	Actinostemon verticillatus (Klotzsch) Baill.	Actinostemon verticillatus (Klotzsch) Baill.	(Klotzsch) Baill.	BR	Fazenda Faroeste, margem direita do Rio São Miguel.	Minas Gerais	PRESENT		838537fc-4aeb-4980-8b58-97fbdcd1d91a	-20.260278	-45.506111			800.0	50.0			2003-10-30	30	10	2003	3063207	3063207	PRESERVED_SPECIMEN	JBRJ	RB	RB00527017	931	S.Q.DE FARIAS	2017-01-13T00:00:00	CC_BY_4_0	Rio de Janeiro Botanical Garden	P. H. A. Melo			2026-07-01T12:14:13.538Z	StillImage	COORDINATE_ROUNDED;GEODETIC_DATUM_ASSUMED_WGS84;CONTINENT_DERIVED_FROM_COORDINATES;INSTITUTION_MATCH_FUZZY;COLLECTION_MATCH_FUZZY
1424243465	4300f8d5-1ae5-49e5-a101-63894b005868	urn:catalog:JBRJ:RB:527020	Plantae	Tracheophyta	Magnoliopsida	Malpighiales	Euphorbiaceae	Croton	Croton gracilipes		SPECIES	Croton gracilipes Baill.	Croton gracilipes Baill.	Baill.	BR	Fazenda Faroeste, margem esquerda do Rio São Miguel.	Minas Gerais	PRESENT		838537fc-4aeb-4980-8b58-97fbdcd1d91a	-20.263611	-45.670278			730.0	50.0			2003-12-31	31	12	2003	3059397	3059397	PRESERVED_SPECIMEN	JBRJ	RB	RB00527020	1035	I. Cordeiro	2009-03-01T00:00:00	CC_BY_4_0	Rio de Janeiro Botanical Garden	P. H. A. Melo; P. M. G. Valente			2026-07-01T12:14:13.399Z	StillImage	COORDINATE_ROUNDED;GEODETIC_DATUM_ASSUMED_WGS84;CONTINENT_DERIVED_FROM_COORDINATES;INSTITUTION_MATCH_FUZZY;COLLECTION_MATCH_FUZZY
1424242835	4300f8d5-1ae5-49e5-a101-63894b005868	urn:catalog:JBRJ:RB:526306	Plantae	Tracheophyta	Magnoliopsida	Sapindales	Sapindaceae	Thinouia	Thinouia ternata		SPECIES	Thinouia ternata Radlk.	Thinouia ternata Radlk.	Radlk.	BR	Fazenda Amargoso, MG 439 km 16.	Minas Gerais	PRESENT		838537fc-4aeb-4980-8b58-97fbdcd1d91a	-20.387222	-45.649722			780.0	30.0			2003-05-25	25	5	2003	3787738	3787738	PRESERVED_SPECIMEN	JBRJ	RB	RB00526306	625	H.Medeiros	2022-05-23T00:00:00	CC_BY_4_0	Rio de Janeiro Botanical Garden	P. H. A. Melo ; F. A. Carvalho, B. D. Ranieri & D. T. Souza			2026-07-01T12:14:13.767Z	StillImage	COORDINATE_ROUNDED;GEODETIC_DATUM_ASSUMED_WGS84;CONTINENT_DERIVED_FROM_COORDINATES;INSTITUTION_MATCH_FUZZY;COLLECTION_MATCH_FUZZY
1424242795	4300f8d5-1ae5-49e5-a101-63894b005868	urn:catalog:JBRJ:RB:526308	Plantae	Tracheophyta	Magnoliopsida	Sapindales	Sapindaceae	Serjania	Serjania platycarpa		SPECIES	Serjania platycarpa Benth.	Serjania platycarpa Benth.	Benth.	BR	Fazenda Faroeste, margem direita do Rio São Miguel. .	Minas Gerais	PRESENT		838537fc-4aeb-4980-8b58-97fbdcd1d91a	-20.251389	-45.662778			750.0	50.0			2003-04-22	22	4	2003	5576995	5576995	PRESERVED_SPECIMEN	JBRJ	RB	RB00526308	622	Maria S. Ferrucci		CC_BY_4_0	Rio de Janeiro Botanical Garden	P. H. A. Melo			2026-07-01T12:14:13.479Z	StillImage	COORDINATE_ROUNDED;GEODETIC_DATUM_ASSUMED_WGS84;CONTINENT_DERIVED_FROM_COORDINATES;INSTITUTION_MATCH_FUZZY;COLLECTION_MATCH_FUZZY
1424242789	4300f8d5-1ae5-49e5-a101-63894b005868	urn:catalog:JBRJ:RB:526307	Plantae	Tracheophyta	Magnoliopsida	Sapindales	Sapindaceae	Serjania			GENUS	Serjania Mill.	Serjania		BR	Fazenda Amargoso, MG 439 km 16.	Minas Gerais	PRESENT		838537fc-4aeb-4980-8b58-97fbdcd1d91a	-20.387222	-45.649722			780.0	30.0			2003-05-25	25	5	2003	5421120		PRESERVED_SPECIMEN	JBRJ	RB	RB00526307	642			CC_BY_4_0	Rio de Janeiro Botanical Garden	P. H. A. Melo ; F. A. Carvalho, B. D. Ranieri & D. T. Souza			2026-07-01T12:14:13.270Z	StillImage	COORDINATE_ROUNDED;GEODETIC_DATUM_ASSUMED_WGS84;CONTINENT_DERIVED_FROM_COORDINATES;INSTITUTION_MATCH_FUZZY;COLLECTION_MATCH_FUZZY
1424242749	4300f8d5-1ae5-49e5-a101-63894b005868	urn:catalog:JBRJ:RB:526302	Plantae	Tracheophyta	Magnoliopsida	Sapindales	Sapindaceae	Serjania	Serjania meridionalis		SPECIES	Serjania meridionalis Cambess.	Serjania meridionalis Cambess.	Cambess.	BR	Fazenda Amargoso, MG 439 km 16.	Minas Gerais	PRESENT		838537fc-4aeb-4980-8b58-97fbdcd1d91a	-20.387222	-45.649722			780.0	30.0			2003-04-15	15	4	2003	7264850	7264850	PRESERVED_SPECIMEN	JBRJ	RB	RB00526302	572	Maria S. Ferrucci		CC_BY_4_0	Rio de Janeiro Botanical Garden	P. H. A. Melo ; F. V. Bezerra			2026-07-01T12:15:14.990Z	StillImage	COORDINATE_ROUNDED;GEODETIC_DATUM_ASSUMED_WGS84;CONTINENT_DERIVED_FROM_COORDINATES;INSTITUTION_MATCH_FUZZY;COLLECTION_MATCH_FUZZY
1424242742	4300f8d5-1ae5-49e5-a101-63894b005868	urn:catalog:JBRJ:RB:526304	Plantae	Tracheophyta	Magnoliopsida	Sapindales	Sapindaceae	Cupania			GENUS	Cupania L.	Cupania		BR	Fazenda Amargoso, MG 439 km 16.	Minas Gerais	PRESENT		838537fc-4aeb-4980-8b58-97fbdcd1d91a	-20.387222	-45.649722			780.0	30.0			2003-04-15	15	4	2003	3189959		PRESERVED_SPECIMEN	JBRJ	RB	RB00526304	571			CC_BY_4_0	Rio de Janeiro Botanical Garden	P. H. A. Melo ; F. V. Bezerra			2026-07-01T12:14:14.085Z	StillImage	COORDINATE_ROUNDED;GEODETIC_DATUM_ASSUMED_WGS84;CONTINENT_DERIVED_FROM_COORDINATES;INSTITUTION_MATCH_FUZZY;COLLECTION_MATCH_FUZZY
1424242009	4300f8d5-1ae5-49e5-a101-63894b005868	urn:catalog:JBRJ:RB:525566	Plantae	Tracheophyta	Liliopsida	Dioscoreales	Dioscoreaceae	Dioscorea	Dioscorea subhastata		SPECIES	Dioscorea subhastata Vell.	Dioscorea subhastata Vell.	Vell.	BR	Fazenda Amargoso, MG-439 KM 16, divisa com Francisco Gonçalves Costa.	Minas Gerais	PRESENT		838537fc-4aeb-4980-8b58-97fbdcd1d91a	-20.382778	-45.649444			725.0	25.0			2004-02-16	16	2	2004	2755132	2755132	PRESERVED_SPECIMEN	JBRJ	RB	RB00525566	1086	Ricardo S. Couto		CC_BY_4_0	Rio de Janeiro Botanical Garden	P. H. A. Melo			2026-07-01T12:14:13.458Z	StillImage	COORDINATE_ROUNDED;GEODETIC_DATUM_ASSUMED_WGS84;CONTINENT_DERIVED_FROM_COORDINATES;INSTITUTION_MATCH_FUZZY;COLLECTION_MATCH_FUZZY
1424241898	4300f8d5-1ae5-49e5-a101-63894b005868	urn:catalog:JBRJ:RB:525447	Plantae	Tracheophyta	Magnoliopsida	Asterales	Asteraceae	Dimerostemma			GENUS	Dimerostemma Cass.	Dimerostemma		BR	Fazenda Amargoso, MG-439, KM 16.	Minas Gerais	PRESENT		838537fc-4aeb-4980-8b58-97fbdcd1d91a	-20.380833	-45.651111			725.0	25.0			2004-04-08	8	4	2004	3130305		PRESERVED_SPECIMEN	JBRJ	RB	RB00525447	1151			CC_BY_4_0	Rio de Janeiro Botanical Garden	P. H. A. Melo; F. S. F. Leite & C. G. Leal			2026-07-01T12:14:13.191Z	StillImage	COORDINATE_ROUNDED;GEODETIC_DATUM_ASSUMED_WGS84;CONTINENT_DERIVED_FROM_COORDINATES;INSTITUTION_MATCH_FUZZY;COLLECTION_MATCH_FUZZY
1424241824	4300f8d5-1ae5-49e5-a101-63894b005868	urn:catalog:JBRJ:RB:525448	Plantae	Tracheophyta	Magnoliopsida	Asterales	Asteraceae	Dimerostemma			GENUS	Dimerostemma Cass.	Dimerostemma		BR	Fazenda Amargoso, MG-439, KM 16.	Minas Gerais	PRESENT		838537fc-4aeb-4980-8b58-97fbdcd1d91a	-20.387222	-45.649722							2003-03-06	6	3	2003	3130305		PRESERVED_SPECIMEN	JBRJ	RB	RB00525448	436			CC_BY_4_0	Rio de Janeiro Botanical Garden	P. H. A. Melo			2026-07-01T12:15:15.524Z	StillImage	COORDINATE_ROUNDED;GEODETIC_DATUM_ASSUMED_WGS84;CONTINENT_DERIVED_FROM_COORDINATES;INSTITUTION_MATCH_FUZZY;COLLECTION_MATCH_FUZZY
1424241811	4300f8d5-1ae5-49e5-a101-63894b005868	urn:catalog:JBRJ:RB:525444	Plantae	Tracheophyta	Magnoliopsida	Asterales	Asteraceae	Mikania	Mikania salviifolia		SPECIES	Mikania salviifolia Gardner	Mikania salviifolia Gardner	Gardner	BR	Fazenda Amargoso, MG-439, KM 16.	Minas Gerais	PRESENT		838537fc-4aeb-4980-8b58-97fbdcd1d91a	-20.393055	-45.646389			750.0				2003-08-09	9	8	2003	5398605	5398605	PRESERVED_SPECIMEN	JBRJ	RB	RB00525444	787	C.T. Oliveira	2026-01-01T00:00:00	CC_BY_4_0	Rio de Janeiro Botanical Garden	P. H. A. Melo			2026-07-01T12:15:15Z	StillImage	COORDINATE_ROUNDED;GEODETIC_DATUM_ASSUMED_WGS84;CONTINENT_DERIVED_FROM_COORDINATES;INSTITUTION_MATCH_FUZZY;COLLECTION_MATCH_FUZZY
1424241802	4300f8d5-1ae5-49e5-a101-63894b005868	urn:catalog:JBRJ:RB:525446	Plantae	Tracheophyta	Magnoliopsida	Asterales	Asteraceae	Eupatorium			GENUS	Eupatorium L.	Eupatorium		BR	Fazenda Amargoso, MG-439, KM 16.	Minas Gerais	PRESENT		838537fc-4aeb-4980-8b58-97fbdcd1d91a	-20.393055	-45.646389			750.0				2003-08-09	9	8	2003	3142374		PRESERVED_SPECIMEN	JBRJ	RB	RB00525446	795			CC_BY_4_0	Rio de Janeiro Botanical Garden	P. H. A. Melo			2026-07-01T12:14:13.222Z	StillImage	COORDINATE_ROUNDED;GEODETIC_DATUM_ASSUMED_WGS84;CONTINENT_DERIVED_FROM_COORDINATES;INSTITUTION_MATCH_FUZZY;COLLECTION_MATCH_FUZZY
1424241784	4300f8d5-1ae5-49e5-a101-63894b005868	urn:catalog:JBRJ:RB:525451	Plantae	Tracheophyta	Magnoliopsida	Asterales	Asteraceae	Stifftia	Stifftia parviflora		SPECIES	Stifftia parviflora (Leandro) D.Don	Stifftia parviflora (Leandro) D.Don	(Leandro) D.Don	BR	Fazenda Amargoso, MG-439, KM 16. Na borda de mata seca, próximo do escritório da Pains Cal.	Minas Gerais	PRESENT		838537fc-4aeb-4980-8b58-97fbdcd1d91a	-20.387222	-45.649722			750.0				2003-09-09	9	9	2003	5405433	5405433	PRESERVED_SPECIMEN	JBRJ	RB	RB00525451	829	M. Monge	2011-02-01T00:00:00	CC_BY_4_0	Rio de Janeiro Botanical Garden	P. H. A. Melo			2026-07-01T12:14:13.243Z	StillImage	COORDINATE_ROUNDED;GEODETIC_DATUM_ASSUMED_WGS84;CONTINENT_DERIVED_FROM_COORDINATES;INSTITUTION_MATCH_FUZZY;COLLECTION_MATCH_FUZZY
1424241761	4300f8d5-1ae5-49e5-a101-63894b005868	urn:catalog:JBRJ:RB:525442	Plantae	Tracheophyta	Magnoliopsida	Asterales	Asteraceae	Chromolaena	Chromolaena laevigata		SPECIES	Chromolaena laevigata (Lam.) R.M.King & H.Rob.	Chromolaena laevigata (Lam.) R.M.King & H.Rob.	(Lam.) R.M.King & H.Rob.	BR	Fazenda Faroeste, margem direita do Rio São Miguel.	Minas Gerais	PRESENT		838537fc-4aeb-4980-8b58-97fbdcd1d91a	-20.260278	-45.663889			750.0	50.0			2003-07-05	5	7	2003	3087662	3087662	PRESERVED_SPECIMEN	JBRJ	RB	RB00525442	723	A.L. Christ	2021-08-30T00:00:00	CC_BY_4_0	Rio de Janeiro Botanical Garden	P. H. A. Melo; R. C. Libanio, R. R. Ferreira & D. M. Loyola			2026-07-01T12:14:13.311Z	StillImage	COORDINATE_ROUNDED;GEODETIC_DATUM_ASSUMED_WGS84;CONTINENT_DERIVED_FROM_COORDINATES;INSTITUTION_MATCH_FUZZY;COLLECTION_MATCH_FUZZY
1424241544	4300f8d5-1ae5-49e5-a101-63894b005868	urn:catalog:JBRJ:RB:525209	Plantae	Tracheophyta	Magnoliopsida	Asterales	Asteraceae	Dimerostemma			GENUS	Dimerostemma Cass.	Dimerostemma		BR	Fazenda Faroeste, margem esquerda do Rio São Miguel.	Minas Gerais	PRESENT		838537fc-4aeb-4980-8b58-97fbdcd1d91a	-20.2625	-45.669444			675.0	25.0			2005-03-25	25	3	2005	3130305		PRESERVED_SPECIMEN	JBRJ	RB	RB00525209	1316			CC_BY_4_0	Rio de Janeiro Botanical Garden	P.H.A. Melo; J.F. Martins			2026-07-01T12:14:13.565Z	StillImage	COORDINATE_ROUNDED;GEODETIC_DATUM_ASSUMED_WGS84;CONTINENT_DERIVED_FROM_COORDINATES;INSTITUTION_MATCH_FUZZY;COLLECTION_MATCH_FUZZY
1424241460	4300f8d5-1ae5-49e5-a101-63894b005868	urn:catalog:JBRJ:RB:525211	Plantae	Tracheophyta	Magnoliopsida	Asterales	Asteraceae	Wedelia			GENUS	Wedelia Jacq.	Wedelia		BR	Fazenda Faroeste, margem esquerda do Rio São Miguel.	Minas Gerais	PRESENT		838537fc-4aeb-4980-8b58-97fbdcd1d91a	-20.255556	-45.67			750.0				2003-08-10	10	8	2003	3091756		PRESERVED_SPECIMEN	JBRJ	RB	RB00525211	821			CC_BY_4_0	Rio de Janeiro Botanical Garden	P.H.A. Melo; G.P. Santos			2026-07-01T12:14:13.693Z	StillImage	COORDINATE_ROUNDED;GEODETIC_DATUM_ASSUMED_WGS84;CONTINENT_DERIVED_FROM_COORDINATES;INSTITUTION_MATCH_FUZZY;COLLECTION_MATCH_FUZZY
1424241304	4300f8d5-1ae5-49e5-a101-63894b005868	urn:catalog:JBRJ:RB:524885	Plantae	Tracheophyta	Magnoliopsida	Malpighiales	Malpighiaceae	Dicella	Dicella bracteosa		SPECIES	Dicella bracteosa (A.Juss.) Griseb.	Dicella bracteosa (A.Juss.) Griseb.	(A.Juss.) Griseb.	BR	Fazenda Faroeste, margem direita do Rio São Miguel. .	Minas Gerais	PRESENT		838537fc-4aeb-4980-8b58-97fbdcd1d91a	-20.26725	-45.5063							2003-11-23	23	11	2003	7285046	7285046	PRESERVED_SPECIMEN	JBRJ	RB	RB00524885	954	R.F. Almeida	2014-01-06T00:00:00	CC_BY_4_0	Rio de Janeiro Botanical Garden	P. H. A. Melo; F. A. Carvalho, D. T. Souza & T. R. P. Mota			2026-07-01T12:14:13.385Z	StillImage	GEODETIC_DATUM_ASSUMED_WGS84;CONTINENT_DERIVED_FROM_COORDINATES;INSTITUTION_MATCH_FUZZY;COLLECTION_MATCH_FUZZY
1424241203	4300f8d5-1ae5-49e5-a101-63894b005868	urn:catalog:JBRJ:RB:524884	Plantae	Tracheophyta	Magnoliopsida	Malpighiales	Malpighiaceae	Amorimia	Amorimia rigida		SPECIES	Amorimia rigida (A.Juss.) W.R.Anderson	Amorimia rigida (A.Juss.) W.R.Anderson	(A.Juss.) W.R.Anderson	BR	Fazenda Faroeste, margem esquerda do Rio São Miguel.	Minas Gerais	PRESENT		838537fc-4aeb-4980-8b58-97fbdcd1d91a	-20.262222	-45.670833			675.0	25.0			2005-05-08	8	5	2005	3985945	3985945	PRESERVED_SPECIMEN	JBRJ	RB	RB00524884	1334	André M. Amorim		CC_BY_4_0	Rio de Janeiro Botanical Garden	P.H.A. Melo; P.L. Viana, F. M. Santos & G. Heringer			2026-07-01T12:14:13.132Z	StillImage	COORDINATE_ROUNDED;GEODETIC_DATUM_ASSUMED_WGS84;CONTINENT_DERIVED_FROM_COORDINATES;INSTITUTION_MATCH_FUZZY;COLLECTION_MATCH_FUZZY
1424241142	4300f8d5-1ae5-49e5-a101-63894b005868	urn:catalog:JBRJ:RB:524796	Plantae	Tracheophyta	Magnoliopsida	Gentianales	Apocynaceae	Forsteronia	Forsteronia thyrsoidea		SPECIES	Forsteronia thyrsoidea (Vell.) Müll.Arg.	Forsteronia thyrsoidea (Vell.) Müll.Arg.	(Vell.) Müll.Arg.	BR	Fazenda Amargoso, MG-439.	Minas Gerais	PRESENT		838537fc-4aeb-4980-8b58-97fbdcd1d91a	-20.381944	-45.651111			675.0	25.0			2003-12-08	8	12	2003	7316857	7316857	PRESERVED_SPECIMEN	JBRJ	RB	RB00524796	994	L.S. Souza	2025-04-30T00:00:00	CC_BY_4_0	Rio de Janeiro Botanical Garden	P.H.A. Melo; G.P. Santos			2026-07-01T12:15:15.503Z	StillImage	COORDINATE_ROUNDED;GEODETIC_DATUM_ASSUMED_WGS84;CONTINENT_DERIVED_FROM_COORDINATES;INSTITUTION_MATCH_FUZZY;COLLECTION_MATCH_FUZZY
1424241129	4300f8d5-1ae5-49e5-a101-63894b005868	urn:catalog:JBRJ:RB:524793	Plantae	Tracheophyta	Magnoliopsida	Gentianales	Apocynaceae	Aspidosperma	Aspidosperma camporum		SPECIES	Aspidosperma camporum Müll.Arg.	Aspidosperma camporum Muell. Arg	Muell. Arg	BR	Reg. do Corumbá, próximo ao Morro do Marruá, Mineiração Agrocampo.	Minas Gerais	PRESENT		838537fc-4aeb-4980-8b58-97fbdcd1d91a	-20.348611	-45.636111							2005-05-28	28	5	2005	3619201	3619201	PRESERVED_SPECIMEN	JBRJ	RB	RB00524793	1359	A.C.D.Castello	2018-11-01T00:00:00	CC_BY_4_0	Rio de Janeiro Botanical Garden	P. H. A. Melo; E. A. Melo Jr.			2026-07-01T12:14:13.381Z	StillImage	COORDINATE_ROUNDED;GEODETIC_DATUM_ASSUMED_WGS84;CONTINENT_DERIVED_FROM_COORDINATES;INSTITUTION_MATCH_FUZZY;COLLECTION_MATCH_FUZZY
1424241116	4300f8d5-1ae5-49e5-a101-63894b005868	urn:catalog:JBRJ:RB:524797	Plantae	Tracheophyta	Magnoliopsida	Gentianales	Apocynaceae	Prestonia	Prestonia coalita		SPECIES	Prestonia coalita (Vell.) Woodson	Prestonia coalita (Vell.) Woodson	(Vell.) Woodson	BR	Fazenda Amargoso, MG-439 Km 16.	Minas Gerais	PRESENT		838537fc-4aeb-4980-8b58-97fbdcd1d91a	-20.380833	-45.651111			670.0				2004-07-29	29	7	2004	5536637	5536637	PRESERVED_SPECIMEN	JBRJ	RB	RB00524797	1231	J.F. Morales	2009-05-25T00:00:00	CC_BY_4_0	Rio de Janeiro Botanical Garden	P. H. A. Melo			2026-07-01T12:14:13.266Z	StillImage	COORDINATE_ROUNDED;GEODETIC_DATUM_ASSUMED_WGS84;CONTINENT_DERIVED_FROM_COORDINATES;INSTITUTION_MATCH_FUZZY;COLLECTION_MATCH_FUZZY
1424240347	4300f8d5-1ae5-49e5-a101-63894b005868	urn:catalog:JBRJ:RB:523529	Plantae	Tracheophyta	Magnoliopsida	Piperales	Piperaceae	Peperomia	Peperomia armondii		SPECIES	Peperomia armondii Yunck.	Peperomia armondii Yunck.	Yunck.	BR	Fazenda Faroeste, margem esquerda do Rio São Miguel. .	Minas Gerais	PRESENT		838537fc-4aeb-4980-8b58-97fbdcd1d91a	-20.256389	-45.669167							2003-05-26	26	5	2003	4189152	4189152	PRESERVED_SPECIMEN	JBRJ	RB	RB00523529	671	M. Carvalho-Silva	2007-03-27T00:00:00	CC_BY_4_0	Rio de Janeiro Botanical Garden	P. H. A. Melo ; F. A. Carvalho, B. D. Ranieri & D. T. Souza			2026-07-01T12:14:13.588Z	StillImage	COORDINATE_ROUNDED;GEODETIC_DATUM_ASSUMED_WGS84;CONTINENT_DERIVED_FROM_COORDINATES;INSTITUTION_MATCH_FUZZY;COLLECTION_MATCH_FUZZY
1424239538	4300f8d5-1ae5-49e5-a101-63894b005868	urn:catalog:JBRJ:RB:522778	Plantae	Tracheophyta	Magnoliopsida	Myrtales	Melastomataceae	Miconia	Miconia crenata		SPECIES	Clidemia hirta (L.) D.Don	Clidemia hirta (L.) D.Don	(L.) D.Don	BR	Mato da Frutas, Sitio do Sr. Chiquito e D. Naná, 7 Km da Vila Costina.	Minas Gerais	PRESENT		838537fc-4aeb-4980-8b58-97fbdcd1d91a	-20.351111	-45.799167							2004-02-29	29	2	2004	3188642	9404220	PRESERVED_SPECIMEN	JBRJ	RB	RB00522778	1104	R. Goldenberg ( UPCB)	2004-10-01T00:00:00	CC_BY_4_0	Rio de Janeiro Botanical Garden	P.H.A. Melo			2026-07-01T12:14:13.106Z	StillImage	COORDINATE_ROUNDED;GEODETIC_DATUM_ASSUMED_WGS84;CONTINENT_DERIVED_FROM_COORDINATES;INSTITUTION_MATCH_FUZZY;COLLECTION_MATCH_FUZZY
1424236338	4300f8d5-1ae5-49e5-a101-63894b005868	urn:catalog:JBRJ:RB:519459	Plantae	Tracheophyta	Magnoliopsida	Lamiales	Bignoniaceae	Amphilophium			GENUS	Amphilophium Kunth	Amphilophium		BR	Fazenda Faroeste, margem esquerda do Rio São Miguel. .	Minas Gerais	PRESENT		838537fc-4aeb-4980-8b58-97fbdcd1d91a	-20.256389	-45.669167			750.0	50.0			2003-05-26	26	5	2003	3172588		PRESERVED_SPECIMEN	JBRJ	RB	RB00519459	649			CC_BY_4_0	Rio de Janeiro Botanical Garden	P.H.A. Melo; F.A. Carvalho			2026-07-01T12:14:13.564Z	StillImage	COORDINATE_ROUNDED;GEODETIC_DATUM_ASSUMED_WGS84;CONTINENT_DERIVED_FROM_COORDINATES;INSTITUTION_MATCH_FUZZY;COLLECTION_MATCH_FUZZY
1424236305	4300f8d5-1ae5-49e5-a101-63894b005868	urn:catalog:JBRJ:RB:519460	Plantae	Tracheophyta	Magnoliopsida	Lamiales	Bignoniaceae	Dolichandra	Dolichandra quadrivalvis		SPECIES	Dolichandra quadrivalvis (Jacq.) L.G.Lohmann	Dolichandra quadrivalvis (Jacq.) L.G.Lohmann	(Jacq.) L.G.Lohmann	BR	Fazenda Faroeste, margem esquerda do Rio São Miguel.	Minas Gerais	PRESENT		838537fc-4aeb-4980-8b58-97fbdcd1d91a	-20.2625	-45.669444			675.0	25.0			2005-03-25	25	3	2005	7966774	7966774	PRESERVED_SPECIMEN	JBRJ	RB	RB00519460	1317	L.H.M. Fonseca	2014-08-18T00:00:00	CC_BY_4_0	Rio de Janeiro Botanical Garden	P.H.A. Melo; J.F. Martins			2026-07-01T12:15:14.885Z	StillImage	COORDINATE_ROUNDED;GEODETIC_DATUM_ASSUMED_WGS84;CONTINENT_DERIVED_FROM_COORDINATES;INSTITUTION_MATCH_FUZZY;COLLECTION_MATCH_FUZZY
1424236289	4300f8d5-1ae5-49e5-a101-63894b005868	urn:catalog:JBRJ:RB:519467	Plantae	Tracheophyta	Magnoliopsida	Lamiales	Bignoniaceae	Pyrostegia	Pyrostegia venusta		SPECIES	Pyrostegia venusta (Ker Gawl.) Miers	Pyrostegia cf. venusta (Ker Gawl.) Miers	(Ker Gawl.) Miers	BR	Fazenda Amargoso, MG 439 Km 16.	Minas Gerais	PRESENT		838537fc-4aeb-4980-8b58-97fbdcd1d91a	-20.393055	-45.646389			750.0				2003-08-09	9	8	2003	3172569	3172569	PRESERVED_SPECIMEN	JBRJ	RB	RB00519467	789	E.Y.KATAOKA	2016-08-31T00:00:00	CC_BY_4_0	Rio de Janeiro Botanical Garden	P.H.A. Melo			2026-07-01T12:14:13.158Z	StillImage	COORDINATE_ROUNDED;GEODETIC_DATUM_ASSUMED_WGS84;CONTINENT_DERIVED_FROM_COORDINATES;INSTITUTION_MATCH_FUZZY;COLLECTION_MATCH_FUZZY
1424236286	4300f8d5-1ae5-49e5-a101-63894b005868	urn:catalog:JBRJ:RB:519462	Plantae	Tracheophyta	Magnoliopsida	Lamiales	Bignoniaceae	Adenocalymma	Adenocalymma bracteatum		SPECIES	Adenocalymma bracteatum (Cham.) DC.	Adenocalymma bracteatum (Cham.) DC.	(Cham.) DC.	BR	Fazenda Amargoso. MG 439 Km 16.	Minas Gerais	PRESENT		838537fc-4aeb-4980-8b58-97fbdcd1d91a	-20.435278	-45.654167			670.0				2004-07-29	29	7	2004	7298558	7298558	PRESERVED_SPECIMEN	JBRJ	RB	RB00519462	1227	A. R. Zuntini	2011-03-01T00:00:00	CC_BY_4_0	Rio de Janeiro Botanical Garden	P.H.A. Melo			2026-07-01T12:14:13.172Z	StillImage	COORDINATE_ROUNDED;GEODETIC_DATUM_ASSUMED_WGS84;CONTINENT_DERIVED_FROM_COORDINATES;INSTITUTION_MATCH_FUZZY;COLLECTION_MATCH_FUZZY
1424236267	4300f8d5-1ae5-49e5-a101-63894b005868	urn:catalog:JBRJ:RB:519465	Plantae	Tracheophyta	Magnoliopsida	Lamiales	Bignoniaceae	Handroanthus	Handroanthus heptaphyllus		SPECIES	Handroanthus heptaphyllus (Vell.) Mattos	Handroanthus heptaphyllus (Vell.) Mattos	(Vell.) Mattos	BR	Região do Corumbá.	Minas Gerais	PRESENT		838537fc-4aeb-4980-8b58-97fbdcd1d91a	-20.383611	-45.77							2005-05-20	20	5	2005	4092253	4092253	PRESERVED_SPECIMEN	JBRJ	RB	RB00519465	2005	F.S.Espírito-Santo	2011-05-06T00:00:00	CC_BY_4_0	Rio de Janeiro Botanical Garden	P.H.A. Melo			2026-07-01T12:14:12.693Z	StillImage	COORDINATE_ROUNDED;GEODETIC_DATUM_ASSUMED_WGS84;CONTINENT_DERIVED_FROM_COORDINATES;INSTITUTION_MATCH_FUZZY;COLLECTION_MATCH_FUZZY
1424236247	4300f8d5-1ae5-49e5-a101-63894b005868	urn:catalog:JBRJ:RB:519461	Plantae	Tracheophyta	Magnoliopsida	Lamiales	Bignoniaceae	Adenocalymma	Adenocalymma scabriusculum		SPECIES	Adenocalymma scabriusculum Mart. ex DC.	Adenocalymma scabriusculum Mart. ex DC.	Mart. ex DC.	BR	Fazenda Faroeste, margem esquerda do Rio São Miguel.	Minas Gerais	PRESENT		838537fc-4aeb-4980-8b58-97fbdcd1d91a	-20.265	-45.670278			750.0				2003-09-10	10	9	2003	4091295	4091295	PRESERVED_SPECIMEN	JBRJ	RB	RB00519461	867	L.H.M. Fonseca		CC_BY_4_0	Rio de Janeiro Botanical Garden	P.H.A. Melo			2026-07-01T12:14:13.326Z		COORDINATE_ROUNDED;GEODETIC_DATUM_ASSUMED_WGS84;CONTINENT_DERIVED_FROM_COORDINATES;MULTIMEDIA_URI_INVALID;INSTITUTION_MATCH_FUZZY;COLLECTION_MATCH_FUZZY
1424233207	4300f8d5-1ae5-49e5-a101-63894b005868	urn:catalog:JBRJ:RB:516495	Plantae	Tracheophyta	Magnoliopsida	Rosales	Rhamnaceae	Gouania			GENUS	Gouania Jacq.	Gouania		BR	Fazenda faroeste,margem direita do Rio São Miguel	Minas Gerais	PRESENT		838537fc-4aeb-4980-8b58-97fbdcd1d91a	-20.256389	-45.669167							2003-03-08	8	3	2003	3039434		PRESERVED_SPECIMEN	JBRJ	RB	RB00516495	458			CC_BY_4_0	Rio de Janeiro Botanical Garden	P.H.A. Memo			2026-07-01T12:14:13.043Z	StillImage	COORDINATE_ROUNDED;GEODETIC_DATUM_ASSUMED_WGS84;CONTINENT_DERIVED_FROM_COORDINATES;INSTITUTION_MATCH_FUZZY;COLLECTION_MATCH_FUZZY
1424221219	4300f8d5-1ae5-49e5-a101-63894b005868	urn:catalog:JBRJ:RB:490864	Plantae	Tracheophyta	Magnoliopsida	Solanales	Solanaceae	Cestrum	Cestrum strigillatum		SPECIES	Cestrum strigillatum Ruiz & Pav.	Cestrum strigilatum Ruiz & Pav.	Ruiz & Pav.	BR	Fazenda Faroeste, margem esquerda do Rio São Miguel.	Minas Gerais	PRESENT		838537fc-4aeb-4980-8b58-97fbdcd1d91a	-20.265	-45.670278			750.0				2003-09-10	10	9	2003	7299866	7299866	PRESERVED_SPECIMEN	JBRJ	RB	RB00490864	855	M. Vignoli-Silva	2008-03-19T00:00:00	CC_BY_4_0	Rio de Janeiro Botanical Garden	P. H. A. Melo			2026-07-01T12:14:11.122Z	StillImage	COORDINATE_ROUNDED;GEODETIC_DATUM_ASSUMED_WGS84;CONTINENT_DERIVED_FROM_COORDINATES;INSTITUTION_MATCH_FUZZY;COLLECTION_MATCH_FUZZY;TAXON_MATCH_FUZZY
1424221193	4300f8d5-1ae5-49e5-a101-63894b005868	urn:catalog:JBRJ:RB:490876	Plantae	Tracheophyta	Magnoliopsida	Solanales	Solanaceae	Solanum	Solanum paniculatum		SPECIES	Solanum paniculatum L.	Solanum paniculatum L.	L.	BR	Fazenda Amargoso, MG 439 km 16.	Minas Gerais	PRESENT		838537fc-4aeb-4980-8b58-97fbdcd1d91a	-20.381944	-45.651111			675.0	25.0			2003-12-08	8	12	2003	2932547	2932547	PRESERVED_SPECIMEN	JBRJ	RB	RB00490876	1000	P. H. A. Melo	2005-06-01T00:00:00	CC_BY_4_0	Rio de Janeiro Botanical Garden	P. H. A. Melo ; G. P. Santos			2026-07-01T12:14:10.855Z	StillImage	COORDINATE_ROUNDED;GEODETIC_DATUM_ASSUMED_WGS84;CONTINENT_DERIVED_FROM_COORDINATES;INSTITUTION_MATCH_FUZZY;COLLECTION_MATCH_FUZZY
1424221180	4300f8d5-1ae5-49e5-a101-63894b005868	urn:catalog:JBRJ:RB:490862	Plantae	Tracheophyta	Magnoliopsida	Solanales	Solanaceae	Solanum	Solanum oocarpum		SPECIES	Solanum oocarpum Sendtn.	Solanum oocarpum Sendtn.	Sendtn.	BR	Fazenda Faroeste, margem direita do Rio São Miguel .	Minas Gerais	PRESENT		838537fc-4aeb-4980-8b58-97fbdcd1d91a	-20.251389	-45.662778							2003-02-01	1	2	2003	2931960	2931960	PRESERVED_SPECIMEN	JBRJ	RB	RB00490862	409	J. R. Stehmann		CC_BY_4_0	Rio de Janeiro Botanical Garden	P. H. A. Melo ; J. A. Lombardi			2026-07-01T12:14:11.339Z	StillImage	COORDINATE_ROUNDED;GEODETIC_DATUM_ASSUMED_WGS84;CONTINENT_DERIVED_FROM_COORDINATES;INSTITUTION_MATCH_FUZZY;COLLECTION_MATCH_FUZZY
1424221170	4300f8d5-1ae5-49e5-a101-63894b005868	urn:catalog:JBRJ:RB:490857	Plantae	Tracheophyta	Magnoliopsida	Solanales	Solanaceae	Cestrum	Cestrum laevigatum		SPECIES	Cestrum axillare Vell.	Cestrum axillare Vell.	Vell.	BR	Fazenda Faroeste, margem esquerda do Rio São Miguel.	Minas Gerais	PRESENT		838537fc-4aeb-4980-8b58-97fbdcd1d91a	-20.256389	-45.669167			750.0	50.0			2003-05-26	26	5	2003	3797499	7300082	PRESERVED_SPECIMEN	JBRJ	RB	RB00490857	672	M.Vignoli-Silva	2008-03-19T00:00:00	CC_BY_4_0	Rio de Janeiro Botanical Garden	P. H. A. Melo ; F. A. Carvalho, B. D. Ranieri & D. T. Souza			2026-07-01T12:14:11.030Z	StillImage	COORDINATE_ROUNDED;GEODETIC_DATUM_ASSUMED_WGS84;CONTINENT_DERIVED_FROM_COORDINATES;INSTITUTION_MATCH_FUZZY;COLLECTION_MATCH_FUZZY
1424221160	4300f8d5-1ae5-49e5-a101-63894b005868	urn:catalog:JBRJ:RB:490863	Plantae	Tracheophyta	Magnoliopsida	Solanales	Solanaceae	Solanum	Solanum oocarpum		SPECIES	Solanum oocarpum Sendtn.	Solanum oocarpum Sendtn.	Sendtn.	BR	Fazenda Amargoso, MG 439 km 16.	Minas Gerais	PRESENT		838537fc-4aeb-4980-8b58-97fbdcd1d91a	-20.387222	-45.649722							2003-04-15	15	4	2003	2931960	2931960	PRESERVED_SPECIMEN	JBRJ	RB	RB00490863	554	J. R. Stehmann		CC_BY_4_0	Rio de Janeiro Botanical Garden	P. H. A. Melo ; F. V. Bezerra			2026-07-01T12:14:11.068Z	StillImage	COORDINATE_ROUNDED;GEODETIC_DATUM_ASSUMED_WGS84;CONTINENT_DERIVED_FROM_COORDINATES;INSTITUTION_MATCH_FUZZY;COLLECTION_MATCH_FUZZY
1424220492	4300f8d5-1ae5-49e5-a101-63894b005868	urn:catalog:JBRJ:RB:490140	Plantae	Tracheophyta	Liliopsida	Poales	Cyperaceae	Rhynchospora	Rhynchospora pubera		SPECIES	Rhynchospora pubera (Vahl) Boeckeler	Rhynchospora pubera (Vahl) Boeckeler	(Vahl) Boeckeler	BR	Timburé, área de mineração da empresa CastroCal.	Minas Gerais	PRESENT		838537fc-4aeb-4980-8b58-97fbdcd1d91a	-20.405833	-45.653611							2005-05-19	19	5	2005	2721237	2721237	PRESERVED_SPECIMEN	JBRJ	RB	RB00490140	1343	Marccus Alves	2007-07-01T00:00:00	CC_BY_4_0	Rio de Janeiro Botanical Garden	P. H. A. Melo ; P. L. Viana			2026-07-01T12:14:10.982Z	StillImage	COORDINATE_ROUNDED;GEODETIC_DATUM_ASSUMED_WGS84;CONTINENT_DERIVED_FROM_COORDINATES;INSTITUTION_MATCH_FUZZY;COLLECTION_MATCH_FUZZY
1424220425	4300f8d5-1ae5-49e5-a101-63894b005868	urn:catalog:JBRJ:RB:490173	Plantae	Tracheophyta	Magnoliopsida	Lamiales	Lamiaceae	Cantinoa	Cantinoa mutabilis		SPECIES	Hyptis mutabilis (Rich.) Briq.	Hyptis mutabilis (Rich.) Briq.	(Rich.) Briq.	BR	Fazenda Amargoso, MG 439 km 16. .	Minas Gerais	PRESENT		838537fc-4aeb-4980-8b58-97fbdcd1d91a	-20.387222	-45.649722			780.0	30.0			2003-05-25	25	5	2003	2926813	7471562	PRESERVED_SPECIMEN	JBRJ	RB	RB00490173	641	P. H. A. Melo		CC_BY_4_0	Rio de Janeiro Botanical Garden	P. H. A. Melo ; F. A. Carvalho			2026-07-01T12:14:11.528Z	StillImage	COORDINATE_ROUNDED;GEODETIC_DATUM_ASSUMED_WGS84;CONTINENT_DERIVED_FROM_COORDINATES;INSTITUTION_MATCH_FUZZY;COLLECTION_MATCH_FUZZY
1424220414	4300f8d5-1ae5-49e5-a101-63894b005868	urn:catalog:JBRJ:RB:490174	Plantae	Tracheophyta	Magnoliopsida	Lamiales	Lamiaceae	Mesosphaerum	Mesosphaerum suaveolens		SPECIES	Mesosphaerum suaveolens (L.) Kuntze	Mesosphaerum suaveolens (L.) Kuntze	(L.) Kuntze	BR	Fazenda Amargoso, MG 439 km 16.	Minas Gerais	PRESENT		838537fc-4aeb-4980-8b58-97fbdcd1d91a	-20.387222	-45.649722			780.0	30.0			2003-04-16	16	4	2003	3889017	3889017	PRESERVED_SPECIMEN	JBRJ	RB	RB00490174	582	G.M.Antar	2023-01-01T00:00:00	CC_BY_4_0	Rio de Janeiro Botanical Garden	P. H. A. Melo			2026-07-01T12:15:14.732Z	StillImage	COORDINATE_ROUNDED;GEODETIC_DATUM_ASSUMED_WGS84;CONTINENT_DERIVED_FROM_COORDINATES;INSTITUTION_MATCH_FUZZY;COLLECTION_MATCH_FUZZY
1424220406	4300f8d5-1ae5-49e5-a101-63894b005868	urn:catalog:JBRJ:RB:490126	Plantae	Tracheophyta	Magnoliopsida	Malvales	Malvaceae	Corchorus	Corchorus hirtus		SPECIES	Corchorus hirtus L.	Corchorus hirtus L.	L.	BR	Fazenda Amargoso, MG 439 km 16.	Minas Gerais	PRESENT		838537fc-4aeb-4980-8b58-97fbdcd1d91a	-20.381944	-45.651111			700.0	50.0			2003-12-08	8	12	2003	3152085	3152085	PRESERVED_SPECIMEN	JBRJ	RB	RB00490126	999	S. Ferrucci		CC_BY_4_0	Rio de Janeiro Botanical Garden	P. H. A. Melo ; G. P. Santos			2026-07-01T12:14:10.737Z	StillImage	COORDINATE_ROUNDED;GEODETIC_DATUM_ASSUMED_WGS84;CONTINENT_DERIVED_FROM_COORDINATES;INSTITUTION_MATCH_FUZZY;COLLECTION_MATCH_FUZZY
1424220356	4300f8d5-1ae5-49e5-a101-63894b005868	urn:catalog:JBRJ:RB:490049	Plantae	Tracheophyta	Magnoliopsida	Malpighiales	Euphorbiaceae	Manihot	Manihot anomala		SPECIES	Manihot anomala Pohl	Manihot anomala Pohl	Pohl	BR	Faz. Faroeste, margem direita do Rio São Miguel.	Minas Gerais	PRESENT		838537fc-4aeb-4980-8b58-97fbdcd1d91a	-20.257222	-45.663611			725.0	75.0			2004-01-02	2	1	2004	3060894	3060894	PRESERVED_SPECIMEN	JBRJ	RB	RB00490049	1048	M. Mendoza	2015-04-22T00:00:00	CC_BY_4_0	Rio de Janeiro Botanical Garden	P. H. A. Melo ; W. O. Silva			2026-07-01T12:14:11.097Z	StillImage	COORDINATE_ROUNDED;GEODETIC_DATUM_ASSUMED_WGS84;CONTINENT_DERIVED_FROM_COORDINATES;INSTITUTION_MATCH_FUZZY;COLLECTION_MATCH_FUZZY
1424220355	4300f8d5-1ae5-49e5-a101-63894b005868	urn:catalog:JBRJ:RB:490038	Plantae	Tracheophyta	Magnoliopsida	Malpighiales	Euphorbiaceae	Bia	Bia alienata		SPECIES	Bia alienata Didr.	Bia alienata Didr.	Didr.	BR	Fazenda Faroeste, margem direita do Rio São Miguel.	Minas Gerais	PRESENT		838537fc-4aeb-4980-8b58-97fbdcd1d91a	-20.256389	-45.669167			750.0	50.0			2003-03-08	8	3	2003	5378083	5378083	PRESERVED_SPECIMEN	JBRJ	RB	RB00490038	470	D. Medeiros	2014-12-09T00:00:00	CC_BY_4_0	Rio de Janeiro Botanical Garden	PHA Melo			2026-07-01T12:14:10.833Z	StillImage	COORDINATE_ROUNDED;GEODETIC_DATUM_ASSUMED_WGS84;CONTINENT_DERIVED_FROM_COORDINATES;INSTITUTION_MATCH_FUZZY;COLLECTION_MATCH_FUZZY
1424220330	4300f8d5-1ae5-49e5-a101-63894b005868	urn:catalog:JBRJ:RB:490054	Plantae	Tracheophyta	Magnoliopsida	Malpighiales	Euphorbiaceae	Croton	Croton gracilipes		SPECIES	Croton gracilipes Baill.	Croton gracilipes Baill.	Baill.	BR	Fazenda Faroeste, margem direita do Rio São Miguel .	Minas Gerais	PRESENT		838537fc-4aeb-4980-8b58-97fbdcd1d91a	-20.251389	-45.662778							2002-12-31	31	12	2002	3059397	3059397	PRESERVED_SPECIMEN	JBRJ	RB	RB00490054	318	I. Cordeiro	2009-03-01T00:00:00	CC_BY_4_0	Rio de Janeiro Botanical Garden	P. H. A. Melo ; E. A. Melo Jr.			2026-07-01T12:14:11.335Z	StillImage	COORDINATE_ROUNDED;GEODETIC_DATUM_ASSUMED_WGS84;CONTINENT_DERIVED_FROM_COORDINATES;INSTITUTION_MATCH_FUZZY;COLLECTION_MATCH_FUZZY
1424220325	4300f8d5-1ae5-49e5-a101-63894b005868	urn:catalog:JBRJ:RB:490036	Plantae	Tracheophyta	Magnoliopsida	Malpighiales	Euphorbiaceae	Bia	Bia alienata		SPECIES	Bia alienata Didr.	Bia alienata Didr.	Didr.	BR	Fazenda Faroeste, margem direita do Rio São Miguel .	Minas Gerais	PRESENT		838537fc-4aeb-4980-8b58-97fbdcd1d91a	-20.257222	-45.663611							2004-01-02	2	1	2004	5378083	5378083	PRESERVED_SPECIMEN	JBRJ	RB	RB00490036	1041	D. Medeiros	2014-12-09T00:00:00	CC_BY_4_0	Rio de Janeiro Botanical Garden	P. H. A. Melo ; W. O. Silva			2026-07-01T12:14:10.915Z	StillImage	COORDINATE_ROUNDED;GEODETIC_DATUM_ASSUMED_WGS84;CONTINENT_DERIVED_FROM_COORDINATES;INSTITUTION_MATCH_FUZZY;COLLECTION_MATCH_FUZZY
1424220321	4300f8d5-1ae5-49e5-a101-63894b005868	urn:catalog:JBRJ:RB:490041	Plantae	Tracheophyta	Magnoliopsida	Malpighiales	Euphorbiaceae	Bernardia	Bernardia tamanduana		SPECIES	Bernardia tamanduana (Baill.) Müll.Arg.	Bernardia tamanduana (Baill.) Müll.Arg.	(Baill.) Müll.Arg.	BR	Fazenda Faroeste, margem direita do Rio São Miguel, afloramento da Bocaina.	Minas Gerais	PRESENT		838537fc-4aeb-4980-8b58-97fbdcd1d91a	-20.266389	-45.660278							2004-08-13	13	8	2004	5378398	5378398	PRESERVED_SPECIMEN	JBRJ	RB	RB00490041	1241	J.F. Carrión	2016-08-10T00:00:00	CC_BY_4_0	Rio de Janeiro Botanical Garden	P.H.A. Melo; L.H.L. Coelho			2026-07-01T12:14:10.925Z	StillImage	COORDINATE_ROUNDED;GEODETIC_DATUM_ASSUMED_WGS84;CONTINENT_DERIVED_FROM_COORDINATES;INSTITUTION_MATCH_FUZZY;COLLECTION_MATCH_FUZZY
1424220320	4300f8d5-1ae5-49e5-a101-63894b005868	urn:catalog:JBRJ:RB:490040	Plantae	Tracheophyta	Magnoliopsida	Malpighiales	Euphorbiaceae	Bernardia	Bernardia tamanduana		SPECIES	Bernardia tamanduana (Baill.) Müll.Arg.	Bernardia tamanduana (Baill.) Müll.Arg.	(Baill.) Müll.Arg.	BR	Fazenda Faroeste, margem esquerda do Rio São Miguel.	Minas Gerais	PRESENT		838537fc-4aeb-4980-8b58-97fbdcd1d91a	-20.256389	-45.669167							2002-11-16	16	11	2002	5378398	5378398	PRESERVED_SPECIMEN	JBRJ	RB	RB00490040	203	J.F.CARRIÓN	2016-08-10T00:00:00	CC_BY_4_0	Rio de Janeiro Botanical Garden	P. H. A. Melo ; L. M. Versieux			2026-07-01T12:14:11.121Z	StillImage	COORDINATE_ROUNDED;GEODETIC_DATUM_ASSUMED_WGS84;CONTINENT_DERIVED_FROM_COORDINATES;INSTITUTION_MATCH_FUZZY;COLLECTION_MATCH_FUZZY
1424220315	4300f8d5-1ae5-49e5-a101-63894b005868	urn:catalog:JBRJ:RB:490043	Plantae	Tracheophyta	Magnoliopsida	Malpighiales	Euphorbiaceae	Croton	Croton urucurana		SPECIES	Croton urucurana Baill.	Croton urucuranus Baill.	Baill.	BR	Faz. Faroeste, margem esquerda do Rio São Miguel .	Minas Gerais	PRESENT		838537fc-4aeb-4980-8b58-97fbdcd1d91a	-20.256389	-45.669167							2002-11-16	16	11	2002	3057491	3057491	PRESERVED_SPECIMEN	JBRJ	RB	RB00490043	207	I. Cordeiro	2009-03-01T00:00:00	CC_BY_4_0	Rio de Janeiro Botanical Garden	P. H. A. Melo ; L. M. Versieux			2026-07-01T12:14:10.692Z	StillImage	COORDINATE_ROUNDED;GEODETIC_DATUM_ASSUMED_WGS84;CONTINENT_DERIVED_FROM_COORDINATES;INSTITUTION_MATCH_FUZZY;COLLECTION_MATCH_FUZZY;TAXON_MATCH_FUZZY
1424220294	4300f8d5-1ae5-49e5-a101-63894b005868	urn:catalog:JBRJ:RB:490047	Plantae	Tracheophyta	Magnoliopsida	Malpighiales	Euphorbiaceae	Croton	Croton rottlerifolius		SPECIES	Croton rottleraefolius Baill.	Croton rottleraefolium Baill.	Baill.	BR	Faz. Amargoso, MG 439 km 16.	Minas Gerais	PRESENT		838537fc-4aeb-4980-8b58-97fbdcd1d91a	-20.381944	-45.651111			675.0	25.0			2003-12-08	8	12	2003	9048203	3059834	PRESERVED_SPECIMEN	JBRJ	RB	RB00490047	984	I. Cordeiro	2009-03-30T00:00:00	CC_BY_4_0	Rio de Janeiro Botanical Garden	P. H. A. Melo ; G. P. Santos			2026-07-01T12:14:10.982Z	StillImage	COORDINATE_ROUNDED;GEODETIC_DATUM_ASSUMED_WGS84;CONTINENT_DERIVED_FROM_COORDINATES;INSTITUTION_MATCH_FUZZY;COLLECTION_MATCH_FUZZY;TAXON_MATCH_FUZZY
1424220079	4300f8d5-1ae5-49e5-a101-63894b005868	urn:catalog:JBRJ:RB:489803	Plantae	Tracheophyta	Liliopsida	Dioscoreales	Dioscoreaceae	Dioscorea	Dioscorea multiflora		SPECIES	Dioscorea multiflora Mart. ex Griseb.	Dioscorea multiflora Mart. ex Griseb.	Mart. ex Griseb.	BR	Pains, Mineração Vale do São Miguel.	Minas Gerais	PRESENT		838537fc-4aeb-4980-8b58-97fbdcd1d91a	-20.364444	-45.673611			642.0				2006-07-11	11	7	2006	2754381	2754381	PRESERVED_SPECIMEN	JBRJ	RB	RB00489803	210	RICARDO S. COUTO	2017-10-01T00:00:00	CC_BY_4_0	Rio de Janeiro Botanical Garden	R. A. X. Borges; P. H. Bernardo			2026-07-01T12:15:14.271Z		COORDINATE_ROUNDED;GEODETIC_DATUM_ASSUMED_WGS84;CONTINENT_DERIVED_FROM_COORDINATES;MULTIMEDIA_URI_INVALID;INSTITUTION_MATCH_FUZZY;COLLECTION_MATCH_FUZZY
1424216212	4300f8d5-1ae5-49e5-a101-63894b005868	urn:catalog:JBRJ:RB:486243	Plantae	Tracheophyta	Magnoliopsida	Caryophyllales	Nyctaginaceae	Pisonia	Pisonia aculeata		SPECIES	Pisonia aculeata L.	Pisonia aculeata L.	L.	BR	Faz. Faroeste, margem esquerda do Rio São Miguel.	Minas Gerais	PRESENT		838537fc-4aeb-4980-8b58-97fbdcd1d91a	-20.255556	-45.67			750.0				2003-08-10	10	8	2003	3086260	3086260	PRESERVED_SPECIMEN	JBRJ	RB	RB00486243	800	J.A.Lombardi	2004-04-01T00:00:00	CC_BY_4_0	Rio de Janeiro Botanical Garden	P.H.A.Melo; G.P.Santos			2026-07-01T12:14:10.659Z	StillImage	COORDINATE_ROUNDED;GEODETIC_DATUM_ASSUMED_WGS84;CONTINENT_DERIVED_FROM_COORDINATES;INSTITUTION_MATCH_FUZZY;COLLECTION_MATCH_FUZZY
1424215530	4300f8d5-1ae5-49e5-a101-63894b005868	urn:catalog:JBRJ:RB:485579	Plantae	Tracheophyta	Magnoliopsida	Malvales	Malvaceae	Bastardiopsis	Bastardiopsis densiflora		SPECIES	Bastardiopsis densiflora (Hook. & Arn.) Hassl.	Bastardiopsis densiflora (Hook. & Arn.) Hassl.	(Hook. & Arn.) Hassl.	BR	Fazenda Amargoso, MG 439 km 16.	Minas Gerais	PRESENT		838537fc-4aeb-4980-8b58-97fbdcd1d91a	-20.380833	-45.651111			670.0				2004-06-26	26	6	2004	7279441	7279441	PRESERVED_SPECIMEN	JBRJ	RB	RB00485579	1208	P. H. A. Melo	2004-11-01T00:00:00	CC_BY_4_0	Rio de Janeiro Botanical Garden	P. H. A. Melo			2026-07-01T12:14:10.258Z	StillImage	COORDINATE_ROUNDED;GEODETIC_DATUM_ASSUMED_WGS84;CONTINENT_DERIVED_FROM_COORDINATES;INSTITUTION_MATCH_FUZZY;COLLECTION_MATCH_FUZZY
1424215424	4300f8d5-1ae5-49e5-a101-63894b005868	urn:catalog:JBRJ:RB:485575	Plantae	Tracheophyta	Magnoliopsida	Malvales	Malvaceae	Bastardiopsis	Bastardiopsis densiflora		SPECIES	Bastardiopsis densiflora (Hook. & Arn.) Hassl.	Bastardiopsis densiflora (Hook. & Arn.) Hassl.	(Hook. & Arn.) Hassl.	BR	Fazenda Amargos, MG 439 km 16. .	Minas Gerais	PRESENT		838537fc-4aeb-4980-8b58-97fbdcd1d91a	-20.384722	-45.649167			680.0				2004-07-29	29	7	2004	7279441	7279441	PRESERVED_SPECIMEN	JBRJ	RB	RB00485575	1232	P. H. A. Melo	2004-11-01T00:00:00	CC_BY_4_0	Rio de Janeiro Botanical Garden	P. A. H. Melo			2026-07-01T12:14:10.296Z	StillImage	COORDINATE_ROUNDED;GEODETIC_DATUM_ASSUMED_WGS84;CONTINENT_DERIVED_FROM_COORDINATES;INSTITUTION_MATCH_FUZZY;COLLECTION_MATCH_FUZZY
1424213690	4300f8d5-1ae5-49e5-a101-63894b005868	urn:catalog:JBRJ:RB:483961	Plantae	Tracheophyta	Magnoliopsida	Fabales	Fabaceae	Neonotonia	Neonotonia wightii		SPECIES	Neonotonia wightii (Wight & Arn.) J.A.Lackey	Neonotonia wightii (Graham ex Wight & Arn.) J.A.Lackey	(Graham ex Wight & Arn.) J.A.Lackey	BR	Fazenda Amargoso, MG 439 km 16.	Minas Gerais	PRESENT		838537fc-4aeb-4980-8b58-97fbdcd1d91a	-20.387222	-45.649722							2003-04-15	15	4	2003	2947913	2947913	PRESERVED_SPECIMEN	JBRJ	RB	RB00483961	563	L.P. de Queiroz		CC_BY_4_0	Rio de Janeiro Botanical Garden	P.H.A.Melo; F.V.Bezerra			2026-07-01T12:14:10.187Z	StillImage	COORDINATE_ROUNDED;GEODETIC_DATUM_ASSUMED_WGS84;CONTINENT_DERIVED_FROM_COORDINATES;INSTITUTION_MATCH_FUZZY;COLLECTION_MATCH_FUZZY
1424213659	4300f8d5-1ae5-49e5-a101-63894b005868	urn:catalog:JBRJ:RB:483941	Plantae	Tracheophyta	Magnoliopsida	Fabales	Fabaceae	Centrosema	Centrosema sagittatum		SPECIES	Centrosema sagittatum (Humb. & Bonpl. ex Willd.) Brandegee	Centrosema sagittatum (Humb. & Bonpl. ex Willd.) Brandegee	(Humb. & Bonpl. ex Willd.) Brandegee	BR	Fazenda Faroeste, margem direita do Rio São Miguel.	Minas Gerais	PRESENT		838537fc-4aeb-4980-8b58-97fbdcd1d91a	-20.257222	-45.663611							2004-01-02	2	1	2004	7830690	7830690	PRESERVED_SPECIMEN	JBRJ	RB	RB00483941	1049	Kamilla Lopes Barreto	2013-08-19T00:00:00	CC_BY_4_0	Rio de Janeiro Botanical Garden	P.H.A. Melo; W.O. Silva			2026-07-01T12:15:13.206Z	StillImage	COORDINATE_ROUNDED;GEODETIC_DATUM_ASSUMED_WGS84;CONTINENT_DERIVED_FROM_COORDINATES;INSTITUTION_MATCH_FUZZY;COLLECTION_MATCH_FUZZY
1424213644	4300f8d5-1ae5-49e5-a101-63894b005868	urn:catalog:JBRJ:RB:483886	Plantae	Tracheophyta	Magnoliopsida	Fabales	Fabaceae	Inga	Inga affinis	affinis	SUBSPECIES	Inga vera subsp. affinis (DC.) T.D.Penn.	Inga vera ssp. affinis (DC.) T.D.Penn.	(DC.) T.D.Penn.	BR	Fazenda Faroeste, margem esquerda do Rio São Miguel.	Minas Gerais	PRESENT		838537fc-4aeb-4980-8b58-97fbdcd1d91a	-20.256389	-45.669167							2002-10-04	4	10	2002	5357571	5357569	PRESERVED_SPECIMEN	JBRJ	RB	RB00483886	49	T.D. Pennington		CC_BY_4_0	Rio de Janeiro Botanical Garden	P.H.A. Melo; P.L. Viana			2026-07-01T12:14:10.401Z	StillImage	COORDINATE_ROUNDED;GEODETIC_DATUM_ASSUMED_WGS84;CONTINENT_DERIVED_FROM_COORDINATES;INSTITUTION_MATCH_FUZZY;COLLECTION_MATCH_FUZZY
1424213593	4300f8d5-1ae5-49e5-a101-63894b005868	urn:catalog:JBRJ:RB:483866	Plantae	Tracheophyta	Magnoliopsida	Fabales	Fabaceae	Bauhinia	Bauhinia forficata	forficata	SUBSPECIES	Bauhinia forficata subsp. forficata	Bauhinia forficata Link var. forficata		BR	Fazenda Faroeste, margem direita do Rio São Miguel.	Minas Gerais	PRESENT		838537fc-4aeb-4980-8b58-97fbdcd1d91a	-20.256389	-45.669167							2002-11-16	16	11	2002	2953862	2953861	PRESERVED_SPECIMEN	JBRJ	RB	RB00483866	255	Angela Maria Studart da Fonseca Vaz	2010-08-24T00:00:00	CC_BY_4_0	Rio de Janeiro Botanical Garden	P.H.A. Melo; L.M. Versieux			2026-07-01T12:14:10.032Z	StillImage	COORDINATE_ROUNDED;GEODETIC_DATUM_ASSUMED_WGS84;CONTINENT_DERIVED_FROM_COORDINATES;INSTITUTION_MATCH_FUZZY;COLLECTION_MATCH_FUZZY
1424213576	4300f8d5-1ae5-49e5-a101-63894b005868	urn:catalog:JBRJ:RB:483883	Plantae	Tracheophyta	Magnoliopsida	Fabales	Fabaceae	Senegalia	Senegalia paraensis		SPECIES	Senegalia paraensis (Ducke) Seigler & Ebinger	Senegalia paraensis (Ducke) Seigler & Ebinger	(Ducke) Seigler & Ebinger	BR	Reg. do Corumbá, próximo ao Morro do Marruá, Mineração Agrocampo.	Minas Gerais	PRESENT		838537fc-4aeb-4980-8b58-97fbdcd1d91a	-20.349167	-45.636389							2005-05-28	28	5	2005	3795937	3795937	PRESERVED_SPECIMEN	JBRJ	RB	RB00483883	1361	D.S. Seigler		CC_BY_4_0	Rio de Janeiro Botanical Garden	P.H.A. Melo; E.A. Melo Jr.			2026-07-01T12:14:10.139Z	StillImage	COORDINATE_ROUNDED;GEODETIC_DATUM_ASSUMED_WGS84;CONTINENT_DERIVED_FROM_COORDINATES;INSTITUTION_MATCH_FUZZY;COLLECTION_MATCH_FUZZY
1424200467	4300f8d5-1ae5-49e5-a101-63894b005868	urn:catalog:JBRJ:RB:471664	Plantae	Tracheophyta	Liliopsida	Alismatales	Araceae	Anthurium	Anthurium solitarium		SPECIES	Anthurium solitarium Schott	Anthurium solitarium Schott	Schott	BR	Mineração Carmocal.	Minas Gerais	PRESENT		838537fc-4aeb-4980-8b58-97fbdcd1d91a	-20.365833	-45.668889			612.0				2006-07-10	10	7	2006	2872638	2872638	PRESERVED_SPECIMEN	JBRJ	RB	RB00471664	239			CC_BY_4_0	Rio de Janeiro Botanical Garden	R.A.X. Borges; P.H. Bernardo			2026-07-01T12:15:14.821Z		COORDINATE_ROUNDED;GEODETIC_DATUM_ASSUMED_WGS84;CONTINENT_DERIVED_FROM_COORDINATES;MULTIMEDIA_URI_INVALID;INSTITUTION_MATCH_FUZZY;COLLECTION_MATCH_FUZZY
1424200294	4300f8d5-1ae5-49e5-a101-63894b005868	urn:catalog:JBRJ:RB:471472	Plantae	Tracheophyta	Liliopsida	Alismatales	Araceae	Anthurium	Anthurium sellowianum		SPECIES	Anthurium sellowianum Kunth	Anthurium sellowianum Kunth	Kunth	BR	Mineração Carmocal.	Minas Gerais	PRESENT		838537fc-4aeb-4980-8b58-97fbdcd1d91a	-20.365833	-45.668889			612.0				2006-07-10	10	7	2006	2873330	2873330	PRESERVED_SPECIMEN	JBRJ	RB	RB00471472	242			CC_BY_4_0	Rio de Janeiro Botanical Garden	R.A.X. Borges; P.H. Bernardo			2026-07-01T12:14:08.446Z	StillImage	COORDINATE_ROUNDED;GEODETIC_DATUM_ASSUMED_WGS84;CONTINENT_DERIVED_FROM_COORDINATES;INSTITUTION_MATCH_FUZZY;COLLECTION_MATCH_FUZZY
1424199889	4300f8d5-1ae5-49e5-a101-63894b005868	urn:catalog:JBRJ:RB:471038	Plantae	Tracheophyta	Liliopsida	Alismatales	Araceae	Anthurium	Anthurium pentaphyllum		SPECIES	Anthurium pentaphyllum (Aubl.) G.Don	Anthurium pentaphyllum (Aubl.) G.Don	(Aubl.) G.Don	BR	Mineiração Vale do São Miguel.	Minas Gerais	PRESENT		838537fc-4aeb-4980-8b58-97fbdcd1d91a	-20.357222	-45.673889			688.0				2006-07-12	12	7	2006	2873047	2873047	PRESERVED_SPECIMEN	JBRJ	RB	RB00471038	177	M. Nadruz		CC_BY_4_0	Rio de Janeiro Botanical Garden	R.A.X. Borges; P.H. Bernardo			2026-07-01T12:14:08.424Z		COORDINATE_ROUNDED;GEODETIC_DATUM_ASSUMED_WGS84;CONTINENT_DERIVED_FROM_COORDINATES;MULTIMEDIA_URI_INVALID;INSTITUTION_MATCH_FUZZY;COLLECTION_MATCH_FUZZY
1424198217	4300f8d5-1ae5-49e5-a101-63894b005868	urn:catalog:JBRJ:RB:469520	Plantae	Tracheophyta	Liliopsida	Liliales	Alstroemeriaceae	Alstroemeria			GENUS	Alstroemeria L.	Alstroemeria		BR	Mineração Vale do São Miguel.	Minas Gerais	PRESENT		838537fc-4aeb-4980-8b58-97fbdcd1d91a	-20.354167	-45.673333			720.0				2006-07-13	13	7	2006	2753642		PRESERVED_SPECIMEN	JBRJ	RB	RB00469520	181			CC_BY_4_0	Rio de Janeiro Botanical Garden	R.A.X. Borges; P.H. Bernardo			2026-07-01T12:14:08.151Z	StillImage	COORDINATE_ROUNDED;GEODETIC_DATUM_ASSUMED_WGS84;CONTINENT_DERIVED_FROM_COORDINATES;INSTITUTION_MATCH_FUZZY;COLLECTION_MATCH_FUZZY
1424196240	4300f8d5-1ae5-49e5-a101-63894b005868	urn:catalog:JBRJ:RB:467625	Plantae	Tracheophyta	Magnoliopsida	Solanales	Solanaceae	Solanum	Solanum scuticum		SPECIES	Solanum scuticum M.Nee	Solanum scuticum M.Nee	M.Nee	BR	Mineração Vale do São Miguel.	Minas Gerais	PRESENT		838537fc-4aeb-4980-8b58-97fbdcd1d91a	-20.371111	-45.669167			629.0				2006-07-11	11	7	2006	2932130	2932130	PRESERVED_SPECIMEN	JBRJ	RB	RB00467625	213	Maria de Fátima Agra	2006-11-01T00:00:00	CC_BY_4_0	Rio de Janeiro Botanical Garden	R.A.X. Borges; P.H.Bernardo			2026-07-01T12:14:07.959Z	StillImage	COORDINATE_ROUNDED;GEODETIC_DATUM_ASSUMED_WGS84;CONTINENT_DERIVED_FROM_COORDINATES;INSTITUTION_MATCH_FUZZY;COLLECTION_MATCH_FUZZY
1424195296	4300f8d5-1ae5-49e5-a101-63894b005868	urn:catalog:JBRJ:RB:466839	Plantae	Tracheophyta	Magnoliopsida	Solanales	Solanaceae	Solanum	Solanum paniculatum		SPECIES	Solanum paniculatum L.	Solanum paniculatum L.	L.	BR	Serra de Itabirito lm 14 BH .	Minas Gerais	PRESENT		838537fc-4aeb-4980-8b58-97fbdcd1d91a	-20.233333	-45.8			1325.0	25.0			1981-11-14	14	11	1981	2932547	2932547	PRESERVED_SPECIMEN	JBRJ	RB	RB00466839		Lucia Freire de Carvalho		CC_BY_4_0	Rio de Janeiro Botanical Garden	Katia Vanessa M.Mendes			2026-07-01T12:14:07.716Z	StillImage	COORDINATE_ROUNDED;GEODETIC_DATUM_ASSUMED_WGS84;CONTINENT_DERIVED_FROM_COORDINATES;INSTITUTION_MATCH_FUZZY;COLLECTION_MATCH_FUZZY
1424172460	4300f8d5-1ae5-49e5-a101-63894b005868	urn:catalog:JBRJ:RB:438726	Plantae	Tracheophyta	Magnoliopsida	Rosales	Cannabaceae	Celtis	Celtis iguanaea		SPECIES	Celtis pubescens (F.Dietr.) Spreng.	Celtis pubescens (Kunth) Spreng.	(Kunth) Spreng.	BR	Mineração Vale do São Miguel.	Minas Gerais	PRESENT		838537fc-4aeb-4980-8b58-97fbdcd1d91a	-20.359722	-45.673889			613.0				2006-07-12	12	7	2006	8639128	2984498	PRESERVED_SPECIMEN	JBRJ	RB	RB00438726	221	ZAMENGO,H.B.S.	2017-12-11T00:00:00	CC_BY_4_0	Rio de Janeiro Botanical Garden	R.A.X.Borges; P.H.Bernardo			2026-07-01T12:15:12.411Z	StillImage	COORDINATE_ROUNDED;GEODETIC_DATUM_ASSUMED_WGS84;CONTINENT_DERIVED_FROM_COORDINATES;INSTITUTION_MATCH_FUZZY;COLLECTION_MATCH_FUZZY
1424158745	4300f8d5-1ae5-49e5-a101-63894b005868	urn:catalog:JBRJ:RB:426256	Plantae	Tracheophyta	Magnoliopsida	Caryophyllales	Amaranthaceae	Chamissoa	Chamissoa altissima		SPECIES	Chamissoa altissima (Jacq.) Kunth	Chamissoa altissima (Jacq.) Kunth	(Jacq.) Kunth	BR	Mineração Vale do São Miguel.	Minas Gerais	PRESENT		838537fc-4aeb-4980-8b58-97fbdcd1d91a	-20.355833	-45.668333			711.0				2006-07-14	14	7	2006	3085178	3085178	PRESERVED_SPECIMEN	JBRJ	RB	RB00426256	196	R. Borges	2007-05-29T00:00:00	CC_BY_4_0	Rio de Janeiro Botanical Garden	R. A. X. Borges; P. H. Bernardo			2026-07-01T12:14:01.713Z	StillImage	COORDINATE_ROUNDED;GEODETIC_DATUM_ASSUMED_WGS84;CONTINENT_DERIVED_FROM_COORDINATES;INSTITUTION_MATCH_FUZZY;COLLECTION_MATCH_FUZZY
1424158696	4300f8d5-1ae5-49e5-a101-63894b005868	urn:catalog:JBRJ:RB:426194	Plantae	Tracheophyta	Magnoliopsida	Gentianales	Rubiaceae	Randia	Randia armata		SPECIES	Randia armata (Sw.) DC.	Randia armata (Sw.) DC.	(Sw.) DC.	BR	Mineração Vale do São Miguel.	Minas Gerais	PRESENT		838537fc-4aeb-4980-8b58-97fbdcd1d91a	-20.357222	-45.673889			688.0				2006-07-12	12	7	2006	5339445	5339445	PRESERVED_SPECIMEN	JBRJ	RB	RB00426194	173	D. Zappi	2014-08-01T00:00:00	CC_BY_4_0	Rio de Janeiro Botanical Garden	R. A. X. Borges; P. H. Bernardo			2026-07-01T12:14:01.446Z	StillImage	COORDINATE_ROUNDED;GEODETIC_DATUM_ASSUMED_WGS84;CONTINENT_DERIVED_FROM_COORDINATES;INSTITUTION_MATCH_FUZZY;COLLECTION_MATCH_FUZZY
1424158205	4300f8d5-1ae5-49e5-a101-63894b005868	urn:catalog:JBRJ:RB:425764	Plantae	Tracheophyta	Magnoliopsida	Solanales	Convolvulaceae	Distimake	Distimake dissectus		SPECIES	Distimake dissectus (Jacq.) A.R.Simões & Staples	Distimake dissectus (Jacq.) A.R. Simões & Staples	(Jacq.) A.R. Simões & Staples	BR	Mineração Vale do São Miguel.	Minas Gerais	PRESENT		838537fc-4aeb-4980-8b58-97fbdcd1d91a	-20.353889	-45.668333			680.0				2006-07-13	13	7	2006	9293992	9293992	PRESERVED_SPECIMEN	JBRJ	RB	RB00425764	191	D.P.BELO	2017-08-23T00:00:00	CC_BY_4_0	Rio de Janeiro Botanical Garden	R.A.X.Borges; P.H.Bernardo			2026-07-01T12:14:02.079Z	StillImage	COORDINATE_ROUNDED;GEODETIC_DATUM_ASSUMED_WGS84;CONTINENT_DERIVED_FROM_COORDINATES;INSTITUTION_MATCH_FUZZY;COLLECTION_MATCH_FUZZY
1424157112	4300f8d5-1ae5-49e5-a101-63894b005868	urn:catalog:JBRJ:RB:424557	Plantae	Tracheophyta	Magnoliopsida	Fabales	Fabaceae	Inga	Inga marginata		SPECIES	Inga marginata Willd.	Inga marginata Willd.	Willd.	BR	Mineração Vale do São Miguel.	Minas Gerais	PRESENT		838537fc-4aeb-4980-8b58-97fbdcd1d91a	-20.355833	-45.668333			711.0				2006-07-14	14	7	2006	7546887	7546887	PRESERVED_SPECIMEN	JBRJ	RB	RB00424557	198	J. M. Fernandes	2008-10-11T00:00:00	CC_BY_4_0	Rio de Janeiro Botanical Garden	R.A.X. Borges; P.H. Bernardo			2026-07-01T12:14:01.935Z	StillImage	COORDINATE_ROUNDED;GEODETIC_DATUM_ASSUMED_WGS84;CONTINENT_DERIVED_FROM_COORDINATES;INSTITUTION_MATCH_FUZZY;COLLECTION_MATCH_FUZZY
1424156916	4300f8d5-1ae5-49e5-a101-63894b005868	urn:catalog:JBRJ:RB:424412	Plantae	Tracheophyta	Magnoliopsida	Asterales	Asteraceae	Vernonanthura			GENUS	Vernonanthura H.Rob.	Vernonanthura	H.Rob.	BR	Mineração Vale do São Miguel. Proximo do Rio São Miguel.	Minas Gerais	PRESENT		838537fc-4aeb-4980-8b58-97fbdcd1d91a	-20.371111	-45.669167			629.0				2006-07-11	11	7	2006	3110435		PRESERVED_SPECIMEN	JBRJ	RB	RB00424412	216			CC_BY_4_0	Rio de Janeiro Botanical Garden	R.A.X. Borges; P.H. Bernardo			2026-07-01T12:15:12.419Z		COORDINATE_ROUNDED;GEODETIC_DATUM_ASSUMED_WGS84;CONTINENT_DERIVED_FROM_COORDINATES;MULTIMEDIA_URI_INVALID;INSTITUTION_MATCH_FUZZY;COLLECTION_MATCH_FUZZY
1424156744	4300f8d5-1ae5-49e5-a101-63894b005868	urn:catalog:JBRJ:RB:424217	Plantae	Tracheophyta	Magnoliopsida	Fabales	Fabaceae	Senegalia	Senegalia velutina		SPECIES	Senegalia velutina (DC.) Seigler & Ebinger	Senegalia velutina (DC.) Seigler & Ebinger	(DC.) Seigler & Ebinger	BR	Mineração Vale do São Miguel.	Minas Gerais	PRESENT		838537fc-4aeb-4980-8b58-97fbdcd1d91a	-20.359722	-45.673889			613.0				2006-07-12	12	7	2006	8274253	8274253	PRESERVED_SPECIMEN	JBRJ	RB	RB00424217	230	Michel Barros	2009-06-18T00:00:00	CC_BY_4_0	Rio de Janeiro Botanical Garden	R.A.X. Borges; P.H. Bernardo			2026-07-01T12:15:12.138Z	StillImage	COORDINATE_ROUNDED;GEODETIC_DATUM_ASSUMED_WGS84;CONTINENT_DERIVED_FROM_COORDINATES;INSTITUTION_MATCH_FUZZY;COLLECTION_MATCH_FUZZY
1424156737	4300f8d5-1ae5-49e5-a101-63894b005868	urn:catalog:JBRJ:RB:424218	Plantae	Tracheophyta	Magnoliopsida	Fabales	Fabaceae	Inga	Inga striata		SPECIES	Inga striata Benth.	Inga striata Benth.	Benth.	BR	Mineração Vale do São Miguel.	Minas Gerais	PRESENT		838537fc-4aeb-4980-8b58-97fbdcd1d91a	-20.359722	-45.673889			613.0				2006-07-12	12	7	2006	5358084	5358084	PRESERVED_SPECIMEN	JBRJ	RB	RB00424218	228	José M. Fernandes	2008-08-25T00:00:00	CC_BY_4_0	Rio de Janeiro Botanical Garden	R.A.X. Borges; P.H. Bernardo			2026-07-01T12:14:01.297Z	StillImage	COORDINATE_ROUNDED;GEODETIC_DATUM_ASSUMED_WGS84;CONTINENT_DERIVED_FROM_COORDINATES;INSTITUTION_MATCH_FUZZY;COLLECTION_MATCH_FUZZY
1424156730	4300f8d5-1ae5-49e5-a101-63894b005868	urn:catalog:JBRJ:RB:424215	Plantae	Tracheophyta	Magnoliopsida	Fabales	Fabaceae	Pseudopiptadenia			GENUS	Pseudopiptadenia Rauschert	Pseudopiptadenia		BR	Mineração Vale do São Miguel.	Minas Gerais	PRESENT		838537fc-4aeb-4980-8b58-97fbdcd1d91a	-20.359722	-45.673889			613.0				2006-07-12	12	7	2006	2952898		PRESERVED_SPECIMEN	JBRJ	RB	RB00424215	229			CC_BY_4_0	Rio de Janeiro Botanical Garden	R. A. X. Borges; P. H. Bernardo			2026-07-01T12:14:01.551Z	StillImage	COORDINATE_ROUNDED;GEODETIC_DATUM_ASSUMED_WGS84;CONTINENT_DERIVED_FROM_COORDINATES;INSTITUTION_MATCH_FUZZY;COLLECTION_MATCH_FUZZY
1424156698	4300f8d5-1ae5-49e5-a101-63894b005868	urn:catalog:JBRJ:RB:424181	Plantae	Tracheophyta	Magnoliopsida	Piperales	Piperaceae	Peperomia	Peperomia nitida		SPECIES	Peperomia nitida Dahlst.	Peperomia nitida Dahlst.	Dahlst.	BR	Mineração Vale do São Miguel .	Minas Gerais	PRESENT		838537fc-4aeb-4980-8b58-97fbdcd1d91a	-20.357222	-45.673889			688.0				2006-07-12	12	7	2006	7928689	7928689	PRESERVED_SPECIMEN	JBRJ	RB	RB00424181	176	G.M. Marcusso	2024-03-01T00:00:00	CC_BY_4_0	Rio de Janeiro Botanical Garden	R. A. X. Borges; P. H. Bernardo			2026-07-01T12:14:01.654Z	StillImage	COORDINATE_ROUNDED;GEODETIC_DATUM_ASSUMED_WGS84;CONTINENT_DERIVED_FROM_COORDINATES;INSTITUTION_MATCH_FUZZY;COLLECTION_MATCH_FUZZY
1424156682	4300f8d5-1ae5-49e5-a101-63894b005868	urn:catalog:JBRJ:RB:424213	Plantae	Tracheophyta	Magnoliopsida	Fabales	Fabaceae	Inga	Inga affinis	affinis	SUBSPECIES	Inga vera subsp. affinis (DC.) T.D.Penn.	Inga vera ssp. affinis (DC.) T.D.Penn.	(DC.) T.D.Penn.	BR	Mineração Vale do São Miguel.	Minas Gerais	PRESENT		838537fc-4aeb-4980-8b58-97fbdcd1d91a	-20.353889	-45.668333			680.0				2006-07-14	14	7	2006	5357571	5357569	PRESERVED_SPECIMEN	JBRJ	RB	RB00424213	194	José M. Fernandes	2008-08-25T00:00:00	CC_BY_4_0	Rio de Janeiro Botanical Garden	R. A. X. Borges; P. H. Bernardo			2026-07-01T12:15:12.723Z	StillImage	COORDINATE_ROUNDED;GEODETIC_DATUM_ASSUMED_WGS84;CONTINENT_DERIVED_FROM_COORDINATES;INSTITUTION_MATCH_FUZZY;COLLECTION_MATCH_FUZZY
1424155388	4300f8d5-1ae5-49e5-a101-63894b005868	urn:catalog:JBRJ:RB:422675	Plantae	Tracheophyta	Liliopsida	Poales	Bromeliaceae	Aechmea	Aechmea bromeliifolia		SPECIES	Aechmea bromeliifolia (Rudge) Baker	Aechmea bromeliifolia (Rudge) Baker	(Rudge) Baker	BR	Mineração Carmocal.	Minas Gerais	PRESENT		838537fc-4aeb-4980-8b58-97fbdcd1d91a	-20.365833	-45.668889			612.0				2006-07-10	10	7	2006	2698655	8344737	PRESERVED_SPECIMEN	JBRJ	RB	RB00422675	238	R.F. Monteiro	2006-09-01T00:00:00	CC_BY_4_0	Rio de Janeiro Botanical Garden	R.A.X. Borges; P.H. Bernardo			2026-07-01T12:14:01.704Z		COORDINATE_ROUNDED;GEODETIC_DATUM_ASSUMED_WGS84;CONTINENT_DERIVED_FROM_COORDINATES;MULTIMEDIA_URI_INVALID;INSTITUTION_MATCH_FUZZY;COLLECTION_MATCH_FUZZY
1424155289	4300f8d5-1ae5-49e5-a101-63894b005868	urn:catalog:JBRJ:RB:422568	Plantae	Tracheophyta	Magnoliopsida	Sapindales	Meliaceae	Trichilia	Trichilia pallida		SPECIES	Trichilia pallida Sw.	Trichilia pallida Sw.	Sw.	BR	Mineração Vale do São Miguel.	Minas Gerais	PRESENT		838537fc-4aeb-4980-8b58-97fbdcd1d91a	-20.357222	-45.673889			688.0				2006-07-12	12	7	2006	3190491	3190491	PRESERVED_SPECIMEN	JBRJ	RB	RB00422568	171	M. Gomes; G. R. Souza; G. Nobregas		CC_BY_4_0	Rio de Janeiro Botanical Garden	R. A. X. Borges; P. H. Bernardo			2026-07-01T12:14:01.504Z	StillImage	COORDINATE_ROUNDED;GEODETIC_DATUM_ASSUMED_WGS84;CONTINENT_DERIVED_FROM_COORDINATES;INSTITUTION_MATCH_FUZZY;COLLECTION_MATCH_FUZZY
1424155274	4300f8d5-1ae5-49e5-a101-63894b005868	urn:catalog:JBRJ:RB:422567	Plantae	Tracheophyta	Magnoliopsida	Malvales	Malvaceae	Bastardiopsis	Bastardiopsis densiflora		SPECIES	Bastardiopsis densiflora (Hook. & Arn.) Hassl.	Bastardiopsis densiflora (Hook. & Arn.) Hassl.	(Hook. & Arn.) Hassl.	BR	Mineração Vale do São Miguel.	Minas Gerais	PRESENT		838537fc-4aeb-4980-8b58-97fbdcd1d91a	-20.355833	-45.668333			711.0				2006-07-14	14	7	2006	7279441	7279441	PRESERVED_SPECIMEN	JBRJ	RB	RB00422567	203	R. A. X. Borges		CC_BY_4_0	Rio de Janeiro Botanical Garden	R. A. X. Borges; P. H. Bernado			2026-07-01T12:14:01.731Z	StillImage	COORDINATE_ROUNDED;GEODETIC_DATUM_ASSUMED_WGS84;CONTINENT_DERIVED_FROM_COORDINATES;INSTITUTION_MATCH_FUZZY;COLLECTION_MATCH_FUZZY
1424154525	4300f8d5-1ae5-49e5-a101-63894b005868	urn:catalog:JBRJ:RB:421513	Plantae	Tracheophyta	Magnoliopsida	Malvales	Malvaceae	Malvastrum	Malvastrum americanum		SPECIES	Malvastrum americanum (L.) Torr.	Malvastrum americanum (L.) Torr.	(L.) Torr.	BR	Mineração Vale do São Miguel.	Minas Gerais	PRESENT		838537fc-4aeb-4980-8b58-97fbdcd1d91a	-20.371111	-45.669167			629.0				2006-07-11	11	7	2006	3152264	3152264	PRESERVED_SPECIMEN	JBRJ	RB	RB00421513	215	M. G. Bovini	2006-08-01T00:00:00	CC_BY_4_0	Rio de Janeiro Botanical Garden	R. A. X. Borges; P. H. Bernado			2026-07-01T12:14:01.468Z	StillImage	COORDINATE_ROUNDED;GEODETIC_DATUM_ASSUMED_WGS84;CONTINENT_DERIVED_FROM_COORDINATES;INSTITUTION_MATCH_FUZZY;COLLECTION_MATCH_FUZZY
1424154478	4300f8d5-1ae5-49e5-a101-63894b005868	urn:catalog:JBRJ:RB:421514	Plantae	Tracheophyta	Magnoliopsida	Malvales	Malvaceae	Guazuma	Guazuma ulmifolia		SPECIES	Guazuma ulmifolia Lam.	Guazuma ulmifolia Lam.	Lam.	BR	Mineração Carmocal.	Minas Gerais	PRESENT		838537fc-4aeb-4980-8b58-97fbdcd1d91a	-20.365833	-45.668889			612.0				2006-07-10	10	7	2006	3152195	3152195	PRESERVED_SPECIMEN	JBRJ	RB	RB00421514	234	R. A. X. Borges		CC_BY_4_0	Rio de Janeiro Botanical Garden	R. A. X. Borges; P. H. Bernado			2026-07-01T12:14:01.755Z	StillImage	COORDINATE_ROUNDED;GEODETIC_DATUM_ASSUMED_WGS84;CONTINENT_DERIVED_FROM_COORDINATES;INSTITUTION_MATCH_FUZZY;COLLECTION_MATCH_FUZZY
1424154067	4300f8d5-1ae5-49e5-a101-63894b005868	urn:catalog:JBRJ:RB:420955	Plantae	Tracheophyta	Magnoliopsida	Ericales	Sapotaceae	Chrysophyllum	Chrysophyllum gonocarpum		SPECIES	Chrysophyllum gonocarpum (Mart. & Eichler) Engl.	Chrysophyllum gonocarpum (Mart. & Eichler ex Miq.) Engl.	(Mart. & Eichler ex Miq.) Engl.	BR	Mineração Vale do São Miguel.	Minas Gerais	PRESENT		838537fc-4aeb-4980-8b58-97fbdcd1d91a	-20.353889	-45.668333			680.0				2006-07-13	13	7	2006	2885694	2885694	PRESERVED_SPECIMEN	JBRJ	RB	RB00420955	193	R. A. X. Borges		CC_BY_4_0	Rio de Janeiro Botanical Garden	R. A. X. Borges; P. H. Bernardo			2026-07-01T12:15:11.759Z	StillImage	COORDINATE_ROUNDED;GEODETIC_DATUM_ASSUMED_WGS84;CONTINENT_DERIVED_FROM_COORDINATES;INSTITUTION_MATCH_FUZZY;COLLECTION_MATCH_FUZZY
1424153603	4300f8d5-1ae5-49e5-a101-63894b005868	urn:catalog:JBRJ:RB:420527	Plantae	Tracheophyta	Magnoliopsida	Malpighiales	Malpighiaceae	Alicia	Alicia anisopetala		SPECIES	Alicia anisopetala (A.Juss.) W.R.Anderson	Alicia anisopetala (A.Juss.) W.R.Anderson	(A.Juss.) W.R.Anderson	BR	Mineração Vale do São Miguel.	Minas Gerais	PRESENT		838537fc-4aeb-4980-8b58-97fbdcd1d91a	-20.357222	-45.673889			688.0				2006-07-12	12	7	2006	5635022	5635022	PRESERVED_SPECIMEN	JBRJ	RB	RB00420527	172	R.F. Almeida	2014-01-06T00:00:00	CC_BY_4_0	Rio de Janeiro Botanical Garden	R. A. X. Borges; P. H. Bernardo			2026-07-01T12:14:01.055Z	StillImage	COORDINATE_ROUNDED;GEODETIC_DATUM_ASSUMED_WGS84;CONTINENT_DERIVED_FROM_COORDINATES;INSTITUTION_MATCH_FUZZY;COLLECTION_MATCH_FUZZY
1424153329	4300f8d5-1ae5-49e5-a101-63894b005868	urn:catalog:JBRJ:RB:420269	Plantae	Tracheophyta	Magnoliopsida	Malpighiales	Malpighiaceae	Stigmaphyllon			GENUS	Stigmaphyllon A.Juss.	Stigmaphyllon		BR	Mineração Vale do São Miguel.	Minas Gerais	PRESENT		838537fc-4aeb-4980-8b58-97fbdcd1d91a	-20.354167	-45.673333			720.0				2006-07-13	13	7	2006	3191310		PRESERVED_SPECIMEN	JBRJ	RB	RB00420269	185	A.Amorim	2022-03-01T00:00:00	CC_BY_4_0	Rio de Janeiro Botanical Garden	R. A. X. Borges; P. H. Bernado			2026-07-01T12:15:12.803Z	StillImage	COORDINATE_ROUNDED;GEODETIC_DATUM_ASSUMED_WGS84;CONTINENT_DERIVED_FROM_COORDINATES;INSTITUTION_MATCH_FUZZY;COLLECTION_MATCH_FUZZY
1424153316	4300f8d5-1ae5-49e5-a101-63894b005868	urn:catalog:JBRJ:RB:420271	Plantae	Tracheophyta	Magnoliopsida	Malpighiales	Malpighiaceae	Niedenzuella	Niedenzuella mogoriifolia		SPECIES	Niedenzuella mogoriifolia (A.Juss.) W.R.Anderson	Niedenzuella mogoriifolia (A.Juss.) W.R.Anderson	(A.Juss.) W.R.Anderson	BR	Mineração Vale do São Miguel.	Minas Gerais	PRESENT		838537fc-4aeb-4980-8b58-97fbdcd1d91a	-20.364444	-45.673611			642.0				2006-07-11	11	7	2006	3986108	3986108	PRESERVED_SPECIMEN	JBRJ	RB	RB00420271	212	S.N. Silva	2026-04-17T00:00:00	CC_BY_4_0	Rio de Janeiro Botanical Garden	R. A. X. Borges; P. H. Bernardo			2026-07-01T12:14:01.254Z	StillImage	COORDINATE_ROUNDED;GEODETIC_DATUM_ASSUMED_WGS84;CONTINENT_DERIVED_FROM_COORDINATES;INSTITUTION_MATCH_FUZZY;COLLECTION_MATCH_FUZZY
1424153128	4300f8d5-1ae5-49e5-a101-63894b005868	urn:catalog:JBRJ:RB:420066	Plantae	Tracheophyta	Magnoliopsida	Lamiales	Bignoniaceae	Fridericia	Fridericia triplinervia		SPECIES	Fridericia triplinervia (Mart. ex DC.) L.G.Lohmann	Fridericia triplinervia (Mart. ex DC.) L.G.Lohmann	(Mart. ex DC.) L.G.Lohmann	BR	Mineração Vale do São Miguel.	Minas Gerais	PRESENT		838537fc-4aeb-4980-8b58-97fbdcd1d91a	-20.364444	-45.673611			642.0				2006-07-11	11	7	2006	7418332	7418332	PRESERVED_SPECIMEN	JBRJ	RB	RB00420066	211	M. Kaehler		CC_BY_4_0	Rio de Janeiro Botanical Garden	R. A. X. Borges; P. H. Bernardo			2026-07-01T12:14:01.463Z		COORDINATE_ROUNDED;GEODETIC_DATUM_ASSUMED_WGS84;CONTINENT_DERIVED_FROM_COORDINATES;MULTIMEDIA_URI_INVALID;INSTITUTION_MATCH_FUZZY;COLLECTION_MATCH_FUZZY
1424153081	4300f8d5-1ae5-49e5-a101-63894b005868	urn:catalog:JBRJ:RB:420059	Plantae	Tracheophyta	Magnoliopsida	Rosales	Rhamnaceae	Gouania			GENUS	Gouania Jacq.	Gouania		BR	Mineração Vale do São Miguel.	Minas Gerais	PRESENT		838537fc-4aeb-4980-8b58-97fbdcd1d91a	-20.359722	-45.673889			613.0				2006-07-12	12	7	2006	3039434		PRESERVED_SPECIMEN	JBRJ	RB	RB00420059	225			CC_BY_4_0	Rio de Janeiro Botanical Garden	R.A.X. Borges; P.H. Bernado			2026-07-01T12:14:00.904Z	StillImage	COORDINATE_ROUNDED;GEODETIC_DATUM_ASSUMED_WGS84;CONTINENT_DERIVED_FROM_COORDINATES;INSTITUTION_MATCH_FUZZY;COLLECTION_MATCH_FUZZY
1424153076	4300f8d5-1ae5-49e5-a101-63894b005868	urn:catalog:JBRJ:RB:420027	Plantae	Tracheophyta	Magnoliopsida	Malpighiales	Salicaceae	Casearia	Casearia sylvestris		SPECIES	Casearia sylvestris Sw.	Casearia sylvestris Sw.	Sw.	BR	Mineração Vale do São Miguel.	Minas Gerais	PRESENT		838537fc-4aeb-4980-8b58-97fbdcd1d91a	-20.359722	-45.673889			613.0				2006-07-12	12	7	2006	5331148	5331148	PRESERVED_SPECIMEN	JBRJ	RB	RB00420027	226	R. Marquete	2006-08-08T00:00:00	CC_BY_4_0	Rio de Janeiro Botanical Garden	R. X. A. Borges; P. H. Bernardo			2026-07-01T12:14:01.530Z	StillImage	COORDINATE_ROUNDED;GEODETIC_DATUM_ASSUMED_WGS84;CONTINENT_DERIVED_FROM_COORDINATES;INSTITUTION_MATCH_FUZZY;COLLECTION_MATCH_FUZZY
1424153067	4300f8d5-1ae5-49e5-a101-63894b005868	urn:catalog:JBRJ:RB:420018	Plantae	Tracheophyta	Magnoliopsida	Asterales	Asteraceae	Trixis	Trixis divaricata		SPECIES	Trixis antimenorrhoea (Schrank) Kuntze, 1898	Trixis antimenorrhoea (Schrank) Kuntze	(Schrank) Kuntze	BR	Mineração Vale do São Miguel.	Minas Gerais	PRESENT		838537fc-4aeb-4980-8b58-97fbdcd1d91a	-20.357222	-45.673889			688.0				2006-07-12	12	7	2006	8166799	7336039	PRESERVED_SPECIMEN	JBRJ	RB	RB00420018	231	Marcelo Monge & Mariana Machado Saavedra	2012-01-25T00:00:00	CC_BY_4_0	Rio de Janeiro Botanical Garden	R. A. X. Borges; P. H. Bernardo			2026-07-01T12:15:12.533Z	StillImage	COORDINATE_ROUNDED;GEODETIC_DATUM_ASSUMED_WGS84;CONTINENT_DERIVED_FROM_COORDINATES;INSTITUTION_MATCH_FUZZY;COLLECTION_MATCH_FUZZY
1424153026	4300f8d5-1ae5-49e5-a101-63894b005868	urn:catalog:JBRJ:RB:419988	Plantae	Tracheophyta	Magnoliopsida	Sapindales	Rutaceae	Pilocarpus	Pilocarpus spicatus		SPECIES	Pilocarpus spicatus A.St.-Hil.	Pilocarpus spicatus A.St.-Hil.	A.St.-Hil.	BR	Mineração Vale do São Miguel.	Minas Gerais	PRESENT		838537fc-4aeb-4980-8b58-97fbdcd1d91a	-20.354167	-45.673333			720.0				2006-07-13	13	7	2006	7269470	7269470	PRESERVED_SPECIMEN	JBRJ	RB	RB00419988	184			CC_BY_4_0	Rio de Janeiro Botanical Garden	R. A. X. Borges; P. H. Bernardo			2026-07-01T12:14:01.457Z	StillImage	COORDINATE_ROUNDED;GEODETIC_DATUM_ASSUMED_WGS84;CONTINENT_DERIVED_FROM_COORDINATES;INSTITUTION_MATCH_FUZZY;COLLECTION_MATCH_FUZZY
1424152993	4300f8d5-1ae5-49e5-a101-63894b005868	urn:catalog:JBRJ:RB:419958	Plantae	Tracheophyta	Magnoliopsida	Laurales	Lauraceae	Nectandra	Nectandra villosa		SPECIES	Nectandra reticulata (Ruiz & Pav.) Mez	Nectandra reticulata (Ruiz & Pav.) Mez	(Ruiz & Pav.) Mez	BR	Mineração Vale do São Miguel.	Minas Gerais	PRESENT		838537fc-4aeb-4980-8b58-97fbdcd1d91a	-20.359722	-45.673889			613.0				2006-07-12	12	7	2006	5685985	7304555	PRESERVED_SPECIMEN	JBRJ	RB	RB00419958	222	A. Quinet	2006-08-08T00:00:00	CC_BY_4_0	Rio de Janeiro Botanical Garden	R. A. X. Borges; P. H. Bernardo			2026-07-01T12:14:01.137Z	StillImage	COORDINATE_ROUNDED;GEODETIC_DATUM_ASSUMED_WGS84;CONTINENT_DERIVED_FROM_COORDINATES;INSTITUTION_MATCH_FUZZY;COLLECTION_MATCH_FUZZY
1424152979	4300f8d5-1ae5-49e5-a101-63894b005868	urn:catalog:JBRJ:RB:419950	Plantae	Tracheophyta	Magnoliopsida	Laurales	Lauraceae	Ocotea			GENUS	Ocotea Aubl.	Ocotea		BR	Mineração Carmocal.	Minas Gerais	PRESENT		838537fc-4aeb-4980-8b58-97fbdcd1d91a	-20.365833	-45.668889			612.0				2006-07-10	10	7	2006	3034076		PRESERVED_SPECIMEN	JBRJ	RB	RB00419950	241			CC_BY_4_0	Rio de Janeiro Botanical Garden	R. A. X. Borges; P. H. Bernardo			2026-07-01T12:14:01.033Z	StillImage	COORDINATE_ROUNDED;GEODETIC_DATUM_ASSUMED_WGS84;CONTINENT_DERIVED_FROM_COORDINATES;INSTITUTION_MATCH_FUZZY;COLLECTION_MATCH_FUZZY
1424152894	4300f8d5-1ae5-49e5-a101-63894b005868	urn:catalog:JBRJ:RB:419869	Plantae	Tracheophyta	Magnoliopsida	Fabales	Fabaceae	Bauhinia	Bauhinia forficata	forficata	SUBSPECIES	Bauhinia forficata subsp. forficata	Bauhinia forficata Link ssp. forficata	Link	BR	Mineração Vale do São Miguel.	Minas Gerais	PRESENT		838537fc-4aeb-4980-8b58-97fbdcd1d91a	-20.359722	-45.673889			613.0				2006-07-12	12	7	2006	2953862	2953861	PRESERVED_SPECIMEN	JBRJ	RB	RB00419869	217	Angela Maria Studart da F. Vaz	2006-09-01T00:00:00	CC_BY_4_0	Rio de Janeiro Botanical Garden	R. X. A. Borges; P. H. Bernardo			2026-07-01T12:14:01.030Z	StillImage	COORDINATE_ROUNDED;GEODETIC_DATUM_ASSUMED_WGS84;CONTINENT_DERIVED_FROM_COORDINATES;INSTITUTION_MATCH_FUZZY;COLLECTION_MATCH_FUZZY
1424152716	4300f8d5-1ae5-49e5-a101-63894b005868	urn:catalog:JBRJ:RB:419650	Plantae	Tracheophyta	Magnoliopsida	Fabales	Fabaceae	Myroxylon	Myroxylon peruiferum		SPECIES	Myroxylon peruiferum L.f.	Myroxylon peruiferum L.f.	L.f.	BR	Mineração Vale do São Miguel.	Rio Grande do Sul	PRESENT		838537fc-4aeb-4980-8b58-97fbdcd1d91a	-20.354167	-45.673333			720.0				2006-07-13	13	7	2006	5357189	5357189	PRESERVED_SPECIMEN	JBRJ	RB	RB00419650	188	Vidal Freitas M.	2006-08-04T00:00:00	CC_BY_4_0	Rio de Janeiro Botanical Garden	R. A. X. Borges; P. H. Bernardo			2026-07-01T12:14:01.096Z		COORDINATE_ROUNDED;GEODETIC_DATUM_ASSUMED_WGS84;CONTINENT_DERIVED_FROM_COORDINATES;MULTIMEDIA_URI_INVALID;INSTITUTION_MATCH_FUZZY;COLLECTION_MATCH_FUZZY
1424152649	4300f8d5-1ae5-49e5-a101-63894b005868	urn:catalog:JBRJ:RB:419646	Plantae	Tracheophyta	Magnoliopsida	Fabales	Fabaceae	Myroxylon	Myroxylon peruiferum		SPECIES	Myroxylon peruiferum L.f.	Myroxylon peruiferum L.f.	L.f.	BR	Mineração Vale de São Miguel.	Minas Gerais	PRESENT		838537fc-4aeb-4980-8b58-97fbdcd1d91a	-20.357222	-45.673889			688.0				2006-07-12	12	7	2006	5357189	5357189	PRESERVED_SPECIMEN	JBRJ	RB	RB00419646	175	Vidal Freitas M.	2006-08-04T00:00:00	CC_BY_4_0	Rio de Janeiro Botanical Garden	R. A. X. Borges; P. H. Bernardo			2026-07-01T12:14:00.817Z	StillImage	COORDINATE_ROUNDED;GEODETIC_DATUM_ASSUMED_WGS84;CONTINENT_DERIVED_FROM_COORDINATES;INSTITUTION_MATCH_FUZZY;COLLECTION_MATCH_FUZZY
1424152460	4300f8d5-1ae5-49e5-a101-63894b005868	urn:catalog:JBRJ:RB:419474	Plantae	Tracheophyta	Magnoliopsida	Caryophyllales	Cactaceae	Pereskia	Pereskia aculeata		SPECIES	Pereskia aculeata Mill.	Pereskia aculeata Mill.	Mill.	BR	Mineração Vale do São Miguel.	Minas Gerais	PRESENT		838537fc-4aeb-4980-8b58-97fbdcd1d91a	-20.366389	-45.669722			639.0				2006-07-11	11	7	2006	5384215	5384215	PRESERVED_SPECIMEN	JBRJ	RB	RB00419474				CC_BY_4_0	Rio de Janeiro Botanical Garden	R. A. X. Borges; P. H. Bernardo			2026-07-01T12:15:12.491Z	StillImage	COORDINATE_ROUNDED;GEODETIC_DATUM_ASSUMED_WGS84;CONTINENT_DERIVED_FROM_COORDINATES;INSTITUTION_MATCH_FUZZY;COLLECTION_MATCH_FUZZY
1424152434	4300f8d5-1ae5-49e5-a101-63894b005868	urn:catalog:JBRJ:RB:419472	Plantae	Tracheophyta	Magnoliopsida	Caryophyllales	Cactaceae	Pereskia	Pereskia aculeata		SPECIES	Pereskia aculeata Mill.	Pereskia aculeata Mill.	Mill.	BR	Mineração Vale do São Miguel.	Minas Gerais	PRESENT		838537fc-4aeb-4980-8b58-97fbdcd1d91a	-20.366389	-45.669722			639.0				2006-07-11	11	7	2006	5384215	5384215	PRESERVED_SPECIMEN	JBRJ	RB	RB00419472	207			CC_BY_4_0	Rio de Janeiro Botanical Garden	R. A. X. Borges; P. H. Bernardo			2026-07-01T12:14:01.256Z	StillImage	COORDINATE_ROUNDED;GEODETIC_DATUM_ASSUMED_WGS84;CONTINENT_DERIVED_FROM_COORDINATES;INSTITUTION_MATCH_FUZZY;COLLECTION_MATCH_FUZZY
1424152430	4300f8d5-1ae5-49e5-a101-63894b005868	urn:catalog:JBRJ:RB:419441	Plantae	Tracheophyta	Magnoliopsida	Lamiales	Acanthaceae	Justicia			GENUS	Justicia L.	Justicia		BR	Mineração Vale do São Miguel.	Minas Gerais	PRESENT		838537fc-4aeb-4980-8b58-97fbdcd1d91a	-20.355833	-45.668333			711.0				2006-07-14	14	7	2006	2904597		PRESERVED_SPECIMEN	JBRJ	RB	RB00419441	201			CC_BY_4_0	Rio de Janeiro Botanical Garden	R. A. X Borges; P. H. Bernardo			2026-07-01T12:14:00.608Z	StillImage	COORDINATE_ROUNDED;GEODETIC_DATUM_ASSUMED_WGS84;CONTINENT_DERIVED_FROM_COORDINATES;INSTITUTION_MATCH_FUZZY;COLLECTION_MATCH_FUZZY
1424152189	4300f8d5-1ae5-49e5-a101-63894b005868	urn:catalog:JBRJ:RB:419167	Plantae	Tracheophyta	Magnoliopsida	Lamiales	Acanthaceae	Justicia	Justicia brasiliana		SPECIES	Justicia brasiliana Roth	Justicia brasiliana Roth	Roth	BR	Mineração Vale do São Miguel.	Minas Gerais	PRESENT		838537fc-4aeb-4980-8b58-97fbdcd1d91a	-20.366389	-45.669722							2006-07-11	11	7	2006	3771127	3771127	PRESERVED_SPECIMEN	JBRJ	RB	RB00419167	206	Sheila Regina Profice		CC_BY_4_0	Rio de Janeiro Botanical Garden	R. A. X. Borges; P. H. Bernardo			2026-07-01T12:14:01.083Z	StillImage	COORDINATE_ROUNDED;GEODETIC_DATUM_ASSUMED_WGS84;CONTINENT_DERIVED_FROM_COORDINATES;INSTITUTION_MATCH_FUZZY;COLLECTION_MATCH_FUZZY
1424151947	4300f8d5-1ae5-49e5-a101-63894b005868	urn:catalog:JBRJ:RB:418880	Plantae	Tracheophyta	Magnoliopsida	Sapindales	Sapindaceae	Paullinia	Paullinia rhomboidea		SPECIES	Paullinia rhomboidea Radlk.	Paullinia rhomboidea Radlk.	Radlk.	BR	Mineração Vale do São Miguel.	Minas Gerais	PRESENT		838537fc-4aeb-4980-8b58-97fbdcd1d91a	-20.355833	-45.668333			711.0				2006-07-14	14	7	2006	3787827	3787827	PRESERVED_SPECIMEN	JBRJ	RB	RB00418880	202	G.V. Somner & M.S .Ferrucci	2008-01-01T00:00:00	CC_BY_4_0	Rio de Janeiro Botanical Garden	R.A.X. Borges; P.H. Bernardo			2026-07-01T12:14:01.188Z	StillImage	COORDINATE_ROUNDED;GEODETIC_DATUM_ASSUMED_WGS84;CONTINENT_DERIVED_FROM_COORDINATES;INSTITUTION_MATCH_FUZZY;COLLECTION_MATCH_FUZZY
1424151946	4300f8d5-1ae5-49e5-a101-63894b005868	urn:catalog:JBRJ:RB:418877	Plantae	Tracheophyta	Magnoliopsida	Sapindales	Sapindaceae	Serjania	Serjania communis		SPECIES	Serjania communis Cambess.	Serjania communis Cambess.	Cambess.	BR	Minerão Vale do São Miguel.	Minas Gerais	PRESENT		838537fc-4aeb-4980-8b58-97fbdcd1d91a	-20.354167	-45.673333			720.0				2006-07-13	13	7	2006	7265010	7265010	PRESERVED_SPECIMEN	JBRJ	RB	RB00418877	187			CC_BY_4_0	Rio de Janeiro Botanical Garden	R. A. X. Borges; P. H. Bernardo			2026-07-01T12:14:00.932Z	StillImage	COORDINATE_ROUNDED;GEODETIC_DATUM_ASSUMED_WGS84;CONTINENT_DERIVED_FROM_COORDINATES;INSTITUTION_MATCH_FUZZY;COLLECTION_MATCH_FUZZY
1424151940	4300f8d5-1ae5-49e5-a101-63894b005868	urn:catalog:JBRJ:RB:418874	Plantae	Tracheophyta	Magnoliopsida	Sapindales	Sapindaceae	Cupania			GENUS	Cupania L.	Cupania		BR	Mineração Vale do São Miguel.	Minas Gerais	PRESENT		838537fc-4aeb-4980-8b58-97fbdcd1d91a	-20.355833	-45.668333			711.0				2006-07-14	14	7	2006	3189959		PRESERVED_SPECIMEN	JBRJ	RB	RB00418874	199			CC_BY_4_0	Rio de Janeiro Botanical Garden	R. A. X. Borges; P. H. Bernardo			2026-07-01T12:14:00.919Z	StillImage	COORDINATE_ROUNDED;GEODETIC_DATUM_ASSUMED_WGS84;CONTINENT_DERIVED_FROM_COORDINATES;INSTITUTION_MATCH_FUZZY;COLLECTION_MATCH_FUZZY
1424151939	4300f8d5-1ae5-49e5-a101-63894b005868	urn:catalog:JBRJ:RB:418881	Plantae	Tracheophyta	Magnoliopsida	Sapindales	Sapindaceae	Serjania	Serjania pinnatifolia		SPECIES	Serjania pinnatifolia Radlk.	Serjania pinnatifolia Radlk.	Radlk.	BR	Mineração Vale do São Miguel.	Minas Gerais	PRESENT		838537fc-4aeb-4980-8b58-97fbdcd1d91a	-20.354167	-45.673333			720.0				2006-07-13	13	7	2006	5576999	5576999	PRESERVED_SPECIMEN	JBRJ	RB	RB00418881	187			CC_BY_4_0	Rio de Janeiro Botanical Garden	R. A. X. Borges; P. H. Bernardo			2026-07-01T12:14:00.810Z	StillImage	COORDINATE_ROUNDED;GEODETIC_DATUM_ASSUMED_WGS84;CONTINENT_DERIVED_FROM_COORDINATES;INSTITUTION_MATCH_FUZZY;COLLECTION_MATCH_FUZZY
1424151931	4300f8d5-1ae5-49e5-a101-63894b005868	urn:catalog:JBRJ:RB:418875	Plantae	Tracheophyta	Magnoliopsida	Sapindales	Sapindaceae	Serjania	Serjania caracasana		SPECIES	Serjania caracasana (Jacq.) Willd.	Serjania caracasana (Jacq.) Willd.	(Jacq.) Willd.	BR	Mineração Vale do São Miguel.	Minas Gerais	PRESENT		838537fc-4aeb-4980-8b58-97fbdcd1d91a	-20.354167	-45.673333			720.0				2006-07-13	13	7	2006	7265025	7265025	PRESERVED_SPECIMEN	JBRJ	RB	RB00418875	190			CC_BY_4_0	Rio de Janeiro Botanical Garden	R. A. X. Borges; P. H. Bernardo			2026-07-01T12:14:00.827Z	StillImage	COORDINATE_ROUNDED;GEODETIC_DATUM_ASSUMED_WGS84;CONTINENT_DERIVED_FROM_COORDINATES;INSTITUTION_MATCH_FUZZY;COLLECTION_MATCH_FUZZY
1424151926	4300f8d5-1ae5-49e5-a101-63894b005868	urn:catalog:JBRJ:RB:418876	Plantae	Tracheophyta	Magnoliopsida	Sapindales	Sapindaceae	Thinouia	Thinouia ternata		SPECIES	Thinouia ternata Radlk.	Thinouia ternata Radlk.	Radlk.	BR	Mineração Vale do São Miguel.	Minas Gerais	PRESENT		838537fc-4aeb-4980-8b58-97fbdcd1d91a	-20.359722	-45.673889			613.0				2006-07-12	12	7	2006	3787738	3787738	PRESERVED_SPECIMEN	JBRJ	RB	RB00418876	224	H.Medeiros	2022-05-23T00:00:00	CC_BY_4_0	Rio de Janeiro Botanical Garden	R. A. X. Borges; P. H. Bernardo			2026-07-01T12:14:00.841Z	StillImage	COORDINATE_ROUNDED;GEODETIC_DATUM_ASSUMED_WGS84;CONTINENT_DERIVED_FROM_COORDINATES;INSTITUTION_MATCH_FUZZY;COLLECTION_MATCH_FUZZY
1424151904	4300f8d5-1ae5-49e5-a101-63894b005868	urn:catalog:JBRJ:RB:418843	Plantae	Tracheophyta	Magnoliopsida	Caryophyllales	Phytolaccaceae	Phytolacca			GENUS	Phytolacca L.	Phytolacca		BR	Mineração Vale do São Miguel.	Minas Gerais	PRESENT		838537fc-4aeb-4980-8b58-97fbdcd1d91a	-20.355833	-45.668333			711.0				2006-07-14	14	7	2006	3084013		PRESERVED_SPECIMEN	JBRJ	RB	RB00418843	200			CC_BY_4_0	Rio de Janeiro Botanical Garden	R. A. X. Borges; P. H. Bernardo			2026-07-01T12:14:01.008Z	StillImage	COORDINATE_ROUNDED;GEODETIC_DATUM_ASSUMED_WGS84;CONTINENT_DERIVED_FROM_COORDINATES;INSTITUTION_MATCH_FUZZY;COLLECTION_MATCH_FUZZY
1424151892	4300f8d5-1ae5-49e5-a101-63894b005868	urn:catalog:JBRJ:RB:418845	Plantae	Tracheophyta	Magnoliopsida	Fabales	Fabaceae	Canavalia	Canavalia parviflora		SPECIES	Canavalia parviflora Benth.	Canavalia parviflora Benth.	Benth.	BR	Mineração Vale do São Miguel.	Minas Gerais	PRESENT		838537fc-4aeb-4980-8b58-97fbdcd1d91a	-20.355833	-45.668333			711.0				2006-07-14	14	7	2006	2962130	2962130	PRESERVED_SPECIMEN	JBRJ	RB	RB00418845	195	V. F. Mansano	2006-09-01T00:00:00	CC_BY_4_0	Rio de Janeiro Botanical Garden	R. A. X. Borges; P. H. Bernardo			2026-07-01T12:14:00.805Z	StillImage	COORDINATE_ROUNDED;GEODETIC_DATUM_ASSUMED_WGS84;CONTINENT_DERIVED_FROM_COORDINATES;INSTITUTION_MATCH_FUZZY;COLLECTION_MATCH_FUZZY
1424151875	4300f8d5-1ae5-49e5-a101-63894b005868	urn:catalog:JBRJ:RB:418826	Plantae	Tracheophyta	Magnoliopsida	Myrtales	Myrtaceae	Eugenia	Eugenia punicifolia		SPECIES	Eugenia punicifolia (Kunth) DC.	Eugenia punicifolia (Kunth) DC.	(Kunth) DC.	BR	Mineração Carmocal.	Minas Gerais	PRESENT		838537fc-4aeb-4980-8b58-97fbdcd1d91a	-20.365833	-45.668889			612.0				2006-07-10	10	7	2006	5418067	5418067	PRESERVED_SPECIMEN	JBRJ	RB	RB00418826	233	M. C. Souza	2006-09-01T00:00:00	CC_BY_4_0	Rio de Janeiro Botanical Garden	R. A. X. Borges; P. H. Bernardo			2026-07-01T12:14:01.081Z	StillImage	COORDINATE_ROUNDED;GEODETIC_DATUM_ASSUMED_WGS84;CONTINENT_DERIVED_FROM_COORDINATES;INSTITUTION_MATCH_FUZZY;COLLECTION_MATCH_FUZZY
1424151291	4300f8d5-1ae5-49e5-a101-63894b005868	urn:catalog:JBRJ:RB:417648	Plantae	Tracheophyta	Magnoliopsida	Cucurbitales	Begoniaceae	Begonia	Begonia reniformis		SPECIES	Begonia reniformis Dryand.	Begonia reniformis Dryand.	Dryand.	BR	Mineração Vale do São Miguel.	Minas Gerais	PRESENT		838537fc-4aeb-4980-8b58-97fbdcd1d91a	-20.366389	-45.669722			639.0				2006-07-11	11	7	2006	2874716	2874716	PRESERVED_SPECIMEN	JBRJ	RB	RB00417648	208	E. L. Jacques	2006-08-01T00:00:00	CC_BY_4_0	Rio de Janeiro Botanical Garden	R. A. X. Borges; P. H. Bernardo			2026-07-01T12:14:01.184Z	StillImage	COORDINATE_ROUNDED;GEODETIC_DATUM_ASSUMED_WGS84;CONTINENT_DERIVED_FROM_COORDINATES;INSTITUTION_MATCH_FUZZY;COLLECTION_MATCH_FUZZY
1424151275	4300f8d5-1ae5-49e5-a101-63894b005868	urn:catalog:JBRJ:RB:417646	Plantae	Tracheophyta	Magnoliopsida	Cucurbitales	Begoniaceae	Begonia	Begonia reniformis		SPECIES	Begonia reniformis Dryand.	Begonia reniformis Dryand.	Dryand.	BR	Minerão Vale do São Miguel.	Minas Gerais	PRESENT		838537fc-4aeb-4980-8b58-97fbdcd1d91a	-20.354167	-45.673333			720.0				2006-07-13	13	7	2006	2874716	2874716	PRESERVED_SPECIMEN	JBRJ	RB	RB00417646	183	E. L. Jacques	2006-08-01T00:00:00	CC_BY_4_0	Rio de Janeiro Botanical Garden	R. A. X. Borges; P. H. Bernardo			2026-07-01T12:14:00.482Z	StillImage	COORDINATE_ROUNDED;GEODETIC_DATUM_ASSUMED_WGS84;CONTINENT_DERIVED_FROM_COORDINATES;INSTITUTION_MATCH_FUZZY;COLLECTION_MATCH_FUZZY
1424150749	4300f8d5-1ae5-49e5-a101-63894b005868	urn:catalog:JBRJ:RB:417012	Plantae	Tracheophyta	Liliopsida	Poales	Poaceae	Lasiacis	Lasiacis ligulata		SPECIES	Lasiacis ligulata Hitchc. & Chase	Lasiacis ligulata Hitchc. & Chase	Hitchc. & Chase	BR	Mineração Carmocal. Parque Nacional Monte Pascoal	Minas Gerais	PRESENT		838537fc-4aeb-4980-8b58-97fbdcd1d91a	-20.365833	-45.668889			612.0				2006-07-10	10	7	2006	2702851	2702851	PRESERVED_SPECIMEN	JBRJ	RB	RB00417012	236	F.M. Ferreira	2006-08-08T00:00:00	CC_BY_4_0	Rio de Janeiro Botanical Garden	R.A.X.Borges; P.H.Bernardo			2026-07-01T12:14:00.977Z	StillImage	COORDINATE_ROUNDED;GEODETIC_DATUM_ASSUMED_WGS84;CONTINENT_DERIVED_FROM_COORDINATES;INSTITUTION_MATCH_FUZZY;COLLECTION_MATCH_FUZZY
1424150725	4300f8d5-1ae5-49e5-a101-63894b005868	urn:catalog:JBRJ:RB:416990	Plantae	Tracheophyta	Magnoliopsida	Piperales	Piperaceae	Piper	Piper glabratum		SPECIES	Piper glabratum Kunth	Piper glabratum Kunth	Kunth	BR	Mineração Vale do São Miguel.	Minas Gerais	PRESENT		838537fc-4aeb-4980-8b58-97fbdcd1d91a	-20.359722	-45.673889			613.0				2006-07-12	12	7	2006	4189094	4189094	PRESERVED_SPECIMEN	JBRJ	RB	RB00416990	165	E. Guimarães		CC_BY_4_0	Rio de Janeiro Botanical Garden	R. A. X. Borges; P. H. Bernardo			2026-07-01T12:14:00.468Z	StillImage	COORDINATE_ROUNDED;GEODETIC_DATUM_ASSUMED_WGS84;CONTINENT_DERIVED_FROM_COORDINATES;INSTITUTION_MATCH_FUZZY;COLLECTION_MATCH_FUZZY
1424150706	4300f8d5-1ae5-49e5-a101-63894b005868	urn:catalog:JBRJ:RB:416987	Plantae	Tracheophyta	Magnoliopsida	Piperales	Piperaceae	Piper	Piper aduncum		SPECIES	Piper aduncum L.	Piper aduncum L.	L.	BR	Mineração Vale do São Migual.	Minas Gerais	PRESENT		838537fc-4aeb-4980-8b58-97fbdcd1d91a	-20.359722	-45.673889			613.0				2006-07-12	12	7	2006	3086337	3086337	PRESERVED_SPECIMEN	JBRJ	RB	RB00416987	161	E. Guimarães		CC_BY_4_0	Rio de Janeiro Botanical Garden	R. A. X. Borges; P. H. Bernardo			2026-07-01T12:14:00.803Z	StillImage	COORDINATE_ROUNDED;GEODETIC_DATUM_ASSUMED_WGS84;CONTINENT_DERIVED_FROM_COORDINATES;INSTITUTION_MATCH_FUZZY;COLLECTION_MATCH_FUZZY
1424150548	4300f8d5-1ae5-49e5-a101-63894b005868	urn:catalog:JBRJ:RB:416709	Plantae	Tracheophyta	Magnoliopsida	Malpighiales	Passifloraceae	Passiflora			GENUS	Passiflora L.	Passiflora		BR	Mineração Vale do São Miguel.	Minas Gerais	PRESENT		838537fc-4aeb-4980-8b58-97fbdcd1d91a	-20.354167	-45.673333			720.0				2006-07-13	13	7	2006	2874172		PRESERVED_SPECIMEN	JBRJ	RB	RB00416709	180			CC_BY_4_0	Rio de Janeiro Botanical Garden	R. X. Borges; P. H. Bernardo			2026-07-01T12:14:01.159Z	StillImage	COORDINATE_ROUNDED;GEODETIC_DATUM_ASSUMED_WGS84;CONTINENT_DERIVED_FROM_COORDINATES;INSTITUTION_MATCH_FUZZY;COLLECTION_MATCH_FUZZY
1424150538	4300f8d5-1ae5-49e5-a101-63894b005868	urn:catalog:JBRJ:RB:416704	Plantae	Tracheophyta	Magnoliopsida	Rosales	Moraceae	Ficus	Ficus obtusifolia		SPECIES	Ficus obtusifolia Kunth	Ficus obtusifolia Kunth	Kunth	BR	Mineração Vale do São Miguel.	Minas Gerais	PRESENT		838537fc-4aeb-4980-8b58-97fbdcd1d91a	-20.364444	-45.673611			642.0				2006-07-11	11	7	2006	5361910	5361910	PRESERVED_SPECIMEN	JBRJ	RB	RB00416704	147	P.C. Bello	2006-10-30T00:00:00	CC_BY_4_0	Rio de Janeiro Botanical Garden	R. A. X. Borges; P. H. Bernardo			2026-07-01T12:14:00.878Z	StillImage	COORDINATE_ROUNDED;GEODETIC_DATUM_ASSUMED_WGS84;CONTINENT_DERIVED_FROM_COORDINATES;INSTITUTION_MATCH_FUZZY;COLLECTION_MATCH_FUZZY
1424150514	4300f8d5-1ae5-49e5-a101-63894b005868	urn:catalog:JBRJ:RB:416702	Plantae	Tracheophyta	Magnoliopsida	Rosales	Moraceae	Ficus	Ficus guaranitica		SPECIES	Ficus guaranitica Chodat	Ficus guaranitica Chodat	Chodat	BR	Mineração Vale de São Miguel.	Minas Gerais	PRESENT		838537fc-4aeb-4980-8b58-97fbdcd1d91a	-20.354167	-45.673333			720.0				2006-07-13	13	7	2006	5570839	5570839	PRESERVED_SPECIMEN	JBRJ	RB	RB00416702	186	A.F.P. Machado	2010-01-20T00:00:00	CC_BY_4_0	Rio de Janeiro Botanical Garden	R. A. X. Borges; P. H. Bernardo			2026-07-01T12:14:00.928Z	StillImage	COORDINATE_ROUNDED;GEODETIC_DATUM_ASSUMED_WGS84;CONTINENT_DERIVED_FROM_COORDINATES;INSTITUTION_MATCH_FUZZY;COLLECTION_MATCH_FUZZY
1424150497	4300f8d5-1ae5-49e5-a101-63894b005868	urn:catalog:JBRJ:RB:416575	Plantae	Tracheophyta	Magnoliopsida	Malvales	Malvaceae	Pseudobombax	Pseudobombax grandiflorum		SPECIES	Pseudobombax grandiflorum (Cav.) A.Robyns	Pseudobombax grandiflorum (Cav.) A.Robyns	(Cav.) A.Robyns	BR	Mineração Vale do São Miguel.	Minas Gerais	PRESENT		838537fc-4aeb-4980-8b58-97fbdcd1d91a	-20.354167	-45.673333			720.0				2006-07-13	13	7	2006	7296187	7296187	PRESERVED_SPECIMEN	JBRJ	RB	RB00416575	182	CARVALHO-SOBRINHO,J.G.	2015-12-01T00:00:00	CC_BY_4_0	Rio de Janeiro Botanical Garden	R. A. X. Borges; P. H. Bernardo			2026-07-01T12:14:01.019Z	StillImage	COORDINATE_ROUNDED;GEODETIC_DATUM_ASSUMED_WGS84;CONTINENT_DERIVED_FROM_COORDINATES;INSTITUTION_MATCH_FUZZY;COLLECTION_MATCH_FUZZY
1424150495	4300f8d5-1ae5-49e5-a101-63894b005868	urn:catalog:JBRJ:RB:416573	Plantae	Tracheophyta	Magnoliopsida	Cucurbitales	Begoniaceae	Begonia	Begonia reniformis		SPECIES	Begonia reniformis Dryand.	Begonia reniformis Dryand.	Dryand.	BR	Mineração Vale do São Miguel.	Minas Gerais	PRESENT		838537fc-4aeb-4980-8b58-97fbdcd1d91a	-20.366389	-45.669722			639.0				2006-07-11	11	7	2006	2874716	2874716	PRESERVED_SPECIMEN	JBRJ	RB	RB00416573	146	E.L. Jacques	2006-08-01T00:00:00	CC_BY_4_0	Rio de Janeiro Botanical Garden	R. A. X. Borges; P. H. Bernardo			2026-07-01T12:14:01.019Z	StillImage	COORDINATE_ROUNDED;GEODETIC_DATUM_ASSUMED_WGS84;CONTINENT_DERIVED_FROM_COORDINATES;INSTITUTION_MATCH_FUZZY;COLLECTION_MATCH_FUZZY
1424150483	4300f8d5-1ae5-49e5-a101-63894b005868	urn:catalog:JBRJ:RB:416572	Plantae	Tracheophyta	Magnoliopsida	Gentianales	Rubiaceae	Hamelia	Hamelia patens		SPECIES	Hamelia patens Jacq.	Hamelia patens Jacq.	Jacq.	BR	Mineração Vale do São Miguel.	Minas Gerais	PRESENT		838537fc-4aeb-4980-8b58-97fbdcd1d91a	-20.355833	-45.668333			711.0				2006-07-14	14	7	2006	2902066	2902066	PRESERVED_SPECIMEN	JBRJ	RB	RB00416572	197	R. A. X. B.	2006-08-03T00:00:00	CC_BY_4_0	Rio de Janeiro Botanical Garden	R. A. X. Borges; P. H. Bernardo			2026-07-01T12:14:00.847Z	StillImage	COORDINATE_ROUNDED;GEODETIC_DATUM_ASSUMED_WGS84;CONTINENT_DERIVED_FROM_COORDINATES;INSTITUTION_MATCH_FUZZY;COLLECTION_MATCH_FUZZY
1424150482	4300f8d5-1ae5-49e5-a101-63894b005868	urn:catalog:JBRJ:RB:416571	Plantae	Tracheophyta	Magnoliopsida	Sapindales	Anacardiaceae	Myracrodruon	Myracrodruon urundeuva		SPECIES	Myracrodruon urundeuva Allemão	Myracrodruon urundeuva Allemão	Allemão	BR	Mineração Carmocal.	Minas Gerais	PRESENT		838537fc-4aeb-4980-8b58-97fbdcd1d91a	-20.365833	-45.668889			612.0				2006-07-10	10	7	2006	3660652	3660652	PRESERVED_SPECIMEN	JBRJ	RB	RB00416571	138			CC_BY_4_0	Rio de Janeiro Botanical Garden	R. A. X. Borges; P .H. Bernardo			2026-07-01T12:14:00.872Z		COORDINATE_ROUNDED;GEODETIC_DATUM_ASSUMED_WGS84;CONTINENT_DERIVED_FROM_COORDINATES;MULTIMEDIA_URI_INVALID;INSTITUTION_MATCH_FUZZY;COLLECTION_MATCH_FUZZY
1424150461	4300f8d5-1ae5-49e5-a101-63894b005868	urn:catalog:JBRJ:RB:416587	Plantae	Tracheophyta	Magnoliopsida	Solanales	Convolvulaceae	Ipomoea	Ipomoea sidifolia		SPECIES	Ipomoea sidifolia Schrad.	Ipomoea sidifolia Schrad.	Schrad.	BR	Mineração Vale do São Francisco.	Minas Gerais	PRESENT		838537fc-4aeb-4980-8b58-97fbdcd1d91a	-20.359722	-45.673889			613.0				2006-07-12	12	7	2006	7536938	7536938	PRESERVED_SPECIMEN	JBRJ	RB	RB00416587	156	R. Simão-Bianchini	2021-08-06T00:00:00	CC_BY_4_0	Rio de Janeiro Botanical Garden	R.A.X. Borges; P.H. Bernardo			2026-07-01T12:14:00.562Z	StillImage	COORDINATE_ROUNDED;GEODETIC_DATUM_ASSUMED_WGS84;CONTINENT_DERIVED_FROM_COORDINATES;INSTITUTION_MATCH_FUZZY;COLLECTION_MATCH_FUZZY
1424065212	4300f8d5-1ae5-49e5-a101-63894b005868	urn:catalog:JBRJ:RB:303645	Plantae	Tracheophyta	Magnoliopsida	Piperales	Piperaceae	Piper	Piper crassinervium		SPECIES	Piper crassinervium Kunth	Piper crassinervium Kunth	Kunth	BR	Fazenda Faroeste, margem esquerda do Rio São Miguel.	Minas Gerais	PRESENT		838537fc-4aeb-4980-8b58-97fbdcd1d91a	-20.256389	-45.669167			750.0	50.0			2003-05-26	26	5	2003	7305747	7305747	PRESERVED_SPECIMEN	JBRJ	RB	RB00303645	681	D. Monteiro	2014-03-01T00:00:00	CC_BY_4_0	Rio de Janeiro Botanical Garden	P.H.A. Melo; et al			2026-07-01T12:15:09.329Z	StillImage	COORDINATE_ROUNDED;GEODETIC_DATUM_ASSUMED_WGS84;CONTINENT_DERIVED_FROM_COORDINATES;INSTITUTION_MATCH_FUZZY;COLLECTION_MATCH_FUZZY
1424065197	4300f8d5-1ae5-49e5-a101-63894b005868	urn:catalog:JBRJ:RB:303624	Plantae	Tracheophyta	Magnoliopsida	Piperales	Piperaceae	Piper	Piper amalago		SPECIES	Piper amalago L.	Piper amalago L.	L.	BR	Fazenda Faroeste, margem direita do Rio São Miguel.	Minas Gerais	PRESENT		838537fc-4aeb-4980-8b58-97fbdcd1d91a	-20.256389	-45.669167			750.0	50.0			2003-03-08	8	3	2003	3086333	3086333	PRESERVED_SPECIMEN	JBRJ	RB	RB00303624	456	Elsie Franklin Guimarães		CC_BY_4_0	Rio de Janeiro Botanical Garden	P.H.A. Melo			2026-07-01T12:15:09.714Z	StillImage	COORDINATE_ROUNDED;GEODETIC_DATUM_ASSUMED_WGS84;CONTINENT_DERIVED_FROM_COORDINATES;INSTITUTION_MATCH_FUZZY;COLLECTION_MATCH_FUZZY
1424065162	4300f8d5-1ae5-49e5-a101-63894b005868	urn:catalog:JBRJ:RB:303613	Plantae	Tracheophyta	Magnoliopsida	Piperales	Piperaceae	Piper	Piper amalago		SPECIES	Piper amalago L.	Piper amalago L.	L.	BR	Fazenda Faroeste, margem direita do Rio São Miguel.	Minas Gerais	PRESENT		838537fc-4aeb-4980-8b58-97fbdcd1d91a	-20.256389	-45.669167							2002-11-16	16	11	2002	3086333	3086333	PRESERVED_SPECIMEN	JBRJ	RB	RB00303613	259	E.F.Guimarães		CC_BY_4_0	Rio de Janeiro Botanical Garden	P.H.A. Melo; L.M. Versieux			2026-07-01T12:13:45.431Z	StillImage	COORDINATE_ROUNDED;GEODETIC_DATUM_ASSUMED_WGS84;CONTINENT_DERIVED_FROM_COORDINATES;INSTITUTION_MATCH_FUZZY;COLLECTION_MATCH_FUZZY
1424065133	4300f8d5-1ae5-49e5-a101-63894b005868	urn:catalog:JBRJ:RB:303591	Plantae	Tracheophyta	Magnoliopsida	Piperales	Piperaceae	Peperomia			GENUS	Peperomia Ruiz & Pav.	Peperomia		BR	Fazenda Amargoso, 439 Km 16.	Minas Gerais	PRESENT		838537fc-4aeb-4980-8b58-97fbdcd1d91a	-20.387222	-45.649722							2003-01-31	31	1	2003	3086367		PRESERVED_SPECIMEN	JBRJ	RB	RB00303591	364			CC_BY_4_0	Rio de Janeiro Botanical Garden	P.H.A. Melo; J.A. Lombardi			2026-07-01T12:13:45.198Z	StillImage	COORDINATE_ROUNDED;GEODETIC_DATUM_ASSUMED_WGS84;CONTINENT_DERIVED_FROM_COORDINATES;INSTITUTION_MATCH_FUZZY;COLLECTION_MATCH_FUZZY
1424065096	4300f8d5-1ae5-49e5-a101-63894b005868	urn:catalog:JBRJ:RB:303512	Plantae	Tracheophyta	Magnoliopsida	Piperales	Piperaceae	Peperomia			GENUS	Peperomia Ruiz & Pav.	Peperomia		BR	Fazenda Faroeste , margem esquerda do Rio São Miguel.	Minas Gerais	PRESENT		838537fc-4aeb-4980-8b58-97fbdcd1d91a	-20.255556	-45.67			750.0				2003-08-10	10	8	2003	3086367		PRESERVED_SPECIMEN	JBRJ	RB	RB00303512	822			CC_BY_4_0	Rio de Janeiro Botanical Garden	P.H.A. Melo; G.P. Santos			2026-07-01T12:13:45.236Z	StillImage	COORDINATE_ROUNDED;GEODETIC_DATUM_ASSUMED_WGS84;CONTINENT_DERIVED_FROM_COORDINATES;INSTITUTION_MATCH_FUZZY;COLLECTION_MATCH_FUZZY
1424059356	4300f8d5-1ae5-49e5-a101-63894b005868	urn:catalog:JBRJ:RB:286838	Plantae	Tracheophyta	Magnoliopsida	Gentianales	Loganiaceae	Spigelia			GENUS	Spigelia L.	Spigelia		BR	Fazenda Faroeste, margem direita do Rio São Miguel, afloramento Bocaina.	Minas Gerais	PRESENT		838537fc-4aeb-4980-8b58-97fbdcd1d91a	-20.266389	-45.660278			630.0				2004-08-13	13	8	2004	3169498		PRESERVED_SPECIMEN	JBRJ	RB	RB00286838	1247			CC_BY_4_0	Rio de Janeiro Botanical Garden	P.H.A. Melo; L.H.L. Coelho			2026-07-01T12:13:44.561Z	StillImage	COORDINATE_ROUNDED;GEODETIC_DATUM_ASSUMED_WGS84;CONTINENT_DERIVED_FROM_COORDINATES;INSTITUTION_MATCH_FUZZY;COLLECTION_MATCH_FUZZY
1424056940	4300f8d5-1ae5-49e5-a101-63894b005868	urn:catalog:JBRJ:RB:275147	Plantae	Tracheophyta	Magnoliopsida	Piperales	Piperaceae	Peperomia	Peperomia claussenii		SPECIES	Peperomia claussenii Yunck.	Peperomia claussenii Yunck.	Yunck.	BR	Fazenda Amargoso, 439 km 16 .	Minas Gerais	PRESENT		838537fc-4aeb-4980-8b58-97fbdcd1d91a	-20.387222	-45.649722							2003-12-30	30	12	2003	4184505	4184505	PRESERVED_SPECIMEN	JBRJ	RB	RB00275147	274	J.M.Marcusso	2023-08-01T00:00:00	CC_BY_4_0	Rio de Janeiro Botanical Garden	P.H.A.Melo			2026-07-01T12:15:09.236Z	StillImage	COORDINATE_ROUNDED;GEODETIC_DATUM_ASSUMED_WGS84;CONTINENT_DERIVED_FROM_COORDINATES;INSTITUTION_MATCH_FUZZY;COLLECTION_MATCH_FUZZY
1424056929	4300f8d5-1ae5-49e5-a101-63894b005868	urn:catalog:JBRJ:RB:275162	Plantae	Tracheophyta	Magnoliopsida	Piperales	Piperaceae	Peperomia	Peperomia blanda		SPECIES	Peperomia blanda (Jacq.) Kunth	Peperomia blanda (Jacq.) Kunth	(Jacq.) Kunth	BR	Faz.Amargoso MG 439 km 16.	Minas Gerais	PRESENT		838537fc-4aeb-4980-8b58-97fbdcd1d91a	-20.387222	-45.649722			780.0	30.0			2003-05-25	25	5	2003	4184947	4184947	PRESERVED_SPECIMEN	JBRJ	RB	RB00275162	636	M. Carvalho-Silva	2010-05-01T00:00:00	CC_BY_4_0	Rio de Janeiro Botanical Garden	P.H.A.Melo; F.A.Carvalho, B.S.Ranieri, D.T.Souza, T.C.Lana			2026-07-01T12:15:09.234Z	StillImage	COORDINATE_ROUNDED;GEODETIC_DATUM_ASSUMED_WGS84;CONTINENT_DERIVED_FROM_COORDINATES;INSTITUTION_MATCH_FUZZY;COLLECTION_MATCH_FUZZY
1424056919	4300f8d5-1ae5-49e5-a101-63894b005868	urn:catalog:JBRJ:RB:275143	Plantae	Tracheophyta	Magnoliopsida	Piperales	Piperaceae	Peperomia	Peperomia blanda		SPECIES	Peperomia blanda (Jacq.) Kunth	Peperomia blanda (Jacq.) Kunth	(Jacq.) Kunth	BR	Faz. Faroeste, margem direita do Rio São Miguel.	Minas Gerais	PRESENT		838537fc-4aeb-4980-8b58-97fbdcd1d91a	-20.251389	-45.662778							2002-12-31	31	12	2002	4184947	4184947	PRESERVED_SPECIMEN	JBRJ	RB	RB00275143	297	M. Carvalho-Silva	2007-11-01T00:00:00	CC_BY_4_0	Rio de Janeiro Botanical Garden	P.H.A.Melo; E.A.Mello Jr.			2026-07-01T12:13:43.943Z	StillImage	COORDINATE_ROUNDED;GEODETIC_DATUM_ASSUMED_WGS84;CONTINENT_DERIVED_FROM_COORDINATES;INSTITUTION_MATCH_FUZZY;COLLECTION_MATCH_FUZZY
1424056908	4300f8d5-1ae5-49e5-a101-63894b005868	urn:catalog:JBRJ:RB:275137	Plantae	Tracheophyta	Magnoliopsida	Piperales	Piperaceae	Peperomia	Peperomia pereskiifolia		SPECIES	Peperomia pereskiifolia (Jacq.) Kunth	Peperomia pereskiifolia (Jacq.) Kunth	(Jacq.) Kunth	BR	Faz. Faroeste, margem esquerda do Rio São Miguel.	Minas Gerais	PRESENT		838537fc-4aeb-4980-8b58-97fbdcd1d91a	-20.256389	-45.669167							2002-10-04	4	10	2002	3086394	3086394	PRESERVED_SPECIMEN	JBRJ	RB	RB00275137	75	D. Monteiro	2006-09-01T00:00:00	CC_BY_4_0	Rio de Janeiro Botanical Garden	P.H.A. Melo; P.L. Viana			2026-07-01T12:15:11.178Z	StillImage	COORDINATE_ROUNDED;GEODETIC_DATUM_ASSUMED_WGS84;CONTINENT_DERIVED_FROM_COORDINATES;INSTITUTION_MATCH_FUZZY;COLLECTION_MATCH_FUZZY
1424056825	4300f8d5-1ae5-49e5-a101-63894b005868	urn:catalog:JBRJ:RB:275057	Plantae	Tracheophyta	Magnoliopsida	Piperales	Piperaceae	Peperomia	Peperomia blanda		SPECIES	Peperomia blanda (Jacq.) Kunth	Peperomia blanda (Jacq.) Kunth	(Jacq.) Kunth	BR	Fazenda Amargoso, MG 439 Km 16.	Minas Gerais	PRESENT		838537fc-4aeb-4980-8b58-97fbdcd1d91a	-20.387222	-45.649722							2003-01-31	31	1	2003	4184947	4184947	PRESERVED_SPECIMEN	JBRJ	RB	RB00275057	376	D. Monteiro	2006-09-01T00:00:00	CC_BY_4_0	Rio de Janeiro Botanical Garden	P.H.A. Melo; J.A. Lombardi			2026-07-01T12:15:08.762Z	StillImage	COORDINATE_ROUNDED;GEODETIC_DATUM_ASSUMED_WGS84;CONTINENT_DERIVED_FROM_COORDINATES;INSTITUTION_MATCH_FUZZY;COLLECTION_MATCH_FUZZY
1424056824	4300f8d5-1ae5-49e5-a101-63894b005868	urn:catalog:JBRJ:RB:275063	Plantae	Tracheophyta	Magnoliopsida	Piperales	Piperaceae	Peperomia	Peperomia blanda		SPECIES	Peperomia blanda (Jacq.) Kunth	Peperomia blanda (Jacq.) Kunth	(Jacq.) Kunth	BR	Fazenda Amargoso, MG 439 km 16.	Minas Gerais	PRESENT		838537fc-4aeb-4980-8b58-97fbdcd1d91a	-20.387222	-45.649722							2003-01-31	31	1	2003	4184947	4184947	PRESERVED_SPECIMEN	JBRJ	RB	RB00275063	376	D. Monteiro	2006-09-01T00:00:00	CC_BY_4_0	Rio de Janeiro Botanical Garden	P.H.A. Melo; J.A. Lombardi			2026-07-01T12:13:43.984Z	StillImage	COORDINATE_ROUNDED;GEODETIC_DATUM_ASSUMED_WGS84;CONTINENT_DERIVED_FROM_COORDINATES;INSTITUTION_MATCH_FUZZY;COLLECTION_MATCH_FUZZY
1424055619	4300f8d5-1ae5-49e5-a101-63894b005868	urn:catalog:JBRJ:RB:273823	Plantae	Tracheophyta	Magnoliopsida	Piperales	Piperaceae	Peperomia	Peperomia gardneriana		SPECIES	Peperomia gardneriana Miq.	Peperomia gardneriana Miq.	Miq.	BR	FAZENDA FAROESTE, MARGEM DIREITA DO RIO SÃO MIGUEL. .	Minas Gerais	PRESENT		838537fc-4aeb-4980-8b58-97fbdcd1d91a	-20.265833	-45.663056							2003-02-01	1	2	2003	4185090	4185090	PRESERVED_SPECIMEN	JBRJ	RB	RB00273823	400	M.C.SILVA	2005-03-10T00:00:00	CC_BY_4_0	Rio de Janeiro Botanical Garden	P.H.A.MELLO; J.A.LOMBARDI			2026-07-01T12:15:09.747Z	StillImage	COORDINATE_ROUNDED;GEODETIC_DATUM_ASSUMED_WGS84;CONTINENT_DERIVED_FROM_COORDINATES;INSTITUTION_MATCH_FUZZY;COLLECTION_MATCH_FUZZY
1423996825	4300f8d5-1ae5-49e5-a101-63894b005868	urn:catalog:JBRJ:RB:184083	Plantae	Tracheophyta	Magnoliopsida	Fabales	Fabaceae	Swartzia	Swartzia pilulifera		SPECIES	Swartzia pilulifera Benth.	Swartzia pilulifera Benth.	Benth.	BR	Fazenda Amargoso, MG 439 km 16.	Minas Gerais	PRESENT		838537fc-4aeb-4980-8b58-97fbdcd1d91a	-20.387222	-45.649722							2003-01-31	31	1	2003	5351983	5351983	PRESERVED_SPECIMEN	JBRJ	RB	RB00184083	368	V.F. Mansano	2005-03-14T00:00:00	CC_BY_4_0	Rio de Janeiro Botanical Garden	P.H.A.Melo; J.A. Lombardi			2026-07-01T12:13:37.132Z	StillImage	COORDINATE_ROUNDED;GEODETIC_DATUM_ASSUMED_WGS84;CONTINENT_DERIVED_FROM_COORDINATES;INSTITUTION_MATCH_FUZZY;COLLECTION_MATCH_FUZZY
1423983986	4300f8d5-1ae5-49e5-a101-63894b005868	urn:catalog:JBRJ:RB:171114	Plantae	Tracheophyta	Magnoliopsida	Fabales	Fabaceae	Centrosema			GENUS	Centrosema (DC.) Benth.	Centrosema		BR	FAZ.  FAROESTE  ,  MARGEM  ESQUERDA  DO  RIO  SÃO  MIGUEL  .	Minas Gerais	PRESENT		838537fc-4aeb-4980-8b58-97fbdcd1d91a	-20.256389	-45.669167			750.0	50.0			2003-05-26	26	5	2003	2964887		PRESERVED_SPECIMEN	JBRJ	RB	RB00171114	654			CC_BY_4_0	Rio de Janeiro Botanical Garden	P.H.A. MELO; F.A. CARVALHO , B.D. RANIERI , D.T. SOUZA , T.C. LANA			2026-07-01T12:13:35.606Z	StillImage	COORDINATE_ROUNDED;GEODETIC_DATUM_ASSUMED_WGS84;CONTINENT_DERIVED_FROM_COORDINATES;INSTITUTION_MATCH_FUZZY;COLLECTION_MATCH_FUZZY
1423983498	4300f8d5-1ae5-49e5-a101-63894b005868	urn:catalog:JBRJ:RB:170636	Plantae	Tracheophyta	Magnoliopsida	Fabales	Fabaceae	Mantiqueira	Mantiqueira bella		SPECIES	Camptosema bellum (Mart. ex Benth.) Benth.	Camptosema bellum Benth.	Benth.	BR	Fazenda Amargoso, MG 439 km 16.	Minas Gerais	PRESENT		838537fc-4aeb-4980-8b58-97fbdcd1d91a	-20.380833	-45.651111			670.0				2004-05-08	8	5	2004	3968176	11086176	PRESERVED_SPECIMEN	JBRJ	RB	RB00170636	1192	J.A. Lombardi	2004-10-01T00:00:00	CC_BY_4_0	Rio de Janeiro Botanical Garden	P.H.A. Melo; R.C. Mota , G.P.  Santos, F.M. G. Santos			2026-07-01T12:13:35.345Z	StillImage	COORDINATE_ROUNDED;GEODETIC_DATUM_ASSUMED_WGS84;CONTINENT_DERIVED_FROM_COORDINATES;INSTITUTION_MATCH_FUZZY;COLLECTION_MATCH_FUZZY
1423970853	4300f8d5-1ae5-49e5-a101-63894b005868	urn:catalog:JBRJ:RB:157879	Plantae	Tracheophyta	Magnoliopsida	Fabales	Fabaceae	Senna	Senna affinis		SPECIES	Senna affinis (Benth.) H.S.Irwin & Barneby	Senna affinis (Benth.) H.S.Irwin & Barneby	(Benth.) H.S.Irwin & Barneby	BR	Fazenda Faroeste, margem direita do Rio São Miguel.	Minas Gerais	PRESENT		838537fc-4aeb-4980-8b58-97fbdcd1d91a	-20.256389	-45.669167			750.0	50.0			2003-03-08	8	3	2003	2958020	2958020	PRESERVED_SPECIMEN	JBRJ	RB	RB00157879	476	L.G. ROSIGNOLI-OLIVEIRA	2017-03-20T00:00:00	CC_BY_4_0	Rio de Janeiro Botanical Garden	P.H.A.Melo			2026-07-01T12:13:33.953Z	StillImage	COORDINATE_ROUNDED;GEODETIC_DATUM_ASSUMED_WGS84;CONTINENT_DERIVED_FROM_COORDINATES;INSTITUTION_MATCH_FUZZY;COLLECTION_MATCH_FUZZY
1423970795	4300f8d5-1ae5-49e5-a101-63894b005868	urn:catalog:JBRJ:RB:157862	Plantae	Tracheophyta	Magnoliopsida	Fabales	Fabaceae	Senna	Senna splendida	splendida	VARIETY	Senna splendida var. splendida	Senna splendida (Vogel) H.S.Irwin & Barneby var. splendida		BR	Fazenda Amargoso, MG 439 Km 16.	Minas Gerais	PRESENT		838537fc-4aeb-4980-8b58-97fbdcd1d91a	-20.381111	-45.6625			670.0				2004-05-08	8	5	2004	2957480	2957478	PRESERVED_SPECIMEN	JBRJ	RB	RB00157862	1205	J.P. Santos	2013-06-27T00:00:00	CC_BY_4_0	Rio de Janeiro Botanical Garden	P.H.A.Melo; R.C.Mota; G.P.Santos & F.M.G.Santos			2026-07-01T12:15:07.767Z	StillImage	COORDINATE_ROUNDED;GEODETIC_DATUM_ASSUMED_WGS84;CONTINENT_DERIVED_FROM_COORDINATES;INSTITUTION_MATCH_FUZZY;COLLECTION_MATCH_FUZZY
1423970771	4300f8d5-1ae5-49e5-a101-63894b005868	urn:catalog:JBRJ:RB:157844	Plantae	Tracheophyta	Magnoliopsida	Fabales	Fabaceae	Senna			GENUS	Senna Mill.	Senna		BR	Faznda Amargoso, MG 439 Km 16.	Minas Gerais	PRESENT		838537fc-4aeb-4980-8b58-97fbdcd1d91a	-20.381111	-45.662222							2004-03-03	3	3	2004	2956904		PRESERVED_SPECIMEN	JBRJ	RB	RB00157844	1119			CC_BY_4_0	Rio de Janeiro Botanical Garden	P.H.A.Melo			2026-07-01T12:13:33.986Z	StillImage	COORDINATE_ROUNDED;GEODETIC_DATUM_ASSUMED_WGS84;CONTINENT_DERIVED_FROM_COORDINATES;INSTITUTION_MATCH_FUZZY;COLLECTION_MATCH_FUZZY
1423969900	4300f8d5-1ae5-49e5-a101-63894b005868	urn:catalog:JBRJ:RB:148159	Plantae	Tracheophyta	Magnoliopsida	Fabales	Fabaceae	Senna	Senna silvestris		SPECIES	Senna silvestris (Vell.) H.S.Irwin & Barneby	Senna cf. silvestris (Vell.) H.S.Irwin & Barneby	(Vell.) H.S.Irwin & Barneby	BR	FAZENDA FAROESTE, MARGEM DIREITA DO RIO SÃO MIGUEL.	Minas Gerais	PRESENT		838537fc-4aeb-4980-8b58-97fbdcd1d91a	-20.255833	-45.661667			675.0	25.0			2004-02-15	15	2	2004	2958026	2958026	PRESERVED_SPECIMEN	JBRJ	RB	RB00148159	1064			CC_BY_4_0	Rio de Janeiro Botanical Garden	P.H.A. MELO; D.T. SOUZA, L.R.M. PALMEIRA, F.A. CARVALHO			2026-07-01T12:15:06.994Z	StillImage	COORDINATE_ROUNDED;GEODETIC_DATUM_ASSUMED_WGS84;CONTINENT_DERIVED_FROM_COORDINATES;INSTITUTION_MATCH_FUZZY;COLLECTION_MATCH_FUZZY
1423969289	4300f8d5-1ae5-49e5-a101-63894b005868	urn:catalog:JBRJ:RB:147538	Plantae	Tracheophyta	Magnoliopsida	Fabales	Fabaceae	Senna	Senna multijuga	verrucosa	VARIETY	Senna multijuga var. verrucosa (Vogel) H.S.Irwin & Barneby	Senna multijuga var. verrucosa (Vogel) H.S. Irwin & Barneby	(Vogel) H.S. Irwin & Barneby	BR	Faz. Faroeste margem esquerda do Rio São Miguel .	Minas Gerais	PRESENT		838537fc-4aeb-4980-8b58-97fbdcd1d91a	-20.255556	-45.67			750.0				2003-08-10	10	8	2003	3931523	2957158	PRESERVED_SPECIMEN	JBRJ	RB	RB00147538	814	F. Souto	2023-06-13T00:00:00	CC_BY_4_0	Rio de Janeiro Botanical Garden	P.H.A.Melo; G.P.Santos			2026-07-01T12:13:33.928Z	StillImage	COORDINATE_ROUNDED;GEODETIC_DATUM_ASSUMED_WGS84;CONTINENT_DERIVED_FROM_COORDINATES;INSTITUTION_MATCH_FUZZY;COLLECTION_MATCH_FUZZY
1423959588	4300f8d5-1ae5-49e5-a101-63894b005868	urn:catalog:JBRJ:RB:136762	Plantae	Tracheophyta	Magnoliopsida	Fabales	Fabaceae	Bauhinia	Bauhinia forficata		SPECIES	Bauhinia forficata Link	Bauhinia forficata Link	Link	BR	Faz. Faroeste, margem esquerda do Rio São Miguel.	Minas Gerais	PRESENT		838537fc-4aeb-4980-8b58-97fbdcd1d91a	-20.256389	-45.669167							2002-10-04	4	10	2002	2953861	2953861	PRESERVED_SPECIMEN	JBRJ	RB	RB00136762	48	A. S. da F. Vaz	2005-03-01T00:00:00	CC_BY_4_0	Rio de Janeiro Botanical Garden	P. H. A. Melo; P. L. Viana			2026-07-01T12:13:32.747Z	StillImage	COORDINATE_ROUNDED;GEODETIC_DATUM_ASSUMED_WGS84;CONTINENT_DERIVED_FROM_COORDINATES;INSTITUTION_MATCH_FUZZY;COLLECTION_MATCH_FUZZY
1423920288	4300f8d5-1ae5-49e5-a101-63894b005868	urn:catalog:JBRJ:RB:115260	Plantae	Tracheophyta	Magnoliopsida	Fabales	Fabaceae	Acacia			GENUS	Acacia Mill.	Acacia		BR	Fazenda Faroeste, margem direita do Rio São Miguel.	Minas Gerais	PRESENT		838537fc-4aeb-4980-8b58-97fbdcd1d91a	-20.255833	-45.6625			700.0	50.0			2004-02-15	15	2	2004	2978223		PRESERVED_SPECIMEN	JBRJ	RB	RB00115260	1062	Haroldo C. de Lima	2005-03-01T00:00:00	CC_BY_4_0	Rio de Janeiro Botanical Garden	P.H.A. Melo; D.T. Souza; L.R.M. Palmeira & F.A. Carvalho			2026-07-01T12:15:04.886Z	StillImage	COORDINATE_ROUNDED;GEODETIC_DATUM_ASSUMED_WGS84;CONTINENT_DERIVED_FROM_COORDINATES;INSTITUTION_MATCH_FUZZY;COLLECTION_MATCH_FUZZY
1423920238	4300f8d5-1ae5-49e5-a101-63894b005868	urn:catalog:JBRJ:RB:115265	Plantae	Tracheophyta	Magnoliopsida	Fabales	Fabaceae	Senegalia	Senegalia paraensis		SPECIES	Senegalia paraensis (Ducke) Seigler & Ebinger	Senegalia paraensis (Ducke) Seigler & Ebinger	(Ducke) Seigler & Ebinger	BR	Fazenda Faroeste, margem direita do Rio São Miguel, afloramento da Bocaína.	Minas Gerais	PRESENT		838537fc-4aeb-4980-8b58-97fbdcd1d91a	-20.266667	-45.660556			640.0				2004-06-27	27	6	2004	3795937	3795937	PRESERVED_SPECIMEN	JBRJ	RB	RB00115265	1224	D.S. Seigler		CC_BY_4_0	Rio de Janeiro Botanical Garden	P.H.A. Melo; L. H. L Coelho			2026-07-01T12:13:23.517Z	StillImage	COORDINATE_ROUNDED;GEODETIC_DATUM_ASSUMED_WGS84;CONTINENT_DERIVED_FROM_COORDINATES;INSTITUTION_MATCH_FUZZY;COLLECTION_MATCH_FUZZY
1420315490	d2470ef8-edfa-4ba7-821e-c3e1a537bdba	https://specieslink.net/guid/220/90109	Plantae	Tracheophyta	Magnoliopsida	Myrtales	Combretaceae	Terminalia	Terminalia glabrescens		SPECIES	Terminalia glabrescens Mart.	Terminalia glabrescens	Mart.	BR	Fazenda Amargoso, MG-439, Km 16.	Minas Gerais	PRESENT		4265f332-341c-45f6-b30b-5dc2e39b86e8	-20.380856	-45.651125							2004-07-29	29	7	2004	3699114	3699114	PRESERVED_SPECIMEN	UFMG	BHCB	90109	1235	Melo, PHA de	2004-10-15T00:00:00	CC_BY_4_0	Herbário da UFMG - Fanerógamas, Algas e Fungos	Melo, PHA de		native	2026-06-25T20:17:52.580Z		CONTINENT_DERIVED_FROM_COORDINATES;INSTITUTION_MATCH_NONE
1413713004	1bb3cae3-b91f-4109-8a2d-a1f05f2d6fd3	https://specieslink.net/guid/7/161516	Plantae	Tracheophyta	Magnoliopsida	Fabales	Fabaceae	Erythrina	Erythrina mulungu		SPECIES	Erythrina mulungu Mart.	Erythrina mulungu	Mart.	BR		Minas Gerais	PRESENT		76dbcb10-efc5-4d5f-87a5-bcd409fc92c8	-20.255556	-45.67			750.0	0.0			2003-08-10	10	8	2003	8295775	8295775	PRESERVED_SPECIMEN	USP-IB	SPF	161516	813	Guedes-Oliveira, R	2023-03-06T00:00:00	CC_BY_4_0	Herbário da Universidade de São Paulo	Melo, PHA		native	2026-06-26T20:37:46.467Z		CONTINENT_DERIVED_FROM_COORDINATES;INSTITUTION_MATCH_NONE
1316166127	1bb3cae3-b91f-4109-8a2d-a1f05f2d6fd3	https://specieslink.net/guid/7/163887	Plantae	Tracheophyta	Magnoliopsida	Fabales	Fabaceae	Enterolobium	Enterolobium contortisiliquum		SPECIES	Enterolobium contortisiliquum (Vell.) Morong	Enterolobium contortisiliquum	(Vell.) Morong	BR		Minas Gerais	PRESENT		76dbcb10-efc5-4d5f-87a5-bcd409fc92c8	-20.256389	-45.669167			750.0	50.0			2003-03-08	8	3	2003	2961170	2961170	PRESERVED_SPECIMEN	USP-IB	SPF	163887	467	Fernandes, JM	2010-11-01T00:00:00	CC_BY_4_0	Herbário da Universidade de São Paulo	Lombardi, JA		native	2026-06-26T20:37:43.266Z		CONTINENT_DERIVED_FROM_COORDINATES;INSTITUTION_MATCH_NONE
1303203621	1bb3cae3-b91f-4109-8a2d-a1f05f2d6fd3	https://specieslink.net/guid/7/160234	Plantae	Tracheophyta	Magnoliopsida	Vitales	Vitaceae	Cissus	Cissus verticillata		SPECIES	Cissus verticillata (L.) Nicolson & C.E.Jarvis	Cissus verticillata	(L.) Nicolson & C.E.Jarvis	BR		Minas Gerais	PRESENT		76dbcb10-efc5-4d5f-87a5-bcd409fc92c8	-20.387222	-45.649722							2003-12-30	30	12	2003	3039173	3039173	PRESERVED_SPECIMEN	USP-IB	SPF	160234	288	Lombardi, JA		CC_BY_4_0	Herbário da Universidade de São Paulo	Melo, PHA		native	2026-06-26T20:37:40.195Z		CONTINENT_DERIVED_FROM_COORDINATES;INSTITUTION_MATCH_NONE
1303203614	1bb3cae3-b91f-4109-8a2d-a1f05f2d6fd3	https://specieslink.net/guid/7/160235	Plantae	Tracheophyta	Magnoliopsida	Vitales	Vitaceae	Cissus	Cissus verticillata		SPECIES	Cissus verticillata (L.) Nicolson & C.E.Jarvis	Cissus verticillata	(L.) Nicolson & C.E.Jarvis	BR	Fazenda Faroeste.	Minas Gerais	PRESENT		76dbcb10-efc5-4d5f-87a5-bcd409fc92c8	-20.251583	-45.662972							2002-12-31	31	12	2002	3039173	3039173	PRESERVED_SPECIMEN	USP-IB	SPF	160235	330	Lombardi, JA		CC_BY_4_0	Herbário da Universidade de São Paulo	Melo, PHA		native	2026-06-26T20:37:40.196Z		CONTINENT_DERIVED_FROM_COORDINATES;INSTITUTION_MATCH_NONE
1291011605	d2470ef8-edfa-4ba7-821e-c3e1a537bdba	https://specieslink.net/guid/220/93953	Plantae	Tracheophyta	Liliopsida	Asparagales	Orchidaceae	Myoxanthus			GENUS	Myoxanthus Poepp. & Endl.	Myoxanthus		BR	Fazenda Faroeste, Margem do Rio São Miguel	Minas Gerais	PRESENT		4265f332-341c-45f6-b30b-5dc2e39b86e8	-20.2625	-45.669453							2005-03-25	25	3	2005	2801819		PRESERVED_SPECIMEN	UFMG	BHCB	93953	1318	Batista, JAN	2016-06-30T00:00:00	CC_BY_4_0	Herbário da UFMG - Fanerógamas, Algas e Fungos	Melo, PHA de			2026-06-25T20:17:51.244Z		CONTINENT_DERIVED_FROM_COORDINATES;INSTITUTION_MATCH_NONE
1291011601	d2470ef8-edfa-4ba7-821e-c3e1a537bdba	https://specieslink.net/guid/220/93917	Plantae	Tracheophyta	Liliopsida	Asparagales	Orchidaceae	Cattleya	Cattleya cernua		SPECIES	Cattleya cernua (Lindl.) Van den Berg	Cattleya cernua	(Lindl.) Van den Berg	BR	Fazenda Faroeste, Margem esquerda do Rio São Miguel	Minas Gerais	PRESENT		4265f332-341c-45f6-b30b-5dc2e39b86e8	-20.262247	-45.670844							2005-05-08	8	5	2005	8092741	8092741	PRESERVED_SPECIMEN	UFMG	BHCB	93917	1326	Batista, JAN	2016-07-11T00:00:00	CC_BY_4_0	Herbário da UFMG - Fanerógamas, Algas e Fungos	Melo, PHA de; Viana, PL; Santos, FM; Heringer, G; Melo Júnior, EA		native	2026-06-25T20:17:51.271Z		CONTINENT_DERIVED_FROM_COORDINATES;INSTITUTION_MATCH_NONE
1291011569	d2470ef8-edfa-4ba7-821e-c3e1a537bdba	https://specieslink.net/guid/220/85693	Plantae	Tracheophyta	Magnoliopsida	Myrtales	Myrtaceae	Eugenia	Eugenia lagoensis		SPECIES	Eugenia lagoensis Kiaersk.	Eugenia lagoensis	Kiaersk.	BR	Fazenda Faroeste, Margem esquerda do Rio São Miguel.	Minas Gerais	PRESENT		4265f332-341c-45f6-b30b-5dc2e39b86e8	-20.255556	-45.67							2003-08-10	10	8	2003	5416752	5416752	PRESERVED_SPECIMEN	UFMG	BHCB	85693	801	Sobral, M		CC_BY_4_0	Herbário da UFMG - Fanerógamas, Algas e Fungos	Melo, PHA de; Santos, GP		native	2026-06-25T20:17:51.255Z		CONTINENT_DERIVED_FROM_COORDINATES;IDENTIFIED_DATE_INVALID;INSTITUTION_MATCH_NONE
1291011560	d2470ef8-edfa-4ba7-821e-c3e1a537bdba	https://specieslink.net/guid/220/82016	Plantae	Tracheophyta	Magnoliopsida	Solanales	Convolvulaceae	Jacquemontia	Jacquemontia blanchetii		SPECIES	Jacquemontia blanchetii Moric.	Jacquemontia blanchetii	Moric.	BR	Fazenda Faroeste, Margem direita do Rio São Miguel.	Minas Gerais	PRESENT		4265f332-341c-45f6-b30b-5dc2e39b86e8	-20.251389	-45.662778							2003-04-22	22	4	2003	8021745	8021745	PRESERVED_SPECIMEN	UFMG	BHCB	82016	611	Buril, MT		CC_BY_4_0	Herbário da UFMG - Fanerógamas, Algas e Fungos	Melo, PHA de		native	2026-06-25T20:17:51.166Z		CONTINENT_DERIVED_FROM_COORDINATES;IDENTIFIED_DATE_INVALID;INSTITUTION_MATCH_NONE
1291011545	d2470ef8-edfa-4ba7-821e-c3e1a537bdba	https://specieslink.net/guid/220/82015	Plantae	Tracheophyta	Magnoliopsida	Asterales	Asteraceae	Bidens	Bidens riparia		SPECIES	Bidens riparia Kunth	Bidens riparia	H.B.K.	BR	Fazenda Faroeste, Margem direita do Rio São Miguel	Minas Gerais	PRESENT		4265f332-341c-45f6-b30b-5dc2e39b86e8	-20.251408	-45.612797							2003-04-22	22	4	2003	7748985	7748985	PRESERVED_SPECIMEN	UFMG	BHCB	82015	595			CC_BY_4_0	Herbário da UFMG - Fanerógamas, Algas e Fungos	Melo, PHA de		native	2026-06-25T20:17:51.245Z		CONTINENT_DERIVED_FROM_COORDINATES;IDENTIFIED_DATE_INVALID;INSTITUTION_MATCH_NONE
1269536168	43e4b07b-f31d-4ab9-82c5-e87048a138ee	https://specieslink.net/guid/401/6995	Plantae	Tracheophyta	Magnoliopsida	Caryophyllales	Amaranthaceae	Alternanthera	Alternanthera brasiliana		SPECIES	Alternanthera brasiliana (L.) Kuntze	Alternanthera brasiliana	(L.) Kuntze	BR	Fazenda Amargoso, MG 439 Km 16.	Minas Gerais	PRESENT		d1e2f6a3-4016-46ba-b031-36f843790457	-20.380833	-45.651111			725.0	25.0			2004-04-08	8	4	2004	3084934	3084934	PRESERVED_SPECIMEN	PUC-RIO	FCAB	6995	1128	J.C. Siqueira	2004-01-01T00:00:00	CC_BY_4_0	Herbário Friburguense	P.H.A. Melo; F.S.F. Leite; C.G. Leal		native	2026-06-26T19:30:56.214Z		COORDINATE_ROUNDED;CONTINENT_DERIVED_FROM_COORDINATES;INSTITUTION_MATCH_NONE
1269536167	43e4b07b-f31d-4ab9-82c5-e87048a138ee	https://specieslink.net/guid/401/6993	Plantae	Tracheophyta	Magnoliopsida	Caryophyllales	Amaranthaceae	Chamissoa	Chamissoa acuminata		SPECIES	Chamissoa acuminata Mart.	Chamissoa acuminata	Mart.	BR	Fazenda Amargoso, MG 439, Km 16.	Minas Gerais	PRESENT		d1e2f6a3-4016-46ba-b031-36f843790457	-20.387222	-45.649722							2003-01-31	31	1	2003	7323180	7323180	PRESERVED_SPECIMEN	PUC-RIO	FCAB	6993	361	J.C. Siqueira	2004-01-01T00:00:00	CC_BY_4_0	Herbário Friburguense	P.H.A. Melo; Lombardi, J.A.		native	2026-06-26T19:30:58.734Z		COORDINATE_ROUNDED;CONTINENT_DERIVED_FROM_COORDINATES;INSTITUTION_MATCH_NONE
1269536163	43e4b07b-f31d-4ab9-82c5-e87048a138ee	https://specieslink.net/guid/401/6988	Plantae	Tracheophyta	Magnoliopsida	Caryophyllales	Amaranthaceae	Pfaffia			GENUS	Pfaffia Mart.	Pfaffia		BR	MG 439 KM 16.	Minas Gerais	PRESENT		d1e2f6a3-4016-46ba-b031-36f843790457	-20.393055	-45.646389			750.0				2003-08-09	9	8	2003	3084895		PRESERVED_SPECIMEN	PUC-RIO	FCAB	6988	780	J.C. Siqueira		CC_BY_4_0	Herbário Friburguense	P.H.A. Melo			2026-06-26T19:30:56.284Z		COORDINATE_ROUNDED;CONTINENT_DERIVED_FROM_COORDINATES;INSTITUTION_MATCH_NONE
1269536162	43e4b07b-f31d-4ab9-82c5-e87048a138ee	https://specieslink.net/guid/401/7006	Plantae	Tracheophyta	Magnoliopsida	Caryophyllales	Amaranthaceae	Chamissoa	Chamissoa acuminata		SPECIES	Chamissoa acuminata Mart.	Chamissoa acuminata	Mart.	BR	Fazenda Faroeste, Margem direita do Rio São Miguel.	Minas Gerais	PRESENT		d1e2f6a3-4016-46ba-b031-36f843790457	-20.251389	-45.662778							2003-02-01	1	2	2003	7323180	7323180	PRESERVED_SPECIMEN	PUC-RIO	FCAB	7006	410	J.C. Siqueira	2004-01-01T00:00:00	CC_BY_4_0	Herbário Friburguense	P.H. Melo; Lombardi, J.A.		native	2026-06-26T19:30:56.209Z		COORDINATE_ROUNDED;CONTINENT_DERIVED_FROM_COORDINATES;INSTITUTION_MATCH_NONE
1269536154	43e4b07b-f31d-4ab9-82c5-e87048a138ee	https://specieslink.net/guid/401/7008	Plantae	Tracheophyta	Magnoliopsida	Caryophyllales	Amaranthaceae	Chamissoa	Chamissoa altissima		SPECIES	Chamissoa altissima (Jacq.) Kunth	Chamissoa altissima	(Jacq.) Kunth	BR	MG Km 16.	Minas Gerais	PRESENT		d1e2f6a3-4016-46ba-b031-36f843790457	-20.387222	-45.649722			750.0				2003-05-25	25	5	2003	3085178	3085178	PRESERVED_SPECIMEN	PUC-RIO	FCAB	7008	643	J.C. Siqueira		CC_BY_4_0	Herbário Friburguense	P.H. Melo; F.A. Carvalho; B.D. Ranieri; D.T. Souza; T.C. Lana		native	2026-06-26T19:30:56.225Z		COORDINATE_ROUNDED;CONTINENT_DERIVED_FROM_COORDINATES;INSTITUTION_MATCH_NONE
1269536146	43e4b07b-f31d-4ab9-82c5-e87048a138ee	https://specieslink.net/guid/401/7009	Plantae	Tracheophyta	Magnoliopsida	Caryophyllales	Amaranthaceae	Alternanthera	Alternanthera brasiliana		SPECIES	Alternanthera brasiliana (L.) Kuntze	Alternanthera brasiliana	(L.) Kuntze	BR	Fazenda faroeste, margem direita do Rio São Miguel.	Minas Gerais	PRESENT		d1e2f6a3-4016-46ba-b031-36f843790457	-20.251389	-45.662778			750.0	50.0			2003-07-05	5	7	2003	3084934	3084934	PRESERVED_SPECIMEN	PUC-RIO	FCAB	7009	740	J.C. Siqueira	2004-01-01T00:00:00	CC_BY_4_0	Herbário Friburguense	P.H.A. Melo; R.C. Libanio; R.R. Ferreira; D.M. Loyola		native	2026-06-26T19:30:58.721Z		COORDINATE_ROUNDED;CONTINENT_DERIVED_FROM_COORDINATES;INSTITUTION_MATCH_NONE
1269536137	43e4b07b-f31d-4ab9-82c5-e87048a138ee	https://specieslink.net/guid/401/7007	Plantae	Tracheophyta	Magnoliopsida	Caryophyllales	Amaranthaceae	Pfaffia	Pfaffia glomerata		SPECIES	Pfaffia glomerata (Spreng.) Pedersen	Pfaffia glomerata	(Spreng.) Pedersen	BR	Margem direita do Rio São Miguel.	Minas Gerais	PRESENT		d1e2f6a3-4016-46ba-b031-36f843790457	-20.251389	-45.662778							2002-12-31	31	12	2002	7323527	7323527	PRESERVED_SPECIMEN	PUC-RIO	FCAB	7007	341	J.C. Siqueira	2004-01-01T00:00:00	CC_BY_4_0	Herbário Friburguense	P.H. Melo; E.A. Melo Jr.		native	2026-06-26T19:30:58.695Z		COORDINATE_ROUNDED;CONTINENT_DERIVED_FROM_COORDINATES;INSTITUTION_MATCH_NONE
1265929599	d2470ef8-edfa-4ba7-821e-c3e1a537bdba	https://specieslink.net/guid/220/90150	Plantae	Tracheophyta	Magnoliopsida	Rosales	Urticaceae	Phenax			GENUS	Phenax Wedd.	Phenax		BR	Fazenda Faroeste, margem direita do Rio São Miguel, afloramento da Bocaina.	Minas Gerais	PRESENT		4265f332-341c-45f6-b30b-5dc2e39b86e8	-20.266389	-45.660303							2004-08-13	13	8	2004	3234522		PRESERVED_SPECIMEN	UFMG	BHCB	90150	1244			CC_BY_4_0	Herbário da UFMG - Fanerógamas, Algas e Fungos	Melo, PHA de; Coelho, LHL			2026-06-25T20:17:50.673Z		CONTINENT_DERIVED_FROM_COORDINATES;IDENTIFIED_DATE_INVALID;INSTITUTION_MATCH_NONE
1264691960	1bb3cae3-b91f-4109-8a2d-a1f05f2d6fd3	https://specieslink.net/guid/7/164430	Plantae	Tracheophyta	Magnoliopsida	Myrtales	Myrtaceae	Eugenia	Eugenia repanda		SPECIES	Eugenia repanda O.Berg	Eugenia repanda	O.Berg	BR		Minas Gerais	PRESENT		76dbcb10-efc5-4d5f-87a5-bcd409fc92c8	-20.387222	-45.649722			780.0	30.0			2003-04-15	15	4	2003	5416508	5416508	PRESERVED_SPECIMEN	USP-IB	SPF	164430	561	Sobral, M	2003-06-01T00:00:00	CC_BY_4_0	Herbário da Universidade de São Paulo	Melo, PHA		native	2026-06-26T20:37:33.232Z		CONTINENT_DERIVED_FROM_COORDINATES;INSTITUTION_MATCH_NONE
1264691912	1bb3cae3-b91f-4109-8a2d-a1f05f2d6fd3	https://specieslink.net/guid/7/162113	Plantae	Tracheophyta	Magnoliopsida	Myrtales	Myrtaceae	Eugenia	Eugenia moraviana		SPECIES	Eugenia moraviana O.Berg	Eugenia moraviana	O.Berg	BR		Minas Gerais	PRESENT		76dbcb10-efc5-4d5f-87a5-bcd409fc92c8	-20.387222	-45.649722			780.0	30.0			2003-07-06	6	7	2003	5417892	5417892	PRESERVED_SPECIMEN	USP-IB	SPF	162113	761	Sobral, M	2004-01-01T00:00:00	CC_BY_4_0	Herbário da Universidade de São Paulo	Melo, PHA			2026-06-26T20:37:33.287Z		CONTINENT_DERIVED_FROM_COORDINATES;INSTITUTION_MATCH_NONE
1261677558	7bd65a7a-f762-11e1-a439-00145eb45e9a	urn:catalog:MO:Tropicos:90106126	Plantae	Bryophyta	Bryopsida	Dicranales	Erpodiaceae	Venturiella	Venturiella glaziovii		SPECIES	Venturiella glaziovii (Hampe) Pursell	Venturiella glaziovii (Hampe) Pursell	(Hampe) Pursell	BR	São Lourenco. Na Rua Dr. Nélio Viana.	Minas Gerais	PRESENT	1	90fd6680-349f-11d8-aa2d-b8a03c50a862	-20.316667	-45.7							1980-02-24	24	2	1980	12203352	12203352	PRESERVED_SPECIMEN	MO	Tropicos	90106126	2354	OY		CC_BY_4_0	Missouri Botanical Garden	O. Yano			2026-06-12T06:55:22.263Z		COORDINATE_ROUNDED;GEODETIC_DATUM_ASSUMED_WGS84;OCCURRENCE_STATUS_INFERRED_FROM_INDIVIDUAL_COUNT;COLLECTION_MATCH_NONE;INSTITUTION_MATCH_FUZZY;TAXON_ID_NOT_FOUND
1261613428	e053ff53-c156-4e2e-b9b5-4462e9625424	urn:catalog:MO:Tropicos:90042518	Plantae	Bryophyta	Bryopsida	Dicranales	Fissidentaceae	Fissidens	Fissidens brevipes		SPECIES	Fissidens brevipes Besch.	Fissidens brevipes Besch.	Besch.	BR	Município de Araujos, Along BR-262.	Minas Gerais	PRESENT		90fd6680-349f-11d8-aa2d-b8a03c50a862	-20.31666	-45.65							1976-02-08	8	2	1976	5283176	5283176	PRESERVED_SPECIMEN	PAC	Tropicos	90042518	5499	R. A. Pursell	1991-01-01T00:00:00	CC_BY_4_0	Missouri Botanical Garden	Daniel M. Vital			2026-06-12T03:38:03.647Z		GEODETIC_DATUM_ASSUMED_WGS84;COLLECTION_MATCH_NONE;INSTITUTION_MATCH_FUZZY;TAXON_ID_NOT_FOUND
1260636018	7bd65a7a-f762-11e1-a439-00145eb45e9a	urn:catalog:MO:Tropicos:3239437	Plantae	Tracheophyta	Magnoliopsida	Gentianales	Rubiaceae	Rudgea	Rudgea recurva		SPECIES	Rudgea recurva Müll.Arg.	Rudgea recurva Müll. Arg.	Müll. Arg.	BR	Fazenda Amargoso, MG 439 Km 16.	Minas Gerais	PRESENT	1	90fd6680-349f-11d8-aa2d-b8a03c50a862	-20.387222	-45.649722							2003-12-30	30	12	2003	2910689	2910689	PRESERVED_SPECIMEN	MO	Tropicos	3239437	287	C.P. Bruniera (SPFR)	2012-01-01T00:00:00	CC_BY_4_0	Missouri Botanical Garden	MELO			2026-06-12T06:56:07.344Z		COORDINATE_ROUNDED;GEODETIC_DATUM_ASSUMED_WGS84;OCCURRENCE_STATUS_INFERRED_FROM_INDIVIDUAL_COUNT;COLLECTION_MATCH_NONE;INSTITUTION_MATCH_FUZZY;TAXON_ID_NOT_FOUND
1260629486	7bd65a7a-f762-11e1-a439-00145eb45e9a	urn:catalog:MO:Tropicos:3233322	Plantae	Tracheophyta	Magnoliopsida	Gentianales	Rubiaceae	Rudgea	Rudgea recurva		SPECIES	Rudgea recurva Müll.Arg.	Rudgea recurva Müll. Arg.	Müll. Arg.	BR	Fazenda Amargoso, MG 439 Km 16.	Minas Gerais	PRESENT	1	90fd6680-349f-11d8-aa2d-b8a03c50a862	-20.382222	-45.651111			675.0	25.0			2003-12-08	8	12	2003	2910689	2910689	PRESERVED_SPECIMEN	MO	Tropicos	3233322	1006	C.P. Bruniera (SPFR)	2012-01-01T00:00:00	CC_BY_4_0	Missouri Botanical Garden	MELO			2026-06-12T06:55:15.259Z		COORDINATE_ROUNDED;GEODETIC_DATUM_ASSUMED_WGS84;OCCURRENCE_STATUS_INFERRED_FROM_INDIVIDUAL_COUNT;COLLECTION_MATCH_NONE;INSTITUTION_MATCH_FUZZY;TAXON_ID_NOT_FOUND
1260614982	7bd65a7a-f762-11e1-a439-00145eb45e9a	urn:catalog:MO:Tropicos:3220472	Plantae	Tracheophyta	Magnoliopsida	Gentianales	Rubiaceae	Psychotria	Psychotria tenuifolia		SPECIES	Psychotria tenuifolia Sw.	Psychotria tenuifolia Sw.	Sw.	BR	Iguatama: Fazenda Faroeste, margem esquerda do Rio Sao Miguel.	Minas Gerais	PRESENT	1	90fd6680-349f-11d8-aa2d-b8a03c50a862	-20.256389	-45.669167			750.0	50.0			2003-05-26	26	5	2003	2922399	2922399	PRESERVED_SPECIMEN	MO	Tropicos	3220472	665	C. M. Taylor	2004-01-01T00:00:00	CC_BY_4_0	Missouri Botanical Garden	P. H. A. Melo;al.			2026-06-12T06:53:54.313Z		COORDINATE_ROUNDED;GEODETIC_DATUM_ASSUMED_WGS84;OCCURRENCE_STATUS_INFERRED_FROM_INDIVIDUAL_COUNT;COLLECTION_MATCH_NONE;INSTITUTION_MATCH_FUZZY;TAXON_ID_NOT_FOUND
1260578714	7bd65a7a-f762-11e1-a439-00145eb45e9a	urn:catalog:MO:Tropicos:3187474	Plantae	Tracheophyta	Magnoliopsida	Gentianales	Rubiaceae	Palicourea	Palicourea mamillaris		SPECIES	Palicourea mamillaris (Müll.Arg.) C.M.Taylor	Palicourea mamillaris (Müll. Arg.) C.M. Taylor	(Müll. Arg.) C.M. Taylor	BR	Pains: Fazenda Amargoso, MG 439 km 16	Minas Gerais	PRESENT		90fd6680-349f-11d8-aa2d-b8a03c50a862	-20.39305	-45.64638			750.0				2003-08-09	9	8	2003	9523451	9523451	PRESERVED_SPECIMEN	MO	Tropicos	3187474	796	C.M. Taylor	2016-01-01T00:00:00	CC_BY_4_0	Missouri Botanical Garden	MELO			2026-06-12T06:53:53.633Z		GEODETIC_DATUM_ASSUMED_WGS84;COLLECTION_MATCH_NONE;INSTITUTION_MATCH_FUZZY;TAXON_ID_NOT_FOUND
1260571717	7bd65a7a-f762-11e1-a439-00145eb45e9a	urn:catalog:MO:Tropicos:3181274	Plantae	Tracheophyta	Magnoliopsida	Gentianales	Rubiaceae	Eumachia	Eumachia cephalantha		SPECIES	Eumachia cephalantha (Müll.Arg.) Delprete & J.H.Kirkbr.	Eumachia cephalantha (Müll. Arg.) Delprete & J.H. Kirkbr.	(Müll. Arg.) Delprete & J.H. Kirkbr.	BR	Fazenda Amargoso, MG 439 km 16.	Minas Gerais	PRESENT	1	90fd6680-349f-11d8-aa2d-b8a03c50a862	-20.387222	-45.649722							2003-12-30	30	12	2003	9484261	9484261	PRESERVED_SPECIMEN	MO	Tropicos	3181274	277		2017-01-01T00:00:00	CC_BY_4_0	Missouri Botanical Garden	P. H. A. Melo			2026-06-12T06:53:53.412Z		COORDINATE_ROUNDED;GEODETIC_DATUM_ASSUMED_WGS84;OCCURRENCE_STATUS_INFERRED_FROM_INDIVIDUAL_COUNT;COLLECTION_MATCH_NONE;INSTITUTION_MATCH_FUZZY;TAXON_ID_NOT_FOUND
1260524343	7bd65a7a-f762-11e1-a439-00145eb45e9a	urn:catalog:MO:Tropicos:3138269	Plantae	Tracheophyta	Magnoliopsida	Gentianales	Rubiaceae	Hamelia	Hamelia patens		SPECIES	Hamelia patens Jacq.	Hamelia patens Jacq.	Jacq.	BR	Pains: Fazenda Amargoso	Minas Gerais	PRESENT		90fd6680-349f-11d8-aa2d-b8a03c50a862	-20.38722	-45.64972			780.0	30.0			2003			2003	2902066	2902066	PRESERVED_SPECIMEN	MO	Tropicos	3138269	568	C. M. Taylor (MO)	2004-01-01T00:00:00	CC_BY_4_0	Missouri Botanical Garden	MELO			2026-06-12T06:53:53.514Z		GEODETIC_DATUM_ASSUMED_WGS84;COLLECTION_MATCH_NONE;INSTITUTION_MATCH_FUZZY;TAXON_ID_NOT_FOUND
1257673200	7bd65a7a-f762-11e1-a439-00145eb45e9a	urn:catalog:MO:Tropicos:100323654	Plantae	Tracheophyta	Magnoliopsida	Laurales	Lauraceae	Nectandra			GENUS	Nectandra Rol. ex Rottb.	Nectandra Rol. ex Rottb.	Rol. ex Rottb.	BR	Fazenda Amargoso, MG 439 Km 16.	Minas Gerais	PRESENT	1	90fd6680-349f-11d8-aa2d-b8a03c50a862	-20.387222	-45.649722			780.0	30.0			2003-05-25	25	5	2003	3034018		PRESERVED_SPECIMEN	MO	Tropicos	100323654	624			CC_BY_4_0	Missouri Botanical Garden	P. H. A. Melo;Fernanda A. Carvalho;B. D. Ranieri;D. Souza;T. C. Lana			2026-06-12T06:53:11.763Z	StillImage	COORDINATE_ROUNDED;GEODETIC_DATUM_ASSUMED_WGS84;OCCURRENCE_STATUS_INFERRED_FROM_INDIVIDUAL_COUNT;COLLECTION_MATCH_NONE;INSTITUTION_MATCH_FUZZY;TAXON_ID_NOT_FOUND
1252637238	cd6e21c8-9e8a-493a-8a76-fbf7862069e5	http://specimens.kew.org/herbarium/K000996273	Plantae	Tracheophyta	Magnoliopsida	Gentianales	Apocynaceae	Forsteronia			GENUS	Forsteronia G.Mey.	Forsteronia	G.Mey.	BR	Fazenda Faroeste, margem esquerda do Rio São Miguel.		PRESENT		061b4f20-f241-11da-a328-b8a03c50a862	-20.256389	-45.669167							2002-11-16T00:00	16	11	2002	8171331		PRESERVED_SPECIMEN	K	Herbarium	K000996273	233			CC_BY_4_0		Melo, P.H.A.; Versiux, L.M.			2026-07-14T09:49:01.136Z	StillImage	COORDINATE_ROUNDED;GEODETIC_DATUM_ASSUMED_WGS84;CONTINENT_DERIVED_FROM_COORDINATES;INSTITUTION_MATCH_FUZZY;INSTITUTION_COLLECTION_MISMATCH
1252619027	1bb3cae3-b91f-4109-8a2d-a1f05f2d6fd3	https://specieslink.net/guid/7/164429	Plantae	Tracheophyta	Magnoliopsida	Myrtales	Myrtaceae	Calycorectes	Calycorectes acutatus		SPECIES	Eugenia acutata Miq.	Eugenia acutata	Miq.	BR		Minas Gerais	PRESENT		76dbcb10-efc5-4d5f-87a5-bcd409fc92c8	-20.387222	-45.649722			750.0	0.0			2003-10-28	28	10	2003	5415549	3173635	PRESERVED_SPECIMEN	USP-IB	SPF	164429	920	Sobral, M	2003-11-01T00:00:00	CC_BY_4_0	Herbário da Universidade de São Paulo	Melo, PHA		native	2026-06-26T20:37:30.441Z		CONTINENT_DERIVED_FROM_COORDINATES;INSTITUTION_MATCH_NONE
1234543997	1bb3cae3-b91f-4109-8a2d-a1f05f2d6fd3	https://specieslink.net/guid/7/160207	Plantae	Tracheophyta	Magnoliopsida	Sapindales	Sapindaceae	Allophylus	Allophylus sericeus		SPECIES	Allophylus sericeus Radlk.	Allophylus sericeus	(Cambess.) Radlk.	BR		Minas Gerais	PRESENT		76dbcb10-efc5-4d5f-87a5-bcd409fc92c8	-20.387222	-45.649722							2003-12-30	30	12	2003	5576969	5576969	PRESERVED_SPECIMEN	USP-IB	SPF	160207	284	Lombardi, JA		CC_BY_4_0	Herbário da Universidade de São Paulo	Melo, PHA			2026-06-26T20:37:28.265Z		CONTINENT_DERIVED_FROM_COORDINATES;INSTITUTION_MATCH_NONE
122946472	832cb04e-f762-11e1-a439-00145eb45e9a	E62EE373-CC44-42D6-8E50-BE9DB8482D1A	Plantae	Tracheophyta	Magnoliopsida	Solanales	Convolvulaceae	Evolvulus	Evolvulus		SPECIES	Evolvulus spec A.N.T.Bandeira, Buril & J.I.M.Melo, 2016	Evolvulus sp.		BR	35 km, (straight line) ENE of Barra do Garcas	Mato Grasso	PRESENT		bd561840-efdc-11d9-a329-b8a03c50a862	-20.1833	-45.6667	301.0						1973-05-04	4	5	1973	10730849	10730849	PRESERVED_SPECIMEN	FTG	Herbarium	108309	9709			CC_BY_4_0		W. R. Anderson			2026-07-01T23:03:20.689Z		GEODETIC_DATUM_ASSUMED_WGS84;CONTINENT_DERIVED_FROM_COORDINATES;INSTITUTION_COLLECTION_MISMATCH;TAXON_MATCH_HIGHERRANK
1226936684	1bb3cae3-b91f-4109-8a2d-a1f05f2d6fd3	https://specieslink.net/guid/7/193296	Plantae	Tracheophyta	Magnoliopsida	Sapindales	Meliaceae	Trichilia	Trichilia claussenii		SPECIES	Trichilia claussenii C.DC.	Trichilia claussenii	C.DC.	BR		Minas Gerais	PRESENT		76dbcb10-efc5-4d5f-87a5-bcd409fc92c8	-20.255556	-45.67			750.0	0.0			2003-08-10	10	8	2003	8059494	8059494	PRESERVED_SPECIMEN	USP-IB	SPF	193296	808	Melo, PHA	2005-06-01T00:00:00	CC_BY_4_0	Herbário da Universidade de São Paulo	Melo, PHA			2026-06-26T20:37:25.585Z		CONTINENT_DERIVED_FROM_COORDINATES;INSTITUTION_MATCH_NONE
1226936653	1bb3cae3-b91f-4109-8a2d-a1f05f2d6fd3	https://specieslink.net/guid/7/189652	Plantae	Tracheophyta	Magnoliopsida	Sapindales	Meliaceae	Trichilia	Trichilia catigua		SPECIES	Trichilia catigua A.Juss.	Trichilia catigua	A.Juss.	BR		Minas Gerais	PRESENT		76dbcb10-efc5-4d5f-87a5-bcd409fc92c8	-20.381056	-45.65125			670.0	0.0			2004-06-26	26	6	2004	7271401	7271401	PRESERVED_SPECIMEN	USP-IB	SPF	189652	1211	Sobral, M		CC_BY_4_0	Herbário da Universidade de São Paulo	Melo, PHA		native	2026-06-26T20:37:25.614Z		CONTINENT_DERIVED_FROM_COORDINATES;INSTITUTION_MATCH_NONE
1226936230	1bb3cae3-b91f-4109-8a2d-a1f05f2d6fd3	https://specieslink.net/guid/7/163729	Plantae	Tracheophyta	Magnoliopsida	Sapindales	Meliaceae	Trichilia	Trichilia elegans		SPECIES	Trichilia elegans A.Juss.	Trichilia elegans	A.Juss.	BR		Minas Gerais	PRESENT		76dbcb10-efc5-4d5f-87a5-bcd409fc92c8	-20.382083	-45.651167			675.0	25.0			2003-12-08	8	12	2003	7271353	7271353	PRESERVED_SPECIMEN	USP-IB	SPF	163729	1011	Pirani, JR	2004-01-01T00:00:00	CC_BY_4_0	Herbário da Universidade de São Paulo	Melo, PHA		native	2026-06-26T20:37:25.531Z		CONTINENT_DERIVED_FROM_COORDINATES;INSTITUTION_MATCH_NONE
1226936190	1bb3cae3-b91f-4109-8a2d-a1f05f2d6fd3	https://specieslink.net/guid/7/160225	Plantae	Tracheophyta	Magnoliopsida	Malvales	Malvaceae	Guazuma	Guazuma ulmifolia		SPECIES	Guazuma ulmifolia Lam.	Guazuma ulmifolia	Lam.	BR		Minas Gerais	PRESENT		76dbcb10-efc5-4d5f-87a5-bcd409fc92c8	-20.256389	-45.669167							2002-11-16	16	11	2002	3152195	3152195	PRESERVED_SPECIMEN	USP-IB	SPF	160225	243	Lombardi, JA		CC_BY_4_0	Herbário da Universidade de São Paulo	Melo, PHA		native	2026-06-26T20:37:25.536Z		CONTINENT_DERIVED_FROM_COORDINATES;INSTITUTION_MATCH_NONE
1226936183	1bb3cae3-b91f-4109-8a2d-a1f05f2d6fd3	https://specieslink.net/guid/7/160224	Plantae	Tracheophyta	Magnoliopsida	Malvales	Malvaceae	Guazuma	Guazuma ulmifolia		SPECIES	Guazuma ulmifolia Lam.	Guazuma ulmifolia	Lam.	BR		Minas Gerais	PRESENT		76dbcb10-efc5-4d5f-87a5-bcd409fc92c8	-20.256389	-45.669167							2002-10-04	4	10	2002	3152195	3152195	PRESERVED_SPECIMEN	USP-IB	SPF	160224	82	Lombardi, JA		CC_BY_4_0	Herbário da Universidade de São Paulo	Melo, PHA		native	2026-06-26T20:37:25.535Z		CONTINENT_DERIVED_FROM_COORDINATES;INSTITUTION_MATCH_NONE
1226936176	1bb3cae3-b91f-4109-8a2d-a1f05f2d6fd3	https://specieslink.net/guid/7/160172	Plantae	Tracheophyta	Magnoliopsida	Sapindales	Meliaceae	Cedrela	Cedrela odorata		SPECIES	Cedrela odorata L.	Cedrela odorata	L.	BR		Minas Gerais	PRESENT		76dbcb10-efc5-4d5f-87a5-bcd409fc92c8	-20.256389	-45.669167							2002-11-16	16	11	2002	3190511	3190511	PRESERVED_SPECIMEN	USP-IB	SPF	160172	214	Lombardi, JA		CC_BY_4_0	Herbário da Universidade de São Paulo	Melo, PHA		native	2026-06-26T20:37:25.534Z		CONTINENT_DERIVED_FROM_COORDINATES;INSTITUTION_MATCH_NONE
1213642679	d82d5a18-0428-4e52-be16-f509153e8126	https://specieslink.net/guid/224/186190	Plantae	Tracheophyta	Magnoliopsida	Myrtales	Myrtaceae	Eugenia	Eugenia florida		SPECIES	Eugenia florida DC.	Eugenia florida	DC.	BR		Minas Gerais	PRESENT		e97090cb-7731-41c7-ac24-31a841730654	-20.174444	-45.711389							1998-09-16	16	9	1998	5417919	5417919	PRESERVED_SPECIMEN	UnB	UB	186190	3130	Faria, JEQ	2012-08-01T00:00:00	CC_BY_4_0	Herbário da Universidade de Brasília	Macedo, JF		native	2026-06-26T21:09:36.399Z		COORDINATE_ROUNDED;CONTINENT_DERIVED_FROM_COORDINATES;INSTITUTION_MATCH_FUZZY;INSTITUTION_COLLECTION_MISMATCH
1213607769	d82d5a18-0428-4e52-be16-f509153e8126	https://specieslink.net/guid/224/151254	Plantae	Tracheophyta	Magnoliopsida	Malpighiales	Malpighiaceae	Heteropterys	Heteropterys nervosa		SPECIES	Heteropterys nervosa A.Juss.	Heteropterys nervosa	A.Juss.	BR	Faz. do Engenho - Calciolandia.	Minas Gerais	PRESENT		e97090cb-7731-41c7-ac24-31a841730654	-20.281944	-45.539444							1940-10-12	12	10	1940	7285027	7285027	PRESERVED_SPECIMEN	UnB	UB	151254	201	Pessoa, C	2015-01-12T00:00:00	CC_BY_4_0	Herbário da Universidade de Brasília	Oliveira, JE		native	2026-06-26T21:09:33.667Z		COORDINATE_ROUNDED;CONTINENT_DERIVED_FROM_COORDINATES;INSTITUTION_MATCH_FUZZY;INSTITUTION_COLLECTION_MISMATCH
1213603361	d82d5a18-0428-4e52-be16-f509153e8126	https://specieslink.net/guid/224/146811	Plantae	Tracheophyta	Magnoliopsida	Caryophyllales	Amaranthaceae	Pfaffia	Pfaffia velutina		SPECIES	Pfaffia velutina Mart.	Pfaffia velutina	Mart.	BR	Fazenda do Engenho - Calciolândia.	Minas Gerais	PRESENT		e97090cb-7731-41c7-ac24-31a841730654	-20.281944	-45.539444							1940-10-12	12	10	1940	5548049	5548049	PRESERVED_SPECIMEN	UnB	UB	146811	221	Marchioretto, MS	2004-07-01T00:00:00	CC_BY_4_0	Herbário da Universidade de Brasília	Oliveira, J		native	2026-06-26T21:09:33.909Z		COORDINATE_ROUNDED;CONTINENT_DERIVED_FROM_COORDINATES;INSTITUTION_MATCH_FUZZY;INSTITUTION_COLLECTION_MISMATCH
1213516383	1bb3cae3-b91f-4109-8a2d-a1f05f2d6fd3	https://specieslink.net/guid/7/200689	Plantae	Tracheophyta	Magnoliopsida	Rosales	Moraceae	Ficus	Ficus obtusifolia		SPECIES	Ficus obtusifolia Kunth	Ficus obtusifolia	Kunth	BR	Mineração Vale do São Miguel. Região cárstica; mata seca decidual sobre afloramento de calcário próximo ao Rio São Miguel.	Minas Gerais	PRESENT		76dbcb10-efc5-4d5f-87a5-bcd409fc92c8	-20.364444	-45.673611			642.0	0.0			2006-07-11	11	7	2006	5361910	5361910	PRESERVED_SPECIMEN	USP-IB	SPF	200689	147	Pelissari, G	2014-09-24T00:00:00	CC_BY_4_0	Herbário da Universidade de São Paulo	Borges, RAX		native	2026-06-26T20:38:28.883Z		CONTINENT_DERIVED_FROM_COORDINATES;INSTITUTION_MATCH_NONE
1213516318	1bb3cae3-b91f-4109-8a2d-a1f05f2d6fd3	https://specieslink.net/guid/7/197045	Plantae	Tracheophyta	Magnoliopsida	Rosales	Moraceae	Ficus	Ficus guaranitica		SPECIES	Ficus guaranitica Chodat	Ficus guaranitica	Chodat	BR	Mineração Vale de São Miguel. Região cástica; encosta de afloramento calcário com a presença de lianas e rupícolas.	Minas Gerais	PRESENT		76dbcb10-efc5-4d5f-87a5-bcd409fc92c8	-20.354167	-45.673333			720.0	0.0			2006-07-13	13	7	2006	5570839	5570839	PRESERVED_SPECIMEN	USP-IB	SPF	197045	186	Machado, AFP	2010-01-20T00:00:00	CC_BY_4_0	Herbário da Universidade de São Paulo	Borges, RAX		native	2026-06-26T20:37:24.621Z		CONTINENT_DERIVED_FROM_COORDINATES;INSTITUTION_MATCH_NONE
1213515850	1bb3cae3-b91f-4109-8a2d-a1f05f2d6fd3	https://specieslink.net/guid/7/163895	Plantae	Tracheophyta	Magnoliopsida	Rosales	Moraceae	Dorstenia	Dorstenia cayapia		SPECIES	Dorstenia vitifolia Gardner	Dorstenia vitifolia	Gardner	BR	Fazenda Faroeste, margem direita do Rio São Miguel. Sobre afloramento calcário.	Minas Gerais	PRESENT		76dbcb10-efc5-4d5f-87a5-bcd409fc92c8	-20.251583	-45.787194							2003-02-01	1	2	2003	3762649	7262682	PRESERVED_SPECIMEN	USP-IB	SPF	163895	399	São José, PA	2014-09-24T00:00:00	CC_BY_4_0	Herbário da Universidade de São Paulo	Melo, PHA		native	2026-06-26T20:37:24.489Z		CONTINENT_DERIVED_FROM_COORDINATES;INSTITUTION_MATCH_NONE
1143420055	d2470ef8-edfa-4ba7-821e-c3e1a537bdba	https://specieslink.net/guid/220/176192	Plantae	Tracheophyta	Magnoliopsida	Gentianales	Rubiaceae	Manettia			GENUS	Manettia Mutis ex L.	Manettia		BR		Minas Gerais	PRESENT		4265f332-341c-45f6-b30b-5dc2e39b86e8	-20.241944	-45.478056							2013-04		4	2013	2906969		PRESERVED_SPECIMEN	UFMG	BHCB	176192	21	Sobral, M	2013-06-14T00:00:00	CC_BY_4_0	Herbário da UFMG - Fanerógamas, Algas e Fungos	Soares, F			2026-06-25T20:17:49.945Z		CONTINENT_DERIVED_FROM_COORDINATES;RECORDED_DATE_INVALID;INSTITUTION_MATCH_NONE
1095257277	e38d4c95-3a1d-4594-9ae9-883b48042e6d	https://specieslink.net/guid/399/82191	Plantae	Tracheophyta	Liliopsida	Poales	Poaceae	Ichnanthus	Ichnanthus ruprechtii		SPECIES	Hildaea ruprechtii (Döll) C.Silva & R.P.Oliveira	Hildaea ruprechtii	(Döll) C.Silva & R.P.Oliveira	BR	Mineração Carmocal	Mg	PRESENT	1	7ef169f9-81f8-46a2-a7f7-240df6a1889c	-20.365833	-45.668888			612.0	0.0			2006-07-10	10	7	2006	9527024	8374614	PRESERVED_SPECIMEN	Cenargen	CEN	82191	240	C. Silva	2016-03-01T00:00:00	CC_BY_4_0	Herbário da Embrapa Recursos Genéticos e Biotecnologia	R. A. X. Borges		native	2026-06-25T22:16:49.965Z		CONTINENT_DERIVED_FROM_COORDINATES;INSTITUTION_MATCH_NONE
1094929528	2e684fd6-09e2-4661-910a-0a188b610c04	https://specieslink.net/guid/204/213322	Plantae	Tracheophyta	Magnoliopsida	Fabales	Fabaceae	Enterolobium	Enterolobium contortisiliquum		SPECIES	Enterolobium contortisiliquum (Vell.) Morong	Enterolobium contortisiliquum	(Vell.) Morong	BR	Just south of limestone mine in Arcos.	Minas Gerais	PRESENT		60545be9-4f28-4245-b4b4-07635c8dfa54	-20.328056	-45.585556			748.0	0.0			2013-06-27	27	6	2013	2961170	2961170	PRESERVED_SPECIMEN	UEFS	HUEFS	213322	1349	D.M.Neves	2013-06-01T00:00:00	CC_BY_4_0	Herbario da Universidade Estadual de Feira de Santana	Neves, D.M.		native	2026-06-26T17:13:40.212Z		CONTINENT_DERIVED_FROM_COORDINATES;INSTITUTION_MATCH_FUZZY;INSTITUTION_COLLECTION_MISMATCH
1094868296	2e684fd6-09e2-4661-910a-0a188b610c04	https://specieslink.net/guid/204/151044	Plantae	Tracheophyta	Magnoliopsida	Gentianales	Apocynaceae	Forsteronia			GENUS	Forsteronia G.Mey.	Forsteronia		BR	Fazenda Faroeste, margem esquerda do Rio São Miguel.	Minas Gerais	PRESENT		60545be9-4f28-4245-b4b4-07635c8dfa54	-20.256389	-45.669167							2002-11-16	16	11	2002	8171331		PRESERVED_SPECIMEN	UEFS	HUEFS	151044	233			CC_BY_4_0	Herbario da Universidade Estadual de Feira de Santana	Melo, P.H.A.			2026-06-26T17:13:35.262Z		CONTINENT_DERIVED_FROM_COORDINATES;INSTITUTION_MATCH_FUZZY;INSTITUTION_COLLECTION_MISMATCH
1094848166	2e684fd6-09e2-4661-910a-0a188b610c04	https://specieslink.net/guid/204/130652	Plantae	Tracheophyta	Magnoliopsida	Fabales	Fabaceae	Myroxylon	Myroxylon peruiferum		SPECIES	Myroxylon peruiferum L.f.	Myroxylon peruiferum	L.f.	BR	Mineração Vale de São Miguel.	Minas Gerais	PRESENT		60545be9-4f28-4245-b4b4-07635c8dfa54	-20.357222	-45.673889			688.0	0.0			2006-07-12	12	7	2006	5357189	5357189	PRESERVED_SPECIMEN	UEFS	HUEFS	130652	175	M.V.Freitas		CC_BY_4_0	Herbario da Universidade Estadual de Feira de Santana	Borges, R.A.X.		native	2026-06-26T17:13:33.518Z		CONTINENT_DERIVED_FROM_COORDINATES;INSTITUTION_MATCH_FUZZY;INSTITUTION_COLLECTION_MISMATCH
1094845594	2e684fd6-09e2-4661-910a-0a188b610c04	https://specieslink.net/guid/204/128100	Plantae	Tracheophyta	Magnoliopsida	Fabales	Fabaceae	Inga	Inga marginata		SPECIES	Inga marginata Willd.	Inga marginata	Willd.	BR	Mineração Vale do São Miguel.	Minas Gerais	PRESENT		60545be9-4f28-4245-b4b4-07635c8dfa54	-20.355833	-45.668333			711.0	0.0			2006-07-14	14	7	2006	7546887	7546887	PRESERVED_SPECIMEN	UEFS	HUEFS	128100	198	L.P.de Queiroz	2008-12-01T00:00:00	CC_BY_4_0	Herbario da Universidade Estadual de Feira de Santana	Borges, R.A.X.		native	2026-06-26T17:13:33.732Z		CONTINENT_DERIVED_FROM_COORDINATES;INSTITUTION_MATCH_FUZZY;INSTITUTION_COLLECTION_MISMATCH
1094845592	2e684fd6-09e2-4661-910a-0a188b610c04	https://specieslink.net/guid/204/128103	Plantae	Tracheophyta	Magnoliopsida	Fabales	Fabaceae	Senegalia	Senegalia loretensis		SPECIES	Senegalia loretensis (J.F.Macbr.) Seigler & Ebinger	Senegalia loretensis	(J.F.Macbr.) Seigler & Ebinger	BR	Mineração Vale do São &nf;Miguel.	Minas Gerais	PRESENT		60545be9-4f28-4245-b4b4-07635c8dfa54	-20.359722	-45.673889							2006-07-12	12	7	2006	3796032	3796032	PRESERVED_SPECIMEN	UEFS	HUEFS	128103	229	D.S.Seigler & P.G.Ribeiro	2018-02-01T00:00:00	CC_BY_4_0	Herbario da Universidade Estadual de Feira de Santana	Borges, R.A.X.		native	2026-06-26T17:13:34.036Z		CONTINENT_DERIVED_FROM_COORDINATES;INSTITUTION_MATCH_FUZZY;INSTITUTION_COLLECTION_MISMATCH
1094836344	2e684fd6-09e2-4661-910a-0a188b610c04	https://specieslink.net/guid/204/118803	Plantae	Tracheophyta	Magnoliopsida	Rosales	Rhamnaceae	Gouania	Gouania polygama		SPECIES	Gouania polygama (Jacq.) Urb.	Gouania polygama	(Jacq.) Urb.	BR	Fazenda Amargosa,MG 439 KM 16.	Minas Gerais	PRESENT		60545be9-4f28-4245-b4b4-07635c8dfa54	-20.387222	-45.649722							2003-03-22	22	3	2003	5372439	5372439	PRESERVED_SPECIMEN	UEFS	HUEFS	118803	488			CC_BY_4_0	Herbario da Universidade Estadual de Feira de Santana	Melo, P.H.A.		native	2026-06-26T17:13:32.261Z		CONTINENT_DERIVED_FROM_COORDINATES;INSTITUTION_MATCH_FUZZY;INSTITUTION_COLLECTION_MISMATCH
1094816250	2e684fd6-09e2-4661-910a-0a188b610c04	https://specieslink.net/guid/204/98513	Plantae	Tracheophyta	Magnoliopsida	Caryophyllales	Polygonaceae	Ruprechtia			GENUS	Ruprechtia C.A.Mey.	Ruprechtia		BR	Fazenda faroeste, margem esquerda do Rio São Miguel.	Minas Gerais	PRESENT		60545be9-4f28-4245-b4b4-07635c8dfa54	-20.256389	-45.669167							2001-10-04	4	10	2001	8220246		PRESERVED_SPECIMEN	UEFS	HUEFS	98513	97	E.Melo	2016-07-01T00:00:00	CC_BY_4_0	Herbario da Universidade Estadual de Feira de Santana	Melo, P.H.A.			2026-06-26T17:13:58.315Z		CONTINENT_DERIVED_FROM_COORDINATES;INSTITUTION_MATCH_FUZZY;INSTITUTION_COLLECTION_MISMATCH
1094812159	2e684fd6-09e2-4661-910a-0a188b610c04	https://specieslink.net/guid/204/94256	Plantae	Tracheophyta	Magnoliopsida	Fabales	Fabaceae	Calliandra	Calliandra foliolosa		SPECIES	Calliandra foliolosa Benth.	Calliandra foliolosa	Benth.	BR	Fazenda Amargoso, MG 439 km 16	Minas Gerais	PRESENT		60545be9-4f28-4245-b4b4-07635c8dfa54	-20.387222	-45.649722			780.0	30.0			2003-05-25	25	5	2003	2981801	2981801	PRESERVED_SPECIMEN	UEFS	HUEFS	94256	635	E.R.de Souza	2007-11-01T00:00:00	CC_BY_4_0	Herbario da Universidade Estadual de Feira de Santana	Melo, P.H.A.		native	2026-06-26T17:13:57.582Z		CONTINENT_DERIVED_FROM_COORDINATES;INSTITUTION_MATCH_FUZZY;INSTITUTION_COLLECTION_MISMATCH
1094812147	2e684fd6-09e2-4661-910a-0a188b610c04	https://specieslink.net/guid/204/94265	Plantae	Tracheophyta	Magnoliopsida	Fabales	Fabaceae	Deguelia	Deguelia costata		SPECIES	Deguelia costata (Benth.) A.M.G.Azevedo & R.A.Camargo	Deguelia costata	(Benth.) A.M.G.Azevedo & R.A.Camargo	BR	Fazenda Amargoso, MG 439 km 16, divisa com Francisco Gonçalves Costa.	Minas Gerais	PRESENT		60545be9-4f28-4245-b4b4-07635c8dfa54	-20.382778	-45.649444			725.0	25.0			2004-02-16	16	2	2004	4929062	4929062	PRESERVED_SPECIMEN	UEFS	HUEFS	94265	1090	E.D.Silva	2013-05-01T00:00:00	CC_BY_4_0	Herbario da Universidade Estadual de Feira de Santana	Melo, P.H.A.		native	2026-06-26T17:13:29.990Z		CONTINENT_DERIVED_FROM_COORDINATES;INSTITUTION_MATCH_FUZZY;INSTITUTION_COLLECTION_MISMATCH
1094812140	2e684fd6-09e2-4661-910a-0a188b610c04	https://specieslink.net/guid/204/94264	Plantae	Tracheophyta	Magnoliopsida	Fabales	Fabaceae	Senegalia	Senegalia polyphylla		SPECIES	Senegalia polyphylla (DC.) Britton & Rose	Senegalia polyphylla	(DC.) Britton & Rose	BR	Fazenda Faroeste, margem direita do Rio São Miguel.	Minas Gerais	PRESENT		60545be9-4f28-4245-b4b4-07635c8dfa54	-20.255833	-45.6625			675.0	25.0			2004-02-15	15	2	2004	2980360	2980360	PRESERVED_SPECIMEN	UEFS	HUEFS	94264	1061	D.S.Seigler & P.G.Ribeiro	2018-02-01T00:00:00	CC_BY_4_0	Herbario da Universidade Estadual de Feira de Santana	Melo, P.H.A.		native	2026-06-26T17:13:29.954Z		CONTINENT_DERIVED_FROM_COORDINATES;INSTITUTION_MATCH_FUZZY;INSTITUTION_COLLECTION_MISMATCH
1094812138	2e684fd6-09e2-4661-910a-0a188b610c04	https://specieslink.net/guid/204/94262	Plantae	Tracheophyta	Magnoliopsida	Fabales	Fabaceae	Anadenanthera	Anadenanthera colubrina		SPECIES	Anadenanthera colubrina (Vell.) Brenan	Anadenanthera colubrina	(Vell.) Brenan	BR	Fazenda Amargoso, MG 439 km 16.	Minas Gerais	PRESENT		60545be9-4f28-4245-b4b4-07635c8dfa54	-20.387222	-45.649722			780.0	30.0			2003-04-16	16	4	2003	2952823	2952823	PRESERVED_SPECIMEN	UEFS	HUEFS	94262	580	L.A.Silva	2014-10-01T00:00:00	CC_BY_4_0	Herbario da Universidade Estadual de Feira de Santana	Melo, P.H.A.		native	2026-06-26T17:13:29.684Z		CONTINENT_DERIVED_FROM_COORDINATES;INSTITUTION_MATCH_FUZZY;INSTITUTION_COLLECTION_MISMATCH
1094812134	2e684fd6-09e2-4661-910a-0a188b610c04	https://specieslink.net/guid/204/94252	Plantae	Tracheophyta	Magnoliopsida	Fabales	Fabaceae	Senegalia	Senegalia polyphylla		SPECIES	Senegalia polyphylla (DC.) Britton & Rose	Senegalia polyphylla	(DC.) Britton & Rose	BR	Fazenda Faroeste, margem direita do Rio São Miguel.	Minas Gerais	PRESENT		60545be9-4f28-4245-b4b4-07635c8dfa54	-20.256389	-45.669167			750.0	50.0			2003-03-08	8	3	2003	2980360	2980360	PRESERVED_SPECIMEN	UEFS	HUEFS	94252	478	D.S.Seigler & P.G.Ribeiro	2018-02-01T00:00:00	CC_BY_4_0	Herbario da Universidade Estadual de Feira de Santana	Melo, P.H.A.		native	2026-06-26T17:13:57.392Z		CONTINENT_DERIVED_FROM_COORDINATES;INSTITUTION_MATCH_FUZZY;INSTITUTION_COLLECTION_MISMATCH
1094812129	2e684fd6-09e2-4661-910a-0a188b610c04	https://specieslink.net/guid/204/94261	Plantae	Tracheophyta	Magnoliopsida	Fabales	Fabaceae	Swartzia	Swartzia apetala	glabra	VARIETY	Swartzia apetala var. glabra (Vogel) R.S.Cowan	Swartzia apetala var. glabra	(Vogel) R.S.Cowan	BR	Fazenda Amargoso, MG 439 km 16.	Minas Gerais	PRESENT		60545be9-4f28-4245-b4b4-07635c8dfa54	-20.387222	-45.649722							2003-01-31	31	1	2003	5351927	5351925	PRESERVED_SPECIMEN	UEFS	HUEFS	94261	368	V.F.Mansano	2009-11-01T00:00:00	CC_BY_4_0	Herbario da Universidade Estadual de Feira de Santana	Melo, P.H.A.		native	2026-06-26T17:13:57.033Z		CONTINENT_DERIVED_FROM_COORDINATES;INSTITUTION_MATCH_FUZZY;INSTITUTION_COLLECTION_MISMATCH
1094812126	2e684fd6-09e2-4661-910a-0a188b610c04	https://specieslink.net/guid/204/94263	Plantae	Tracheophyta	Magnoliopsida	Fabales	Fabaceae	Senegalia	Senegalia paraensis		SPECIES	Senegalia paraensis (Ducke) Seigler & Ebinger	Senegalia paraensis	(Ducke) Seigler & Ebinger	BR	Fazenda Faroeste, margem direita do Rio São Miguel.	Minas Gerais	PRESENT		60545be9-4f28-4245-b4b4-07635c8dfa54	-20.255833	-45.6625			675.0	25.0			2004-02-15	15	2	2004	3795937	3795937	PRESERVED_SPECIMEN	UEFS	HUEFS	94263	1062	D.S.Seigler & J.E.Ebinger	2008-01-01T00:00:00	CC_BY_4_0	Herbario da Universidade Estadual de Feira de Santana	Melo, P.H.A.		native	2026-06-26T17:13:29.771Z		CONTINENT_DERIVED_FROM_COORDINATES;INSTITUTION_MATCH_FUZZY;INSTITUTION_COLLECTION_MISMATCH
1094812124	2e684fd6-09e2-4661-910a-0a188b610c04	https://specieslink.net/guid/204/94267	Plantae	Tracheophyta	Magnoliopsida	Fabales	Fabaceae	Lonchocarpus	Lonchocarpus cultratus		SPECIES	Lonchocarpus cultratus (Vell.) A.M.G.Azevedo & H.C.Lima	Lonchocarpus cultratus	(Vell.) A.M.G.Azevedo & H.C.Lima	BR	Fazenda Amargoso, MG 439 km 16.	Minas Gerais	PRESENT		60545be9-4f28-4245-b4b4-07635c8dfa54	-20.380833	-45.651111			725.0	25.0			2004-04-23	23	4	2004	3908683	3908683	PRESERVED_SPECIMEN	UEFS	HUEFS	94267	1187	L.P.de Queiroz	2006-09-01T00:00:00	CC_BY_4_0	Herbario da Universidade Estadual de Feira de Santana	Melo, P.H.A.		native	2026-06-26T17:13:29.908Z		CONTINENT_DERIVED_FROM_COORDINATES;INSTITUTION_MATCH_FUZZY;INSTITUTION_COLLECTION_MISMATCH
1094812122	2e684fd6-09e2-4661-910a-0a188b610c04	https://specieslink.net/guid/204/94253	Plantae	Tracheophyta	Magnoliopsida	Fabales	Fabaceae	Bauhinia	Bauhinia forficata		SPECIES	Bauhinia forficata Link	Bauhinia forficata	Link	BR	Fazenda Faroeste, margem esquerda do Rio São Miguel.	Minas Gerais	PRESENT		60545be9-4f28-4245-b4b4-07635c8dfa54	-20.256389	-45.669167							2002-10-04	4	10	2002	2953861	2953861	PRESERVED_SPECIMEN	UEFS	HUEFS	94253	48	L.P.de Queiroz	2011-12-01T00:00:00	CC_BY_4_0	Herbario da Universidade Estadual de Feira de Santana	Melo, P.H.A.		native	2026-06-26T17:13:30.356Z		CONTINENT_DERIVED_FROM_COORDINATES;INSTITUTION_MATCH_FUZZY;INSTITUTION_COLLECTION_MISMATCH
1094812121	2e684fd6-09e2-4661-910a-0a188b610c04	https://specieslink.net/guid/204/94269	Plantae	Tracheophyta	Magnoliopsida	Fabales	Fabaceae	Zollernia	Zollernia ilicifolia		SPECIES	Zollernia ilicifolia (Brongn.) Vogel	Zollernia ilicifolia	(Brongn.) Vogel	BR	Fazenda Amargoso, MG 439 km 16.	Minas Gerais	PRESENT		60545be9-4f28-4245-b4b4-07635c8dfa54	-20.387222	-45.649722			750.0	0.0			2003-09-09	9	9	2003	2943588	2943588	PRESERVED_SPECIMEN	UEFS	HUEFS	94269	834	L.P.de Queiroz	2009-01-01T00:00:00	CC_BY_4_0	Herbario da Universidade Estadual de Feira de Santana	Melo, P.H.A.		native	2026-06-26T17:13:29.936Z		CONTINENT_DERIVED_FROM_COORDINATES;INSTITUTION_MATCH_FUZZY;INSTITUTION_COLLECTION_MISMATCH
1094812119	2e684fd6-09e2-4661-910a-0a188b610c04	https://specieslink.net/guid/204/94272	Plantae	Tracheophyta	Magnoliopsida	Fabales	Fabaceae	Acacia			GENUS	Acacia Mill.	Acacia		BR	Fazenda Amargoso, MG 439 km 16	Minas Gerais	PRESENT		60545be9-4f28-4245-b4b4-07635c8dfa54	-20.387222	-45.649722			780.0	30.0			2003-04-16	16	4	2003	2978223		PRESERVED_SPECIMEN	UEFS	HUEFS	94272	577			CC_BY_4_0	Herbario da Universidade Estadual de Feira de Santana	Melo, P.H.A.			2026-06-26T17:13:30.642Z		CONTINENT_DERIVED_FROM_COORDINATES;INSTITUTION_MATCH_FUZZY;INSTITUTION_COLLECTION_MISMATCH
1094812114	2e684fd6-09e2-4661-910a-0a188b610c04	https://specieslink.net/guid/204/94271	Plantae	Tracheophyta	Magnoliopsida	Fabales	Fabaceae	Senna	Senna affinis		SPECIES	Senna affinis (Benth.) H.S.Irwin & Barneby	Senna affinis	(Benth.) H.S.Irwin & Barneby	BR	Fazenda Faroeste, margem direita do Rio São Miguel.	Minas Gerais	PRESENT		60545be9-4f28-4245-b4b4-07635c8dfa54	-20.256389	-45.669167			750.0	50.0			2003-03-08	8	3	2003	2958020	2958020	PRESERVED_SPECIMEN	UEFS	HUEFS	94271	476	J.P.Santos	2017-04-01T00:00:00	CC_BY_4_0	Herbario da Universidade Estadual de Feira de Santana	Melo, P.H.A.		native	2026-06-26T17:13:30.201Z		CONTINENT_DERIVED_FROM_COORDINATES;INSTITUTION_MATCH_FUZZY;INSTITUTION_COLLECTION_MISMATCH
1094812109	2e684fd6-09e2-4661-910a-0a188b610c04	https://specieslink.net/guid/204/94270	Plantae	Tracheophyta	Magnoliopsida	Fabales	Fabaceae	Senegalia	Senegalia polyphylla		SPECIES	Senegalia polyphylla (DC.) Britton & Rose	Senegalia polyphylla	(DC.) Britton & Rose	BR	Fazenda Faroeste, margem esquerda do Rio São Miguel.	Minas Gerais	PRESENT		60545be9-4f28-4245-b4b4-07635c8dfa54	-20.265	-45.670278			750.0	0.0			2003-09-10	10	9	2003	2980360	2980360	PRESERVED_SPECIMEN	UEFS	HUEFS	94270	850	D.S.Seigler & P.G.Ribeiro	2018-02-01T00:00:00	CC_BY_4_0	Herbario da Universidade Estadual de Feira de Santana	Melo, P.H.A.		native	2026-06-26T17:13:57.032Z		CONTINENT_DERIVED_FROM_COORDINATES;INSTITUTION_MATCH_FUZZY;INSTITUTION_COLLECTION_MISMATCH
1094812091	2e684fd6-09e2-4661-910a-0a188b610c04	https://specieslink.net/guid/204/94266	Plantae	Tracheophyta	Magnoliopsida	Fabales	Fabaceae	Dahlstedtia	Dahlstedtia muehlbergiana		SPECIES	Dahlstedtia muehlbergiana (Hassl.) M.J.Silva & A.M.G.Azevedo	Dahlstedtia muehlbergiana	(Hassl.) M.J.Silva & A.M.G.Azevedo	BR	Fazenda Amargoso, MG 439 km 16.	Minas Gerais	PRESENT		60545be9-4f28-4245-b4b4-07635c8dfa54	-20.387222	-45.649722							2003-03-22	22	3	2003	8359138	8359138	PRESERVED_SPECIMEN	UEFS	HUEFS	94266	516	L.P.de Queiroz	2012-09-01T00:00:00	CC_BY_4_0	Herbario da Universidade Estadual de Feira de Santana	Melo, P.H.A.		native	2026-06-26T17:13:30.319Z		CONTINENT_DERIVED_FROM_COORDINATES;INSTITUTION_MATCH_FUZZY;INSTITUTION_COLLECTION_MISMATCH
1094812078	2e684fd6-09e2-4661-910a-0a188b610c04	https://specieslink.net/guid/204/94247	Plantae	Tracheophyta	Magnoliopsida	Fabales	Fabaceae	Senegalia	Senegalia polyphylla		SPECIES	Senegalia polyphylla (DC.) Britton & Rose	Senegalia polyphylla	(DC.) Britton & Rose	BR	Fazenda Amargoso, MG km 16.	Minas Gerais	PRESENT		60545be9-4f28-4245-b4b4-07635c8dfa54	-20.393056	-45.646389			750.0	0.0			2003-08-09	9	8	2003	2980360	2980360	PRESERVED_SPECIMEN	UEFS	HUEFS	94247	793	D.S.Seigler & P.G.Ribeiro	2018-02-01T00:00:00	CC_BY_4_0	Herbario da Universidade Estadual de Feira de Santana	Melo, P.H.A.		native	2026-06-26T17:13:30.098Z		CONTINENT_DERIVED_FROM_COORDINATES;INSTITUTION_MATCH_FUZZY;INSTITUTION_COLLECTION_MISMATCH
1094810809	2e684fd6-09e2-4661-910a-0a188b610c04	https://specieslink.net/guid/204/92937	Plantae	Tracheophyta	Magnoliopsida	Lamiales	Lamiaceae	Ocimum	Ocimum carnosum		SPECIES	Ocimum selloi Benth.	Ocimum selloi	Benth.	BR	Margem direita do Rio São Miguel.	Minas Gerais	PRESENT		60545be9-4f28-4245-b4b4-07635c8dfa54	-20.251667	-45.663056			750.0	50.0			2003-07-05	5	7	2003	7308424	3898191	PRESERVED_SPECIMEN	UEFS	HUEFS	92937	739	R.M.Harley	2005-01-01T00:00:00	CC_BY_4_0	Herbario da Universidade Estadual de Feira de Santana	Melo, P.H.A.			2026-06-26T17:13:30.189Z		CONTINENT_DERIVED_FROM_COORDINATES;INSTITUTION_MATCH_FUZZY;INSTITUTION_COLLECTION_MISMATCH
1094802526	2e684fd6-09e2-4661-910a-0a188b610c04	https://specieslink.net/guid/204/84600	Plantae	Tracheophyta	Magnoliopsida	Malpighiales	Lacistemataceae	Lacistema	Lacistema hasslerianum		SPECIES	Lacistema hasslerianum Chodat	Lacistema hasslerianum	Chodat	BR	Fazenda do Engenho - Calciolandia	Minas Gerais	PRESENT		60545be9-4f28-4245-b4b4-07635c8dfa54	-20.298056	-45.545833							1940-10-12	12	10	1940	3075426	3075426	PRESERVED_SPECIMEN	UEFS	HUEFS	84600	322	J.A.Lombardi	2004-02-01T00:00:00	CC_BY_4_0	Herbario da Universidade Estadual de Feira de Santana	Oliveira, J.E.de		native	2026-06-26T17:13:28.545Z		CONTINENT_DERIVED_FROM_COORDINATES;INSTITUTION_MATCH_FUZZY;INSTITUTION_COLLECTION_MISMATCH
1094802497	2e684fd6-09e2-4661-910a-0a188b610c04	https://specieslink.net/guid/204/84601	Plantae	Tracheophyta	Magnoliopsida	Lamiales	Bignoniaceae	Fridericia	Fridericia speciosa		SPECIES	Fridericia speciosa Mart.	Fridericia speciosa	Mart.	BR	Fazenda Faroeste, margem direita do Rio São Miguel.	Minas Gerais	PRESENT		60545be9-4f28-4245-b4b4-07635c8dfa54	-20.298056	-45.545833			800.0	50.0			2003-10-20	20	10	2003	5668574	5668574	PRESERVED_SPECIMEN	UEFS	HUEFS	84601	905	J.A.Lombardi	2003-11-01T00:00:00	CC_BY_4_0	Herbario da Universidade Estadual de Feira de Santana	Melo, P.H.A.		native	2026-06-26T17:13:28.217Z		CONTINENT_DERIVED_FROM_COORDINATES;INSTITUTION_MATCH_FUZZY;INSTITUTION_COLLECTION_MISMATCH
1094802484	2e684fd6-09e2-4661-910a-0a188b610c04	https://specieslink.net/guid/204/84599	Plantae	Tracheophyta	Magnoliopsida	Malpighiales	Lacistemataceae	Lacistema	Lacistema hasslerianum		SPECIES	Lacistema hasslerianum Chodat	Lacistema hasslerianum	Chodat	BR	Água Limpa - Calciolandia	Minas Gerais	PRESENT		60545be9-4f28-4245-b4b4-07635c8dfa54	-20.298056	-45.545833							1940-10-07	7	10	1940	3075426	3075426	PRESERVED_SPECIMEN	UEFS	HUEFS	84599	173A	J.A.Lombardi	2004-02-01T00:00:00	CC_BY_4_0	Herbario da Universidade Estadual de Feira de Santana	Oliveira, J.E.de		native	2026-06-26T17:13:28.984Z		CONTINENT_DERIVED_FROM_COORDINATES;INSTITUTION_MATCH_FUZZY;INSTITUTION_COLLECTION_MISMATCH
1094793232	2e684fd6-09e2-4661-910a-0a188b610c04	https://specieslink.net/guid/204/75208	Plantae	Tracheophyta	Magnoliopsida	Solanales	Solanaceae	Lycianthes	Lycianthes repens		SPECIES	Lycianthes repens (Spreng.) Bitter	Lycianthes repens	(Spreng.) Bitter	BR	Fazenda Amargoso, MG 439 Km 16.	Minas Gerais	PRESENT		60545be9-4f28-4245-b4b4-07635c8dfa54	-20.387222	-45.649722							2002-12-30	30	12	2002	3799000	3799000	PRESERVED_SPECIMEN	UEFS	HUEFS	75208	267	J.R.Stehmann		CC_BY_4_0	Herbario da Universidade Estadual de Feira de Santana	Melo, P.H.A.		native	2026-06-26T17:13:27.607Z		CONTINENT_DERIVED_FROM_COORDINATES;INSTITUTION_MATCH_FUZZY;INSTITUTION_COLLECTION_MISMATCH
1094793201	2e684fd6-09e2-4661-910a-0a188b610c04	https://specieslink.net/guid/204/75202	Plantae	Tracheophyta	Liliopsida	Liliales	Alstroemeriaceae	Bomarea	Bomarea edulis		SPECIES	Bomarea edulis (Tussac) Herb.	Bomarea edulis	(Tussac) Herb.	BR	Fazenda Faroeste, margem direita do Rio São Miguel.	Minas Gerais	PRESENT		60545be9-4f28-4245-b4b4-07635c8dfa54	-20.251389	-45.663611							2003-02-01	1	2	2003	2754028	2754028	PRESERVED_SPECIMEN	UEFS	HUEFS	75202	383	J.A.Lombardi		CC_BY_4_0	Herbario da Universidade Estadual de Feira de Santana	Melo, P.H.A.		native	2026-06-26T17:13:27.368Z		CONTINENT_DERIVED_FROM_COORDINATES;INSTITUTION_MATCH_FUZZY;INSTITUTION_COLLECTION_MISMATCH
1094793200	2e684fd6-09e2-4661-910a-0a188b610c04	https://specieslink.net/guid/204/75203	Plantae	Tracheophyta	Liliopsida	Poales	Bromeliaceae	Aechmea	Aechmea distichantha		SPECIES	Aechmea distichantha Lem.	Aechmea distichantha	Lem.	BR	Fazenda Massarambára.	Minas Gerais	PRESENT		60545be9-4f28-4245-b4b4-07635c8dfa54	-20.298056	-45.545833							2002-08-08	8	8	2002	2698018	2698018	PRESERVED_SPECIMEN	UEFS	HUEFS	75203	10	J.A.Lombardi		CC_BY_4_0	Herbario da Universidade Estadual de Feira de Santana	Melo, P.H.A.		native	2026-06-26T17:13:56.803Z		CONTINENT_DERIVED_FROM_COORDINATES;INSTITUTION_MATCH_FUZZY;INSTITUTION_COLLECTION_MISMATCH
1094793196	2e684fd6-09e2-4661-910a-0a188b610c04	https://specieslink.net/guid/204/75207	Plantae	Tracheophyta	Magnoliopsida	Celastrales	Celastraceae	Maytenus	Maytenus salicifolia		SPECIES	Maytenus salicifolia Reissek	Maytenus salicifolia	Reissek	BR	Fazenda Faroeste, margem esquerda do Rio São Miguel.	Minas Gerais	PRESENT		60545be9-4f28-4245-b4b4-07635c8dfa54	-20.256389	-45.669167							2002-10-04	4	10	2002	3794167	3794167	PRESERVED_SPECIMEN	UEFS	HUEFS	75207	56	J.A.Lombardi		CC_BY_4_0	Herbario da Universidade Estadual de Feira de Santana	Melo, P.H.A.			2026-06-26T17:13:27.476Z		CONTINENT_DERIVED_FROM_COORDINATES;INSTITUTION_MATCH_FUZZY;INSTITUTION_COLLECTION_MISMATCH
1094793193	2e684fd6-09e2-4661-910a-0a188b610c04	https://specieslink.net/guid/204/75211	Plantae	Tracheophyta	Liliopsida	Asparagales	Orchidaceae	Cattleya	Cattleya bicolor		SPECIES	Cattleya bicolor Lindl.	Cattleya bicolor	Lindl.	BR	Fazenda Faroeste, margem direita do Rio São Miguel.	Minas Gerais	PRESENT		60545be9-4f28-4245-b4b4-07635c8dfa54	-20.251667	-45.663056							2002-12-31	31	12	2002	2800828	2800828	PRESERVED_SPECIMEN	UEFS	HUEFS	75211	345	P.L.Viana		CC_BY_4_0	Herbario da Universidade Estadual de Feira de Santana	Melo, P.H.A.		native	2026-06-26T17:13:27.428Z		CONTINENT_DERIVED_FROM_COORDINATES;INSTITUTION_MATCH_FUZZY;INSTITUTION_COLLECTION_MISMATCH
1094793189	2e684fd6-09e2-4661-910a-0a188b610c04	https://specieslink.net/guid/204/75209	Plantae	Tracheophyta	Magnoliopsida	Cucurbitales	Cucurbitaceae	Wilbrandia	Wilbrandia hibiscoides		SPECIES	Wilbrandia hibiscoides Silva Manso	Wilbrandia hibiscoides	Silva Manso	BR	Fazenda Faroeste, margem direita do Rio São Miguel.	Minas Gerais	PRESENT		60545be9-4f28-4245-b4b4-07635c8dfa54	-20.251667	-45.663056							2002-12-31	31	12	2002	7317954	7317954	PRESERVED_SPECIMEN	UEFS	HUEFS	75209	296	J.A.Lombardi		CC_BY_4_0	Herbario da Universidade Estadual de Feira de Santana	Melo, P.H.A.		native	2026-06-26T17:13:56.684Z		CONTINENT_DERIVED_FROM_COORDINATES;INSTITUTION_MATCH_FUZZY;INSTITUTION_COLLECTION_MISMATCH
1094793187	2e684fd6-09e2-4661-910a-0a188b610c04	https://specieslink.net/guid/204/75199	Plantae	Tracheophyta	Magnoliopsida	Solanales	Solanaceae	Capsicum	Capsicum baccatum	baccatum	VARIETY	Capsicum baccatum var. baccatum	Capsicum baccatum var. baccatum	L.	BR	Fazenda Amargoso, MG 439 Km 16.	Minas Gerais	PRESENT		60545be9-4f28-4245-b4b4-07635c8dfa54	-20.387222	-45.649722							2003-01-31	31	1	2003	7258979	2932938	PRESERVED_SPECIMEN	UEFS	HUEFS	75199	362	G.Barboza	2010-01-01T00:00:00	CC_BY_4_0	Herbario da Universidade Estadual de Feira de Santana	Melo, P.H.A.		native	2026-06-26T17:13:27.268Z		CONTINENT_DERIVED_FROM_COORDINATES;INSTITUTION_MATCH_FUZZY;INSTITUTION_COLLECTION_MISMATCH
1094793185	2e684fd6-09e2-4661-910a-0a188b610c04	https://specieslink.net/guid/204/75206	Plantae	Tracheophyta	Magnoliopsida	Rosales	Cannabaceae	Celtis	Celtis chicape		SPECIES	Celtis chichape (Wedd.) Miq.	Celtis chichape	(Weed.) Miq.	BR	Fazenda Faroeste, margem esquerda do Rio São Miguel.	Minas Gerais	PRESENT		60545be9-4f28-4245-b4b4-07635c8dfa54	-20.256389	-45.669167							2002-10-04	4	10	2002	4159735	8383074	PRESERVED_SPECIMEN	UEFS	HUEFS	75206	55	L.C.Pederneiras	2008-07-01T00:00:00	CC_BY_4_0	Herbario da Universidade Estadual de Feira de Santana	Melo, P.H.A.		native	2026-06-26T17:13:27.426Z		CONTINENT_DERIVED_FROM_COORDINATES;INSTITUTION_MATCH_FUZZY;INSTITUTION_COLLECTION_MISMATCH
1094793182	2e684fd6-09e2-4661-910a-0a188b610c04	https://specieslink.net/guid/204/75205	Plantae	Tracheophyta	Magnoliopsida	Sapindales	Meliaceae	Cedrela	Cedrela odorata		SPECIES	Cedrela odorata L.	Cedrela odorata	L.	BR	Fazenda Faroeste, margem esquerda do Rio São Miguel.	Minas Gerais	PRESENT		60545be9-4f28-4245-b4b4-07635c8dfa54	-20.256389	-45.669167							2002-10-04	4	10	2002	3190511	3190511	PRESERVED_SPECIMEN	UEFS	HUEFS	75205	50	J.A.Lombardi		CC_BY_4_0	Herbario da Universidade Estadual de Feira de Santana	Melo, P.H.A.		native	2026-06-26T17:13:56.461Z		CONTINENT_DERIVED_FROM_COORDINATES;INSTITUTION_MATCH_FUZZY;INSTITUTION_COLLECTION_MISMATCH
1094793176	2e684fd6-09e2-4661-910a-0a188b610c04	https://specieslink.net/guid/204/75201	Plantae	Tracheophyta	Magnoliopsida	Celastrales	Celastraceae	Hippocratea	Hippocratea volubilis		SPECIES	Hippocratea volubilis L.	Hippocratea volubilis	L.	BR	Fazenda Faroeste, margem direita do Rio São Miguel.	Minas Gerais	PRESENT		60545be9-4f28-4245-b4b4-07635c8dfa54	-20.251389	-45.663611							2003-02-01	1	2	2003	3169012	3169012	PRESERVED_SPECIMEN	UEFS	HUEFS	75201	382	J.A.Lombardi		CC_BY_4_0	Herbario da Universidade Estadual de Feira de Santana	Melo, P.H.A.		native	2026-06-26T17:13:27.342Z		CONTINENT_DERIVED_FROM_COORDINATES;INSTITUTION_MATCH_FUZZY;INSTITUTION_COLLECTION_MISMATCH
1094793173	2e684fd6-09e2-4661-910a-0a188b610c04	https://specieslink.net/guid/204/75200	Plantae	Tracheophyta	Magnoliopsida	Solanales	Solanaceae	Capsicum	Capsicum rabenii		SPECIES	Capsicum praetermissum Heiser & P.G.Sm.	Capsicum praetermissum	Heiser & P.G.Smith	BR	Fazenda Faroeste, margem direita do Rio São Miguel.	Minas Gerais	PRESENT		60545be9-4f28-4245-b4b4-07635c8dfa54	-20.251389	-45.663611							2003-02-01	1	2	2003	3798243	3798192	PRESERVED_SPECIMEN	UEFS	HUEFS	75200	381	G.Barboza	2010-01-01T00:00:00	CC_BY_4_0	Herbario da Universidade Estadual de Feira de Santana	Melo, P.H.A.		native	2026-06-26T17:13:27.424Z		CONTINENT_DERIVED_FROM_COORDINATES;INSTITUTION_MATCH_FUZZY;INSTITUTION_COLLECTION_MISMATCH
1094793171	2e684fd6-09e2-4661-910a-0a188b610c04	https://specieslink.net/guid/204/75204	Plantae	Tracheophyta	Magnoliopsida	Lamiales	Verbenaceae	Aloysia	Aloysia virgata		SPECIES	Aloysia virgata (Ruiz & Pav.) Juss.	Aloysia virgata	(Ruiz & Pav.) Juss.	BR	Fazenda Faroeste, margem direita do Rio São Miguel.	Minas Gerais	PRESENT		60545be9-4f28-4245-b4b4-07635c8dfa54	-20.256389	-45.669167							2002-11-16	16	11	2002	7297208	7297208	PRESERVED_SPECIMEN	UEFS	HUEFS	75204	260	J.A.Lombardi		CC_BY_4_0	Herbario da Universidade Estadual de Feira de Santana	Melo, P.H.A.		native	2026-06-26T17:13:27.193Z		CONTINENT_DERIVED_FROM_COORDINATES;INSTITUTION_MATCH_FUZZY;INSTITUTION_COLLECTION_MISMATCH
1094793168	2e684fd6-09e2-4661-910a-0a188b610c04	https://specieslink.net/guid/204/75197	Plantae	Tracheophyta	Magnoliopsida	Gentianales	Rubiaceae	Coutarea	Coutarea hexandra		SPECIES	Coutarea hexandra (Jacq.) K.Schum.	Coutarea hexandra	(Jacq.) K.Schum.	BR	Fazenda Amargoso, MG 439 Km 16.	Minas Gerais	PRESENT		60545be9-4f28-4245-b4b4-07635c8dfa54	-20.387222	-45.649722							2003-01-31	31	1	2003	2893703	2893703	PRESERVED_SPECIMEN	UEFS	HUEFS	75197	351	J.A.Lombardi		CC_BY_4_0	Herbario da Universidade Estadual de Feira de Santana	Melo, P.H.A.		native	2026-06-26T17:13:27.035Z		CONTINENT_DERIVED_FROM_COORDINATES;INSTITUTION_MATCH_FUZZY;INSTITUTION_COLLECTION_MISMATCH
1094793167	2e684fd6-09e2-4661-910a-0a188b610c04	https://specieslink.net/guid/204/75196	Plantae	Tracheophyta	Magnoliopsida	Lamiales	Acanthaceae	Justicia	Justicia thunbergioides		SPECIES	Justicia thunbergioides (Lindau) Leonard	Justicia thunbergioides	(Lindau) Leonard	BR	Fazenda Faroeste, margem direita do Rio São Miguel.	Minas Gerais	PRESENT		60545be9-4f28-4245-b4b4-07635c8dfa54	-20.256389	-45.669167			750.0	50.0			2003-03-08	8	3	2003	3780196	3780196	PRESERVED_SPECIMEN	UEFS	HUEFS	75196	455	J.A.Lombardi	2003-04-01T00:00:00	CC_BY_4_0	Herbario da Universidade Estadual de Feira de Santana	Melo, P.H.A.		native	2026-06-26T17:13:27.030Z		CONTINENT_DERIVED_FROM_COORDINATES;INSTITUTION_MATCH_FUZZY;INSTITUTION_COLLECTION_MISMATCH
1094793163	2e684fd6-09e2-4661-910a-0a188b610c04	https://specieslink.net/guid/204/75210	Plantae	Tracheophyta	Magnoliopsida	Lamiales	Verbenaceae	Lantana	Lantana camara		SPECIES	Lantana camara L.	Lantana camara	L.	BR	Fazenda Faroeste, margem direita do Rio São Miguel.	Minas Gerais	PRESENT		60545be9-4f28-4245-b4b4-07635c8dfa54	-20.251667	-45.663056							2002-12-31	31	12	2002	2925303	2925303	PRESERVED_SPECIMEN	UEFS	HUEFS	75210	304	J.A.Lombardi		CC_BY_4_0	Herbario da Universidade Estadual de Feira de Santana	Melo, P.H.A.		introduced	2026-06-26T17:13:27.768Z		CONTINENT_DERIVED_FROM_COORDINATES;INSTITUTION_MATCH_FUZZY;INSTITUTION_COLLECTION_MISMATCH
1094789031	2e684fd6-09e2-4661-910a-0a188b610c04	https://specieslink.net/guid/204/71001	Plantae	Tracheophyta	Magnoliopsida	Lamiales	Verbenaceae	Phyla	Phyla nodiflora		SPECIES	Phyla nodiflora (L.) Greene	Phyla nodiflora		BR	Fazenda Olhos d'Água.	Minas Gerais	PRESENT		60545be9-4f28-4245-b4b4-07635c8dfa54	-20.298056	-45.545833							1940-10-16	16	10	1940	5341112	5341112	PRESERVED_SPECIMEN	UEFS	HUEFS	71001	180	F.R.G.Salimena	2004-01-01T00:00:00	CC_BY_4_0	Herbario da Universidade Estadual de Feira de Santana	Oliveira, J.E.de		native	2026-06-26T17:13:27.465Z		CONTINENT_DERIVED_FROM_COORDINATES;INSTITUTION_MATCH_FUZZY;INSTITUTION_COLLECTION_MISMATCH
1094778355	2e684fd6-09e2-4661-910a-0a188b610c04	https://specieslink.net/guid/204/60286	Plantae	Tracheophyta	Magnoliopsida	Fabales	Polygalaceae	Polygala	Polygala tenella		SPECIES	Polygala leptocaulis Torr. & A.Gray	Polygala leptocaulis	Torr. & A.Gray	BR	Fazenda do Engenho Garças.	Minas Gerais	PRESENT		60545be9-4f28-4245-b4b4-07635c8dfa54	-20.298056	-45.545833							1940-10-13	13	10	1940	3191394	4050677	PRESERVED_SPECIMEN	UEFS	HUEFS	60286	185	J.F.B.Pastore	2007-05-01T00:00:00	CC_BY_4_0	Herbario da Universidade Estadual de Feira de Santana	Oliveira, J.E.de			2026-06-26T17:13:25.038Z		CONTINENT_DERIVED_FROM_COORDINATES;INSTITUTION_MATCH_FUZZY;INSTITUTION_COLLECTION_MISMATCH
1094778309	2e684fd6-09e2-4661-910a-0a188b610c04	https://specieslink.net/guid/204/60320	Plantae	Tracheophyta	Magnoliopsida	Laurales	Lauraceae	Mespilodaphne	Mespilodaphne pulchella	ferruginea	VARIETY	Ocotea pulchella var. ferruginea Hassl.	Ocotea pulchella var. ferruginea		BR	Garças.	Minas Gerais	PRESENT		60545be9-4f28-4245-b4b4-07635c8dfa54	-20.298056	-45.545833							1940-10-07	7	10	1940	10944721	7304710	PRESERVED_SPECIMEN	UEFS	HUEFS	60320	190	P.Moraes	2010-08-01T00:00:00	CC_BY_4_0	Herbario da Universidade Estadual de Feira de Santana	Oliveira, J.E.de			2026-06-26T17:13:56.360Z		CONTINENT_DERIVED_FROM_COORDINATES;INSTITUTION_MATCH_FUZZY;INSTITUTION_COLLECTION_MISMATCH
1090848505	68c90cbc-e74b-4fb6-8ee4-6fa3bd247837	https://specieslink.net/guid/441/31473	Plantae	Tracheophyta	Magnoliopsida	Fabales	Fabaceae	Inga	Inga affinis	affinis	SUBSPECIES	Inga vera subsp. affinis (DC.) T.D.Penn.	Inga vera affinis	Willd.	BR	Mineração Vale do São Miguel, Região cárstica; encosta de afloramento calcáreo com a presença de lianas e rupícolas.	Minas Gerais	PRESENT		fe647d6c-1c4b-441b-b93b-d310d074b227	-20.353889	-45.683333							2006-07-14	14	7	2006	5357571	5357569	PRESERVED_SPECIMEN	UFV	VIC	31473	194	Fernandes, J.M.	2008-08-25T00:00:00	CC_BY_4_0	Herbário da Universidade Federal de Viçosa	Borges, R.A.X.; Bernardo, P.H.		native	2026-06-27T12:13:54.637Z		CONTINENT_DERIVED_FROM_COORDINATES;INSTITUTION_MATCH_FUZZY;INSTITUTION_COLLECTION_MISMATCH
1090848485	68c90cbc-e74b-4fb6-8ee4-6fa3bd247837	https://specieslink.net/guid/441/31474	Plantae	Tracheophyta	Magnoliopsida	Fabales	Fabaceae	Inga	Inga striata		SPECIES	Inga striata Benth.	Inga striata	Benth.	BR	Mineração Vale do São Miguel	Minas Gerais	PRESENT		fe647d6c-1c4b-441b-b93b-d310d074b227	-20.359722	-45.673889							2006-07-12	12	7	2006	5358084	5358084	PRESERVED_SPECIMEN	UFV	VIC	31474	228	Fernandes, J.M.	2008-08-25T00:00:00	CC_BY_4_0	Herbário da Universidade Federal de Viçosa	Borges, R.A.X.; Bernardo, P.H.		native	2026-06-27T12:13:54.790Z		CONTINENT_DERIVED_FROM_COORDINATES;INSTITUTION_MATCH_FUZZY;INSTITUTION_COLLECTION_MISMATCH
1090820378	09010edb-5e55-4dc0-8a97-a26a3bb89e85	https://specieslink.net/guid/237/55124	Plantae	Tracheophyta	Magnoliopsida	Lamiales	Acanthaceae	Justicia	Justicia brasiliana		SPECIES	Justicia brasiliana Roth	Justicia brasiliana	Roth	BR	Mineração Vale do São Miguel, Próximo ao rio Miguel.	Minas Gerais	PRESENT		9610290b-e0ea-439b-b726-ba11bcecfb86	-20.366389	-45.669722							2006-07-11	11	7	2006	3771127	3771127	PRESERVED_SPECIMEN	UFU	HUFU	55124	206	Prolice, S.R.	2008-01-01T00:00:00	CC_BY_4_0	Herbarium Uberlandense	Borges, R.A.X.; Bernardo, P.H.		native	2026-06-26T15:52:31.571Z		CONTINENT_DERIVED_FROM_COORDINATES;INSTITUTION_MATCH_FUZZY;INSTITUTION_COLLECTION_MISMATCH
1090699063	fdf55163-54d8-4bc7-862d-7e41068589e3	https://specieslink.net/guid/15/60292	Plantae	Tracheophyta	Magnoliopsida	Celastrales	Celastraceae	Peritassa	Peritassa campestris		SPECIES	Peritassa campestris (Cambess.) A.C.Sm.	Peritassa campestris	(Cambess.) A.C.Sm.	BR	Capão da Bexiga	Minas Gerais	PRESENT		92bd7d31-3255-4f1c-8552-cbb6fbe60478	-20.281944	-45.539167							1990-08-09	9	8	1990	8501730	8501730	PRESERVED_SPECIMEN	UNESP-RC	HRCB	60292	1081	Lombardi, J.A.	2013-06-01T00:00:00	CC_BY_4_0	Herbário Rioclarense	Vinha, P.C.		native	2026-06-26T18:22:28.137Z		CONTINENT_DERIVED_FROM_COORDINATES;INSTITUTION_MATCH_NONE
1090696013	fdf55163-54d8-4bc7-862d-7e41068589e3	https://specieslink.net/guid/15/53017	Plantae	Tracheophyta	Magnoliopsida	Laurales	Lauraceae	Nectandra			GENUS	Nectandra Rol. ex Rottb.	Nectandra		BR	Região de Corumbá	Minas Gerais	PRESENT		92bd7d31-3255-4f1c-8552-cbb6fbe60478	-20.338333	-45.632							2005-05-20	20	5	2005	3034018		PRESERVED_SPECIMEN	UNESP-RC	HRCB	53017	1351			CC_BY_4_0	Herbário Rioclarense	Melo, P.H.A.			2026-06-26T18:22:23.914Z		CONTINENT_DERIVED_FROM_COORDINATES;INSTITUTION_MATCH_NONE
1090695900	fdf55163-54d8-4bc7-862d-7e41068589e3	https://specieslink.net/guid/15/53016	Plantae	Tracheophyta	Magnoliopsida	Laurales	Lauraceae	Nectandra			GENUS	Nectandra Rol. ex Rottb.	Nectandra		BR	Fazenda Amargoso MG 439, km 16	Minas Gerais	PRESENT		92bd7d31-3255-4f1c-8552-cbb6fbe60478	-20.387222	-45.649722			750.0				2003-05-25	25	5	2003	3034018		PRESERVED_SPECIMEN	UNESP-RC	HRCB	53016	624			CC_BY_4_0	Herbário Rioclarense	Melo, P.H.A.			2026-06-26T18:22:22.722Z		CONTINENT_DERIVED_FROM_COORDINATES;INSTITUTION_MATCH_NONE
1090694888	fdf55163-54d8-4bc7-862d-7e41068589e3	https://specieslink.net/guid/15/50268	Plantae	Tracheophyta	Magnoliopsida	Boraginales	Heliotropiaceae	Tournefortia			GENUS	Tournefortia L.	Tournefortia		BR	Fazenda Faroeste Margem direita do rio São Miguel	Minas Gerais	PRESENT		92bd7d31-3255-4f1c-8552-cbb6fbe60478	-20.257222	-45.663722			650.0				2004-01-02	2	1	2004	2925828		PRESERVED_SPECIMEN	UNESP-RC	HRCB	50268	1050			CC_BY_4_0	Herbário Rioclarense	Melo, P.H.A.			2026-06-26T18:22:21.704Z		CONTINENT_DERIVED_FROM_COORDINATES;INSTITUTION_MATCH_NONE
1090694873	fdf55163-54d8-4bc7-862d-7e41068589e3	https://specieslink.net/guid/15/50270	Plantae	Tracheophyta	Magnoliopsida	Boraginales	Heliotropiaceae	Myriopus	Myriopus paniculatus		SPECIES	Tournefortia paniculata Cham.	Tournefortia paniculata	Cham.	BR	Fazenda Amargoso MG 439, km 16	Minas Gerais	PRESENT		92bd7d31-3255-4f1c-8552-cbb6fbe60478	-20.387222	-45.649722							2003-03-06	6	3	2003	7295176	7294713	PRESERVED_SPECIMEN	UNESP-RC	HRCB	50270	437	Melo, P.H.A.	2005-11-01T00:00:00	CC_BY_4_0	Herbário Rioclarense	Melo, P.H.A.			2026-06-26T18:22:21.692Z		CONTINENT_DERIVED_FROM_COORDINATES;INSTITUTION_MATCH_NONE
1090694867	fdf55163-54d8-4bc7-862d-7e41068589e3	https://specieslink.net/guid/15/50269	Plantae	Tracheophyta	Magnoliopsida	Boraginales	Cordiaceae	Varronia	Varronia polycephala		SPECIES	Cordia urticifolia Cham.	Cordia urticifolia	Cham.	BR	Fazenda Faroeste Margem direita do rio São Miguel	Minas Gerais	PRESENT		92bd7d31-3255-4f1c-8552-cbb6fbe60478	-20.255833	-45.662583			650.0				2004-02-15	15	2	2004	5660427	4059364	PRESERVED_SPECIMEN	UNESP-RC	HRCB	50269	1078	Melo, P.H.A.	2005-11-01T00:00:00	CC_BY_4_0	Herbário Rioclarense	Melo, P.H.A.			2026-06-26T18:22:22.776Z		CONTINENT_DERIVED_FROM_COORDINATES;INSTITUTION_MATCH_NONE
1090694861	fdf55163-54d8-4bc7-862d-7e41068589e3	https://specieslink.net/guid/15/50261	Plantae	Tracheophyta	Magnoliopsida	Boraginales	Heliotropiaceae	Heliotropium	Heliotropium indicum		SPECIES	Heliotropium indicum L.	Heliotropium indicum	L.	BR	Fazenda Faroeste Margem esquerda do Rio São Miguel	Minas Gerais	PRESENT		92bd7d31-3255-4f1c-8552-cbb6fbe60478	-20.265	-45.670278			750.0				2003-09-10	10	9	2003	2925788	2925788	PRESERVED_SPECIMEN	UNESP-RC	HRCB	50261	865	Melo, P.H.A.	2004-04-01T00:00:00	CC_BY_4_0	Herbário Rioclarense	Melo, P.H.A.		native	2026-06-26T18:22:21.688Z		CONTINENT_DERIVED_FROM_COORDINATES;INSTITUTION_MATCH_NONE
1090694855	fdf55163-54d8-4bc7-862d-7e41068589e3	https://specieslink.net/guid/15/50263	Plantae	Tracheophyta	Magnoliopsida	Boraginales	Heliotropiaceae	Heliotropium	Heliotropium angiospermum		SPECIES	Heliotropium angiospermum Murray	Heliotropium angiospermum	Murray	BR	Fazenda Faroeste Margem direita do rio São Miguel	Minas Gerais	PRESENT		92bd7d31-3255-4f1c-8552-cbb6fbe60478	-20.260278	-45.664028			650.0				2003-11-23	23	11	2003	2925809	2925809	PRESERVED_SPECIMEN	UNESP-RC	HRCB	50263	957	Melo, P.H.A. & Lombardi, J.A.	2004-07-01T00:00:00	CC_BY_4_0	Herbário Rioclarense	Melo, P.H.A.		native	2026-06-26T18:22:21.660Z		CONTINENT_DERIVED_FROM_COORDINATES;INSTITUTION_MATCH_NONE
1090694854	fdf55163-54d8-4bc7-862d-7e41068589e3	https://specieslink.net/guid/15/50267	Plantae	Tracheophyta	Magnoliopsida	Boraginales	Heliotropiaceae	Myriopus	Myriopus paniculatus		SPECIES	Tournefortia paniculata Cham.	Tournefortia paniculata	Cham.	BR	Fazenda Faroeste Margem direita do rio São Miguel	Minas Gerais	PRESENT		92bd7d31-3255-4f1c-8552-cbb6fbe60478	-20.251389	-45.662972							2002-12-31	31	12	2002	7295176	7294713	PRESERVED_SPECIMEN	UNESP-RC	HRCB	50267	299	Melo, P.H.A.	2005-06-01T00:00:00	CC_BY_4_0	Herbário Rioclarense	Melo, P.H.A.			2026-06-26T18:22:22.150Z		CONTINENT_DERIVED_FROM_COORDINATES;INSTITUTION_MATCH_NONE
1090694853	fdf55163-54d8-4bc7-862d-7e41068589e3	https://specieslink.net/guid/15/50271	Plantae	Tracheophyta	Magnoliopsida	Sapindales	Anacardiaceae	Tapirira	Tapirira obtusa		SPECIES	Tapirira obtusa (Benth.) J.D.Mitch.	Tapirira obtusa	(Benth.) J.D.Mitch	BR	Faz. Faroeste	Minas Gerais	PRESENT		92bd7d31-3255-4f1c-8552-cbb6fbe60478	-20.266389	-45.660528			630.0				2004-08-13	13	8	2004	3659992	3659992	PRESERVED_SPECIMEN	UNESP-RC	HRCB	50271	1248	Lombardi. J.A.	2004-11-01T00:00:00	CC_BY_4_0	Herbário Rioclarense	Melo, P.H.A.		native	2026-06-26T18:22:22.727Z		CONTINENT_DERIVED_FROM_COORDINATES;INSTITUTION_MATCH_NONE
1090694845	fdf55163-54d8-4bc7-862d-7e41068589e3	https://specieslink.net/guid/15/50260	Plantae	Tracheophyta	Magnoliopsida	Boraginales	Heliotropiaceae	Euploca	Euploca filiformis		SPECIES	Heliotropium filiforme Lehm.	Heliotropium cf.filiforme	Lehm.	BR	Fazenda Faroeste Margem esquerda do Rio São Miguel	Minas Gerais	PRESENT		92bd7d31-3255-4f1c-8552-cbb6fbe60478	-20.265	-45.670278			750.0				2003-09-10	10	9	2003	8375101	7355598	PRESERVED_SPECIMEN	UNESP-RC	HRCB	50260	861	Melo, P.H.A.	2004-07-01T00:00:00	CC_BY_4_0	Herbário Rioclarense	Melo, P.H.A.			2026-06-26T18:22:21.351Z		CONTINENT_DERIVED_FROM_COORDINATES;INSTITUTION_MATCH_NONE
1090694588	fdf55163-54d8-4bc7-862d-7e41068589e3	https://specieslink.net/guid/15/49534	Plantae	Tracheophyta	Magnoliopsida	Sapindales	Anacardiaceae	Myracrodruon	Myracrodruon urundeuva		SPECIES	Myracrodruon urundeuva Allemão	Myracrodruon urundeuva	Allem.	BR	Fazenda Amargoso, MG 439 Km 16	Minas Gerais	PRESENT		92bd7d31-3255-4f1c-8552-cbb6fbe60478	-20.387222	-45.649722			750.0				2003-09-09	9	9	2003	3660652	3660652	PRESERVED_SPECIMEN	UNESP-RC	HRCB	49534	831	Rampin,V.T.	2008-03-01T00:00:00	CC_BY_4_0	Herbário Rioclarense	Melo, P.H.A.			2026-06-26T18:22:21.086Z		CONTINENT_DERIVED_FROM_COORDINATES;INSTITUTION_MATCH_NONE
1090694581	fdf55163-54d8-4bc7-862d-7e41068589e3	https://specieslink.net/guid/15/49523	Plantae	Tracheophyta	Liliopsida	Dioscoreales	Dioscoreaceae	Dioscorea	Dioscorea ovata		SPECIES	Dioscorea ovata Vell.	Dioscorea ovata	Vell.	BR	Fazenda Faroeste Margem direita do Rio São Miguel	Minas Gerais	PRESENT		92bd7d31-3255-4f1c-8552-cbb6fbe60478	-20.257222	-45.663722			650.0				2004-01-02	2	1	2004	2755757	2755757	PRESERVED_SPECIMEN	UNESP-RC	HRCB	49523	1051	Araújo, D.	2012-02-10T00:00:00	CC_BY_4_0	Herbário Rioclarense	Melo, P.H.A.		native	2026-06-26T18:22:21.026Z		CONTINENT_DERIVED_FROM_COORDINATES;INSTITUTION_MATCH_NONE
1090694566	fdf55163-54d8-4bc7-862d-7e41068589e3	https://specieslink.net/guid/15/49529	Plantae	Tracheophyta	Liliopsida	Dioscoreales	Dioscoreaceae	Dioscorea	Dioscorea pseudomacrocapsa		SPECIES	Dioscorea pseudomacrocapsa G.M.Barroso, E.F.Guim. & Sucre	Dioscorea pseudomacrocapsa	G.M.Barroso et al.	BR	Fazenda Amargoso MG 439 km 16	Minas Gerais	PRESENT		92bd7d31-3255-4f1c-8552-cbb6fbe60478	-20.393056	-45.646389			750.0				2003-08-09	9	8	2003	2755227	2755227	PRESERVED_SPECIMEN	UNESP-RC	HRCB	49529	779	Araújo, D.	2012-02-14T00:00:00	CC_BY_4_0	Herbário Rioclarense	Melo, P.H.A.		native	2026-06-26T18:22:22.289Z		CONTINENT_DERIVED_FROM_COORDINATES;INSTITUTION_MATCH_NONE
1090694559	fdf55163-54d8-4bc7-862d-7e41068589e3	https://specieslink.net/guid/15/49526	Plantae	Tracheophyta	Liliopsida	Dioscoreales	Dioscoreaceae	Dioscorea	Dioscorea subhastata		SPECIES	Dioscorea subhastata Vell.	Dioscorea subhastata	Vell.	BR	Fazenda Amargoso MG 439 km 16	Minas Gerais	PRESENT		92bd7d31-3255-4f1c-8552-cbb6fbe60478	-20.387222	-45.649722							2003-03-22	22	3	2003	2755132	2755132	PRESERVED_SPECIMEN	UNESP-RC	HRCB	49526	499	Araújo, D.	2012-02-24T00:00:00	CC_BY_4_0	Herbário Rioclarense	Melo, P.H.A.		native	2026-06-26T18:22:21.209Z		CONTINENT_DERIVED_FROM_COORDINATES;INSTITUTION_MATCH_NONE
1090694554	fdf55163-54d8-4bc7-862d-7e41068589e3	https://specieslink.net/guid/15/49528	Plantae	Tracheophyta	Liliopsida	Dioscoreales	Dioscoreaceae	Dioscorea	Dioscorea pseudomacrocapsa		SPECIES	Dioscorea pseudomacrocapsa G.M.Barroso, E.F.Guim. & Sucre	Dioscorea pseudomacrocapsa	G.M.Barroso et al.	BR	Fazenda Amargoso MG 439 km 16	Minas Gerais	PRESENT		92bd7d31-3255-4f1c-8552-cbb6fbe60478	-20.387222	-45.649722			750.0				2003-05-25	25	5	2003	2755227	2755227	PRESERVED_SPECIMEN	UNESP-RC	HRCB	49528	627	Araújo, D.	2012-02-14T00:00:00	CC_BY_4_0	Herbário Rioclarense	Melo, P.H.A.		native	2026-06-26T18:22:21.207Z		CONTINENT_DERIVED_FROM_COORDINATES;INSTITUTION_MATCH_NONE
1090694551	fdf55163-54d8-4bc7-862d-7e41068589e3	https://specieslink.net/guid/15/49520	Plantae	Tracheophyta	Magnoliopsida	Sapindales	Anacardiaceae	Myracrodruon	Myracrodruon urundeuva		SPECIES	Myracrodruon urundeuva Allemão	Myracrodruon urundeuva	Allem.	BR	Fazenda Amargoso, MG 439 Km 16	Minas Gerais	PRESENT		92bd7d31-3255-4f1c-8552-cbb6fbe60478	-20.393056	-45.646389			750.0				2003-12-09	9	12	2003	3660652	3660652	PRESERVED_SPECIMEN	UNESP-RC	HRCB	49520	786	Melo, P.H.A.	2003-10-01T00:00:00	CC_BY_4_0	Herbário Rioclarense	Melo, P.H.A.			2026-06-26T18:22:21.522Z		CONTINENT_DERIVED_FROM_COORDINATES;INSTITUTION_MATCH_NONE
1090694545	fdf55163-54d8-4bc7-862d-7e41068589e3	https://specieslink.net/guid/15/49531	Plantae	Tracheophyta	Magnoliopsida	Boraginales	Heliotropiaceae	Tournefortia			GENUS	Tournefortia L.	Tournefortia		BR	Fazenda Faroeste Margem direita do rio São Miguel	Minas Gerais	PRESENT		92bd7d31-3255-4f1c-8552-cbb6fbe60478	-20.260278	-45.664028			650.0				2003-11-22	22	11	2003	2925828		PRESERVED_SPECIMEN	UNESP-RC	HRCB	49531	946			CC_BY_4_0	Herbário Rioclarense	Melo, P.H.A.			2026-06-26T18:22:20.955Z		CONTINENT_DERIVED_FROM_COORDINATES;INSTITUTION_MATCH_NONE
1090691493	fdf55163-54d8-4bc7-862d-7e41068589e3	https://specieslink.net/guid/15/41431	Plantae	Tracheophyta	Liliopsida	Dioscoreales	Dioscoreaceae	Dioscorea	Dioscorea hassleriana		SPECIES	Dioscorea hassleriana Chodat	Dioscorea hassleriana	Chodat	BR	Fazenda Faroeste Margem direita do Rio São Miguel	Minas Gerais	PRESENT		92bd7d31-3255-4f1c-8552-cbb6fbe60478	-20.256389	-45.669167							2002-12-16	16	12	2002	2754578	2754578	PRESERVED_SPECIMEN	UNESP-RC	HRCB	41431	219	Araújo, D.	2012-02-23T00:00:00	CC_BY_4_0	Herbário Rioclarense	Melo, P.H.A.		native	2026-06-26T18:22:16.730Z		CONTINENT_DERIVED_FROM_COORDINATES;INSTITUTION_MATCH_NONE
1090691490	fdf55163-54d8-4bc7-862d-7e41068589e3	https://specieslink.net/guid/15/41426	Plantae	Tracheophyta	Liliopsida	Dioscoreales	Dioscoreaceae	Dioscorea	Dioscorea hassleriana		SPECIES	Dioscorea hassleriana Chodat	Dioscorea hassleriana	Chodat	BR	Fazenda Faroeste Margem direita do Rio São Miguel	Minas Gerais	PRESENT		92bd7d31-3255-4f1c-8552-cbb6fbe60478	-20.251389	-45.662972							2002-12-31	31	12	2002	2754578	2754578	PRESERVED_SPECIMEN	UNESP-RC	HRCB	41426	327	Araújo, D.	2012-02-23T00:00:00	CC_BY_4_0	Herbário Rioclarense	Melo, P.H.A.		native	2026-06-26T18:22:16.158Z		CONTINENT_DERIVED_FROM_COORDINATES;INSTITUTION_MATCH_NONE
1090691482	fdf55163-54d8-4bc7-862d-7e41068589e3	https://specieslink.net/guid/15/41420	Plantae	Tracheophyta	Liliopsida	Dioscoreales	Dioscoreaceae	Dioscorea	Dioscorea pseudomacrocapsa		SPECIES	Dioscorea pseudomacrocapsa G.M.Barroso, E.F.Guim. & Sucre	Dioscorea pseudomacrocapsa	G.M. Barroso, E.F. Guim. & Sucre	BR	Fazenda Amargoso MG 439 km 16	Minas Gerais	PRESENT		92bd7d31-3255-4f1c-8552-cbb6fbe60478	-20.393056	-45.646389							2003-08-09	9	8	2003	2755227	2755227	PRESERVED_SPECIMEN	UNESP-RC	HRCB	41420	779	Araújo, D.	2012-02-14T00:00:00	CC_BY_4_0	Herbário Rioclarense	Melo, P.H.A.			2026-06-26T18:22:16.725Z		CONTINENT_DERIVED_FROM_COORDINATES;INSTITUTION_MATCH_NONE
1090691478	fdf55163-54d8-4bc7-862d-7e41068589e3	https://specieslink.net/guid/15/41424	Plantae	Tracheophyta	Liliopsida	Dioscoreales	Dioscoreaceae	Dioscorea	Dioscorea demourae		SPECIES	Dioscorea demourae Uline ex R.Knuth	Dioscorea demourae	Uline ex R.Knuth	BR	Fazenda Faroeste Margem direita do Rio São Miguel	Minas Gerais	PRESENT		92bd7d31-3255-4f1c-8552-cbb6fbe60478	-20.251389	-45.662972							2002-12-31	31	12	2002	2755515	2755515	PRESERVED_SPECIMEN	UNESP-RC	HRCB	41424	339	Araújo, D.	2011-09-02T00:00:00	CC_BY_4_0	Herbário Rioclarense	Melo, P.H.A.		native	2026-06-26T18:22:16.723Z		CONTINENT_DERIVED_FROM_COORDINATES;INSTITUTION_MATCH_NONE
1090691474	fdf55163-54d8-4bc7-862d-7e41068589e3	https://specieslink.net/guid/15/41422	Plantae	Tracheophyta	Liliopsida	Dioscoreales	Dioscoreaceae	Dioscorea	Dioscorea hassleriana		SPECIES	Dioscorea hassleriana Chodat	Dioscorea hassleriana	Chodat	BR	Fazenda Amargoso MG 439 km 16	Minas Gerais	PRESENT		92bd7d31-3255-4f1c-8552-cbb6fbe60478	-20.387222	-45.649722							2003-01-31	31	1	2003	2754578	2754578	PRESERVED_SPECIMEN	UNESP-RC	HRCB	41422	352	Araújo, D.	2012-02-23T00:00:00	CC_BY_4_0	Herbário Rioclarense	Melo, P.H.A.		native	2026-06-26T18:22:15.184Z		CONTINENT_DERIVED_FROM_COORDINATES;INSTITUTION_MATCH_NONE
1090691454	fdf55163-54d8-4bc7-862d-7e41068589e3	https://specieslink.net/guid/15/41425	Plantae	Tracheophyta	Liliopsida	Dioscoreales	Dioscoreaceae	Dioscorea	Dioscorea hassleriana		SPECIES	Dioscorea hassleriana Chodat	Dioscorea hassleriana	Chodat	BR	Fazenda Faroeste Margem direita do Rio São Miguel	Minas Gerais	PRESENT		92bd7d31-3255-4f1c-8552-cbb6fbe60478	-20.251389	-45.662972							2002-12-31	31	12	2002	2754578	2754578	PRESERVED_SPECIMEN	UNESP-RC	HRCB	41425	335	Araújo, D.	2011-09-02T00:00:00	CC_BY_4_0	Herbário Rioclarense	Melo, P.H.A.		native	2026-06-26T18:22:16.715Z		CONTINENT_DERIVED_FROM_COORDINATES;INSTITUTION_MATCH_NONE
1090520921	bc81e05b-ed51-46ba-a0a4-90fbae9b5545	https://specieslink.net/guid/264/136747	Plantae	Tracheophyta	Magnoliopsida	Malpighiales	Erythroxylaceae	Erythroxylum	Erythroxylum strobilaceum		SPECIES	Erythroxylum strobilaceum Peyr.	Erythroxylum strobilaceum		BR	Fazenda Faroeste, margem esquerda do Rio São Miguel.	Minas Gerais	PRESENT		c6aacf9d-a5a7-4d7f-a6fc-ea0a4b8ec450	-20.256389	-45.669167							2002-11-16	16	11	2002	3694163	3694163	PRESERVED_SPECIMEN	CEPLAC	CEPEC	136747	232	J. L. Costa-Lima		CC_BY_4_0	Herbário do Centro de Pesquisas do Cacau	P. H. A. Melo		native	2026-06-26T19:07:07.958Z		CONTINENT_DERIVED_FROM_COORDINATES;INSTITUTION_MATCH_NONE
1090513516	bc81e05b-ed51-46ba-a0a4-90fbae9b5545	https://specieslink.net/guid/264/124618	Plantae	Tracheophyta	Magnoliopsida	Lamiales	Acanthaceae	Justicia	Justicia brasiliana		SPECIES	Justicia brasiliana Roth	Justicia brasiliana		BR	Mineração Vale do São Miguel.	Minas Gerais	PRESENT		c6aacf9d-a5a7-4d7f-a6fc-ea0a4b8ec450	-20.366389	-45.669722							2006-07-11	11	7	2006	3771127	3771127	PRESERVED_SPECIMEN	CEPLAC	CEPEC	124618	206	S. R. Profice		CC_BY_4_0	Herbário do Centro de Pesquisas do Cacau	R. A. X. Borges		native	2026-06-26T19:07:02.502Z		CONTINENT_DERIVED_FROM_COORDINATES;INSTITUTION_MATCH_NONE
1090511505	bc81e05b-ed51-46ba-a0a4-90fbae9b5545	https://specieslink.net/guid/264/122140	Plantae	Tracheophyta	Magnoliopsida	Caryophyllales	Nyctaginaceae	Pisonia			GENUS	Pisonia L.	Pisonia		BR	Fazenda Faroeste, margem esquerda do Rio São Miguel.	Minas Gerais	PRESENT		c6aacf9d-a5a7-4d7f-a6fc-ea0a4b8ec450	-20.255556	-45.67							2003-08-10	10	8	2003	3086250		PRESERVED_SPECIMEN	CEPLAC	CEPEC	122140	804	Sem Informação		CC_BY_4_0	Herbário do Centro de Pesquisas do Cacau	P. H. A. Melo			2026-06-26T19:07:01.010Z		CONTINENT_DERIVED_FROM_COORDINATES;INSTITUTION_MATCH_NONE
1090509955	bc81e05b-ed51-46ba-a0a4-90fbae9b5545	https://specieslink.net/guid/264/120172	Plantae	Tracheophyta	Magnoliopsida	Malvales	Malvaceae	Byttneria			GENUS	Byttneria Loefl.	Byttneria		BR	Fazenda Faroeste, margem direita do Rio São Miguel.	Minas Gerais	PRESENT		c6aacf9d-a5a7-4d7f-a6fc-ea0a4b8ec450	-20.251389	-45.662778							2003-02-01	1	2	2003	7445609		PRESERVED_SPECIMEN	CEPLAC	CEPEC	120172	403	Sem Informação		CC_BY_4_0	Herbário do Centro de Pesquisas do Cacau	P. H. A. Melo			2026-06-26T19:06:59.600Z		CONTINENT_DERIVED_FROM_COORDINATES;INSTITUTION_MATCH_NONE
1090509175	bc81e05b-ed51-46ba-a0a4-90fbae9b5545	https://specieslink.net/guid/264/119303	Plantae	Tracheophyta	Magnoliopsida	Caryophyllales	Amaranthaceae	Pfaffia			GENUS	Pfaffia Mart.	Pfaffia		BR	Faz. Faraoste, margem direita do Rio São Miguel.	Minas Gerais	PRESENT		c6aacf9d-a5a7-4d7f-a6fc-ea0a4b8ec450	-20.251389	-45.662778							1988-06-07	7	6	1988	3084895		PRESERVED_SPECIMEN	CEPLAC	CEPEC	119303	713	Sem Informação		CC_BY_4_0	Herbário do Centro de Pesquisas do Cacau	P. H. A. Melo			2026-06-26T19:06:58.923Z		CONTINENT_DERIVED_FROM_COORDINATES;INSTITUTION_MATCH_NONE
1090508950	bc81e05b-ed51-46ba-a0a4-90fbae9b5545	https://specieslink.net/guid/264/119051	Plantae	Tracheophyta	Magnoliopsida	Caryophyllales	Amaranthaceae	Pfaffia			GENUS	Pfaffia Mart.	Pfaffia		BR	Faz. Amargoso, MG 439 Km 16.	Minas Gerais	PRESENT		c6aacf9d-a5a7-4d7f-a6fc-ea0a4b8ec450	-20.393056	-45.646389							2003-08-09	9	8	2003	3084895		PRESERVED_SPECIMEN	CEPLAC	CEPEC	119051	780	Sem Informação		CC_BY_4_0	Herbário do Centro de Pesquisas do Cacau	P. H. A. Melo			2026-06-26T19:06:58.309Z		CONTINENT_DERIVED_FROM_COORDINATES;INSTITUTION_MATCH_NONE
1090147174	3f6a3304-f66f-4ba8-be57-92a70f3aac3f	https://specieslink.net/guid/381/6523	Plantae	Tracheophyta	Magnoliopsida	Ericales	Sapotaceae	Chrysophyllum			GENUS	Chrysophyllum L.	Chrysophyllum marginatum	L.	BR	Parque do Gafanhoto	Minas Gerais	PRESENT		3f41d988-faf2-4a9f-811e-8dac728c05d4	-20.241861	-45.477972			712.0	0.0			2013-04-02	2	4	2013	2885576		PRESERVED_SPECIMEN	UFSJ	HUFSJ	6523	15	Sobral, M	2013-06-14T00:00:00	CC_BY_4_0	Herbário da Universidade Federal de São João Del Rei	Soares, F		native	2026-06-26T18:04:44.275Z		CONTINENT_DERIVED_FROM_COORDINATES;INSTITUTION_MATCH_NONE;TAXON_MATCH_HIGHERRANK
1090147173	3f6a3304-f66f-4ba8-be57-92a70f3aac3f	https://specieslink.net/guid/381/6507	Plantae	Tracheophyta	Magnoliopsida	Rosales	Cannabaceae	Celtis			GENUS	Celtis L.	Celtis		BR	Parque do Gafanhoto	Minas Gerais	PRESENT		3f41d988-faf2-4a9f-811e-8dac728c05d4	-20.241417	-45.477528			712.0	0.0			2013-04-02	2	4	2013	2984479		PRESERVED_SPECIMEN	UFSJ	HUFSJ	6507	25	Sobral, M	2013-06-14T00:00:00	CC_BY_4_0	Herbário da Universidade Federal de São João Del Rei	Soares, F			2026-06-26T18:04:44.169Z		CONTINENT_DERIVED_FROM_COORDINATES;INSTITUTION_MATCH_NONE
1090147171	3f6a3304-f66f-4ba8-be57-92a70f3aac3f	https://specieslink.net/guid/381/6518	Plantae	Tracheophyta	Magnoliopsida	Solanales	Solanaceae	Cestrum	Cestrum mariquitense		SPECIES	Cestrum mariquitense Kunth	Cestrum mariquitense	Kunth	BR	Parque do Gafanhoto	Minas Gerais	PRESENT		3f41d988-faf2-4a9f-811e-8dac728c05d4	-20.241722	-45.477833			712.0	0.0			2013-04-02	2	4	2013	7300035	7300035	PRESERVED_SPECIMEN	UFSJ	HUFSJ	6518	68	Stehmann, JR	2016-07-05T00:00:00	CC_BY_4_0	Herbário da Universidade Federal de São João Del Rei	Soares, F		native	2026-06-26T18:04:46.472Z		CONTINENT_DERIVED_FROM_COORDINATES;INSTITUTION_MATCH_NONE
1090147170	3f6a3304-f66f-4ba8-be57-92a70f3aac3f	https://specieslink.net/guid/381/6514	Plantae	Tracheophyta	Magnoliopsida	Gentianales	Apocynaceae	Aspidosperma			GENUS	Aspidosperma Mart. & Zucc.	Aspidosperma		BR	Parque do Gafanhoto	Minas Gerais	PRESENT		3f41d988-faf2-4a9f-811e-8dac728c05d4	-20.241611	-45.477722			712.0	0.0			2013-04-06	6	4	2013	7316607		PRESERVED_SPECIMEN	UFSJ	HUFSJ	6514	36	Sobral, M	2013-06-14T00:00:00	CC_BY_4_0	Herbário da Universidade Federal de São João Del Rei	Soares, F			2026-06-26T18:04:43.981Z		CONTINENT_DERIVED_FROM_COORDINATES;INSTITUTION_MATCH_NONE
1090147169	3f6a3304-f66f-4ba8-be57-92a70f3aac3f	https://specieslink.net/guid/381/6524	Plantae	Tracheophyta	Magnoliopsida	Fabales	Fabaceae	Chamaecrista			GENUS	Chamaecrista Moench	Chamaecrista		BR	Parque do Gafanhoto	Minas Gerais	PRESENT		3f41d988-faf2-4a9f-811e-8dac728c05d4	-20.241889	-45.478			712.0	0.0			2013-04-22	22	4	2013	2949492		PRESERVED_SPECIMEN	UFSJ	HUFSJ	6524	3	Sobral, M	2013-06-14T00:00:00	CC_BY_4_0	Herbário da Universidade Federal de São João Del Rei	Soares, F			2026-06-26T18:04:43.973Z		CONTINENT_DERIVED_FROM_COORDINATES;INSTITUTION_MATCH_NONE
1090147166	3f6a3304-f66f-4ba8-be57-92a70f3aac3f	https://specieslink.net/guid/381/6519	Plantae	Tracheophyta	Magnoliopsida	Solanales	Solanaceae	Capsicum			GENUS	Capsicum L.	Capsicum		BR	Parque do Gafanhoto	Minas Gerais	PRESENT		3f41d988-faf2-4a9f-811e-8dac728c05d4	-20.24175	-45.477861			712.0	0.0			2013-04-02	2	4	2013	2932937		PRESERVED_SPECIMEN	UFSJ	HUFSJ	6519	38	Sobral, M	2013-06-14T00:00:00	CC_BY_4_0	Herbário da Universidade Federal de São João Del Rei	Soares, F			2026-06-26T18:04:44.168Z		CONTINENT_DERIVED_FROM_COORDINATES;INSTITUTION_MATCH_NONE
1090147165	3f6a3304-f66f-4ba8-be57-92a70f3aac3f	https://specieslink.net/guid/381/6512	Plantae	Tracheophyta	Magnoliopsida	Malpighiales	Euphorbiaceae	Euphorbia			GENUS	Euphorbia L.	Euphorbia		BR	Parque do Gafanhoto	Minas Gerais	PRESENT		3f41d988-faf2-4a9f-811e-8dac728c05d4	-20.241556	-45.477667			712.0	0.0			2013-05		5	2013	11397237		PRESERVED_SPECIMEN	UFSJ	HUFSJ	6512	14	Sobral, M	2013-06-14T00:00:00	CC_BY_4_0	Herbário da Universidade Federal de São João Del Rei	Soares, F			2026-06-26T18:04:46.466Z		CONTINENT_DERIVED_FROM_COORDINATES;INSTITUTION_MATCH_NONE
1090147164	3f6a3304-f66f-4ba8-be57-92a70f3aac3f	https://specieslink.net/guid/381/6516	Plantae	Tracheophyta	Magnoliopsida	Piperales	Piperaceae	Piper	Piper umbellatum		SPECIES	Piper umbellatum L.	Piper umbellatum	L.	BR	Parque do Gafanhoto	Minas Gerais	PRESENT		3f41d988-faf2-4a9f-811e-8dac728c05d4	-20.241667	-45.477778			712.0	0.0			2013-05-06	6	5	2013	3086364	3086364	PRESERVED_SPECIMEN	UFSJ	HUFSJ	6516	66	Sobral, M	2013-06-14T00:00:00	CC_BY_4_0	Herbário da Universidade Federal de São João Del Rei	Soares, F		native	2026-06-26T18:04:44.191Z		CONTINENT_DERIVED_FROM_COORDINATES;INSTITUTION_MATCH_NONE
1090147163	3f6a3304-f66f-4ba8-be57-92a70f3aac3f	https://specieslink.net/guid/381/6525	Plantae	Tracheophyta	Magnoliopsida	Fabales	Fabaceae	Piptadenia	Piptadenia gonoacantha		SPECIES	Piptadenia gonoacantha (Mart.) J.F.Macbr.	Piptadenia gonoacantha	(Mart.) J.F.Macbr.	BR	Parque do Gafanhoto	Minas Gerais	PRESENT		3f41d988-faf2-4a9f-811e-8dac728c05d4	-20.241917	-45.478028			712.0	0.0			2013-04-22	22	4	2013	2951773	2951773	PRESERVED_SPECIMEN	UFSJ	HUFSJ	6525	49	Sobral, M	2013-06-14T00:00:00	CC_BY_4_0	Herbário da Universidade Federal de São João Del Rei	Soares, F		native	2026-06-26T18:04:44.189Z		CONTINENT_DERIVED_FROM_COORDINATES;INSTITUTION_MATCH_NONE
1090147161	3f6a3304-f66f-4ba8-be57-92a70f3aac3f	https://specieslink.net/guid/381/6522	Plantae	Tracheophyta	Magnoliopsida	Myrtales	Myrtaceae	Syzygium	Syzygium jambos		SPECIES	Syzygium jambos (L.) Alston	Syzygium jambos	(L.) Alston	BR	Parque do Gafanhoto	Minas Gerais	PRESENT		3f41d988-faf2-4a9f-811e-8dac728c05d4	-20.241833	-45.477944			712.0	0.0			2013-05-02	2	5	2013	3183534	3183534	PRESERVED_SPECIMEN	UFSJ	HUFSJ	6522	83	Sobral, M	2013-06-14T00:00:00	CC_BY_4_0	Herbário da Universidade Federal de São João Del Rei	Soares, F		introduced	2026-06-26T18:04:43.968Z		CONTINENT_DERIVED_FROM_COORDINATES;INSTITUTION_MATCH_NONE
1090147158	3f6a3304-f66f-4ba8-be57-92a70f3aac3f	https://specieslink.net/guid/381/6527	Plantae	Tracheophyta	Magnoliopsida	Gentianales	Rubiaceae	Manettia			GENUS	Manettia Mutis ex L.	Manettia		BR	Parque do Gafanhoto	Minas Gerais	PRESENT		3f41d988-faf2-4a9f-811e-8dac728c05d4	-20.241972	-45.478083			712.0	0.0			2013-04		4	2013	2906969		PRESERVED_SPECIMEN	UFSJ	HUFSJ	6527	21	Sobral, M	2013-06-14T00:00:00	CC_BY_4_0	Herbário da Universidade Federal de São João Del Rei	Soares, F			2026-06-26T18:04:44.165Z		CONTINENT_DERIVED_FROM_COORDINATES;INSTITUTION_MATCH_NONE
1090147152	3f6a3304-f66f-4ba8-be57-92a70f3aac3f	https://specieslink.net/guid/381/6520	Plantae	Tracheophyta	Magnoliopsida	Gentianales	Rubiaceae	Psychotria			GENUS	Psychotria L.	Psychotria		BR	Parque do Gafanhoto	Minas Gerais	PRESENT		3f41d988-faf2-4a9f-811e-8dac728c05d4	-20.241778	-45.477889			712.0	0.0			2013-04-20	20	4	2013	2919963		PRESERVED_SPECIMEN	UFSJ	HUFSJ	6520	17	Sobral, M	2013-06-14T00:00:00	CC_BY_4_0	Herbário da Universidade Federal de São João Del Rei	Soares, F			2026-06-26T18:04:44.186Z		CONTINENT_DERIVED_FROM_COORDINATES;INSTITUTION_MATCH_NONE;TAXON_MATCH_HIGHERRANK
1090147150	3f6a3304-f66f-4ba8-be57-92a70f3aac3f	https://specieslink.net/guid/381/6509	Plantae	Tracheophyta	Magnoliopsida	Asterales	Asteraceae	Praxelis			GENUS	Praxelis Cass.	Praxelis		BR	Parque do Gafanhoto	Minas Gerais	PRESENT		3f41d988-faf2-4a9f-811e-8dac728c05d4	-20.241472	-45.477583			712.0	0.0			2012-04-22	22	4	2012	8111301		PRESERVED_SPECIMEN	UFSJ	HUFSJ	6509	26	Sobral, M	2013-06-14T00:00:00	CC_BY_4_0	Herbário da Universidade Federal de São João Del Rei	Soares, F			2026-06-26T18:04:46.458Z		CONTINENT_DERIVED_FROM_COORDINATES;INSTITUTION_MATCH_NONE
1090147144	3f6a3304-f66f-4ba8-be57-92a70f3aac3f	https://specieslink.net/guid/381/6515	Plantae	Tracheophyta	Magnoliopsida	Malvales	Malvaceae	Wissadula			GENUS	Wissadula Medik.	Wissadula		BR	Parque do Gafanhoto	Minas Gerais	PRESENT		3f41d988-faf2-4a9f-811e-8dac728c05d4	-20.241639	-45.47775			712.0	0.0			2013-04-02	2	4	2013	3152299		PRESERVED_SPECIMEN	UFSJ	HUFSJ	6515	43	Sobral, M	2013-06-14T00:00:00	CC_BY_4_0	Herbário da Universidade Federal de São João Del Rei	Soares, F			2026-06-26T18:04:44.152Z		CONTINENT_DERIVED_FROM_COORDINATES;INSTITUTION_MATCH_NONE
1090147142	3f6a3304-f66f-4ba8-be57-92a70f3aac3f	https://specieslink.net/guid/381/6526	Plantae	Tracheophyta	Magnoliopsida	Solanales	Convolvulaceae	Jacquemontia	Jacquemontia sphaerostigma		SPECIES	Jacquemontia sphaerostigma (Cav.) Rusby	Jacquemontia sphaerostigma	(Cav.) Rusby	BR	Parque do Gafanhoto	Minas Gerais	PRESENT		3f41d988-faf2-4a9f-811e-8dac728c05d4	-20.241944	-45.478056			712.0	0.0			2013-04-06	6	4	2013	8372836	8372836	PRESERVED_SPECIMEN	UFSJ	HUFSJ	6526	5	Moreira, AL	2016-09-02T00:00:00	CC_BY_4_0	Herbário da Universidade Federal de São João Del Rei	Soares, F		native	2026-06-26T18:04:44.132Z		CONTINENT_DERIVED_FROM_COORDINATES;INSTITUTION_MATCH_NONE
1090147137	3f6a3304-f66f-4ba8-be57-92a70f3aac3f	https://specieslink.net/guid/381/6506	Plantae	Tracheophyta	Magnoliopsida	Solanales	Convolvulaceae	Ipomoea			GENUS	Ipomoea L.	Ipomoea		BR	Parque do Gafanhoto	Minas Gerais	PRESENT		3f41d988-faf2-4a9f-811e-8dac728c05d4	-20.241389	-45.4775			712.0	0.0			2013-05-20	20	5	2013	2928509		PRESERVED_SPECIMEN	UFSJ	HUFSJ	6506	59	Sobral, M	2013-06-14T00:00:00	CC_BY_4_0	Herbário da Universidade Federal de São João Del Rei	Soares, F			2026-06-26T18:04:44.144Z		CONTINENT_DERIVED_FROM_COORDINATES;INSTITUTION_MATCH_NONE
1090147136	3f6a3304-f66f-4ba8-be57-92a70f3aac3f	https://specieslink.net/guid/381/6508	Plantae	Tracheophyta	Magnoliopsida	Asterales	Asteraceae	Ageratum	Ageratum conyzoides		SPECIES	Ageratum conyzoides L.	Ageratum conyzoides	L.	BR	Parque do Gafanhoto	Minas Gerais	PRESENT		3f41d988-faf2-4a9f-811e-8dac728c05d4	-20.241444	-45.477556			712.0	0.0			2013-04-22	22	4	2013	5401673	5401673	PRESERVED_SPECIMEN	UFSJ	HUFSJ	6508	7	Sobral, M	2013-06-14T00:00:00	CC_BY_4_0	Herbário da Universidade Federal de São João Del Rei	Soares, F		native	2026-06-26T18:04:44.183Z		CONTINENT_DERIVED_FROM_COORDINATES;INSTITUTION_MATCH_NONE
1090147133	3f6a3304-f66f-4ba8-be57-92a70f3aac3f	https://specieslink.net/guid/381/6513	Plantae	Tracheophyta	Magnoliopsida	Gentianales	Rubiaceae	Spermacoce			GENUS	Spermacoce L.	Spermacoce		BR	Parque do Gafanhoto	Minas Gerais	PRESENT		3f41d988-faf2-4a9f-811e-8dac728c05d4	-20.241583	-45.477694			712.0	0.0			2013-04-20	20	4	2013	2918053		PRESERVED_SPECIMEN	UFSJ	HUFSJ	6513	37	Sobral, M	2013-06-14T00:00:00	CC_BY_4_0	Herbário da Universidade Federal de São João Del Rei	Soares, F			2026-06-26T18:04:46.417Z		CONTINENT_DERIVED_FROM_COORDINATES;INSTITUTION_MATCH_NONE
1090147132	3f6a3304-f66f-4ba8-be57-92a70f3aac3f	https://specieslink.net/guid/381/6510	Plantae	Tracheophyta	Magnoliopsida	Asterales	Asteraceae	Lepidaploa			GENUS	Lepidaploa (Cass.) Cass.	Lepidaploa		BR	Parque do Gafanhoto	Minas Gerais	PRESENT		3f41d988-faf2-4a9f-811e-8dac728c05d4	-20.2415	-45.477611			712.0	0.0			2013-04-22	22	4	2013	3099651		PRESERVED_SPECIMEN	UFSJ	HUFSJ	6510	27	Sobral, M	2013-06-14T00:00:00	CC_BY_4_0	Herbário da Universidade Federal de São João Del Rei	Soares, F			2026-06-26T18:04:44.152Z		CONTINENT_DERIVED_FROM_COORDINATES;INSTITUTION_MATCH_NONE
1090147131	3f6a3304-f66f-4ba8-be57-92a70f3aac3f	https://specieslink.net/guid/381/6517	Plantae	Tracheophyta	Magnoliopsida	Caryophyllales	Amaranthaceae	Alternanthera			GENUS	Alternanthera Forssk.	Alternanthera		BR	Parque do Gafanhoto	Minas Gerais	PRESENT		3f41d988-faf2-4a9f-811e-8dac728c05d4	-20.241694	-45.477806			712.0	0.0			2013-04-06	6	4	2013	3084921		PRESERVED_SPECIMEN	UFSJ	HUFSJ	6517	29	Sobral, M	2013-06-14T00:00:00	CC_BY_4_0	Herbário da Universidade Federal de São João Del Rei	Soares, F			2026-06-26T18:04:44.181Z		CONTINENT_DERIVED_FROM_COORDINATES;INSTITUTION_MATCH_NONE;TAXON_MATCH_HIGHERRANK
1090147130	3f6a3304-f66f-4ba8-be57-92a70f3aac3f	https://specieslink.net/guid/381/6521	Plantae	Tracheophyta	Magnoliopsida	Gentianales	Rubiaceae	Coussarea	Coussarea hydrangeifolia		SPECIES	Coussarea hydrangeifolia (Benth.) Benth. & Hook.f. ex Müll.Arg.	Coussarea hydrangeifolia	(Benth.) Müll.Arg.	BR	Parque do Gafanhoto	Minas Gerais	PRESENT		3f41d988-faf2-4a9f-811e-8dac728c05d4	-20.241806	-45.477917			712.0	0.0			2013-04-20	20	4	2013	2904825	2904825	PRESERVED_SPECIMEN	UFSJ	HUFSJ	6521	16	Domingos, DQ	2023-07-06T00:00:00	CC_BY_4_0	Herbário da Universidade Federal de São João Del Rei	Soares, F		native	2026-06-26T18:04:44.148Z		CONTINENT_DERIVED_FROM_COORDINATES;INSTITUTION_MATCH_NONE
1090147128	3f6a3304-f66f-4ba8-be57-92a70f3aac3f	https://specieslink.net/guid/381/6505	Plantae	Tracheophyta	Magnoliopsida	Ericales	Styracaceae	Styrax			GENUS	Styrax L.	Styrax		BR	Parque do Gafanhoto	Minas Gerais	PRESENT		3f41d988-faf2-4a9f-811e-8dac728c05d4	-20.241361	-45.477472			712.0	0.0			2013-04-02	2	4	2013	3032925		PRESERVED_SPECIMEN	UFSJ	HUFSJ	6505	1	Sobral, M	2013-06-14T00:00:00	CC_BY_4_0	Herbário da Universidade Federal de São João Del Rei	Soares, F			2026-06-26T18:04:44.178Z		CONTINENT_DERIVED_FROM_COORDINATES;INSTITUTION_MATCH_NONE
1090147105	3f6a3304-f66f-4ba8-be57-92a70f3aac3f	https://specieslink.net/guid/381/6511	Plantae	Tracheophyta	Magnoliopsida	Lamiales	Lamiaceae	Hyptis			GENUS	Hyptis Jacq.	Hyptis		BR	Parque do Gafanhoto	Minas Gerais	PRESENT		3f41d988-faf2-4a9f-811e-8dac728c05d4	-20.241528	-45.477639			712.0	0.0			2013-04-20	20	4	2013	2926807		PRESERVED_SPECIMEN	UFSJ	HUFSJ	6511	30	Sobral, M	2013-06-14T00:00:00	CC_BY_4_0	Herbário da Universidade Federal de São João Del Rei	Soares, F			2026-06-26T18:04:44.136Z		CONTINENT_DERIVED_FROM_COORDINATES;INSTITUTION_MATCH_NONE
1090145138	3f6a3304-f66f-4ba8-be57-92a70f3aac3f	https://specieslink.net/guid/381/4513	Plantae	Tracheophyta	Magnoliopsida	Myrtales	Myrtaceae	Eugenia			GENUS	Eugenia L.	Eugenia		BR	Fazneda Faroeste, margem esquerda do rio São Miguel.	Minas Gerais	PRESENT		3f41d988-faf2-4a9f-811e-8dac728c05d4	-20.256389	-45.669167							2002-11-16	16	11	2002	3177662		PRESERVED_SPECIMEN	UFSJ	HUFSJ	4513	235			CC_BY_4_0	Herbário da Universidade Federal de São João Del Rei	Melo, PHA; Versieux, LM			2026-06-26T18:04:41.760Z		CONTINENT_DERIVED_FROM_COORDINATES;INSTITUTION_MATCH_NONE
1090143741	3f6a3304-f66f-4ba8-be57-92a70f3aac3f	https://specieslink.net/guid/381/3117	Plantae	Tracheophyta	Magnoliopsida	Myrtales	Myrtaceae	Eugenia			GENUS	Eugenia L.	Eugenia		BR	Fazenda Faroeste, margem direita do Rio São Miguel.	Minas Gerais	PRESENT		3f41d988-faf2-4a9f-811e-8dac728c05d4	-20.251389	-45.662778							2003-02-01	1	2	2003	3177662		PRESERVED_SPECIMEN	UFSJ	HUFSJ	3117	402			CC_BY_4_0	Herbário da Universidade Federal de São João Del Rei	Melo, PHA; Lombardi, JA			2026-06-26T18:04:41.527Z		CONTINENT_DERIVED_FROM_COORDINATES;INSTITUTION_MATCH_NONE
1089190774	c9bc6b8d-a4ff-4a47-9cff-d0d1b9e548c7	https://specieslink.net/guid/107/54620	Plantae	Tracheophyta	Magnoliopsida	Gentianales	Rubiaceae	Chomelia	Chomelia obtusa		SPECIES	Chomelia obtusa Cham. & Schltdl.	Chomelia obtusa	Cham. & Schltdl.	BR	Fazenda Timburé, Área de mineração da empresa CastroCal.	Minas Gerais	PRESENT		f4cf14c8-58db-4947-a93c-e43f2b7fe171	-20.410556	-45.656944			0.0				2005-05-19	19	5	2005	5337345	5337345	PRESERVED_SPECIMEN	UFPB	JPB	54620	1347	Pessoa, MCR	2013-05-01T00:00:00	CC_BY_4_0	Herbário Lauro Pires Xavier	Melo, PHA; Viana, PL		native	2026-07-10T19:49:37.897Z		INSTITUTION_MATCH_FUZZY;INSTITUTION_COLLECTION_MISMATCH
1087634207	d2470ef8-edfa-4ba7-821e-c3e1a537bdba	https://specieslink.net/guid/220/94044	Plantae	Tracheophyta	Magnoliopsida	Sapindales	Anacardiaceae	Myracrodruon	Myracrodruon urundeuva		SPECIES	Myracrodruon urundeuva Allemão	Myracrodruon urundeuva	Allemão	BR	Fazenda Amargoso, MG-439, Km 16.	Minas Gerais	PRESENT		4265f332-341c-45f6-b30b-5dc2e39b86e8	-20.387222	-45.649722							2003-09-09	9	9	2003	3660652	3660652	PRESERVED_SPECIMEN	UFMG	BHCB	94044	831	Stehmann, JR	2012-11-26T00:00:00	CC_BY_4_0	Herbário da UFMG - Fanerógamas, Algas e Fungos	Melo, PHA de			2026-06-25T20:17:37.019Z		CONTINENT_DERIVED_FROM_COORDINATES;INSTITUTION_MATCH_NONE
1087634197	d2470ef8-edfa-4ba7-821e-c3e1a537bdba	https://specieslink.net/guid/220/93985	Plantae	Tracheophyta	Magnoliopsida	Asterales	Asteraceae	Critonia	Critonia megaphylla		SPECIES	Eupatorium megaphyllum Baker	Eupatorium megaphyllum	Baker	BR	Fazenda Faroeste, Margem direita do Rio São Miguel.	Minas Gerais	PRESENT		4265f332-341c-45f6-b30b-5dc2e39b86e8	-20.260417	-45.664028							2003-07-05	5	7	2003	5385793	5403060	PRESERVED_SPECIMEN	UFMG	BHCB	93985	723	Abreu, VHR	2013-11-13T00:00:00	CC_BY_4_0	Herbário da UFMG - Fanerógamas, Algas e Fungos	Melo, PHA de; Libanio, RC; Ferreira, RR; Loyola, DM			2026-06-25T20:17:37.071Z		CONTINENT_DERIVED_FROM_COORDINATES;INSTITUTION_MATCH_NONE
1087634186	d2470ef8-edfa-4ba7-821e-c3e1a537bdba	https://specieslink.net/guid/220/94033	Plantae	Tracheophyta	Magnoliopsida	Asterales	Asteraceae	Critonia	Critonia megaphylla		SPECIES	Eupatorium megaphyllum Baker	Eupatorium megaphyllum	Baker	BR	Fazenda Amargoso, MG-439, Km 16.	Minas Gerais	PRESENT		4265f332-341c-45f6-b30b-5dc2e39b86e8	-20.393056	-45.646389							2003-08-09	9	8	2003	5385793	5403060	PRESERVED_SPECIMEN	UFMG	BHCB	94033	795	Abreu, VHR	2013-11-13T00:00:00	CC_BY_4_0	Herbário da UFMG - Fanerógamas, Algas e Fungos	Melo, PHA de			2026-06-25T20:17:37.081Z		CONTINENT_DERIVED_FROM_COORDINATES;INSTITUTION_MATCH_NONE
1087632280	d2470ef8-edfa-4ba7-821e-c3e1a537bdba	https://specieslink.net/guid/220/90127	Plantae	Tracheophyta	Liliopsida	Asparagales	Orchidaceae	Cranichis			GENUS	Cranichis Sw.	Cranichis		BR	Fazenda Amargoso, MG-439, Km 16.	Minas Gerais	PRESENT		4265f332-341c-45f6-b30b-5dc2e39b86e8	-20.381056	-45.65125							2004-05-08	8	5	2004	2789722		PRESERVED_SPECIMEN	UFMG	BHCB	90127	1199	Rezende, SG		CC_BY_4_0	Herbário da UFMG - Fanerógamas, Algas e Fungos	Melo, PHA de; et al.			2026-06-25T20:17:48.045Z		CONTINENT_DERIVED_FROM_COORDINATES;IDENTIFIED_DATE_INVALID;INSTITUTION_MATCH_NONE
1087632258	d2470ef8-edfa-4ba7-821e-c3e1a537bdba	https://specieslink.net/guid/220/90129	Plantae	Tracheophyta	Liliopsida	Asparagales	Orchidaceae	Cyclopogon	Cyclopogon longibracteatus		SPECIES	Cyclopogon longibracteatus (Barb.Rodr.) Schltr.	Cyclopogon longibracteatus	(Barb.Rodr.) Schltr.	BR	Fazenda Faroeste, Margem direita do Rio São Miguel, afloramento da Bocaina	Minas Gerais	PRESENT		4265f332-341c-45f6-b30b-5dc2e39b86e8	-20.266389	-45.660528							2004-08-13	13	8	2004	2807489	2807489	PRESERVED_SPECIMEN	UFMG	BHCB	90129	1240	Mota, RC da		CC_BY_4_0	Herbário da UFMG - Fanerógamas, Algas e Fungos	Melo, PHA de; Coelho, LHL		native	2026-06-25T20:17:36.361Z		CONTINENT_DERIVED_FROM_COORDINATES;IDENTIFIED_DATE_INVALID;INSTITUTION_MATCH_NONE
1087632060	d2470ef8-edfa-4ba7-821e-c3e1a537bdba	https://specieslink.net/guid/220/88776	Plantae	Tracheophyta	Liliopsida	Asparagales	Orchidaceae	Cranichis			GENUS	Cranichis Sw.	Cranichis		BR	Fazenda Amargoso, MG-439, Km 16.	Minas Gerais	PRESENT		4265f332-341c-45f6-b30b-5dc2e39b86e8	-20.381	-45.651222							2004-04-08	8	4	2004	2789722		PRESERVED_SPECIMEN	UFMG	BHCB	88776	1148	Mendes, MS		CC_BY_4_0	Herbário da UFMG - Fanerógamas, Algas e Fungos	Melo, PHA de; et al.			2026-06-25T20:17:36.179Z		CONTINENT_DERIVED_FROM_COORDINATES;IDENTIFIED_DATE_INVALID;INSTITUTION_MATCH_NONE
1087632049	d2470ef8-edfa-4ba7-821e-c3e1a537bdba	https://specieslink.net/guid/220/88770	Plantae	Tracheophyta	Liliopsida	Asparagales	Orchidaceae	Mesadenella	Mesadenella cuspidata		SPECIES	Mesadenella cuspidata (Lindl.) Garay	Mesadenella cuspidata	(Lindl.) Garay	BR	Fazenda Amargoso, MG-439, Km 16.	Minas Gerais	PRESENT		4265f332-341c-45f6-b30b-5dc2e39b86e8	-20.381	-45.651222							2004-04-08	8	4	2004	2805710	2805710	PRESERVED_SPECIMEN	UFMG	BHCB	88770	1147	Teles, AM		CC_BY_4_0	Herbário da UFMG - Fanerógamas, Algas e Fungos	Melo, PHA de; et al.			2026-06-25T20:17:36.115Z		CONTINENT_DERIVED_FROM_COORDINATES;IDENTIFIED_DATE_INVALID;INSTITUTION_MATCH_NONE
1087632029	d2470ef8-edfa-4ba7-821e-c3e1a537bdba	https://specieslink.net/guid/220/88771	Plantae	Tracheophyta	Liliopsida	Asparagales	Orchidaceae	Pteroglossa	Pteroglossa roseoalba		SPECIES	Pteroglossa roseoalba (Rchb.f.) Salazar & M.W.Chase	Pteroglossa roseoalba	(Rchb) Salazar & M.W.Chase	BR	Fazenda Faroeste, Margem esquerda do rio São Miguel.	Minas Gerais	PRESENT		4265f332-341c-45f6-b30b-5dc2e39b86e8	-20.263722	-45.670444							2004-04-09	9	4	2004	2850088	2850088	PRESERVED_SPECIMEN	UFMG	BHCB	88771	1159	Siqueira, J		CC_BY_4_0	Herbário da UFMG - Fanerógamas, Algas e Fungos	Melo, PHA de; et al.		native	2026-06-25T20:17:36.076Z		CONTINENT_DERIVED_FROM_COORDINATES;IDENTIFIED_DATE_INVALID;INSTITUTION_MATCH_NONE
1087632004	d2470ef8-edfa-4ba7-821e-c3e1a537bdba	https://specieslink.net/guid/220/88360	Plantae	Tracheophyta	Magnoliopsida	Asterales	Asteraceae	Pentacalia	Pentacalia desiderabilis		SPECIES	Pentacalia desiderabilis (Velloso) Cuatrec.	Pentacalia desiderabilis	(Vell.) Cuatrec.	BR	Fazenda Amargoso, MG 439, km 16.	Minas Gerais	PRESENT		4265f332-341c-45f6-b30b-5dc2e39b86e8	-20.381111	-45.651111							2004-04-08	8	4	2004	3111455	3111455	PRESERVED_SPECIMEN	UFMG	BHCB	88360	1144			CC_BY_4_0	Herbário da UFMG - Fanerógamas, Algas e Fungos	Melo, PHA de; Leite, FSF; Leal, CG		native	2026-06-25T20:17:36.111Z		CONTINENT_DERIVED_FROM_COORDINATES;IDENTIFIED_DATE_INVALID;INSTITUTION_MATCH_NONE
1087631094	d2470ef8-edfa-4ba7-821e-c3e1a537bdba	https://specieslink.net/guid/220/85641	Plantae	Tracheophyta	Magnoliopsida	Asterales	Asteraceae	Mikania	Mikania salviifolia		SPECIES	Mikania salviifolia Gardner	Mikania salviifolia	Gardner	BR	Fazenda Amargoso, MG-439, Km 16.	Minas Gerais	PRESENT		4265f332-341c-45f6-b30b-5dc2e39b86e8	-20.393056	-45.646389							2003-08-09	9	8	2003	5398605	5398605	PRESERVED_SPECIMEN	UFMG	BHCB	85641	787	Oliveira, CT		CC_BY_4_0	Herbário da UFMG - Fanerógamas, Algas e Fungos	Melo, PHA de		native	2026-06-25T20:17:35.749Z		CONTINENT_DERIVED_FROM_COORDINATES;IDENTIFIED_DATE_INVALID;INSTITUTION_MATCH_NONE
1087630214	d2470ef8-edfa-4ba7-821e-c3e1a537bdba	https://specieslink.net/guid/220/82250	Plantae	Tracheophyta	Liliopsida	Asparagales	Orchidaceae	Pteroglossa	Pteroglossa roseoalba		SPECIES	Pteroglossa roseoalba (Rchb.f.) Salazar & M.W.Chase	Pteroglossa roseoalba	(Rchb) Salazar & M.W.Chase	BR	Fazenda Faroeste, Margem direita do Rio São Miguel.	Minas Gerais	PRESENT		4265f332-341c-45f6-b30b-5dc2e39b86e8	-20.251583	-45.662778							2003-07-05	5	7	2003	2850088	2850088	PRESERVED_SPECIMEN	UFMG	BHCB	82250	728	Grandi, TSM		CC_BY_4_0	Herbário da UFMG - Fanerógamas, Algas e Fungos	Melo, PHA de; et al.		native	2026-06-25T20:17:35.451Z		CONTINENT_DERIVED_FROM_COORDINATES;IDENTIFIED_DATE_INVALID;INSTITUTION_MATCH_NONE
1087630100	d2470ef8-edfa-4ba7-821e-c3e1a537bdba	https://specieslink.net/guid/220/81571	Plantae	Tracheophyta	Magnoliopsida	Asterales	Asteraceae	Chromolaena	Chromolaena maximiliani		SPECIES	Chromolaena maximiliani (Schrad. ex DC.) R.M.King & H.Rob.	Chromolaena maximilianii	(Schrad. ex DC.) R.M.King & H.Rob.	BR	Fazenda Amargoso, MG-439, km 16.	Minas Gerais	PRESENT		4265f332-341c-45f6-b30b-5dc2e39b86e8	-20.387222	-45.649722							2003-03-22	22	3	2003	3087704	3087704	PRESERVED_SPECIMEN	UFMG	BHCB	81571	514			CC_BY_4_0	Herbário da UFMG - Fanerógamas, Algas e Fungos	Melo, PHA de			2026-06-25T20:17:35.397Z		CONTINENT_DERIVED_FROM_COORDINATES;IDENTIFIED_DATE_INVALID;INSTITUTION_MATCH_NONE;TAXON_MATCH_FUZZY
1087629548	d2470ef8-edfa-4ba7-821e-c3e1a537bdba	https://specieslink.net/guid/220/78650	Plantae	Tracheophyta	Liliopsida	Alismatales	Araceae	Thaumatophyllum	Thaumatophyllum bipinnatifidum		SPECIES	Thaumatophyllum bipinnatifidum (Schott ex Endl.) Sakur., Calazans & Mayo	Thaumatophyllum bipinnatifidum	(Schotl. & Endl.) Sakur., Calazans & Mayo	BR	Rio São Miguel, Fazenda Faroeste. Margem direita do rio.	Minas Gerais	PRESENT		4265f332-341c-45f6-b30b-5dc2e39b86e8	-20.251583	-45.662972							2003-02-01	1	2	2003	9689104	9689104	PRESERVED_SPECIMEN	UFMG	BHCB	78650	384	Magno, A		CC_BY_4_0	Herbário da UFMG - Fanerógamas, Algas e Fungos	Melo, PHA de; Lombardi, JA		native	2026-06-25T20:17:35.104Z		CONTINENT_DERIVED_FROM_COORDINATES;IDENTIFIED_DATE_INVALID;INSTITUTION_MATCH_NONE
1087629547	d2470ef8-edfa-4ba7-821e-c3e1a537bdba	https://specieslink.net/guid/220/78649	Plantae	Tracheophyta	Liliopsida	Liliales	Alstroemeriaceae	Bomarea	Bomarea edulis		SPECIES	Bomarea edulis (Tussac) Herb.	Bomarea edulis	(Tuss.) Herb.	BR	Fazenda Faroeste, Margem direita do Rio São Miguel.	Minas Gerais	PRESENT		4265f332-341c-45f6-b30b-5dc2e39b86e8	-20.251583	-45.662972							2003-02-01	1	2	2003	2754028	2754028	PRESERVED_SPECIMEN	UFMG	BHCB	78649	383	Lombardi, JA		CC_BY_4_0	Herbário da UFMG - Fanerógamas, Algas e Fungos	Melo, PHA de; Lombardi, JA		native	2026-06-25T20:17:35.966Z		CONTINENT_DERIVED_FROM_COORDINATES;IDENTIFIED_DATE_INVALID;INSTITUTION_MATCH_NONE
1087629545	d2470ef8-edfa-4ba7-821e-c3e1a537bdba	https://specieslink.net/guid/220/78674	Plantae	Tracheophyta	Magnoliopsida	Lamiales	Gesneriaceae	Chautemsia	Chautemsia calcicola		SPECIES	Chautemsia calcicola A.O.Araujo & V.C.Souza	Chautemsia calcicola	A.O.Araujo & V.C.Souza	BR	Rio São Miguel, Fazenda Faroeste. Margem direita do rio.	Minas Gerais	PRESENT		4265f332-341c-45f6-b30b-5dc2e39b86e8	-20.251583	-45.662972							2003-02-01	1	2	2003	5830511	5830511	PRESERVED_SPECIMEN	UFMG	BHCB	78674	408	Araujo, AO de	2015-05-15T00:00:00	CC_BY_4_0	Herbário da UFMG - Fanerógamas, Algas e Fungos	Melo, PHA de; Lombardi, JA	Paratype	native	2026-06-25T20:17:47.310Z		CONTINENT_DERIVED_FROM_COORDINATES;INSTITUTION_MATCH_NONE
1087629540	d2470ef8-edfa-4ba7-821e-c3e1a537bdba	https://specieslink.net/guid/220/78668	Plantae	Tracheophyta	Magnoliopsida	Myrtales	Myrtaceae	Eugenia	Eugenia lagoensis		SPECIES	Eugenia lagoensis Kiaersk.	Eugenia lagoensis	Kiaersk.	BR	Rio São Miguel, Fazenda Faroeste. Margem direita do rio.	Minas Gerais	PRESENT		4265f332-341c-45f6-b30b-5dc2e39b86e8	-20.251583	-45.662972							2003-02-01	1	2	2003	5416752	5416752	PRESERVED_SPECIMEN	UFMG	BHCB	78668	402	Sobral, M		CC_BY_4_0	Herbário da UFMG - Fanerógamas, Algas e Fungos	Melo, PHA de; Lombardi, JA		native	2026-06-25T20:18:21.560Z		CONTINENT_DERIVED_FROM_COORDINATES;IDENTIFIED_DATE_INVALID;INSTITUTION_MATCH_NONE
1087629530	d2470ef8-edfa-4ba7-821e-c3e1a537bdba	https://specieslink.net/guid/220/78642	Plantae	Tracheophyta	Magnoliopsida	Piperales	Piperaceae	Peperomia	Peperomia punicea		SPECIES	Peperomia punicea Dahlst.	Peperomia punicea	Dahlst.	BR	Fazenda Amargoso, MG-439, km 16.	Minas Gerais	PRESENT		4265f332-341c-45f6-b30b-5dc2e39b86e8	-20.387222	-45.649722							2003-01-31	31	1	2003	4184170	4184170	PRESERVED_SPECIMEN	UFMG	BHCB	78642	376	Guimarães, EF		CC_BY_4_0	Herbário da UFMG - Fanerógamas, Algas e Fungos	Melo, PHA de; Lombardi, JA		native	2026-06-25T20:17:35.958Z		CONTINENT_DERIVED_FROM_COORDINATES;IDENTIFIED_DATE_INVALID;INSTITUTION_MATCH_NONE
1087629523	d2470ef8-edfa-4ba7-821e-c3e1a537bdba	https://specieslink.net/guid/220/78645	Plantae	Tracheophyta	Magnoliopsida	Solanales	Convolvulaceae	Jacquemontia	Jacquemontia blanchetii		SPECIES	Jacquemontia blanchetii Moric.	Jacquemontia blanchetii	Moric.	BR	Fazenda Amargoso	Minas Gerais	PRESENT		4265f332-341c-45f6-b30b-5dc2e39b86e8	-20.387222	-45.649722							2003-01-31	31	1	2003	8021745	8021745	PRESERVED_SPECIMEN	UFMG	BHCB	78645	379	Buril, MT		CC_BY_4_0	Herbário da UFMG - Fanerógamas, Algas e Fungos	Melo, PHA de; Lombardi, JA		native	2026-06-25T20:17:35.141Z		CONTINENT_DERIVED_FROM_COORDINATES;IDENTIFIED_DATE_INVALID;INSTITUTION_MATCH_NONE
1087629521	d2470ef8-edfa-4ba7-821e-c3e1a537bdba	https://specieslink.net/guid/220/78623	Plantae	Tracheophyta	Liliopsida	Poales	Poaceae	Olyra	Olyra ciliatifolia		SPECIES	Olyra ciliatifolia Raddi	Olyra ciliatifolia	Raddi	BR	Fazenda Amargoso, MG 439 Km 16	Minas Gerais	PRESENT		4265f332-341c-45f6-b30b-5dc2e39b86e8	-20.387222	-45.649722							2003-01-31	31	1	2003	5679055	5679055	PRESERVED_SPECIMEN	UFMG	BHCB	78623	357	Viana, PL		CC_BY_4_0	Herbário da UFMG - Fanerógamas, Algas e Fungos	Melo, PHA de; Lombardi, JA		native	2026-06-25T20:17:35.947Z		CONTINENT_DERIVED_FROM_COORDINATES;IDENTIFIED_DATE_INVALID;INSTITUTION_MATCH_NONE
1087629517	d2470ef8-edfa-4ba7-821e-c3e1a537bdba	https://specieslink.net/guid/220/78659	Plantae	Tracheophyta	Magnoliopsida	Malpighiales	Euphorbiaceae	Romanoa	Romanoa tamnoides		SPECIES	Romanoa tamnoides (A.Juss.) Radcl.-Sm.	Romanoa tamnoides	(A.Juss.) Radcl.-Sm.	BR	Fazenda Faroeste, Margem direita do Rio São Miguel.	Minas Gerais	PRESENT		4265f332-341c-45f6-b30b-5dc2e39b86e8	-20.251583	-45.662972							2003-02-01	1	2	2003	5378207	5378207	PRESERVED_SPECIMEN	UFMG	BHCB	78659	393	Cordeiro, I		CC_BY_4_0	Herbário da UFMG - Fanerógamas, Algas e Fungos	Melo, PHA de; Lombardi, JA		native	2026-06-25T20:17:47.302Z		CONTINENT_DERIVED_FROM_COORDINATES;IDENTIFIED_DATE_INVALID;INSTITUTION_MATCH_NONE
1087629513	d2470ef8-edfa-4ba7-821e-c3e1a537bdba	https://specieslink.net/guid/220/78676	Plantae	Tracheophyta	Magnoliopsida	Caryophyllales	Amaranthaceae	Chamissoa	Chamissoa acuminata		SPECIES	Chamissoa acuminata Mart.	Chamissoa acuminata		BR	Fazenda Faroeste, Margem direita do Rio São Miguel.	Minas Gerais	PRESENT		4265f332-341c-45f6-b30b-5dc2e39b86e8	-20.251583	-45.662972							2003-02-01	1	2	2003	7323180	7323180	PRESERVED_SPECIMEN	UFMG	BHCB	78676	410	Siqueira, JC		CC_BY_4_0	Herbário da UFMG - Fanerógamas, Algas e Fungos	Melo, PHA de; Lombardi, JA		native	2026-06-25T20:17:35.108Z		CONTINENT_DERIVED_FROM_COORDINATES;IDENTIFIED_DATE_INVALID;INSTITUTION_MATCH_NONE
1087629508	d2470ef8-edfa-4ba7-821e-c3e1a537bdba	https://specieslink.net/guid/220/78667	Plantae	Tracheophyta	Magnoliopsida	Vitales	Vitaceae	Cissus	Cissus sulcicaulis		SPECIES	Cissus sulcicaulis (Baker) Planch.	Cissus sulcicaulis	(Baker) Planch.	BR	Fazenda Faroeste, Margem direita do Rio São Miguel.	Minas Gerais	PRESENT		4265f332-341c-45f6-b30b-5dc2e39b86e8	-20.251583	-45.662972							2003-02-01	1	2	2003	7293878	7293878	PRESERVED_SPECIMEN	UFMG	BHCB	78667	401	Lombardi, JA		CC_BY_4_0	Herbário da UFMG - Fanerógamas, Algas e Fungos	Melo, PHA de; Lombardi, JA		native	2026-06-25T20:17:47.300Z		CONTINENT_DERIVED_FROM_COORDINATES;IDENTIFIED_DATE_INVALID;INSTITUTION_MATCH_NONE
1087629506	d2470ef8-edfa-4ba7-821e-c3e1a537bdba	https://specieslink.net/guid/220/78629	Plantae	Tracheophyta	Magnoliopsida	Vitales	Vitaceae	Cissus	Cissus verticillata		SPECIES	Cissus verticillata (L.) Nicolson & C.E.Jarvis	Cissus verticillata	(L.) Nicolson & C.E.Jarvis	BR	Fazenda Amargoso, MG-439, Km 16.	Minas Gerais	PRESENT		4265f332-341c-45f6-b30b-5dc2e39b86e8	-20.387222	-45.649722							2003-01-31	31	1	2003	3039173	3039173	PRESERVED_SPECIMEN	UFMG	BHCB	78629	363	Lombardi, JA		CC_BY_4_0	Herbário da UFMG - Fanerógamas, Algas e Fungos	Melo, PHA de; Lombardi, JA		native	2026-06-25T20:17:35.103Z		CONTINENT_DERIVED_FROM_COORDINATES;IDENTIFIED_DATE_INVALID;INSTITUTION_MATCH_NONE
1087629505	d2470ef8-edfa-4ba7-821e-c3e1a537bdba	https://specieslink.net/guid/220/78652	Plantae	Tracheophyta	Magnoliopsida	Gentianales	Apocynaceae				FAMILY	Apocynaceae			BR	Fazenda Faroeste, Margem direita do Rio São Miguel.	Minas Gerais	PRESENT		4265f332-341c-45f6-b30b-5dc2e39b86e8	-20.251583	-45.662972							2003-02-01	1	2	2003	6701		PRESERVED_SPECIMEN	UFMG	BHCB	78652	386	Salino, A; Carvalho, FA		CC_BY_4_0	Herbário da UFMG - Fanerógamas, Algas e Fungos	Melo, PHA de; Lombardi, JA			2026-06-25T20:17:47.298Z		CONTINENT_DERIVED_FROM_COORDINATES;IDENTIFIED_DATE_INVALID;INSTITUTION_MATCH_NONE
1087629503	d2470ef8-edfa-4ba7-821e-c3e1a537bdba	https://specieslink.net/guid/220/78651	Plantae	Tracheophyta	Magnoliopsida	Malpighiales	Phyllanthaceae	Phyllanthus			GENUS	Phyllanthus L.	Phyllanthus		BR	Fazenda Faroeste, Margem direita do Rio São Miguel.	Minas Gerais	PRESENT		4265f332-341c-45f6-b30b-5dc2e39b86e8	-20.251583	-45.662972							2003-02-01	1	2	2003	3061139		PRESERVED_SPECIMEN	UFMG	BHCB	78651	385			CC_BY_4_0	Herbário da UFMG - Fanerógamas, Algas e Fungos	Melo, PHA de; Lombardi, JA			2026-06-25T20:17:35.446Z		CONTINENT_DERIVED_FROM_COORDINATES;IDENTIFIED_DATE_INVALID;INSTITUTION_MATCH_NONE;TAXON_MATCH_HIGHERRANK
1087629502	d2470ef8-edfa-4ba7-821e-c3e1a537bdba	https://specieslink.net/guid/220/78663	Plantae	Tracheophyta	Magnoliopsida	Rosales	Urticaceae	Hemistylus	Hemistylus boehmerioides		SPECIES	Hemistylus brasiliensis Wedd. ex Warm.	Hemistylus brasiliensis	Wedd. ex Warm.	BR	Rio São Miguel, Fazenda Faroeste. Margem direita do rio.	Minas Gerais	PRESENT		4265f332-341c-45f6-b30b-5dc2e39b86e8	-20.251583	-45.662972							2003-02-01	1	2	2003	5670536	5670539	PRESERVED_SPECIMEN	UFMG	BHCB	78663	397	Sobral, M		CC_BY_4_0	Herbário da UFMG - Fanerógamas, Algas e Fungos	Melo, PHA de; Lombardi, JA			2026-06-25T20:17:35.444Z		CONTINENT_DERIVED_FROM_COORDINATES;IDENTIFIED_DATE_INVALID;INSTITUTION_MATCH_NONE
1087629496	d2470ef8-edfa-4ba7-821e-c3e1a537bdba	https://specieslink.net/guid/220/78634	Plantae	Tracheophyta	Magnoliopsida	Fabales	Fabaceae	Swartzia			GENUS	Swartzia Schreb.	Swartzia		BR	Fazenda Amargoso, MG-439, Km 16.	Minas Gerais	PRESENT		4265f332-341c-45f6-b30b-5dc2e39b86e8	-20.387222	-45.649722							2003-01-31	31	1	2003	2950920		PRESERVED_SPECIMEN	UFMG	BHCB	78634	368			CC_BY_4_0	Herbário da UFMG - Fanerógamas, Algas e Fungos	Melo, PHA de; Lombardi, JA			2026-06-25T20:17:35.103Z		CONTINENT_DERIVED_FROM_COORDINATES;IDENTIFIED_DATE_INVALID;INSTITUTION_MATCH_NONE
1087629494	d2470ef8-edfa-4ba7-821e-c3e1a537bdba	https://specieslink.net/guid/220/78598	Plantae	Tracheophyta	Magnoliopsida	Malpighiales	Euphorbiaceae	Romanoa	Romanoa tamnoides		SPECIES	Romanoa tamnoides (A.Juss.) Radcl.-Sm.	Romanoa tamnoides	(A.Juss.) Radcl.-Sm.	BR	Fazenda Faroeste, Margem direita do Rio São Miguel.	Minas Gerais	PRESENT		4265f332-341c-45f6-b30b-5dc2e39b86e8	-20.251583	-45.662972							2002-12-31	31	12	2002	5378207	5378207	PRESERVED_SPECIMEN	UFMG	BHCB	78598	332	Cordeiro, I		CC_BY_4_0	Herbário da UFMG - Fanerógamas, Algas e Fungos	Melo, PHA de; Melo Júnior, EA		native	2026-06-25T20:17:35.100Z		CONTINENT_DERIVED_FROM_COORDINATES;IDENTIFIED_DATE_INVALID;INSTITUTION_MATCH_NONE
1087629490	d2470ef8-edfa-4ba7-821e-c3e1a537bdba	https://specieslink.net/guid/220/78633	Plantae	Tracheophyta	Magnoliopsida	Gentianales	Apocynaceae	Rhodocalyx	Rhodocalyx riedelii		SPECIES	Rhodocalyx riedelii (Müll.Arg.) J.F.Morales, M.E.Endress & Liede	Rhodocalyx riedelii	(Müll.Arg.) J.F.Morales & M.E.Endress	BR	Fazenda Amargoso, MG 439 Km 16.	Minas Gerais	PRESENT		4265f332-341c-45f6-b30b-5dc2e39b86e8	-20.387222	-45.649722							2003-01-31	31	1	2003	9637545	9637545	PRESERVED_SPECIMEN	UFMG	BHCB	78633	367	Moreira, NC		CC_BY_4_0	Herbário da UFMG - Fanerógamas, Algas e Fungos	Melo, PHA de; Lombardi, JA		native	2026-06-25T20:17:35.137Z		CONTINENT_DERIVED_FROM_COORDINATES;IDENTIFIED_DATE_INVALID;INSTITUTION_MATCH_NONE
1087629483	d2470ef8-edfa-4ba7-821e-c3e1a537bdba	https://specieslink.net/guid/220/78654	Plantae	Tracheophyta	Magnoliopsida	Piperales	Piperaceae	Peperomia	Peperomia hydrocotyloides	setosa	VARIETY	Peperomia hydrocotyloides var. setosa Yunck.	Peperomia hydrocotyloides setosa	Yunck.	BR	Fazenda Faroeste, Margem direita do Rio São Miguel.	Minas Gerais	PRESENT		4265f332-341c-45f6-b30b-5dc2e39b86e8	-20.251583	-45.662972							2003-02-01	1	2	2003	4189684	7305807	PRESERVED_SPECIMEN	UFMG	BHCB	78654	388	Guimarães, EF		CC_BY_4_0	Herbário da UFMG - Fanerógamas, Algas e Fungos	Melo, PHA de; Lombardi, JA		native	2026-06-25T20:17:47.291Z		CONTINENT_DERIVED_FROM_COORDINATES;IDENTIFIED_DATE_INVALID;INSTITUTION_MATCH_NONE
1087629479	d2470ef8-edfa-4ba7-821e-c3e1a537bdba	https://specieslink.net/guid/220/78619	Plantae	Tracheophyta	Magnoliopsida	Malpighiales	Euphorbiaceae				FAMILY	Euphorbiaceae			BR	Fazenda Amargoso, MG-439, Km 16.	Minas Gerais	PRESENT		4265f332-341c-45f6-b30b-5dc2e39b86e8	-20.387222	-45.649722							2003-01-31	31	1	2003	4691		PRESERVED_SPECIMEN	UFMG	BHCB	78619	353			CC_BY_4_0	Herbário da UFMG - Fanerógamas, Algas e Fungos	Melo, PHA de; Lombardi, JA			2026-06-25T20:18:21.554Z		CONTINENT_DERIVED_FROM_COORDINATES;IDENTIFIED_DATE_INVALID;INSTITUTION_MATCH_NONE
1087629478	d2470ef8-edfa-4ba7-821e-c3e1a537bdba	https://specieslink.net/guid/220/78625	Plantae	Tracheophyta	Liliopsida	Poales	Poaceae	Setaria	Setaria vulpiseta		SPECIES	Setaria vulpiseta (Lam.) Roem. & Schult.	Setaria vulpiseta	(Lam.) Roem. & Schult.	BR	Fazenda Amargoso, MG-439, Km 16.	Minas Gerais	PRESENT		4265f332-341c-45f6-b30b-5dc2e39b86e8	-20.387222	-45.649722							2003-01-31	31	1	2003	5289673	5289673	PRESERVED_SPECIMEN	UFMG	BHCB	78625	359	Viana, PL		CC_BY_4_0	Herbário da UFMG - Fanerógamas, Algas e Fungos	Melo, PHA de; Lombardi, JA		native	2026-06-25T20:17:35.439Z		CONTINENT_DERIVED_FROM_COORDINATES;IDENTIFIED_DATE_INVALID;INSTITUTION_MATCH_NONE
1087629476	d2470ef8-edfa-4ba7-821e-c3e1a537bdba	https://specieslink.net/guid/220/78626	Plantae	Tracheophyta	Magnoliopsida	Caryophyllales	Phytolaccaceae	Petiveria	Petiveria alliacea		SPECIES	Petiveria alliacea L.	Petiveria alliacea	L.	BR	Fazenda Amargoso, MG 439, Km 16.	Minas Gerais	PRESENT		4265f332-341c-45f6-b30b-5dc2e39b86e8	-20.387222	-45.649722							2003-01-31	31	1	2003	3084012	3084012	PRESERVED_SPECIMEN	UFMG	BHCB	78626	360	Lombardi, JA		CC_BY_4_0	Herbário da UFMG - Fanerógamas, Algas e Fungos	Melo, PHA de; Lombardi, JA		introduced	2026-06-25T20:17:35.127Z		CONTINENT_DERIVED_FROM_COORDINATES;IDENTIFIED_DATE_INVALID;INSTITUTION_MATCH_NONE
1087629475	d2470ef8-edfa-4ba7-821e-c3e1a537bdba	https://specieslink.net/guid/220/78658	Plantae	Tracheophyta	Magnoliopsida	Malpighiales	Malpighiaceae	Heteropterys			GENUS	Heteropterys Kunth	Heteropterys		BR	Fazenda Faroeste, Margem direita do Rio São Miguel.	Minas Gerais	PRESENT		4265f332-341c-45f6-b30b-5dc2e39b86e8	-20.251583	-45.662972							2003-02-01	1	2	2003	3191290		PRESERVED_SPECIMEN	UFMG	BHCB	78658	392			CC_BY_4_0	Herbário da UFMG - Fanerógamas, Algas e Fungos	Melo, PHA de; Lombardi, JA			2026-06-25T20:17:35.097Z		CONTINENT_DERIVED_FROM_COORDINATES;IDENTIFIED_DATE_INVALID;INSTITUTION_MATCH_NONE
1087629472	d2470ef8-edfa-4ba7-821e-c3e1a537bdba	https://specieslink.net/guid/220/78560	Plantae	Tracheophyta	Magnoliopsida	Malpighiales	Euphorbiaceae	Dalechampia	Dalechampia stipulacea		SPECIES	Dalechampia stipulacea Müll.Arg.	Dalechampia stipulacea	Müll.Arg.	BR	Fazenda Faroeste, Margem direita do Rio São Miguel.	Minas Gerais	PRESENT		4265f332-341c-45f6-b30b-5dc2e39b86e8	-20.251583	-45.662972							2002-12-31	31	12	2002	3055678	3055678	PRESERVED_SPECIMEN	UFMG	BHCB	78560	294	Cordeiro, I		CC_BY_4_0	Herbário da UFMG - Fanerógamas, Algas e Fungos	Melo, PHA de; Melo Júnior, EA		native	2026-06-25T20:17:35.096Z		CONTINENT_DERIVED_FROM_COORDINATES;IDENTIFIED_DATE_INVALID;INSTITUTION_MATCH_NONE
1087629469	d2470ef8-edfa-4ba7-821e-c3e1a537bdba	https://specieslink.net/guid/220/78603	Plantae	Tracheophyta	Liliopsida	Poales	Cyperaceae	Cyperus	Cyperus friburgensis		SPECIES	Cyperus friburgensis Boeckeler	Cyperus friburgensis	Boeckeler	BR	Rio São Miguel, Fazenda Faroeste. Margem direita do rio.	Minas Gerais	PRESENT		4265f332-341c-45f6-b30b-5dc2e39b86e8	-20.251583	-45.662972							2002-12-31	31	12	2002	2715274	2715274	PRESERVED_SPECIMEN	UFMG	BHCB	78603	337	Silva, LP da		CC_BY_4_0	Herbário da UFMG - Fanerógamas, Algas e Fungos	Melo, PHA de; Melo Júnior, EA		native	2026-06-25T20:17:35.095Z		CONTINENT_DERIVED_FROM_COORDINATES;IDENTIFIED_DATE_INVALID;INSTITUTION_MATCH_NONE
1087629468	d2470ef8-edfa-4ba7-821e-c3e1a537bdba	https://specieslink.net/guid/220/78580	Plantae	Tracheophyta	Liliopsida	Zingiberales	Marantaceae	Maranta	Maranta incrassata		SPECIES	Maranta incrassata L.Andersson	Maranta incrassata	L.Andersson	BR	Rio São Miguel, Fazenda Faroeste. Margem direita do rio.	Minas Gerais	PRESENT		4265f332-341c-45f6-b30b-5dc2e39b86e8	-20.251408	-45.662797							2002-12-31	31	12	2002	2761336	2761336	PRESERVED_SPECIMEN	UFMG	BHCB	78580	314	Fraga, FRM	2023-06-20T00:00:00	CC_BY_4_0	Herbário da UFMG - Fanerógamas, Algas e Fungos	Melo, PHA de; Melo Júnior, EA		native	2026-06-25T20:17:35.091Z		CONTINENT_DERIVED_FROM_COORDINATES;INSTITUTION_MATCH_NONE
1087629467	d2470ef8-edfa-4ba7-821e-c3e1a537bdba	https://specieslink.net/guid/220/78565	Plantae	Tracheophyta	Magnoliopsida	Boraginales	Heliotropiaceae	Myriopus	Myriopus paniculatus		SPECIES	Tournefortia paniculata Cham.	Tournefortia paniculata	Cham.	BR	Fazenda Faroeste, margem direita do Rio São Miguel.	Minas Gerais	PRESENT		4265f332-341c-45f6-b30b-5dc2e39b86e8	-20.251583	-45.662972							2002-12-31	31	12	2002	7295176	7294713	PRESERVED_SPECIMEN	UFMG	BHCB	78565	299	Melo, PHA de		CC_BY_4_0	Herbário da UFMG - Fanerógamas, Algas e Fungos	Melo, PHA de; Melo Júnior, EA			2026-06-25T20:17:35.437Z		CONTINENT_DERIVED_FROM_COORDINATES;IDENTIFIED_DATE_INVALID;INSTITUTION_MATCH_NONE
1087629463	d2470ef8-edfa-4ba7-821e-c3e1a537bdba	https://specieslink.net/guid/220/78607	Plantae	Tracheophyta	Magnoliopsida	Caryophyllales	Amaranthaceae	Pfaffia	Pfaffia glomerata		SPECIES	Pfaffia glomerata (Spreng.) Pedersen	Pfaffia glomerata	(Spreng.) Pedersen	BR	Fazenda Faroeste, Margem direita do Rio São Miguel.	Minas Gerais	PRESENT		4265f332-341c-45f6-b30b-5dc2e39b86e8	-20.251583	-45.662972							2002-12-31	31	12	2002	7323527	7323527	PRESERVED_SPECIMEN	UFMG	BHCB	78607	341	Siqueira, JC		CC_BY_4_0	Herbário da UFMG - Fanerógamas, Algas e Fungos	Melo, PHA de; Melo Júnior, EA		native	2026-06-25T20:17:35.087Z		CONTINENT_DERIVED_FROM_COORDINATES;IDENTIFIED_DATE_INVALID;INSTITUTION_MATCH_NONE
1087629462	d2470ef8-edfa-4ba7-821e-c3e1a537bdba	https://specieslink.net/guid/220/78627	Plantae	Tracheophyta	Magnoliopsida	Caryophyllales	Amaranthaceae	Chamissoa	Chamissoa acuminata		SPECIES	Chamissoa acuminata Mart.	Chamissoa acuminata		BR	Fazenda Amargoso, MG-439, km 16.	Minas Gerais	PRESENT		4265f332-341c-45f6-b30b-5dc2e39b86e8	-20.387222	-45.649722							2003-01-31	31	1	2003	7323180	7323180	PRESERVED_SPECIMEN	UFMG	BHCB	78627	361	Siqueira, JC		CC_BY_4_0	Herbário da UFMG - Fanerógamas, Algas e Fungos	Melo, PHA de; Lombardi, JA		native	2026-06-25T20:17:35.934Z		CONTINENT_DERIVED_FROM_COORDINATES;IDENTIFIED_DATE_INVALID;INSTITUTION_MATCH_NONE
1087629459	d2470ef8-edfa-4ba7-821e-c3e1a537bdba	https://specieslink.net/guid/220/78608	Plantae	Tracheophyta	Liliopsida	Poales	Poaceae				FAMILY	Poaceae			BR	Fazenda Faroeste, Margem direita do Rio São Miguel	Minas Gerais	PRESENT		4265f332-341c-45f6-b30b-5dc2e39b86e8	-20.251408	-45.612797							2002-12-31	31	12	2002	3073		PRESERVED_SPECIMEN	UFMG	BHCB	78608	342	Viana, PL		CC_BY_4_0	Herbário da UFMG - Fanerógamas, Algas e Fungos	Melo, PHA de; Melo Júnior, EA			2026-06-25T20:17:35.090Z		CONTINENT_DERIVED_FROM_COORDINATES;IDENTIFIED_DATE_INVALID;INSTITUTION_MATCH_NONE
1087629457	d2470ef8-edfa-4ba7-821e-c3e1a537bdba	https://specieslink.net/guid/220/78583	Plantae	Tracheophyta	Magnoliopsida	Vitales	Vitaceae	Cissus	Cissus serroniana		SPECIES	Cissus serroniana (Glaz.) Lombardi	Cissus serroniana	(Glaz.) Lombardi	BR	Fazenda Faroeste, Margem direita do Rio São Miguel.	Minas Gerais	PRESENT		4265f332-341c-45f6-b30b-5dc2e39b86e8	-20.251583	-45.662972							2002-12-31	31	12	2002	8025025	8025025	PRESERVED_SPECIMEN	UFMG	BHCB	78583	317	Lombardi, JA		CC_BY_4_0	Herbário da UFMG - Fanerógamas, Algas e Fungos	Melo, PHA de; Melo Júnior, EA		native	2026-06-25T20:17:35.087Z		CONTINENT_DERIVED_FROM_COORDINATES;IDENTIFIED_DATE_INVALID;INSTITUTION_MATCH_NONE
1087629453	d2470ef8-edfa-4ba7-821e-c3e1a537bdba	https://specieslink.net/guid/220/78621	Plantae	Tracheophyta	Liliopsida	Poales	Cyperaceae	Cyperus	Cyperus incomtus		SPECIES	Cyperus incomtus Kunth	Cyperus incomtus	Kunth	BR	Fazenda Amargoso, MG439, Km16	Minas Gerais	PRESENT		4265f332-341c-45f6-b30b-5dc2e39b86e8	-20.387222	-45.649722							2003-01-31	31	1	2003	2714594	2714594	PRESERVED_SPECIMEN	UFMG	BHCB	78621	355	Silva, LP da		CC_BY_4_0	Herbário da UFMG - Fanerógamas, Algas e Fungos	Melo, PHA de; Lombardi, JA		native	2026-06-25T20:17:35.092Z		CONTINENT_DERIVED_FROM_COORDINATES;IDENTIFIED_DATE_INVALID;INSTITUTION_MATCH_NONE
1087629448	d2470ef8-edfa-4ba7-821e-c3e1a537bdba	https://specieslink.net/guid/220/78597	Plantae	Tracheophyta	Magnoliopsida	Vitales	Vitaceae	Cissus	Cissus sulcicaulis		SPECIES	Cissus sulcicaulis (Baker) Planch.	Cissus sulcicaulis	(Baker) Planch.	BR	Fazenda Faroeste, Margem direita do Rio São Miguel.	Minas Gerais	PRESENT		4265f332-341c-45f6-b30b-5dc2e39b86e8	-20.251583	-45.662972							2002-12-31	31	12	2002	7293878	7293878	PRESERVED_SPECIMEN	UFMG	BHCB	78597	331	Lombardi, JA		CC_BY_4_0	Herbário da UFMG - Fanerógamas, Algas e Fungos	Melo, PHA de; Melo Júnior, EA		native	2026-06-25T20:17:35.426Z		CONTINENT_DERIVED_FROM_COORDINATES;IDENTIFIED_DATE_INVALID;INSTITUTION_MATCH_NONE
1087629440	d2470ef8-edfa-4ba7-821e-c3e1a537bdba	https://specieslink.net/guid/220/78555	Plantae	Tracheophyta	Magnoliopsida	Malpighiales	Euphorbiaceae	Acalypha	Acalypha communis		SPECIES	Acalypha communis Müll.Arg.	Acalypha communis	Müll.Arg.	BR	Fazenda Amargoso, MG-439, Km 16.	Minas Gerais	PRESENT		4265f332-341c-45f6-b30b-5dc2e39b86e8	-20.387222	-45.649722							2003-12-30	30	12	2003	3056784	3056784	PRESERVED_SPECIMEN	UFMG	BHCB	78555	289	Sousa, AAC	2016-12-01T00:00:00	CC_BY_4_0	Herbário da UFMG - Fanerógamas, Algas e Fungos	Melo, PHA de		native	2026-06-25T20:17:35.084Z		CONTINENT_DERIVED_FROM_COORDINATES;INSTITUTION_MATCH_NONE
1087629439	d2470ef8-edfa-4ba7-821e-c3e1a537bdba	https://specieslink.net/guid/220/78578	Plantae	Tracheophyta	Liliopsida	Liliales	Alstroemeriaceae	Bomarea	Bomarea edulis		SPECIES	Bomarea edulis (Tussac) Herb.	Bomarea edulis	(Tuss.) Herb.	BR	Fazenda Faroeste, Margem direita do Rio São Miguel.	Minas Gerais	PRESENT		4265f332-341c-45f6-b30b-5dc2e39b86e8	-20.251583	-45.662972							2002-12-31	31	12	2002	2754028	2754028	PRESERVED_SPECIMEN	UFMG	BHCB	78578	312	Lombardi, JA		CC_BY_4_0	Herbário da UFMG - Fanerógamas, Algas e Fungos	Melo, PHA de; Melo Júnior, EA		native	2026-06-25T20:17:35.117Z		CONTINENT_DERIVED_FROM_COORDINATES;IDENTIFIED_DATE_INVALID;INSTITUTION_MATCH_NONE
1087629438	d2470ef8-edfa-4ba7-821e-c3e1a537bdba	https://specieslink.net/guid/220/78594	Plantae	Tracheophyta	Magnoliopsida	Rosales	Urticaceae	Hemistylus	Hemistylus boehmerioides		SPECIES	Hemistylus brasiliensis Wedd. ex Warm.	Hemistylus brasiliensis	Wedd. ex Warm.	BR	Rio São Miguel, Fazenda Faroeste. Margem direita do rio.	Minas Gerais	PRESENT		4265f332-341c-45f6-b30b-5dc2e39b86e8	-20.251583	-45.662972							2002-12-31	31	12	2002	5670536	5670539	PRESERVED_SPECIMEN	UFMG	BHCB	78594	328	Sobral, M		CC_BY_4_0	Herbário da UFMG - Fanerógamas, Algas e Fungos	Melo, PHA de; Melo Júnior, EA			2026-06-25T20:17:35.925Z		CONTINENT_DERIVED_FROM_COORDINATES;IDENTIFIED_DATE_INVALID;INSTITUTION_MATCH_NONE
1087629436	d2470ef8-edfa-4ba7-821e-c3e1a537bdba	https://specieslink.net/guid/220/78576	Plantae	Tracheophyta	Magnoliopsida	Malpighiales	Euphorbiaceae	Manihot	Manihot janiphoides		SPECIES	Manihot janiphoides Müll.Arg.	Manihot janiphoides	Müll.Arg.	BR	Rio São Miguel, Fazenda Faroeste. Margem direita do rio.	Minas Gerais	PRESENT		4265f332-341c-45f6-b30b-5dc2e39b86e8	-20.251408	-45.662797							2002-12-31	31	12	2002	3060876	3060876	PRESERVED_SPECIMEN	UFMG	BHCB	78576	310	Amaral, US		CC_BY_4_0	Herbário da UFMG - Fanerógamas, Algas e Fungos	Melo, PHA de; Melo Júnior, EA		native	2026-06-25T20:17:35.082Z		CONTINENT_DERIVED_FROM_COORDINATES;IDENTIFIED_DATE_INVALID;INSTITUTION_MATCH_NONE
1087629431	d2470ef8-edfa-4ba7-821e-c3e1a537bdba	https://specieslink.net/guid/220/78596	Plantae	Tracheophyta	Magnoliopsida	Vitales	Vitaceae	Cissus	Cissus verticillata		SPECIES	Cissus verticillata (L.) Nicolson & C.E.Jarvis	Cissus verticillata	(L.) Nicolson & C.E.Jarvis	BR	Rio São Miguel, Fazenda Faroeste. Margem direita do rio.	Minas Gerais	PRESENT		4265f332-341c-45f6-b30b-5dc2e39b86e8	-20.251583	-45.662972							2002-12-31	31	12	2002	3039173	3039173	PRESERVED_SPECIMEN	UFMG	BHCB	78596	330	Lombardi, JA		CC_BY_4_0	Herbário da UFMG - Fanerógamas, Algas e Fungos	Melo, PHA de; Melo Júnior, EA		native	2026-06-25T20:17:35.073Z		CONTINENT_DERIVED_FROM_COORDINATES;IDENTIFIED_DATE_INVALID;INSTITUTION_MATCH_NONE
1087629423	d2470ef8-edfa-4ba7-821e-c3e1a537bdba	https://specieslink.net/guid/220/78554	Plantae	Tracheophyta	Magnoliopsida	Vitales	Vitaceae	Cissus	Cissus verticillata	verticillata	SUBSPECIES	Cissus verticillata subsp. verticillata	Cissus verticillata verticillata	(L.) Nicolson & C.E.Jarvis	BR	Fazenda Amargoso, MG-439, Km 16.	Minas Gerais	PRESENT		4265f332-341c-45f6-b30b-5dc2e39b86e8	-20.387222	-45.649722							2002-12-30	30	12	2002	7293806	3039173	PRESERVED_SPECIMEN	UFMG	BHCB	78554	288	Lombardi, JA		CC_BY_4_0	Herbário da UFMG - Fanerógamas, Algas e Fungos	Melo, PHA de		native	2026-06-25T20:17:47.286Z		CONTINENT_DERIVED_FROM_COORDINATES;IDENTIFIED_DATE_INVALID;INSTITUTION_MATCH_NONE
1087629420	d2470ef8-edfa-4ba7-821e-c3e1a537bdba	https://specieslink.net/guid/220/78545	Plantae	Tracheophyta	Magnoliopsida	Myrtales	Myrtaceae	Eugenia			GENUS	Eugenia L.	Eugenia		BR	Fazenda Amargoso, MG 439, km 16	Minas Gerais	PRESENT		4265f332-341c-45f6-b30b-5dc2e39b86e8	-20.387222	-45.649722							2003-12-30	30	12	2003	3177662		PRESERVED_SPECIMEN	UFMG	BHCB	78545	279	Stehmann, JR		CC_BY_4_0	Herbário da UFMG - Fanerógamas, Algas e Fungos	Melo, PHA de			2026-06-25T20:17:47.283Z		CONTINENT_DERIVED_FROM_COORDINATES;IDENTIFIED_DATE_INVALID;INSTITUTION_MATCH_NONE
1087629419	d2470ef8-edfa-4ba7-821e-c3e1a537bdba	https://specieslink.net/guid/220/78549	Plantae	Tracheophyta	Magnoliopsida	Malpighiales	Euphorbiaceae	Manihot	Manihot janiphoides		SPECIES	Manihot janiphoides Müll.Arg.	Manihot janiphoides	Müll.Arg.	BR	Fazenda Amargoso, MG 439 KM 16	Minas Gerais	PRESENT		4265f332-341c-45f6-b30b-5dc2e39b86e8	-20.387222	-45.649722							2002-12-30	30	12	2002	3060876	3060876	PRESERVED_SPECIMEN	UFMG	BHCB	78549	283	Amaral, US		CC_BY_4_0	Herbário da UFMG - Fanerógamas, Algas e Fungos	Melo, PHA de		native	2026-06-25T20:17:35.077Z		CONTINENT_DERIVED_FROM_COORDINATES;IDENTIFIED_DATE_INVALID;INSTITUTION_MATCH_NONE
1087629418	d2470ef8-edfa-4ba7-821e-c3e1a537bdba	https://specieslink.net/guid/220/78503	Plantae	Tracheophyta	Magnoliopsida	Rosales	Cannabaceae	Celtis	Celtis iguanaea		SPECIES	Celtis iguanaea (Jacq.) Sarg.	Celtis iguanaea	(Jacq.) Sarg.	BR	Rio São Miguel, Fazenda Faroeste. Margem esquerda do rio.	Minas Gerais	PRESENT		4265f332-341c-45f6-b30b-5dc2e39b86e8	-20.256389	-45.669167							2002-11-16	16	11	2002	2984498	2984498	PRESERVED_SPECIMEN	UFMG	BHCB	78503	236			CC_BY_4_0	Herbário da UFMG - Fanerógamas, Algas e Fungos	Melo, PHA de; Versieux, LM			2026-06-25T20:17:35.080Z		CONTINENT_DERIVED_FROM_COORDINATES;IDENTIFIED_DATE_INVALID;INSTITUTION_MATCH_NONE
1087629412	d2470ef8-edfa-4ba7-821e-c3e1a537bdba	https://specieslink.net/guid/220/78556	Plantae	Tracheophyta	Magnoliopsida	Caryophyllales	Talinaceae	Talinum	Talinum paniculatum		SPECIES	Talinum patens Juss.	Talinum patens	Juss	BR	Fazenda Amargoso, MG-439, Km 16.	Minas Gerais	PRESENT		4265f332-341c-45f6-b30b-5dc2e39b86e8	-20.387222	-45.649722							2003-12-30	30	12	2003	8249279	3084672	PRESERVED_SPECIMEN	UFMG	BHCB	78556	290	Sobral, M		CC_BY_4_0	Herbário da UFMG - Fanerógamas, Algas e Fungos	Melo, PHA de			2026-06-25T20:17:35.078Z		CONTINENT_DERIVED_FROM_COORDINATES;IDENTIFIED_DATE_INVALID;INSTITUTION_MATCH_NONE
1087629408	d2470ef8-edfa-4ba7-821e-c3e1a537bdba	https://specieslink.net/guid/220/78546	Plantae	Tracheophyta	Magnoliopsida	Piperales	Piperaceae	Piper	Piper umbellatum		SPECIES	Piper umbellatum L.	Piper umbellatum	L.	BR	Fazenda Amargoso, MG-439, Km 16.	Minas Gerais	PRESENT		4265f332-341c-45f6-b30b-5dc2e39b86e8	-20.387222	-45.649722							2003-12-30	30	12	2003	3086364	3086364	PRESERVED_SPECIMEN	UFMG	BHCB	78546	280	Melo, A		CC_BY_4_0	Herbário da UFMG - Fanerógamas, Algas e Fungos	Melo, PHA de		native	2026-06-25T20:17:47.280Z		CONTINENT_DERIVED_FROM_COORDINATES;IDENTIFIED_DATE_INVALID;INSTITUTION_MATCH_NONE
1087629400	d2470ef8-edfa-4ba7-821e-c3e1a537bdba	https://specieslink.net/guid/220/78540	Plantae	Tracheophyta	Magnoliopsida	Piperales	Piperaceae	Peperomia	Peperomia hydrocotyloides		SPECIES	Peperomia hydrocotyloides Miq.	Peperomia hydrocotyloides	Yunck.	BR	Fazenda Amargoso, MG-439 Km 16.	Minas Gerais	PRESENT		4265f332-341c-45f6-b30b-5dc2e39b86e8	-20.387222	-45.649722							2003-12-30	30	12	2003	7305807	7305807	PRESERVED_SPECIMEN	UFMG	BHCB	78540	274	Carvalho-Silva, M		CC_BY_4_0	Herbário da UFMG - Fanerógamas, Algas e Fungos	Melo, PHA de		native	2026-06-25T20:17:47.276Z		CONTINENT_DERIVED_FROM_COORDINATES;IDENTIFIED_DATE_INVALID;INSTITUTION_MATCH_NONE
1087629398	d2470ef8-edfa-4ba7-821e-c3e1a537bdba	https://specieslink.net/guid/220/78570	Plantae	Tracheophyta	Magnoliopsida	Lamiales	Verbenaceae	Lantana	Lantana camara		SPECIES	Lantana camara L.	Lantana camara	L.	BR	Rio São Miguel, Fazenda Faroeste. Margem direita do rio.	Minas Gerais	PRESENT		4265f332-341c-45f6-b30b-5dc2e39b86e8	-20.251389	-45.662972							2002-12-31	31	12	2002	2925303	2925303	PRESERVED_SPECIMEN	UFMG	BHCB	78570	304	Salimena, FRG		CC_BY_4_0	Herbário da UFMG - Fanerógamas, Algas e Fungos	Melo, PHA de; Melo Júnior, EA		introduced	2026-06-25T20:17:35.917Z		CONTINENT_DERIVED_FROM_COORDINATES;IDENTIFIED_DATE_INVALID;INSTITUTION_MATCH_NONE
1087629397	d2470ef8-edfa-4ba7-821e-c3e1a537bdba	https://specieslink.net/guid/220/78493	Plantae	Tracheophyta	Magnoliopsida	Oxalidales	Oxalidaceae	Oxalis	Oxalis rhombeo-ovata		SPECIES	Oxalis rhombeo-ovata A.St.-Hil.	Oxalis rhombeo-ovata	A.St.-Hil.	BR	Fazenda Faroeste, Margem esquerda do Rio São Miguel.	Minas Gerais	PRESENT		4265f332-341c-45f6-b30b-5dc2e39b86e8	-20.256389	-45.669167							2002-11-16	16	11	2002	7318187	7318187	PRESERVED_SPECIMEN	UFMG	BHCB	78493	226	Melo, PHA de		CC_BY_4_0	Herbário da UFMG - Fanerógamas, Algas e Fungos	Melo, PHA de; Versieux, LM		native	2026-06-25T20:17:47.274Z		CONTINENT_DERIVED_FROM_COORDINATES;IDENTIFIED_DATE_INVALID;INSTITUTION_MATCH_NONE
1087629394	d2470ef8-edfa-4ba7-821e-c3e1a537bdba	https://specieslink.net/guid/220/78520	Plantae	Tracheophyta	Magnoliopsida	Caryophyllales	Talinaceae	Talinum	Talinum paniculatum		SPECIES	Talinum patens Juss.	Talinum patens	Juss	BR	Fazenda Faroeste, Margem direita do Rio São Miguel.	Minas Gerais	PRESENT		4265f332-341c-45f6-b30b-5dc2e39b86e8	-20.256389	-45.669167							2002-11-16	16	11	2002	8249279	3084672	PRESERVED_SPECIMEN	UFMG	BHCB	78520	254	Sobral, M		CC_BY_4_0	Herbário da UFMG - Fanerógamas, Algas e Fungos	Melo, PHA de; Versieux, LM			2026-06-25T20:17:35.070Z		CONTINENT_DERIVED_FROM_COORDINATES;IDENTIFIED_DATE_INVALID;INSTITUTION_MATCH_NONE
1087629385	d2470ef8-edfa-4ba7-821e-c3e1a537bdba	https://specieslink.net/guid/220/78521	Plantae	Tracheophyta	Magnoliopsida	Fabales	Fabaceae	Bauhinia	Bauhinia longifolia		SPECIES	Bauhinia longifolia (Bong.) Steud.	Bauhinia longifolia	(Bong.) Steud.	BR	Fazenda Faroeste, Margem direita do Rio São Miguel.	Minas Gerais	PRESENT		4265f332-341c-45f6-b30b-5dc2e39b86e8	-20.256389	-45.669167							2002-11-16	16	11	2002	2953146	2953146	PRESERVED_SPECIMEN	UFMG	BHCB	78521	255	França, GS		CC_BY_4_0	Herbário da UFMG - Fanerógamas, Algas e Fungos	Melo, PHA de; Versieux, LM		native	2026-06-25T20:17:35.103Z		CONTINENT_DERIVED_FROM_COORDINATES;IDENTIFIED_DATE_INVALID;INSTITUTION_MATCH_NONE
1087629382	d2470ef8-edfa-4ba7-821e-c3e1a537bdba	https://specieslink.net/guid/220/78507	Plantae	Tracheophyta	Magnoliopsida	Myrtales	Myrtaceae	Eugenia	Eugenia ligustrina		SPECIES	Eugenia ligustrina (Sw.) Willd.	Eugenia ligustrina	(Sw.) Willd.	BR	Rio São Miguel, Fazenda Faroeste. Margem esquerda do rio.	Minas Gerais	PRESENT		4265f332-341c-45f6-b30b-5dc2e39b86e8	-20.256389	-45.669167							2002-11-16	16	11	2002	5416847	5416847	PRESERVED_SPECIMEN	UFMG	BHCB	78507	241	Sobral, M		CC_BY_4_0	Herbário da UFMG - Fanerógamas, Algas e Fungos	Melo, PHA de; Versieux, LM		native	2026-06-25T20:17:35.902Z		CONTINENT_DERIVED_FROM_COORDINATES;IDENTIFIED_DATE_INVALID;INSTITUTION_MATCH_NONE
1087629380	d2470ef8-edfa-4ba7-821e-c3e1a537bdba	https://specieslink.net/guid/220/78472	Plantae	Tracheophyta	Magnoliopsida	Myrtales	Myrtaceae	Campomanesia	Campomanesia guaviroba		SPECIES	Campomanesia guaviroba (DC.) Kiaersk.	Campomanesia guaviroba	(DC.) Kiaersk.	BR	Rio São Miguel, Fazenda Faroeste. Margem esquerda do rio.	Minas Gerais	PRESENT		4265f332-341c-45f6-b30b-5dc2e39b86e8	-20.256389	-45.669167							2002-11-16	16	11	2002	3180919	9358168	PRESERVED_SPECIMEN	UFMG	BHCB	78472	205	Sobral, M		CC_BY_4_0	Herbário da UFMG - Fanerógamas, Algas e Fungos	Melo, PHA de; Versieux, LM		native	2026-06-25T20:17:35.101Z		CONTINENT_DERIVED_FROM_COORDINATES;IDENTIFIED_DATE_INVALID;INSTITUTION_MATCH_NONE
1087629373	d2470ef8-edfa-4ba7-821e-c3e1a537bdba	https://specieslink.net/guid/220/78531	Plantae	Tracheophyta	Magnoliopsida	Malpighiales	Euphorbiaceae	Romanoa	Romanoa tamnoides		SPECIES	Romanoa tamnoides (A.Juss.) Radcl.-Sm.	Romanoa tamnoides	(A.Juss.) Radcl.-Sm.	BR	Fazenda Amargoso, MG-040, Km 16.	Minas Gerais	PRESENT		4265f332-341c-45f6-b30b-5dc2e39b86e8	-20.387222	-45.649722							2003-12-30	30	12	2003	5378207	5378207	PRESERVED_SPECIMEN	UFMG	BHCB	78531	265	Cordeiro, I		CC_BY_4_0	Herbário da UFMG - Fanerógamas, Algas e Fungos	Melo, PHA de		native	2026-06-25T20:17:35.065Z		CONTINENT_DERIVED_FROM_COORDINATES;IDENTIFIED_DATE_INVALID;INSTITUTION_MATCH_NONE
1087629366	d2470ef8-edfa-4ba7-821e-c3e1a537bdba	https://specieslink.net/guid/220/78502	Plantae	Tracheophyta	Magnoliopsida	Myrtales	Myrtaceae	Eugenia			GENUS	Eugenia L.	Eugenia		BR	Rio São Miguel, Fazenda Faroeste. Margem esquerda do rio.	Minas Gerais	PRESENT		4265f332-341c-45f6-b30b-5dc2e39b86e8	-20.256389	-45.669167							2002-11-16	16	11	2002	3177662		PRESERVED_SPECIMEN	UFMG	BHCB	78502	235			CC_BY_4_0	Herbário da UFMG - Fanerógamas, Algas e Fungos	Melo, PHA de; Versieux, LM			2026-06-25T20:17:35.068Z		CONTINENT_DERIVED_FROM_COORDINATES;IDENTIFIED_DATE_INVALID;INSTITUTION_MATCH_NONE
1087629365	d2470ef8-edfa-4ba7-821e-c3e1a537bdba	https://specieslink.net/guid/220/78473	Plantae	Tracheophyta	Magnoliopsida	Malpighiales	Euphorbiaceae	Sebastiania	Sebastiania brasiliensis		SPECIES	Sebastiania brasiliensis Spreng.	Sebastiania brasiliensis	Spreng.	BR	Fazenda Faroeste, Rio São Miguel.	Minas Gerais	PRESENT		4265f332-341c-45f6-b30b-5dc2e39b86e8	-20.256389	-45.669167							2002-11-16	16	11	2002	5380609	5380609	PRESERVED_SPECIMEN	UFMG	BHCB	78473	206	Lombardi, JA		CC_BY_4_0	Herbário da UFMG - Fanerógamas, Algas e Fungos	Melo, PHA de; Versieux, LM		native	2026-06-25T20:17:35.057Z		CONTINENT_DERIVED_FROM_COORDINATES;IDENTIFIED_DATE_INVALID;INSTITUTION_MATCH_NONE
1087629363	d2470ef8-edfa-4ba7-821e-c3e1a537bdba	https://specieslink.net/guid/220/78500	Plantae	Tracheophyta	Magnoliopsida	Gentianales	Apocynaceae				FAMILY	Apocynaceae			BR	Fazenda Faroeste, Margem esquerda do Rio São Miguel.	Minas Gerais	PRESENT		4265f332-341c-45f6-b30b-5dc2e39b86e8	-20.256389	-45.669167							2002-11-16	16	11	2002	6701		PRESERVED_SPECIMEN	UFMG	BHCB	78500	233	Mota, RC da		CC_BY_4_0	Herbário da UFMG - Fanerógamas, Algas e Fungos	Melo, PHA de; Versieux, LM			2026-06-25T20:17:35.416Z		CONTINENT_DERIVED_FROM_COORDINATES;IDENTIFIED_DATE_INVALID;INSTITUTION_MATCH_NONE
1087629360	d2470ef8-edfa-4ba7-821e-c3e1a537bdba	https://specieslink.net/guid/220/78501	Plantae	Tracheophyta	Magnoliopsida	Myrtales	Myrtaceae	Eugenia			GENUS	Eugenia L.	Eugenia		BR	Rio São Miguel, Fazenda Faroeste. Margem esquerda do rio.	Minas Gerais	PRESENT		4265f332-341c-45f6-b30b-5dc2e39b86e8	-20.256389	-45.669167							2002-11-16	16	11	2002	3177662		PRESERVED_SPECIMEN	UFMG	BHCB	78501	234			CC_BY_4_0	Herbário da UFMG - Fanerógamas, Algas e Fungos	Melo, PHA de; Versieux, LM			2026-06-25T20:17:35.097Z		CONTINENT_DERIVED_FROM_COORDINATES;IDENTIFIED_DATE_INVALID;INSTITUTION_MATCH_NONE
1087629355	d2470ef8-edfa-4ba7-821e-c3e1a537bdba	https://specieslink.net/guid/220/78483	Plantae	Tracheophyta	Magnoliopsida	Malpighiales	Euphorbiaceae	Dalechampia	Dalechampia stipulacea		SPECIES	Dalechampia stipulacea Müll.Arg.	Dalechampia stipulacea	Müll.Arg.	BR	Fazenda Faroeste, Margem esquerda do Rio São Miguel.	Minas Gerais	PRESENT		4265f332-341c-45f6-b30b-5dc2e39b86e8	-20.256389	-45.669167							2002-11-16	16	11	2002	3055678	3055678	PRESERVED_SPECIMEN	UFMG	BHCB	78483	216	Cordeiro, I		CC_BY_4_0	Herbário da UFMG - Fanerógamas, Algas e Fungos	Melo, PHA de; Versieux, LM		native	2026-06-25T20:17:35.095Z		CONTINENT_DERIVED_FROM_COORDINATES;IDENTIFIED_DATE_INVALID;INSTITUTION_MATCH_NONE
1087629350	d2470ef8-edfa-4ba7-821e-c3e1a537bdba	https://specieslink.net/guid/220/78488	Plantae	Tracheophyta	Magnoliopsida	Rosales	Cannabaceae	Celtis	Celtis iguanaea		SPECIES	Celtis iguanaea (Jacq.) Sarg.	Celtis iguanaea	(Jacq.) Sarg.	BR	Rio São Miguel, Fazenda Faroeste. Margem esquerda do rio.	Minas Gerais	PRESENT		4265f332-341c-45f6-b30b-5dc2e39b86e8	-20.256389	-45.669167							2002-11-16	16	11	2002	2984498	2984498	PRESERVED_SPECIMEN	UFMG	BHCB	78488	221			CC_BY_4_0	Herbário da UFMG - Fanerógamas, Algas e Fungos	Melo, PHA de; Versieux, LM			2026-06-25T20:18:21.547Z		CONTINENT_DERIVED_FROM_COORDINATES;IDENTIFIED_DATE_INVALID;INSTITUTION_MATCH_NONE
1087629349	d2470ef8-edfa-4ba7-821e-c3e1a537bdba	https://specieslink.net/guid/220/78504	Plantae	Tracheophyta	Magnoliopsida	Santalales	Viscaceae	Phoradendron	Phoradendron piperoides		SPECIES	Phoradendron piperoides (Kunth) Trel.	Phoradendron piperoides	(Kunth) Trel.	BR	Fazenda Faroeste, Margem esquerda do Rio São Miguel.	Minas Gerais	PRESENT		4265f332-341c-45f6-b30b-5dc2e39b86e8	-20.256389	-45.669167							2002-11-16	16	11	2002	2889900	2889900	PRESERVED_SPECIMEN	UFMG	BHCB	78504	238	Kuijt, J		CC_BY_4_0	Herbário da UFMG - Fanerógamas, Algas e Fungos	Melo, PHA de; Versieux, LM		native	2026-06-25T20:17:35.093Z		CONTINENT_DERIVED_FROM_COORDINATES;IDENTIFIED_DATE_INVALID;INSTITUTION_MATCH_NONE
1087629343	d2470ef8-edfa-4ba7-821e-c3e1a537bdba	https://specieslink.net/guid/220/78470	Plantae	Tracheophyta	Magnoliopsida	Malpighiales	Euphorbiaceae	Bernardia	Bernardia tamanduana		SPECIES	Bernardia tamanduana (Baill.) Müll.Arg.	Bernardia tamanduana	(Baill.) Müll.Arg.	BR	Fazenda Faroeste, Margem esquerda do Rio São Miguel.	Minas Gerais	PRESENT		4265f332-341c-45f6-b30b-5dc2e39b86e8	-20.256389	-45.669167							2002-11-16	16	11	2002	5378398	5378398	PRESERVED_SPECIMEN	UFMG	BHCB	78470	203	Carrión, JF	2016-09-27T00:00:00	CC_BY_4_0	Herbário da UFMG - Fanerógamas, Algas e Fungos	Melo, PHA de; Versieux, LM		native	2026-06-25T20:17:47.262Z		CONTINENT_DERIVED_FROM_COORDINATES;INSTITUTION_MATCH_NONE
1087629329	d2470ef8-edfa-4ba7-821e-c3e1a537bdba	https://specieslink.net/guid/220/78480	Plantae	Tracheophyta	Magnoliopsida	Myrtales	Myrtaceae	Eugenia			GENUS	Eugenia L.	Eugenia		BR	Rio São Miguel, Fazenda Faroeste. Margem esquerda do rio.	Minas Gerais	PRESENT		4265f332-341c-45f6-b30b-5dc2e39b86e8	-20.256389	-45.669167							2002-11-16	16	11	2002	3177662		PRESERVED_SPECIMEN	UFMG	BHCB	78480	213			CC_BY_4_0	Herbário da UFMG - Fanerógamas, Algas e Fungos	Melo, PHA de; Versieux, LM			2026-06-25T20:17:35.043Z		CONTINENT_DERIVED_FROM_COORDINATES;IDENTIFIED_DATE_INVALID;INSTITUTION_MATCH_NONE
1087629277	d2470ef8-edfa-4ba7-821e-c3e1a537bdba	https://specieslink.net/guid/220/78345	Plantae	Tracheophyta	Magnoliopsida	Malpighiales	Euphorbiaceae	Bernardia	Bernardia tamanduana		SPECIES	Bernardia tamanduana (Baill.) Müll.Arg.	Bernardia tamanduana	(Baill.) Müll.Arg.	BR	Fazenda Faroeste, Maargem esquerda do Rio São Miguel.	Minas Gerais	PRESENT		4265f332-341c-45f6-b30b-5dc2e39b86e8	-20.256389	-45.669167							2002-10-04	4	10	2002	5378398	5378398	PRESERVED_SPECIMEN	UFMG	BHCB	78345	76	Carrión, JF	2016-09-27T00:00:00	CC_BY_4_0	Herbário da UFMG - Fanerógamas, Algas e Fungos	Melo, PHA de; Viana, PL		native	2026-06-25T20:17:35.881Z		CONTINENT_DERIVED_FROM_COORDINATES;INSTITUTION_MATCH_NONE
1087629263	d2470ef8-edfa-4ba7-821e-c3e1a537bdba	https://specieslink.net/guid/220/78356	Plantae	Tracheophyta	Magnoliopsida	Lamiales	Verbenaceae	Petrea	Petrea volubilis		SPECIES	Petrea volubilis L.	Petrea volubilis	L.	BR	Rio São Miguel, Fazenda Faroeste. Margem esquerda do rio.	Minas Gerais	PRESENT		4265f332-341c-45f6-b30b-5dc2e39b86e8	-20.256389	-45.669167							2002-10-04	4	10	2002	2925536	2925536	PRESERVED_SPECIMEN	UFMG	BHCB	78356	88	Salimena-Pires, FR	2004-10-29T00:00:00	CC_BY_4_0	Herbário da UFMG - Fanerógamas, Algas e Fungos	Melo, PHA de; Viana, PL		native	2026-06-25T20:17:34.991Z		CONTINENT_DERIVED_FROM_COORDINATES;INSTITUTION_MATCH_NONE
1087629259	d2470ef8-edfa-4ba7-821e-c3e1a537bdba	https://specieslink.net/guid/220/78364	Plantae	Tracheophyta	Magnoliopsida	Caryophyllales	Amaranthaceae	Pfaffia			GENUS	Pfaffia Mart.	Pfaffia		BR	Fazenda Faroeste, Margem esquerda do Rio São Miguel.	Minas Gerais	PRESENT		4265f332-341c-45f6-b30b-5dc2e39b86e8	-20.256389	-45.669167							2002-10-04	4	10	2002	3084895		PRESERVED_SPECIMEN	UFMG	BHCB	78364	96			CC_BY_4_0	Herbário da UFMG - Fanerógamas, Algas e Fungos	Melo, PHA de; Viana, PL			2026-06-25T20:17:47.240Z		CONTINENT_DERIVED_FROM_COORDINATES;IDENTIFIED_DATE_INVALID;INSTITUTION_MATCH_NONE
1087629248	d2470ef8-edfa-4ba7-821e-c3e1a537bdba	https://specieslink.net/guid/220/78337	Plantae	Tracheophyta	Magnoliopsida	Malpighiales	Euphorbiaceae	Sebastiania	Sebastiania brasiliensis		SPECIES	Sebastiania brasiliensis Spreng.	Sebastiania brasiliensis	Spreng.	BR	Fazenda Faroeste, Margem direita do Rio São Miguel.	Minas Gerais	PRESENT		4265f332-341c-45f6-b30b-5dc2e39b86e8	-20.256389	-45.669167							2002-10-04	4	10	2002	5380609	5380609	PRESERVED_SPECIMEN	UFMG	BHCB	78337	68	Cordeiro, I		CC_BY_4_0	Herbário da UFMG - Fanerógamas, Algas e Fungos	Melo, PHA de; Viana, PL		native	2026-06-25T20:17:47.235Z		CONTINENT_DERIVED_FROM_COORDINATES;IDENTIFIED_DATE_INVALID;INSTITUTION_MATCH_NONE
1087629242	d2470ef8-edfa-4ba7-821e-c3e1a537bdba	https://specieslink.net/guid/220/78324	Plantae	Tracheophyta	Magnoliopsida	Malpighiales	Euphorbiaceae	Manihot	Manihot janiphoides		SPECIES	Manihot janiphoides Müll.Arg.	Manihot janiphoides	Müll.Arg.	BR	Rio São Miguel, Fazenda Faroeste. Margem esquerda do rio.	Minas Gerais	PRESENT		4265f332-341c-45f6-b30b-5dc2e39b86e8	-20.256389	-45.669167							2002-10-04	4	10	2002	3060876	3060876	PRESERVED_SPECIMEN	UFMG	BHCB	78324	54	Amaral, US		CC_BY_4_0	Herbário da UFMG - Fanerógamas, Algas e Fungos	Melo, PHA de; Viana, PL		native	2026-06-25T20:17:47.233Z		CONTINENT_DERIVED_FROM_COORDINATES;IDENTIFIED_DATE_INVALID;INSTITUTION_MATCH_NONE
1087629229	d2470ef8-edfa-4ba7-821e-c3e1a537bdba	https://specieslink.net/guid/220/78338	Plantae	Tracheophyta	Magnoliopsida	Malpighiales	Euphorbiaceae	Actinostemon	Actinostemon klotzschii		SPECIES	Actinostemon klotzschii (Didr.) Pax	Actinostemon klotzschii	(Didr.) Pax	BR	Fazenda Faroeste, Margem esquerda do Rio São Miguel.	Minas Gerais	PRESENT		4265f332-341c-45f6-b30b-5dc2e39b86e8	-20.256389	-45.669167							2002-10-04	4	10	2002	3063242	3063242	PRESERVED_SPECIMEN	UFMG	BHCB	78338	69	Lombardi, JA		CC_BY_4_0	Herbário da UFMG - Fanerógamas, Algas e Fungos	Melo, PHA de; Viana, PL		native	2026-06-25T20:17:47.226Z		CONTINENT_DERIVED_FROM_COORDINATES;IDENTIFIED_DATE_INVALID;INSTITUTION_MATCH_NONE
1087629224	d2470ef8-edfa-4ba7-821e-c3e1a537bdba	https://specieslink.net/guid/220/78366	Plantae	Tracheophyta	Magnoliopsida	Lamiales	Bignoniaceae	Dolichandra	Dolichandra unguis-cati		SPECIES	Dolichandra unguis-cati (L.) L.G.Lohmann	Dolichandra unguis-cati	(L.) L.G.Lohmann	BR	Fazenda Faroeste, Margem esquerda do Rio São Miguel.	Minas Gerais	PRESENT		4265f332-341c-45f6-b30b-5dc2e39b86e8	-20.256389	-45.669167							2002-10-04	4	10	2002	5830619	5830619	PRESERVED_SPECIMEN	UFMG	BHCB	78366	99			CC_BY_4_0	Herbário da UFMG - Fanerógamas, Algas e Fungos	Melo, PHA de; Viana, PL		native	2026-06-25T20:17:35.023Z		CONTINENT_DERIVED_FROM_COORDINATES;IDENTIFIED_DATE_INVALID;INSTITUTION_MATCH_NONE
1087629220	d2470ef8-edfa-4ba7-821e-c3e1a537bdba	https://specieslink.net/guid/220/78340	Plantae	Tracheophyta	Magnoliopsida	Myrtales	Myrtaceae	Eugenia	Eugenia ligustrina		SPECIES	Eugenia ligustrina (Sw.) Willd.	Eugenia ligustrina	(Sw.) Willd.	BR	Rio São Miguel, Fazenda Faroeste. Margem esquerda do rio.	Minas Gerais	PRESENT		4265f332-341c-45f6-b30b-5dc2e39b86e8	-20.256389	-45.669167							2002-10-04	4	10	2002	5416847	5416847	PRESERVED_SPECIMEN	UFMG	BHCB	78340	71	Sobral, M		CC_BY_4_0	Herbário da UFMG - Fanerógamas, Algas e Fungos	Melo, PHA de; Viana, PL		native	2026-06-25T20:17:34.982Z		CONTINENT_DERIVED_FROM_COORDINATES;IDENTIFIED_DATE_INVALID;INSTITUTION_MATCH_NONE
1087629217	d2470ef8-edfa-4ba7-821e-c3e1a537bdba	https://specieslink.net/guid/220/78330	Plantae	Tracheophyta	Magnoliopsida	Boraginales	Heliotropiaceae	Heliotropium	Heliotropium transalpinum		SPECIES	Heliotropium transalpinum Vell.	Heliotropium transalpinum	Vell.	BR	Fazenda Faroeste, margem esquerda do Rio São Miguel.	Minas Gerais	PRESENT		4265f332-341c-45f6-b30b-5dc2e39b86e8	-20.256389	-45.669167							2002-10-04	4	10	2002	7294711	7294711	PRESERVED_SPECIMEN	UFMG	BHCB	78330	61	Melo, JIM	2026-04-14T00:00:00	CC_BY_4_0	Herbário da UFMG - Fanerógamas, Algas e Fungos	Melo, PHA de; Viana, PL		native	2026-06-25T20:17:35.865Z		CONTINENT_DERIVED_FROM_COORDINATES;INSTITUTION_MATCH_NONE
1087629213	d2470ef8-edfa-4ba7-821e-c3e1a537bdba	https://specieslink.net/guid/220/78347	Plantae	Tracheophyta	Magnoliopsida	Lamiales	Acanthaceae	Ruellia	Ruellia brevifolia		SPECIES	Ruellia brevifolia (Pohl) C.Ezcurra	Ruellia brevifolia	(Pohl) C.Ezcurra	BR	Fazenda Faroeste, Margem esquerda do Rio São Miguel.	Minas Gerais	PRESENT		4265f332-341c-45f6-b30b-5dc2e39b86e8	-20.256389	-45.669167							2002-10-04	4	10	2002	5415377	5415377	PRESERVED_SPECIMEN	UFMG	BHCB	78347	79	Melo, PHA de		CC_BY_4_0	Herbário da UFMG - Fanerógamas, Algas e Fungos	Melo, PHA de; Viana, PL		native	2026-06-25T20:17:35.025Z		CONTINENT_DERIVED_FROM_COORDINATES;IDENTIFIED_DATE_INVALID;INSTITUTION_MATCH_NONE
1087629205	d2470ef8-edfa-4ba7-821e-c3e1a537bdba	https://specieslink.net/guid/220/78354	Plantae	Tracheophyta	Magnoliopsida	Caryophyllales	Nyctaginaceae	Bougainvillea	Bougainvillea spectabilis		SPECIES	Bougainvillea spectabilis Willd.	Bougainvillea spectabilis	Willd.	BR	Rio São Miguel, Fazenda Faroeste. Margem esquerda do rio.	Minas Gerais	PRESENT		4265f332-341c-45f6-b30b-5dc2e39b86e8	-20.256389	-45.669167							2002-10-04	4	10	2002	7167078	7167078	PRESERVED_SPECIMEN	UFMG	BHCB	78354	86	Lombardi, JA		CC_BY_4_0	Herbário da UFMG - Fanerógamas, Algas e Fungos	Melo, PHA de; Viana, PL		native	2026-06-25T20:17:47.218Z		CONTINENT_DERIVED_FROM_COORDINATES;IDENTIFIED_DATE_INVALID;INSTITUTION_MATCH_NONE
1087629202	d2470ef8-edfa-4ba7-821e-c3e1a537bdba	https://specieslink.net/guid/220/78304	Plantae	Tracheophyta	Magnoliopsida	Magnoliales	Annonaceae	Porcelia	Porcelia macrocarpa		SPECIES	Porcelia macrocarpa (Warm.) R.E.Fr.	Porcelia macrocarpa	Warm.	BR	Fazenda do Caetano, Margem esquerda do Rio São Miguel.	Minas Gerais	PRESENT		4265f332-341c-45f6-b30b-5dc2e39b86e8	-20.250278	-45.670833							2002-08-09	9	8	2002	3156220	3156220	PRESERVED_SPECIMEN	UFMG	BHCB	78304	34	Lombardi, JA		CC_BY_4_0	Herbário da UFMG - Fanerógamas, Algas e Fungos	Melo, PHA de; Viana, PL		native	2026-06-25T20:17:35.305Z		CONTINENT_DERIVED_FROM_COORDINATES;IDENTIFIED_DATE_INVALID;INSTITUTION_MATCH_NONE
1087629196	d2470ef8-edfa-4ba7-821e-c3e1a537bdba	https://specieslink.net/guid/220/78339	Plantae	Tracheophyta	Magnoliopsida	Lamiales	Acanthaceae	Chamaeranthemum	Chamaeranthemum beyrichii		SPECIES	Chamaeranthemum beyrichii Nees	Chamaeranthemum beyrichii	Ness	BR	Fazenda Faroeste, Margem esquerda do Rio São Miguel.	Minas Gerais	PRESENT		4265f332-341c-45f6-b30b-5dc2e39b86e8	-20.256389	-45.669167							2002-10-04	4	10	2002	7263757	7263757	PRESERVED_SPECIMEN	UFMG	BHCB	78339	70	Lombardi, JA		CC_BY_4_0	Herbário da UFMG - Fanerógamas, Algas e Fungos	Melo, PHA de; Viana, PL		native	2026-06-25T20:17:35.018Z		CONTINENT_DERIVED_FROM_COORDINATES;IDENTIFIED_DATE_INVALID;INSTITUTION_MATCH_NONE
1087629195	d2470ef8-edfa-4ba7-821e-c3e1a537bdba	https://specieslink.net/guid/220/78343	Plantae	Tracheophyta	Magnoliopsida	Malpighiales	Euphorbiaceae	Stillingia			GENUS	Stillingia L.	Stillingia		BR	Fazenda Faroeste, Margem esquerda do Rio São Miguel.	Minas Gerais	PRESENT		4265f332-341c-45f6-b30b-5dc2e39b86e8	-20.256389	-45.669167							2002-10-04	4	10	2002	3055103		PRESERVED_SPECIMEN	UFMG	BHCB	78343	74			CC_BY_4_0	Herbário da UFMG - Fanerógamas, Algas e Fungos	Melo, PHA de; Viana, PL			2026-06-25T20:17:35.299Z		CONTINENT_DERIVED_FROM_COORDINATES;IDENTIFIED_DATE_INVALID;INSTITUTION_MATCH_NONE
1087629191	d2470ef8-edfa-4ba7-821e-c3e1a537bdba	https://specieslink.net/guid/220/78301	Plantae	Tracheophyta	Magnoliopsida	Asterales	Asteraceae	Austrocritonia			GENUS	Austrocritonia R.M.King & H.Rob.	Austrocritonia		BR	Fazenda do Caetano, Margem esquerda do Rio São Miguel.	Minas Gerais	PRESENT		4265f332-341c-45f6-b30b-5dc2e39b86e8	-20.250278	-45.670833							2002-08-09	9	8	2002	3114206		PRESERVED_SPECIMEN	UFMG	BHCB	78301	31			CC_BY_4_0	Herbário da UFMG - Fanerógamas, Algas e Fungos	Melo, PHA de; Viana, PL			2026-06-25T20:17:35.053Z		CONTINENT_DERIVED_FROM_COORDINATES;IDENTIFIED_DATE_INVALID;INSTITUTION_MATCH_NONE
1087629188	d2470ef8-edfa-4ba7-821e-c3e1a537bdba	https://specieslink.net/guid/220/78319	Plantae	Tracheophyta	Magnoliopsida	Fabales	Fabaceae	Inga	Inga affinis	affinis	SUBSPECIES	Inga vera subsp. affinis (DC.) T.D.Penn.	Inga vera affinis	(DC.) T.D.Penn.	BR	Rio São Miguel, Fazenda Faroeste. Margem esquerda do rio.	Minas Gerais	PRESENT		4265f332-341c-45f6-b30b-5dc2e39b86e8	-20.256389	-45.669167							2002-10-04	4	10	2002	5357571	5357569	PRESERVED_SPECIMEN	UFMG	BHCB	78319	49	Pennington, TD		CC_BY_4_0	Herbário da UFMG - Fanerógamas, Algas e Fungos	Melo, PHA de; Viana, PL		native	2026-06-25T20:17:35.021Z		CONTINENT_DERIVED_FROM_COORDINATES;IDENTIFIED_DATE_INVALID;INSTITUTION_MATCH_NONE
1087629187	d2470ef8-edfa-4ba7-821e-c3e1a537bdba	https://specieslink.net/guid/220/78321	Plantae	Tracheophyta	Magnoliopsida	Caryophyllales	Phytolaccaceae	Phytolacca	Phytolacca dioica		SPECIES	Phytolacca dioica L.	Phytolacca dioica	L.	BR	Fazenda Faroeste, Margem esquerda do Rio São Miguel.	Minas Gerais	PRESENT		4265f332-341c-45f6-b30b-5dc2e39b86e8	-20.256389	-45.669167							2002-10-04	4	10	2002	7309625	7309625	PRESERVED_SPECIMEN	UFMG	BHCB	78321	51	Melo, PHA de		CC_BY_4_0	Herbário da UFMG - Fanerógamas, Algas e Fungos	Melo, PHA de; Viana, PL		native	2026-06-25T20:17:35.839Z		CONTINENT_DERIVED_FROM_COORDINATES;IDENTIFIED_DATE_INVALID;INSTITUTION_MATCH_NONE
1087629186	d2470ef8-edfa-4ba7-821e-c3e1a537bdba	https://specieslink.net/guid/220/78332	Plantae	Tracheophyta	Magnoliopsida	Lamiales	Verbenaceae	Lantana	Lantana canescens		SPECIES	Lantana canescens Kunth	Lantana canescens	Kunth	BR	Fazenda Faroeste, Margem esquerda do Rio São Miguel.	Minas Gerais	PRESENT		4265f332-341c-45f6-b30b-5dc2e39b86e8	-20.256389	-45.669167							2002-10-04	4	10	2002	2925332	2925332	PRESERVED_SPECIMEN	UFMG	BHCB	78332	63	Schaefer, J		CC_BY_4_0	Herbário da UFMG - Fanerógamas, Algas e Fungos	Melo, PHA de; Viana, PL		native	2026-06-25T20:17:35.014Z		CONTINENT_DERIVED_FROM_COORDINATES;IDENTIFIED_DATE_INVALID;INSTITUTION_MATCH_NONE
1087629184	d2470ef8-edfa-4ba7-821e-c3e1a537bdba	https://specieslink.net/guid/220/78323	Plantae	Tracheophyta	Magnoliopsida	Gentianales	Apocynaceae	Aspidosperma	Aspidosperma cylindrocarpon		SPECIES	Aspidosperma cylindrocarpon Müll.Arg.	Aspidosperma cylindrocarpon	Müll.Arg.	BR	Fazenda Faroeste, Margem esqueda do Rio São Miguel.	Minas Gerais	PRESENT		4265f332-341c-45f6-b30b-5dc2e39b86e8	-20.256389	-45.669167							2002-10-04	4	10	2002	7317072	7317072	PRESERVED_SPECIMEN	UFMG	BHCB	78323	53	Melo, PHA de; Echternacht, LA		CC_BY_4_0	Herbário da UFMG - Fanerógamas, Algas e Fungos	Melo, PHA de; Viana, PL		native	2026-06-25T20:17:35.836Z		CONTINENT_DERIVED_FROM_COORDINATES;IDENTIFIED_DATE_INVALID;INSTITUTION_MATCH_NONE
1087629181	d2470ef8-edfa-4ba7-821e-c3e1a537bdba	https://specieslink.net/guid/220/78318	Plantae	Tracheophyta	Magnoliopsida	Fabales	Fabaceae	Bauhinia	Bauhinia forficata		SPECIES	Bauhinia forficata Link	Bauhinia forficata	Link	BR	Fazenda Faroeste, Margem esquerda do Rio São Miguel.	Minas Gerais	PRESENT		4265f332-341c-45f6-b30b-5dc2e39b86e8	-20.256389	-45.669167							2002-04-10	10	4	2002	2953861	2953861	PRESERVED_SPECIMEN	UFMG	BHCB	78318	48	Lisboa, MAP		CC_BY_4_0	Herbário da UFMG - Fanerógamas, Algas e Fungos	Melo, PHA de; Viana, PL		native	2026-06-25T20:17:34.972Z		CONTINENT_DERIVED_FROM_COORDINATES;IDENTIFIED_DATE_INVALID;INSTITUTION_MATCH_NONE
1087629180	d2470ef8-edfa-4ba7-821e-c3e1a537bdba	https://specieslink.net/guid/220/78335	Plantae	Tracheophyta	Magnoliopsida	Oxalidales	Oxalidaceae	Oxalis	Oxalis rhombeo-ovata		SPECIES	Oxalis rhombeo-ovata A.St.-Hil.	Oxalis rhombeo-ovata	A.St.-Hil.	BR	Fazenda Faroeste, Margem esquerda do Rio São Miguel.	Minas Gerais	PRESENT		4265f332-341c-45f6-b30b-5dc2e39b86e8	-20.256389	-45.669167							2002-10-04	4	10	2002	7318187	7318187	PRESERVED_SPECIMEN	UFMG	BHCB	78335	66	Melo, PHA de		CC_BY_4_0	Herbário da UFMG - Fanerógamas, Algas e Fungos	Melo, PHA de; Viana, PL		native	2026-06-25T20:17:47.216Z		CONTINENT_DERIVED_FROM_COORDINATES;IDENTIFIED_DATE_INVALID;INSTITUTION_MATCH_NONE
1087629172	d2470ef8-edfa-4ba7-821e-c3e1a537bdba	https://specieslink.net/guid/220/78296	Plantae	Tracheophyta	Liliopsida	Liliales	Alstroemeriaceae	Alstroemeria			GENUS	Alstroemeria L.	Alstroemeria		BR	Fazenda do Caetano, Margem esquerda do Rio São Miguel.	Minas Gerais	PRESENT		4265f332-341c-45f6-b30b-5dc2e39b86e8	-20.250278	-45.670833							2002-08-09	9	8	2002	2753642		PRESERVED_SPECIMEN	UFMG	BHCB	78296	26			CC_BY_4_0	Herbário da UFMG - Fanerógamas, Algas e Fungos	Melo, PHA de; Viana, PL			2026-06-25T20:17:34.969Z		CONTINENT_DERIVED_FROM_COORDINATES;IDENTIFIED_DATE_INVALID;INSTITUTION_MATCH_NONE;TAXON_MATCH_HIGHERRANK
1087629163	d2470ef8-edfa-4ba7-821e-c3e1a537bdba	https://specieslink.net/guid/220/78295	Plantae	Tracheophyta	Magnoliopsida	Myrtales	Myrtaceae	Eugenia	Eugenia ligustrina		SPECIES	Eugenia ligustrina (Sw.) Willd.	Eugenia ligustrina	(Sw.) Willd.	BR	Rio São Miguel, Fazenda do Caetano.	Minas Gerais	PRESENT		4265f332-341c-45f6-b30b-5dc2e39b86e8	-20.250278	-45.670833							2002-08-09	9	8	2002	5416847	5416847	PRESERVED_SPECIMEN	UFMG	BHCB	78295	25	Sobral, M		CC_BY_4_0	Herbário da UFMG - Fanerógamas, Algas e Fungos	Melo, PHA de; Viana, PL		native	2026-06-25T20:17:35.045Z		CONTINENT_DERIVED_FROM_COORDINATES;IDENTIFIED_DATE_INVALID;INSTITUTION_MATCH_NONE
1087629161	d2470ef8-edfa-4ba7-821e-c3e1a537bdba	https://specieslink.net/guid/220/78305	Plantae	Tracheophyta	Magnoliopsida	Boraginales	Heliotropiaceae	Heliotropium	Heliotropium transalpinum		SPECIES	Heliotropium transalpinum Vell.	Heliotropium transalpinum	Vell.	BR	Fazenda do Caetano, margem esquerda do Rio São Miguel.	Minas Gerais	PRESENT		4265f332-341c-45f6-b30b-5dc2e39b86e8	-20.250278	-45.670833							2002-08-09	9	8	2002	7294711	7294711	PRESERVED_SPECIMEN	UFMG	BHCB	78305	35	Melo, JIM	2026-04-15T00:00:00	CC_BY_4_0	Herbário da UFMG - Fanerógamas, Algas e Fungos	Melo, PHA de; Viana, PL		native	2026-06-25T20:17:34.967Z		CONTINENT_DERIVED_FROM_COORDINATES;INSTITUTION_MATCH_NONE
1087180539	fd99455d-f6e9-4421-930a-5d8e23ac8895	https://specieslink.net/guid/404/5661	Plantae	Tracheophyta	Liliopsida	Poales	Cyperaceae	Cyperus	Cyperus pearcei		SPECIES	Cyperus pearcei C.B.Clarke	Cyperus pearcei	C.B.Clarke	BR	Área de Mineração Itaú	Minas Gerais	PRESENT		9ac2b49d-da08-49a7-a7ae-c2a0460fcf96	-20.276944	-45.623333							2004-07-08	8	7	2004	2716429	2716429	PRESERVED_SPECIMEN	FPMZB	BHZB	5661	702	V.R.Bueno	2024-06-19T00:00:00	CC_BY_4_0	Herbário do Jardim Botânico da Fundação de Parques Municipais e Zoobotânica	Werneck, M.S. et al.; Rezende, S.G		native	2026-06-25T19:53:49.920Z		COORDINATE_ROUNDED;CONTINENT_DERIVED_FROM_COORDINATES;INSTITUTION_MATCH_NONE
1087180530	fd99455d-f6e9-4421-930a-5d8e23ac8895	https://specieslink.net/guid/404/5659	Plantae	Tracheophyta	Magnoliopsida	Lamiales	Acanthaceae	Justicia	Justicia thunbergioides		SPECIES	Justicia thunbergioides (Lindau) Leonard	Justicia thunbergioides	(Lindau) Leonard	BR	Área de Mineração Itaú	Minas Gerais	PRESENT		9ac2b49d-da08-49a7-a7ae-c2a0460fcf96	-20.276944	-45.623333							2004-07-08	8	7	2004	3780196	3780196	PRESERVED_SPECIMEN	FPMZB	BHZB	5659	697			CC_BY_4_0	Herbário do Jardim Botânico da Fundação de Parques Municipais e Zoobotânica	Rezende, S.G et al.; Werneck, M.S.		native	2026-06-25T19:53:49.916Z		COORDINATE_ROUNDED;CONTINENT_DERIVED_FROM_COORDINATES;INSTITUTION_MATCH_NONE
1087180519	fd99455d-f6e9-4421-930a-5d8e23ac8895	https://specieslink.net/guid/404/5660	Plantae	Tracheophyta	Magnoliopsida	Myrtales	Myrtaceae	Eugenia	Eugenia lagoensis		SPECIES	Eugenia lagoensis Kiaersk.	Eugenia lagoensis	Kiaersk.	BR	Área de Mineração Itaú	Minas Gerais	PRESENT		9ac2b49d-da08-49a7-a7ae-c2a0460fcf96	-20.276944	-45.623333							2004-07-08	8	7	2004	5416752	5416752	PRESERVED_SPECIMEN	FPMZB	BHZB	5660	698	M.Sobral		CC_BY_4_0	Herbário do Jardim Botânico da Fundação de Parques Municipais e Zoobotânica	Rezende, S.G.; M.S.Werneck		native	2026-06-25T19:53:49.999Z		COORDINATE_ROUNDED;CONTINENT_DERIVED_FROM_COORDINATES;INSTITUTION_MATCH_NONE
1086881394	16ed67e5-fd70-4fd4-85c3-70ea2da627fe	https://specieslink.net/guid/13/12375	Plantae	Tracheophyta	Magnoliopsida	Boraginales	Cordiaceae	Cordia			GENUS	Cordia L.	Cordia		BR		Minas Gerais	PRESENT		52603cfd-d564-4e89-a466-5e71813677be	-20.370556	-45.661389							1988-05-30	30	5	1988	2900865		PRESERVED_SPECIMEN	IF	SPSF	12375				CC_BY_4_0	Herbário Dom Bento José Pickel	E.J.A.Franco			2026-06-26T18:55:54.479Z		COORDINATE_ROUNDED;CONTINENT_DERIVED_FROM_COORDINATES;INSTITUTION_MATCH_FUZZY;INSTITUTION_COLLECTION_MISMATCH
1086656086	a51fa32f-831d-49d6-8b8a-c7b52ae65b3b	https://specieslink.net/guid/45/51172	Plantae	Tracheophyta	Magnoliopsida	Myrtales	Melastomataceae	Miconia	Miconia crenata		SPECIES	Miconia crenata (Vahl) Michelang.	Miconia crenata	(Vahl.) Michelang.	BR	Mato das Frutas.	Minas Gerais	PRESENT		f6e2efc9-42a3-47ea-99c6-3eda8d653cc9	-20.351389	-45.785			725.0	25.0			2004-02-29	29	2	2004	9404220	9404220	PRESERVED_SPECIMEN	UFPR	UPCB	51172	1104	Goldenberg, R.	2025-01-01T00:00:00	CC_BY_4_0	Herbário da Universidade Federal do Paraná	Melo, P.H.A.			2026-07-01T12:06:29.858Z		COORDINATE_ROUNDED;CONTINENT_DERIVED_FROM_COORDINATES;INSTITUTION_MATCH_FUZZY;COLLECTION_MATCH_FUZZY
