taxonKey	scientificName	acceptedTaxonKey	acceptedScientificName	numberOfOccurrences	taxonRank	taxonomicStatus	kingdom	kingdomKey	phylum	phylumKey	class	classKey	order	orderKey	family	familyKey	genus	genusKey	species	speciesKey	iucnRedListCategory
36D2N	Dioscorea ovata Vell.	36D2N	Dioscorea ovata Vell.	1	SPECIES	ACCEPTED	Plantae	P	Tracheophyta	TP	Liliopsida	L2L	Dioscoreales	34W	Dioscoreaceae	623Y5	Dioscorea	8VRRX	Dioscorea ovata	36D2N	
86S2	Viguiera Kunth	86S2	Viguiera Kunth	1	GENUS	ACCEPTED	Plantae	P	Tracheophyta	TP	Magnoliopsida	MG	Asterales	ST	Asteraceae	622TP	Viguiera	86S2			
32VZ5	Cyclopogon longibracteatus (Barb.Rodr.) Schltr.	32VZ5	Cyclopogon longibracteatus (Barb.Rodr.) Schltr.	3	SPECIES	ACCEPTED	Plantae	P	Tracheophyta	TP	Liliopsida	L2L	Asparagales	SP	Orchidaceae	DPL	Cyclopogon	8VWMW	Cyclopogon longibracteatus	32VZ5	LC
4K7WP	Pleopeltis pleopeltifolia (Raddi) Alston	4K7WP	Pleopeltis pleopeltifolia (Raddi) Alston	3	SPECIES	ACCEPTED	Plantae	P	Tracheophyta	TP	Polypodiopsida	GV	Polypodiales	3VL	Polypodiaceae	627JZ	Pleopeltis	6SH4	Pleopeltis pleopeltifolia	4K7WP	
8R86V	Christella patens (Sw.) Holttum	8RV2M	Pelazoneuron patens (Sw.) A.R.Sm. & S.E.Fawc.	1	SPECIES	SYNONYM	Plantae	P	Tracheophyta	TP	Polypodiopsida	GV	Polypodiales	3VL	Thelypteridaceae	626PQ	Pelazoneuron	8RTTY	Pelazoneuron patens	8RV2M	
7732R	Peperomia rubricaulis (Nees) A.Dietr.	7732R	Peperomia rubricaulis (Nees) A.Dietr.	1	SPECIES	ACCEPTED	Plantae	P	Tracheophyta	TP	Magnoliopsida	MG	Piperales	623FG	Piperaceae	625NL	Peperomia	6KXF	Peperomia rubricaulis	7732R	
8VSF4	Phyllanthus L.	8VSF4	Phyllanthus L.	5	GENUS	ACCEPTED	Plantae	P	Tracheophyta	TP	Magnoliopsida	MG	Malpighiales	MLP	Phyllanthaceae	RCXBV	Phyllanthus	8VSF4			
5C2FG	Wissadula hernandioides (L'Hér.) Garcke	5C2FG	Wissadula hernandioides (L'Hér.) Garcke	2	SPECIES	ACCEPTED	Plantae	P	Tracheophyta	TP	Magnoliopsida	MG	Malvales	3HP	Malvaceae	CDB	Wissadula	884G	Wissadula hernandioides	5C2FG	
CX3D	Amorimia rigida (A.Juss.) W.R.Anderson	CX3D	Amorimia rigida (A.Juss.) W.R.Anderson	6	SPECIES	ACCEPTED	Plantae	P	Tracheophyta	TP	Magnoliopsida	MG	Malpighiales	MLP	Malpighiaceae	CD9	Amorimia	629T3	Amorimia rigida	CX3D	
TMMRZ	Trichilia casaretti C.DC.	588NJ	Trichilia casarettoi C.DC.	1	SPECIES	SYNONYM	Plantae	P	Tracheophyta	TP	Magnoliopsida	MG	Sapindales	3ZY	Meliaceae	CKB	Trichilia	7Z63	Trichilia casarettoi	588NJ	
6MX6N	Ipomoea indivisa (Vell.) Hallier fil.	6MX6N	Ipomoea indivisa (Vell.) Hallier fil.	1	SPECIES	ACCEPTED	Plantae	P	Tracheophyta	TP	Magnoliopsida	MG	Solanales	43W	Convolvulaceae	8J9	Ipomoea	62WB5	Ipomoea indivisa	6MX6N	
5W6W5	Asplenium formosum Willd.	5W6W5	Asplenium formosum Willd.	7	SPECIES	ACCEPTED	Plantae	P	Tracheophyta	TP	Polypodiopsida	GV	Polypodiales	3VL	Aspleniaceae	6TQ	Asplenium	346X	Asplenium formosum	5W6W5	LC
5XGJM	Celtis iguanaea (Jacq.) Sarg.	5XGJM	Celtis iguanaea (Jacq.) Sarg.	5	SPECIES	ACCEPTED	Plantae	P	Tracheophyta	TP	Magnoliopsida	MG	Rosales	3Z6	Cannabaceae	7NV	Celtis	3K3G	Celtis iguanaea	5XGJM	LC
653GQ	Adiantum deflectens Mart.	653GQ	Adiantum deflectens Mart.	4	SPECIES	ACCEPTED	Plantae	P	Tracheophyta	TP	Polypodiopsida	GV	Polypodiales	3VL	Pteridaceae	FCF	Adiantum	P9F	Adiantum deflectens	653GQ	
XKCG	Conchocarpus pentandrus (A.St.-Hil.) Kallunki & Pirani	XKCG	Conchocarpus pentandrus (A.St.-Hil.) Kallunki & Pirani	8	SPECIES	ACCEPTED	Plantae	P	Tracheophyta	TP	Magnoliopsida	MG	Sapindales	3ZY	Rutaceae	626WT	Conchocarpus	3SZJ	Conchocarpus pentandrus	XKCG	
9D33Q	Deguelia costata (Benth.) A.M.G.Azevedo & R.A.Camargo	9D33Q	Deguelia costata (Benth.) A.M.G.Azevedo & R.A.Camargo	5	SPECIES	ACCEPTED	Plantae	P	Tracheophyta	TP	Magnoliopsida	MG	Fabales	383	Fabaceae	623QT	Deguelia	9CKJM	Deguelia costata	9D33Q	LC
7CJZC	Tournefortia paniculata Cham.	4595V	Myriopus paniculatus (Cham.) Feuillet	6	SPECIES	SYNONYM	Plantae	P	Tracheophyta	TP	Magnoliopsida	MG	Boraginales	TW	Heliotropiaceae	6253L	Myriopus	5WK5	Myriopus paniculatus	4595V	
6VKWP	Piper mikanianum (Kunth) Steud.	6VKWP	Piper mikanianum (Kunth) Steud.	1	SPECIES	ACCEPTED	Plantae	P	Tracheophyta	TP	Magnoliopsida	MG	Piperales	623FG	Piperaceae	625NL	Piper	6QRC	Piper mikanianum	6VKWP	
66R2F	Anemia collina Raddi	66R2F	Anemia collina Raddi	1	SPECIES	ACCEPTED	Plantae	P	Tracheophyta	TP	Polypodiopsida	GV	Schizaeales	42B	Anemiaceae	6233J	Anemia	VXL	Anemia collina	66R2F	
4TMW3	Ruellia brevifolia (Pohl) C.Ezcurra	4TMW3	Ruellia brevifolia (Pohl) C.Ezcurra	9	SPECIES	ACCEPTED	Plantae	P	Tracheophyta	TP	Magnoliopsida	MG	Lamiales	3F4	Acanthaceae	62332	Ruellia	63RJB	Ruellia brevifolia	4TMW3	
3H4Q6	Gouania polygama (Jacq.) Urb.	3H4Q6	Gouania polygama (Jacq.) Urb.	2	SPECIES	ACCEPTED	Plantae	P	Tracheophyta	TP	Magnoliopsida	MG	Rosales	3Z6	Rhamnaceae	FN6	Gouania	4QGM	Gouania polygama	3H4Q6	
VLHGW	Urera baccifera (L.) Gaudich. ex Wedd.	VLHGW	Urera baccifera (L.) Gaudich. ex Wedd.	6	SPECIES	PROVISIONALLY_ACCEPTED	Plantae	P	Tracheophyta	TP	Magnoliopsida	MG	Rosales	3Z6	Urticaceae	HQS	Urera	855L	Urera baccifera	VLHGW	LC
87SDX	Begonia reniformis Dryand.	87SDX	Begonia reniformis Dryand.	6	SPECIES	ACCEPTED	Plantae	P	Tracheophyta	TP	Magnoliopsida	MG	Cucurbitales	32L	Begoniaceae	7NG4T	Begonia	7NQM3	Begonia reniformis	87SDX	
572G	Justicia L.	572G	Justicia L.	4	GENUS	ACCEPTED	Plantae	P	Tracheophyta	TP	Magnoliopsida	MG	Lamiales	3F4	Acanthaceae	62332	Justicia	572G			
52KYQ	Stigmaphyllon tomentosum A.Juss.	52KYQ	Stigmaphyllon tomentosum A.Juss.	1	SPECIES	ACCEPTED	Plantae	P	Tracheophyta	TP	Magnoliopsida	MG	Malpighiales	MLP	Malpighiaceae	CD9	Stigmaphyllon	7NKM	Stigmaphyllon tomentosum	52KYQ	
6B2L3	Cordia urticifolia Cham.	7FJ5S	Varronia polycephala Lam.	2	SPECIES	SYNONYM	Plantae	P	Tracheophyta	TP	Magnoliopsida	MG	Boraginales	TW	Cordiaceae	7NGXW	Varronia	647JZ	Varronia polycephala	7FJ5S	
4FDM5	Petrea volubilis L.	4FDM5	Petrea volubilis L.	5	SPECIES	ACCEPTED	Plantae	P	Tracheophyta	TP	Magnoliopsida	MG	Lamiales	3F4	Verbenaceae	TMFZP	Petrea	99FGY	Petrea volubilis	4FDM5	
LLPV	Bernardia tamanduana (Baill.) Müll.Arg.	LLPV	Bernardia tamanduana (Baill.) Müll.Arg.	10	SPECIES	ACCEPTED	Plantae	P	Tracheophyta	TP	Magnoliopsida	MG	Malpighiales	MLP	Euphorbiaceae	N7XM4	Bernardia	8VVJX	Bernardia tamanduana	LLPV	LC
56Y24	Tillandsia polystachia (L.) L.	56Y24	Tillandsia polystachia (L.) L.	1	SPECIES	ACCEPTED	Plantae	P	Tracheophyta	TP	Liliopsida	L2L	Poales	627VM	Bromeliaceae	622GQ	Tillandsia	8W47T	Tillandsia polystachia	56Y24	
736WZ	Matayba guianensis Aubl.	736WZ	Matayba guianensis Aubl.	2	SPECIES	ACCEPTED	Plantae	P	Tracheophyta	TP	Magnoliopsida	MG	Sapindales	3ZY	Sapindaceae	FY3	Matayba	5LYL	Matayba guianensis	736WZ	LC
4J52J	Piper oblancifolium Yunck.	4J52J	Piper oblancifolium Yunck.	1	SPECIES	ACCEPTED	Plantae	P	Tracheophyta	TP	Magnoliopsida	MG	Piperales	623FG	Piperaceae	625NL	Piper	6QRC	Piper oblancifolium	4J52J	
4MBFL	Prestonia coalita (Vell.) Woodson	4MBFL	Prestonia coalita (Vell.) Woodson	7	SPECIES	ACCEPTED	Plantae	P	Tracheophyta	TP	Magnoliopsida	MG	Gentianales	39D	Apocynaceae	6L2	Prestonia	6VLF	Prestonia coalita	4MBFL	
3KC9Q	Heliotropium angiospermum Murray	3KC9Q	Heliotropium angiospermum Murray	1	SPECIES	ACCEPTED	Plantae	P	Tracheophyta	TP	Magnoliopsida	MG	Boraginales	TW	Heliotropiaceae	6253L	Heliotropium	62VCK	Heliotropium angiospermum	3KC9Q	
4XKJX	Sinningia warmingii (Hiern) Chautems	4XKJX	Sinningia warmingii (Hiern) Chautems	1	SPECIES	ACCEPTED	Plantae	P	Tracheophyta	TP	Magnoliopsida	MG	Lamiales	3F4	Gesneriaceae	623G4	Sinningia	644RP	Sinningia warmingii	4XKJX	
TLNK	Chamissoa altissima (Jacq.) Kunth	TLNK	Chamissoa altissima (Jacq.) Kunth	6	SPECIES	ACCEPTED	Plantae	P	Tracheophyta	TP	Magnoliopsida	MG	Caryophyllales	VW	Amaranthaceae	68Z	Chamissoa	62LRT	Chamissoa altissima	TLNK	
4XKFY	Sinningia aggregata (Ker Gawl.) Wiehler	4XKFY	Sinningia aggregata (Ker Gawl.) Wiehler	1	SPECIES	ACCEPTED	Plantae	P	Tracheophyta	TP	Magnoliopsida	MG	Lamiales	3F4	Gesneriaceae	623G4	Sinningia	644RP	Sinningia aggregata	4XKFY	
6V389	Peperomia lanceolatopeltata C.DC.	6V389	Peperomia lanceolatopeltata C.DC.	2	SPECIES	ACCEPTED	Plantae	P	Tracheophyta	TP	Magnoliopsida	MG	Piperales	623FG	Piperaceae	625NL	Peperomia	6KXF	Peperomia lanceolatopeltata	6V389	
6HWVG	Ficus guaranitica Chodat	6HWVG	Ficus guaranitica Chodat	6	SPECIES	ACCEPTED	Plantae	P	Tracheophyta	TP	Magnoliopsida	MG	Rosales	3Z6	Moraceae	CXM	Ficus	4JYX	Ficus guaranitica	6HWVG	
63VHW	Urvillea Kunth	63VHW	Urvillea Kunth	1	GENUS	ACCEPTED	Plantae	P	Tracheophyta	TP	Magnoliopsida	MG	Sapindales	3ZY	Sapindaceae	FY3	Urvillea	63VHW			
4HM9V	Phytolacca dioica L.	4HM9V	Phytolacca dioica L.	4	SPECIES	ACCEPTED	Plantae	P	Tracheophyta	TP	Magnoliopsida	MG	Caryophyllales	VW	Phytolaccaceae	625L4	Phytolacca	63MCK	Phytolacca dioica	4HM9V	LC
63MFN	Pilea Lindl.	63MFN	Pilea Lindl.	3	GENUS	ACCEPTED	Plantae	P	Tracheophyta	TP	Magnoliopsida	MG	Rosales	3Z6	Urticaceae	HQS	Pilea	63MFN			
628SX	Alternanthera Forssk.	628SX	Alternanthera Forssk.	3	GENUS	ACCEPTED	Plantae	P	Tracheophyta	TP	Magnoliopsida	MG	Caryophyllales	VW	Amaranthaceae	68Z	Alternanthera	628SX			
64RBC	Adiantum rhizophytum Schrad.	64RBC	Adiantum rhizophytum Schrad.	3	SPECIES	ACCEPTED	Plantae	P	Tracheophyta	TP	Polypodiopsida	GV	Polypodiales	3VL	Pteridaceae	FCF	Adiantum	P9F	Adiantum rhizophytum	64RBC	
8W2BX	Philodendron Schott	8W2BX	Philodendron Schott	3	GENUS	ACCEPTED	Plantae	P	Tracheophyta	TP	Liliopsida	L2L	Alismatales	62287	Araceae	6M4	Philodendron	8W2BX			
4BGYB	Oxypetalum banksii Schult.	4BGYB	Oxypetalum banksii Schult.	2	SPECIES	ACCEPTED	Plantae	P	Tracheophyta	TP	Magnoliopsida	MG	Gentianales	39D	Apocynaceae	6L2	Oxypetalum	6BF5	Oxypetalum banksii	4BGYB	
6DHZT	Dorstenia vitifolia Gardner	5GYKD	Dorstenia cayapia subsp. vitifolia (Gardner) C.C.Berg	2	SPECIES	SYNONYM	Plantae	P	Tracheophyta	TP	Magnoliopsida	MG	Rosales	3Z6	Moraceae	CXM	Dorstenia	47WJ	Dorstenia cayapia	6DFXZ	
3HK2B	Guazuma ulmifolia Lam.	3HK2B	Guazuma ulmifolia Lam.	8	SPECIES	ACCEPTED	Plantae	P	Tracheophyta	TP	Magnoliopsida	MG	Malvales	3HP	Malvaceae	CDB	Guazuma	636H9	Guazuma ulmifolia	3HK2B	LC
S5JD	Cenchrus pedicellatus (Trin.) Morrone	S5JD	Cenchrus pedicellatus (Trin.) Morrone	1	SPECIES	ACCEPTED	Plantae	P	Tracheophyta	TP	Liliopsida	L2L	Poales	627VM	Poaceae	627FW	Cenchrus	8VW2R	Cenchrus pedicellatus	S5JD	LC
4MBJ5	Prestonia riedelii (Müll.Arg.) Markgr.	6X6SL	Rhodocalyx riedelii (Müll.Arg.) J.F.Morales, M.E.Endress & Liede	2	SPECIES	SYNONYM	Plantae	P	Tracheophyta	TP	Magnoliopsida	MG	Gentianales	39D	Apocynaceae	6L2	Rhodocalyx	794C	Rhodocalyx riedelii	6X6SL	
63NFC	Polygonum L.	63NFC	Polygonum L.	1	GENUS	ACCEPTED	Plantae	P	Tracheophyta	TP	Magnoliopsida	MG	Caryophyllales	VW	Polygonaceae	627KD	Polygonum	63NFC			
DCKM	Anadenanthera colubrina (Vell.) Brenan	DCKM	Anadenanthera colubrina (Vell.) Brenan	3	SPECIES	ACCEPTED	Plantae	P	Tracheophyta	TP	Magnoliopsida	MG	Fabales	383	Fabaceae	623QT	Anadenanthera	9CJRG	Anadenanthera colubrina	DCKM	LC
8W2NK	Pouteria Aubl.	8W2NK	Pouteria Aubl.	1	GENUS	ACCEPTED	Plantae	P	Tracheophyta	TP	Magnoliopsida	MG	Ericales	625QY	Sapotaceae	SMQQD	Pouteria	8W2NK			
RYHB	Cayaponia pilosa (Vell.) Cogn.	RYHB	Cayaponia pilosa (Vell.) Cogn.	2	SPECIES	ACCEPTED	Plantae	P	Tracheophyta	TP	Magnoliopsida	MG	Cucurbitales	32L	Cucurbitaceae	8SC	Cayaponia	3JTP	Cayaponia pilosa	RYHB	
4WP4F	Senegalia tenuifolia (L.) Britton & Rose	4WP4F	Senegalia tenuifolia (L.) Britton & Rose	2	SPECIES	ACCEPTED	Plantae	P	Tracheophyta	TP	Magnoliopsida	MG	Fabales	383	Fabaceae	623QT	Senegalia	63SM7	Senegalia tenuifolia	4WP4F	LC
5CWKY	Zanthoxylum monogynum A.St.-Hil.	5CWKY	Zanthoxylum monogynum A.St.-Hil.	3	SPECIES	ACCEPTED	Plantae	P	Tracheophyta	TP	Magnoliopsida	MG	Sapindales	3ZY	Rutaceae	626WT	Zanthoxylum	6497N	Zanthoxylum monogynum	5CWKY	LC
HJVT	Asplenium balansae (Baker) Sylvestre	HJVT	Asplenium balansae (Baker) Sylvestre	5	SPECIES	ACCEPTED	Plantae	P	Tracheophyta	TP	Polypodiopsida	GV	Polypodiales	3VL	Aspleniaceae	6TQ	Asplenium	346X	Asplenium balansae	HJVT	
6G4GZ	Epidendrum densiflorum Hook.	6G4GZ	Epidendrum densiflorum Hook.	3	SPECIES	ACCEPTED	Plantae	P	Tracheophyta	TP	Liliopsida	L2L	Asparagales	SP	Orchidaceae	DPL	Epidendrum	8VXDM	Epidendrum densiflorum	6G4GZ	
6HVJV	Ficus calyptroceras (Miq.) Miq.	6HVJV	Ficus calyptroceras (Miq.) Miq.	1	SPECIES	ACCEPTED	Plantae	P	Tracheophyta	TP	Magnoliopsida	MG	Rosales	3Z6	Moraceae	CXM	Ficus	4JYX	Ficus calyptroceras	6HVJV	VU
6TVVV	Pecluma truncorum (Lindm.) M.G.Price	6TVVV	Pecluma truncorum (Lindm.) M.G.Price	1	SPECIES	ACCEPTED	Plantae	P	Tracheophyta	TP	Polypodiopsida	GV	Polypodiales	3VL	Polypodiaceae	627JZ	Pecluma	63L5D	Pecluma truncorum	6TVVV	
36CQF	Dioscorea hassleriana Chodat	36CQF	Dioscorea hassleriana Chodat	4	SPECIES	ACCEPTED	Plantae	P	Tracheophyta	TP	Liliopsida	L2L	Dioscoreales	34W	Dioscoreaceae	623Y5	Dioscorea	8VRRX	Dioscorea hassleriana	36CQF	
QPLJ	Cantinoa mutabilis (Rich.) Harley & J.F.B.Pastore	QPLJ	Cantinoa mutabilis (Rich.) Harley & J.F.B.Pastore	6	SPECIES	ACCEPTED	Plantae	P	Tracheophyta	TP	Magnoliopsida	MG	Lamiales	3F4	Lamiaceae	PR82T	Cantinoa	8WCYC	Cantinoa mutabilis	QPLJ	
4FDG5	Petiveria alliacea L.	4FDG5	Petiveria alliacea L.	4	SPECIES	ACCEPTED	Plantae	P	Tracheophyta	TP	Magnoliopsida	MG	Caryophyllales	VW	Petiveriaceae	62686	Petiveria	6M2V	Petiveria alliacea	4FDG5	
8VTMQ	Alstroemeria L.	8VTMQ	Alstroemeria L.	12	GENUS	ACCEPTED	Plantae	P	Tracheophyta	TP	Liliopsida	L2L	Liliales	623DL	Alstroemeriaceae	68G	Alstroemeria	8VTMQ			
6R7MK	Mascagnia sepium (A.Juss.) Griseb.	6R7MK	Mascagnia sepium (A.Juss.) Griseb.	2	SPECIES	ACCEPTED	Plantae	P	Tracheophyta	TP	Magnoliopsida	MG	Malpighiales	MLP	Malpighiaceae	CD9	Mascagnia	5LQF	Mascagnia sepium	6R7MK	
3C55M	Eugenia lagoensis Kiaersk.	3C55M	Eugenia lagoensis Kiaersk.	6	SPECIES	ACCEPTED	Plantae	P	Tracheophyta	TP	Magnoliopsida	MG	Myrtales	3LY	Myrtaceae	D48	Eugenia	4FLN	Eugenia lagoensis	3C55M	EN
9CQ85	Calopogonium caeruleum (Benth.) C.Wright	9CQ85	Calopogonium caeruleum (Benth.) C.Wright	2	SPECIES	ACCEPTED	Plantae	P	Tracheophyta	TP	Magnoliopsida	MG	Fabales	383	Fabaceae	623QT	Calopogonium	9CK95	Calopogonium caeruleum	9CQ85	
4PWQ5	Pteroglossa roseoalba (Rchb.f.) Salazar & M.W.Chase	4PWQ5	Pteroglossa roseoalba (Rchb.f.) Salazar & M.W.Chase	3	SPECIES	ACCEPTED	Plantae	P	Tracheophyta	TP	Liliopsida	L2L	Asparagales	SP	Orchidaceae	DPL	Pteroglossa	8W2VV	Pteroglossa roseoalba	4PWQ5	
D48	Myrtaceae Juss.	D48	Myrtaceae Juss.	3	FAMILY	ACCEPTED	Plantae	P	Tracheophyta	TP	Magnoliopsida	MG	Myrtales	3LY	Myrtaceae	D48					
4TN35	Ruellia erythropus (Nees) Lindau	4TN35	Ruellia erythropus (Nees) Lindau	2	SPECIES	ACCEPTED	Plantae	P	Tracheophyta	TP	Magnoliopsida	MG	Lamiales	3F4	Acanthaceae	62332	Ruellia	63RJB	Ruellia erythropus	4TN35	
5Y73	Nectandra Rol. ex Rottb.	5Y73	Nectandra Rol. ex Rottb.	5	GENUS	ACCEPTED	Plantae	P	Tracheophyta	TP	Magnoliopsida	MG	Laurales	3F8	Lauraceae	BTB	Nectandra	5Y73			
36DBC	Dioscorea subhastata Vell.	36DBC	Dioscorea subhastata Vell.	2	SPECIES	ACCEPTED	Plantae	P	Tracheophyta	TP	Liliopsida	L2L	Dioscoreales	34W	Dioscoreaceae	623Y5	Dioscorea	8VRRX	Dioscorea subhastata	36DBC	
36XX8	Distimake dissectus (Jacq.) A.R.Simões & Staples	36XX8	Distimake dissectus (Jacq.) A.R.Simões & Staples	2	SPECIES	ACCEPTED	Plantae	P	Tracheophyta	TP	Magnoliopsida	MG	Solanales	43W	Convolvulaceae	8J9	Distimake	4728	Distimake dissectus	36XX8	
4HTXN	Pilocarpus spicatus A.St.-Hil.	4HTXN	Pilocarpus spicatus A.St.-Hil.	2	SPECIES	ACCEPTED	Plantae	P	Tracheophyta	TP	Magnoliopsida	MG	Sapindales	3ZY	Rutaceae	626WT	Pilocarpus	6QGL	Pilocarpus spicatus	4HTXN	LC
SXC7	Cereus jamacaru DC.	SXC7	Cereus jamacaru DC.	1	SPECIES	ACCEPTED	Plantae	P	Tracheophyta	TP	Magnoliopsida	MG	Caryophyllales	VW	Cactaceae	7HS	Cereus	3L46	Cereus jamacaru	SXC7	LC
4LVYJ	Porcelia macrocarpa (Warm.) R.E.Fr.	4LVYJ	Porcelia macrocarpa (Warm.) R.E.Fr.	2	SPECIES	ACCEPTED	Plantae	P	Tracheophyta	TP	Magnoliopsida	MG	Magnoliales	3HL	Annonaceae	C66JZ	Porcelia	C82P7	Porcelia macrocarpa	4LVYJ	LC
6N9JW	Iseia luxurians (Moric.) O'Donell	67427	Aniseia luxurians (Moric.) Athiê-Souza & Buril	3	SPECIES	SYNONYM	Plantae	P	Tracheophyta	TP	Magnoliopsida	MG	Solanales	43W	Convolvulaceae	8J9	Aniseia	WBZ	Aniseia luxurians	67427	
69HW4	Centrolobium tomentosum Guill. ex Benth.	69HW4	Centrolobium tomentosum Guill. ex Benth.	4	SPECIES	ACCEPTED	Plantae	P	Tracheophyta	TP	Magnoliopsida	MG	Fabales	383	Fabaceae	623QT	Centrolobium	9CKBF	Centrolobium tomentosum	69HW4	LC
6M9J	Pfaffia Mart.	6M9J	Pfaffia Mart.	13	GENUS	ACCEPTED	Plantae	P	Tracheophyta	TP	Magnoliopsida	MG	Caryophyllales	VW	Amaranthaceae	68Z	Pfaffia	6M9J			
3XYDQ	Maranta lindmanii L.Andersson	3XYDQ	Maranta lindmanii L.Andersson	1	SPECIES	ACCEPTED	Plantae	P	Tracheophyta	TP	Liliopsida	L2L	Zingiberales	4C2	Marantaceae	624K3	Maranta	8VZ5V	Maranta lindmanii	3XYDQ	
5VJDX	Anthurium minarum Sakur. & Mayo	5VJDX	Anthurium minarum Sakur. & Mayo	1	SPECIES	ACCEPTED	Plantae	P	Tracheophyta	TP	Liliopsida	L2L	Alismatales	62287	Araceae	6M4	Anthurium	8VTYD	Anthurium minarum	5VJDX	
CDB	Malvaceae Juss.	CDB	Malvaceae Juss.	2	FAMILY	ACCEPTED	Plantae	P	Tracheophyta	TP	Magnoliopsida	MG	Malvales	3HP	Malvaceae	CDB					
6X2Z9	Randia armata (Sw.) DC.	6X2Z9	Randia armata (Sw.) DC.	5	SPECIES	ACCEPTED	Plantae	P	Tracheophyta	TP	Magnoliopsida	MG	Gentianales	39D	Rubiaceae	SGJN5	Randia	8W2ZL	Randia armata	6X2Z9	LC
64WXG	Aegiphila integrifolia (Jacq.) B.D.Jacks.	64WXG	Aegiphila integrifolia (Jacq.) B.D.Jacks.	2	SPECIES	ACCEPTED	Plantae	P	Tracheophyta	TP	Magnoliopsida	MG	Lamiales	3F4	Lamiaceae	PR82T	Aegiphila	8VTC4	Aegiphila integrifolia	64WXG	LC
855L	Urera Gaudich.	855L	Urera Gaudich.	4	GENUS	ACCEPTED	Plantae	P	Tracheophyta	TP	Magnoliopsida	MG	Rosales	3Z6	Urticaceae	HQS	Urera	855L			
HK97	Asplenium dimidiatum Sw.	HK97	Asplenium dimidiatum Sw.	3	SPECIES	ACCEPTED	Plantae	P	Tracheophyta	TP	Polypodiopsida	GV	Polypodiales	3VL	Aspleniaceae	6TQ	Asplenium	346X	Asplenium dimidiatum	HK97	
3WDFW	Luehea divaricata Mart.	3WDFW	Luehea divaricata Mart.	5	SPECIES	ACCEPTED	Plantae	P	Tracheophyta	TP	Magnoliopsida	MG	Malvales	3HP	Malvaceae	CDB	Luehea	5H7H	Luehea divaricata	3WDFW	DD
4J353	Piper amalago L.	4J353	Piper amalago L.	3	SPECIES	ACCEPTED	Plantae	P	Tracheophyta	TP	Magnoliopsida	MG	Piperales	623FG	Piperaceae	625NL	Piper	6QRC	Piper amalago	4J353	LC
43LGW	Mirabilis jalapa L.	43LGW	Mirabilis jalapa L.	1	SPECIES	ACCEPTED	Plantae	P	Tracheophyta	TP	Magnoliopsida	MG	Caryophyllales	VW	Nyctaginaceae	DG4	Mirabilis	5TK9	Mirabilis jalapa	43LGW	
6545L	Adiantopsis regularis (Mett.) T.Moore	6545L	Adiantopsis regularis (Mett.) T.Moore	1	SPECIES	ACCEPTED	Plantae	P	Tracheophyta	TP	Polypodiopsida	GV	Polypodiales	3VL	Pteridaceae	FCF	Adiantopsis	627W6	Adiantopsis regularis	6545L	
6D95K	Dioscorea leptostachya Gardner	36CWQ	Dioscorea martiana Griseb.	1	SPECIES	SYNONYM	Plantae	P	Tracheophyta	TP	Liliopsida	L2L	Dioscoreales	34W	Dioscoreaceae	623Y5	Dioscorea	8VRRX	Dioscorea martiana	36CWQ	
5C2FV	Wissadula macrantha R.E.Fr.	5S52W	Wissadula grandifolia var. macrantha (R.E.Fr.) Shinners	2	SPECIES	SYNONYM	Plantae	P	Tracheophyta	TP	Magnoliopsida	MG	Malvales	3HP	Malvaceae	CDB	Wissadula	884G	Wissadula grandifolia	9YPR6	
36CKL	Dioscorea demourae Uline ex R.Knuth	36CKL	Dioscorea demourae Uline ex R.Knuth	1	SPECIES	ACCEPTED	Plantae	P	Tracheophyta	TP	Liliopsida	L2L	Dioscoreales	34W	Dioscoreaceae	623Y5	Dioscorea	8VRRX	Dioscorea demourae	36CKL	
XFJ4	Commelina erecta L.	XFJ4	Commelina erecta L.	2	SPECIES	ACCEPTED	Plantae	P	Tracheophyta	TP	Liliopsida	L2L	Commelinales	ZC	Commelinaceae	8GR	Commelina	8VWFQ	Commelina erecta	XFJ4	LC
ZNLQ	Crotalaria incana L.	ZNLQ	Crotalaria incana L.	1	SPECIES	ACCEPTED	Plantae	P	Tracheophyta	TP	Magnoliopsida	MG	Fabales	383	Fabaceae	623QT	Crotalaria	9CKG4	Crotalaria incana	ZNLQ	
9D2Q7	Dahlstedtia muehlbergiana (Hassl.) M.J.Silva & A.M.G.Azevedo	9D2Q7	Dahlstedtia muehlbergiana (Hassl.) M.J.Silva & A.M.G.Azevedo	8	SPECIES	ACCEPTED	Plantae	P	Tracheophyta	TP	Magnoliopsida	MG	Fabales	383	Fabaceae	623QT	Dahlstedtia	9CKHN	Dahlstedtia muehlbergiana	9D2Q7	
8SC	Cucurbitaceae Juss.	8SC	Cucurbitaceae Juss.	4	FAMILY	ACCEPTED	Plantae	P	Tracheophyta	TP	Magnoliopsida	MG	Cucurbitales	32L	Cucurbitaceae	8SC					
6Q5LV	Leucochloron incuriale (Vell.) Barneby & J.W.Grimes	6Q5LV	Leucochloron incuriale (Vell.) Barneby & J.W.Grimes	2	SPECIES	ACCEPTED	Plantae	P	Tracheophyta	TP	Magnoliopsida	MG	Fabales	383	Fabaceae	623QT	Leucochloron	9CL75	Leucochloron incuriale	6Q5LV	LC
6WTWF	Rhamnidium elaeocarpum Reissek	6WTWF	Rhamnidium elaeocarpum Reissek	1	SPECIES	ACCEPTED	Plantae	P	Tracheophyta	TP	Magnoliopsida	MG	Rosales	3Z6	Rhamnaceae	FN6	Rhamnidium	78C5	Rhamnidium elaeocarpum	6WTWF	LC
7NQM3	Begonia L.	7NQM3	Begonia L.	6	GENUS	ACCEPTED	Plantae	P	Tracheophyta	TP	Magnoliopsida	MG	Cucurbitales	32L	Begoniaceae	7NG4T	Begonia	7NQM3			
499K6	Olyra ciliatifolia Raddi	499K6	Olyra ciliatifolia Raddi	2	SPECIES	ACCEPTED	Plantae	P	Tracheophyta	TP	Liliopsida	L2L	Poales	627VM	Poaceae	627FW	Olyra	8VZVJ	Olyra ciliatifolia	499K6	
HK5Z	Asplenium cristatum Lam.	HK5Z	Asplenium cristatum Lam.	2	SPECIES	ACCEPTED	Plantae	P	Tracheophyta	TP	Polypodiopsida	GV	Polypodiales	3VL	Aspleniaceae	6TQ	Asplenium	346X	Asplenium cristatum	HK5Z	
462H8	Nectandra nitidula Nees & Mart. ex Nees	462H8	Nectandra nitidula Nees & Mart. ex Nees	9	SPECIES	ACCEPTED	Plantae	P	Tracheophyta	TP	Magnoliopsida	MG	Laurales	3F8	Lauraceae	BTB	Nectandra	5Y73	Nectandra nitidula	462H8	LC
4BGZP	Oxypetalum erianthum Decne.	4BGZP	Oxypetalum erianthum Decne.	2	SPECIES	ACCEPTED	Plantae	P	Tracheophyta	TP	Magnoliopsida	MG	Gentianales	39D	Apocynaceae	6L2	Oxypetalum	6BF5	Oxypetalum erianthum	4BGZP	
8VW8L	Chrysophyllum L.	8VW8L	Chrysophyllum L.	3	GENUS	ACCEPTED	Plantae	P	Tracheophyta	TP	Magnoliopsida	MG	Ericales	625QY	Sapotaceae	SMQQD	Chrysophyllum	8VW8L			
37FHZ	Doryopteris concolor (Langsd. & Fisch.) Kuhn	37FHZ	Doryopteris concolor (Langsd. & Fisch.) Kuhn	5	SPECIES	ACCEPTED	Plantae	P	Tracheophyta	TP	Polypodiopsida	GV	Polypodiales	3VL	Pteridaceae	FCF	Doryopteris	47YC	Doryopteris concolor	37FHZ	
4WP3D	Senegalia polyphylla (DC.) Britton & Rose	4WP3D	Senegalia polyphylla (DC.) Britton & Rose	5	SPECIES	ACCEPTED	Plantae	P	Tracheophyta	TP	Magnoliopsida	MG	Fabales	383	Fabaceae	623QT	Senegalia	63SM7	Senegalia polyphylla	4WP3D	LC
GD6G	Ardisia guianensis (Aubl.) Mez	GD6G	Ardisia guianensis (Aubl.) Mez	3	SPECIES	ACCEPTED	Plantae	P	Tracheophyta	TP	Magnoliopsida	MG	Ericales	625QY	Primulaceae	627BN	Ardisia	32G5	Ardisia guianensis	GD6G	CR
5536Y	Tectaria incisa Cav.	5536Y	Tectaria incisa Cav.	4	SPECIES	ACCEPTED	Plantae	P	Tracheophyta	TP	Polypodiopsida	GV	Polypodiales	3VL	Tectariaceae	GY5	Tectaria	7T8Y	Tectaria incisa	5536Y	
456PS	Myracrodruon urundeuva Allemão	456PS	Myracrodruon urundeuva Allemão	8	SPECIES	ACCEPTED	Plantae	P	Tracheophyta	TP	Magnoliopsida	MG	Sapindales	3ZY	Anacardiaceae	6CK	Myracrodruon	5WGZ	Myracrodruon urundeuva	456PS	LC
3XV4N	Manihot grahamii Hook.	3XV4N	Manihot grahamii Hook.	1	SPECIES	ACCEPTED	Plantae	P	Tracheophyta	TP	Magnoliopsida	MG	Malpighiales	MLP	Euphorbiaceae	N7XM4	Manihot	8VZ5C	Manihot grahamii	3XV4N	
NN8K	Buddleja stachyoides Cham. & Schltdl.	NN8K	Buddleja stachyoides Cham. & Schltdl.	1	SPECIES	ACCEPTED	Plantae	P	Tracheophyta	TP	Magnoliopsida	MG	Lamiales	3F4	Scrophulariaceae	G5R	Buddleja	62H6F	Buddleja stachyoides	NN8K	
4J339	Piper aduncum L.	4J339	Piper aduncum L.	2	SPECIES	ACCEPTED	Plantae	P	Tracheophyta	TP	Magnoliopsida	MG	Piperales	623FG	Piperaceae	625NL	Piper	6QRC	Piper aduncum	4J339	LC
78CKL	Pseudananas sagenarius (Arruda) Camargo	7L8HG	Ananas comosus var. bracteatus (Lindl.) Coppens & F.Leal	1	SPECIES	SYNONYM	Plantae	P	Tracheophyta	TP	Liliopsida	L2L	Poales	627VM	Bromeliaceae	622GQ	Ananas	8VTRL	Ananas comosus	66LDM	
68CBY	Banisteriopsis parviflora (A.Juss.) B.Gates	68CBY	Banisteriopsis parviflora (A.Juss.) B.Gates	3	SPECIES	ACCEPTED	Plantae	P	Tracheophyta	TP	Magnoliopsida	MG	Malpighiales	MLP	Malpighiaceae	CD9	Banisteriopsis	37V2	Banisteriopsis parviflora	68CBY	
FC82	Aphelandra longiflora (Lindl.) Profice	FC82	Aphelandra longiflora (Lindl.) Profice	1	SPECIES	ACCEPTED	Plantae	P	Tracheophyta	TP	Magnoliopsida	MG	Lamiales	3F4	Acanthaceae	62332	Aphelandra	YCM	Aphelandra longiflora	FC82	
6XLQG	Sarcoglottis curvisepala Szlach. & Rutk.	6XLQG	Sarcoglottis curvisepala Szlach. & Rutk.	1	SPECIES	ACCEPTED	Plantae	P	Tracheophyta	TP	Liliopsida	L2L	Asparagales	SP	Orchidaceae	DPL	Sarcoglottis	8W3BG	Sarcoglottis curvisepala	6XLQG	
3WYK8	Machaerium scleroxylon Tul.	3WYK8	Machaerium scleroxylon Tul.	2	SPECIES	ACCEPTED	Plantae	P	Tracheophyta	TP	Magnoliopsida	MG	Fabales	383	Fabaceae	623QT	Machaerium	9CJNB	Machaerium scleroxylon	3WYK8	LC
5D6MQ	Zollernia glabra (Spreng.) Yakovlev	5D6MQ	Zollernia glabra (Spreng.) Yakovlev	1	SPECIES	ACCEPTED	Plantae	P	Tracheophyta	TP	Magnoliopsida	MG	Fabales	383	Fabaceae	623QT	Zollernia	9CMHW	Zollernia glabra	5D6MQ	LC
QT4Z	Capsicum baccatum L.	QT4Z	Capsicum baccatum L.	1	SPECIES	ACCEPTED	Plantae	P	Tracheophyta	TP	Magnoliopsida	MG	Solanales	43W	Solanaceae	626XM	Capsicum	3H75	Capsicum baccatum	QT4Z	
5H78	Ludwigia L.	5H78	Ludwigia L.	1	GENUS	ACCEPTED	Plantae	P	Tracheophyta	TP	Magnoliopsida	MG	Myrtales	3LY	Onagraceae	DL8	Ludwigia	5H78			
7Y28	Tournefortia L.	7Y28	Tournefortia L.	4	GENUS	ACCEPTED	Plantae	P	Tracheophyta	TP	Magnoliopsida	MG	Boraginales	TW	Heliotropiaceae	6253L	Tournefortia	7Y28			
582Z4	Trema micranthum (L.) Blume	582Z4	Trema micranthum (L.) Blume	4	SPECIES	ACCEPTED	Plantae	P	Tracheophyta	TP	Magnoliopsida	MG	Rosales	3Z6	Cannabaceae	7NV	Trema	7YPK	Trema micranthum	582Z4	LC
4HWS3	Pimenta pseudocaryophyllus (Gomes) Landrum	4HWS3	Pimenta pseudocaryophyllus (Gomes) Landrum	2	SPECIES	ACCEPTED	Plantae	P	Tracheophyta	TP	Magnoliopsida	MG	Myrtales	3LY	Myrtaceae	D48	Pimenta	6QKQ	Pimenta pseudocaryophyllus	4HWS3	
4K993	Pleroma stenocarpum (DC.) Triana	4K993	Pleroma stenocarpum (DC.) Triana	4	SPECIES	ACCEPTED	Plantae	P	Tracheophyta	TP	Magnoliopsida	MG	Myrtales	3LY	Melastomataceae	CK9	Pleroma	6SJD	Pleroma stenocarpum	4K993	
3KCG3	Heliotropium filiforme Lehm.	3CVQ8	Euploca filiformis (Lehm.) J.I.M.Melo & Semir	1	SPECIES	SYNONYM	Plantae	P	Tracheophyta	TP	Magnoliopsida	MG	Boraginales	TW	Heliotropiaceae	6253L	Euploca	4GDN	Euploca filiformis	3CVQ8	
3KCJX	Heliotropium indicum L.	3KCJX	Heliotropium indicum L.	2	SPECIES	ACCEPTED	Plantae	P	Tracheophyta	TP	Magnoliopsida	MG	Boraginales	TW	Heliotropiaceae	6253L	Heliotropium	62VCK	Heliotropium indicum	3KCJX	
37V2	Banisteriopsis C.B.Rob.	37V2	Banisteriopsis C.B.Rob.	3	GENUS	ACCEPTED	Plantae	P	Tracheophyta	TP	Magnoliopsida	MG	Malpighiales	MLP	Malpighiaceae	CD9	Banisteriopsis	37V2			
3HFG	Cardiospermum L.	3HFG	Cardiospermum L.	3	GENUS	ACCEPTED	Plantae	P	Tracheophyta	TP	Magnoliopsida	MG	Sapindales	3ZY	Sapindaceae	FY3	Cardiospermum	3HFG			
35MSP	Dichondra macrocalyx Meisn.	35MSP	Dichondra macrocalyx Meisn.	2	SPECIES	ACCEPTED	Plantae	P	Tracheophyta	TP	Magnoliopsida	MG	Solanales	43W	Convolvulaceae	8J9	Dichondra	44MQ	Dichondra macrocalyx	35MSP	
3KQZR	Hemionitis tomentosa (Lam.) Raddi	3KQZR	Hemionitis tomentosa (Lam.) Raddi	7	SPECIES	ACCEPTED	Plantae	P	Tracheophyta	TP	Polypodiopsida	GV	Polypodiales	3VL	Pteridaceae	FCF	Hemionitis	4V9F	Hemionitis tomentosa	3KQZR	
58YXC	Tripogandra elata D.R.Hunt	58YXC	Tripogandra elata D.R.Hunt	1	SPECIES	ACCEPTED	Plantae	P	Tracheophyta	TP	Liliopsida	L2L	Commelinales	ZC	Commelinaceae	8GR	Tripogandra	8W4F6	Tripogandra elata	58YXC	
76QT2	Peperomia blanda (Jacq.) Kunth	76QT2	Peperomia blanda (Jacq.) Kunth	5	SPECIES	ACCEPTED	Plantae	P	Tracheophyta	TP	Magnoliopsida	MG	Piperales	623FG	Piperaceae	625NL	Peperomia	6KXF	Peperomia blanda	76QT2	
54LM4	Talinum paniculatum (Jacq.) Gaertn.	54LM4	Talinum paniculatum (Jacq.) Gaertn.	1	SPECIES	ACCEPTED	Plantae	P	Tracheophyta	TP	Magnoliopsida	MG	Caryophyllales	VW	Talinaceae	GWJ	Talinum	7S7R	Talinum paniculatum	54LM4	
BTSFH	Pseudalbizzia niopoides (Spruce ex Benth.) E.J.M.Koenen & Duno	BTSFH	Pseudalbizzia niopoides (Spruce ex Benth.) E.J.M.Koenen & Duno	1	SPECIES	ACCEPTED	Plantae	P	Tracheophyta	TP	Magnoliopsida	MG	Fabales	383	Fabaceae	623QT	Pseudalbizzia	9CSYT	Pseudalbizzia niopoides	BTSFH	LC
77J2W	Picramnia ramiflora Planch.	77J2W	Picramnia ramiflora Planch.	3	SPECIES	ACCEPTED	Plantae	P	Tracheophyta	TP	Magnoliopsida	MG	Picramniales	3TV	Picramniaceae	625MD	Picramnia	63MBT	Picramnia ramiflora	77J2W	LC
36D5X	Dioscorea pseudomacrocapsa G.M.Barroso, E.F.Guim. & Sucre	36D5X	Dioscorea pseudomacrocapsa G.M.Barroso, E.F.Guim. & Sucre	3	SPECIES	ACCEPTED	Plantae	P	Tracheophyta	TP	Liliopsida	L2L	Dioscoreales	34W	Dioscoreaceae	623Y5	Dioscorea	8VRRX	Dioscorea pseudomacrocapsa	36D5X	LC
3PPRQ	Inga marginata Willd.	3PPRQ	Inga marginata Willd.	5	SPECIES	ACCEPTED	Plantae	P	Tracheophyta	TP	Magnoliopsida	MG	Fabales	383	Fabaceae	623QT	Inga	9CL35	Inga marginata	3PPRQ	LC
6KNTV	Goeppertia sellowii (Körn.) Borchs. & S.Suárez	6KNTV	Goeppertia sellowii (Körn.) Borchs. & S.Suárez	2	SPECIES	ACCEPTED	Plantae	P	Tracheophyta	TP	Liliopsida	L2L	Zingiberales	4C2	Marantaceae	624K3	Goeppertia	8WG2L	Goeppertia sellowii	6KNTV	
6VQN6	Pleopeltis minima (Bory) J.Prado & R.Y.Hirai	6VQN6	Pleopeltis minima (Bory) J.Prado & R.Y.Hirai	6	SPECIES	ACCEPTED	Plantae	P	Tracheophyta	TP	Polypodiopsida	GV	Polypodiales	3VL	Polypodiaceae	627JZ	Pleopeltis	6SH4	Pleopeltis minima	6VQN6	
6KNRB	Goeppertia eichleri (Petersen) Borchs. & S.Suárez	6KNRB	Goeppertia eichleri (Petersen) Borchs. & S.Suárez	1	SPECIES	ACCEPTED	Plantae	P	Tracheophyta	TP	Liliopsida	L2L	Zingiberales	4C2	Marantaceae	624K3	Goeppertia	8WG2L	Goeppertia eichleri	6KNRB	
4F59P	Peritassa campestris (Cambess.) A.C.Sm.	4F59P	Peritassa campestris (Cambess.) A.C.Sm.	1	SPECIES	ACCEPTED	Plantae	P	Tracheophyta	TP	Magnoliopsida	MG	Celastrales	W8	Celastraceae	622JV	Peritassa	6LJ6	Peritassa campestris	4F59P	
4K7MH	Pleopeltis angusta Humb. & Bonpl. ex Willd.	4K7MH	Pleopeltis angusta Humb. & Bonpl. ex Willd.	1	SPECIES	ACCEPTED	Plantae	P	Tracheophyta	TP	Polypodiopsida	GV	Polypodiales	3VL	Polypodiaceae	627JZ	Pleopeltis	6SH4	Pleopeltis angusta	4K7MH	
3KT3L	Hemistylus brasiliensis Wedd. ex Warm.	3KT3K	Hemistylus boehmerioides Benth.	9	SPECIES	SYNONYM	Plantae	P	Tracheophyta	TP	Magnoliopsida	MG	Rosales	3Z6	Urticaceae	HQS	Hemistylus	4VF2	Hemistylus boehmerioides	3KT3K	
35J69	Dicella bracteosa (A.Juss.) Griseb.	35J69	Dicella bracteosa (A.Juss.) Griseb.	4	SPECIES	ACCEPTED	Plantae	P	Tracheophyta	TP	Magnoliopsida	MG	Malpighiales	MLP	Malpighiaceae	CD9	Dicella	44HC	Dicella bracteosa	35J69	
6ZC5	Pseudobombax Dugand	6ZC5	Pseudobombax Dugand	2	GENUS	ACCEPTED	Plantae	P	Tracheophyta	TP	Magnoliopsida	MG	Malvales	3HP	Malvaceae	CDB	Pseudobombax	6ZC5			
564N	Jacquemontia Choisy	564N	Jacquemontia Choisy	2	GENUS	ACCEPTED	Plantae	P	Tracheophyta	TP	Magnoliopsida	MG	Solanales	43W	Convolvulaceae	8J9	Jacquemontia	564N			
6LWMR	Hiraea fagifolia (DC.) A.Juss.	6LWMR	Hiraea fagifolia (DC.) A.Juss.	2	SPECIES	ACCEPTED	Plantae	P	Tracheophyta	TP	Magnoliopsida	MG	Malpighiales	MLP	Malpighiaceae	CD9	Hiraea	4XH5	Hiraea fagifolia	6LWMR	LC
8VWWN	Dichorisandra J.C.Mikan	8VWWN	Dichorisandra J.C.Mikan	2	GENUS	ACCEPTED	Plantae	P	Tracheophyta	TP	Liliopsida	L2L	Commelinales	ZC	Commelinaceae	8GR	Dichorisandra	8VWWN			
4TH8H	Rourea induta Planch.	4TH8H	Rourea induta Planch.	2	SPECIES	ACCEPTED	Plantae	P	Tracheophyta	TP	Magnoliopsida	MG	Oxalidales	3QP	Connaraceae	8HN	Rourea	643XS	Rourea induta	4TH8H	
7BQC4	Teramnus uncinatus (L.) Sw.	7BQC4	Teramnus uncinatus (L.) Sw.	2	SPECIES	ACCEPTED	Plantae	P	Tracheophyta	TP	Magnoliopsida	MG	Fabales	383	Fabaceae	623QT	Teramnus	9CM7H	Teramnus uncinatus	7BQC4	
35MYZ	Dichorisandra rupicola Aona & M.C.E.Amaral	35MYZ	Dichorisandra rupicola Aona & M.C.E.Amaral	1	SPECIES	ACCEPTED	Plantae	P	Tracheophyta	TP	Liliopsida	L2L	Commelinales	ZC	Commelinaceae	8GR	Dichorisandra	8VWWN	Dichorisandra rupicola	35MYZ	
63SM7	Senegalia Raf.	63SM7	Senegalia Raf.	2	GENUS	ACCEPTED	Plantae	P	Tracheophyta	TP	Magnoliopsida	MG	Fabales	383	Fabaceae	623QT	Senegalia	63SM7			
65WRP	Allophylus racemosus (L.) Radlk.	65WRP	Allophylus racemosus (L.) Radlk.	4	SPECIES	ACCEPTED	Plantae	P	Tracheophyta	TP	Magnoliopsida	MG	Sapindales	3ZY	Sapindaceae	FY3	Allophylus	SHF	Allophylus racemosus	65WRP	
3LBQ	Cestrum L.	3LBQ	Cestrum L.	3	GENUS	ACCEPTED	Plantae	P	Tracheophyta	TP	Magnoliopsida	MG	Solanales	43W	Solanaceae	626XM	Cestrum	3LBQ			
3PWNV	Ipomoea parasitica (Kunth) G.Don	3PWNV	Ipomoea parasitica (Kunth) G.Don	2	SPECIES	ACCEPTED	Plantae	P	Tracheophyta	TP	Magnoliopsida	MG	Solanales	43W	Convolvulaceae	8J9	Ipomoea	62WB5	Ipomoea parasitica	3PWNV	
76QGF	Peperomia warmingii C.DC.	76QGF	Peperomia warmingii C.DC.	1	SPECIES	ACCEPTED	Plantae	P	Tracheophyta	TP	Magnoliopsida	MG	Piperales	623FG	Piperaceae	625NL	Peperomia	6KXF	Peperomia warmingii	76QGF	
9D8WV	Lonchocarpus cultratus (Vell.) A.M.G.Azevedo & H.C.Lima	9D8WV	Lonchocarpus cultratus (Vell.) A.M.G.Azevedo & H.C.Lima	6	SPECIES	ACCEPTED	Plantae	P	Tracheophyta	TP	Magnoliopsida	MG	Fabales	383	Fabaceae	623QT	Lonchocarpus	9CL7X	Lonchocarpus cultratus	9D8WV	
35MXP	Dichorisandra hexandra (Aubl.) C.B.Clarke	35MXP	Dichorisandra hexandra (Aubl.) C.B.Clarke	2	SPECIES	ACCEPTED	Plantae	P	Tracheophyta	TP	Liliopsida	L2L	Commelinales	ZC	Commelinaceae	8GR	Dichorisandra	8VWWN	Dichorisandra hexandra	35MXP	
5WR8	Myrsine L.	5WR8	Myrsine L.	4	GENUS	ACCEPTED	Plantae	P	Tracheophyta	TP	Magnoliopsida	MG	Ericales	625QY	Primulaceae	627BN	Myrsine	5WR8			
6PJCR	Leptotes bicolor Lindl.	6PJCR	Leptotes bicolor Lindl.	2	SPECIES	ACCEPTED	Plantae	P	Tracheophyta	TP	Liliopsida	L2L	Asparagales	SP	Orchidaceae	DPL	Leptotes	8VYVG	Leptotes bicolor	6PJCR	
5B49L	Vernonanthura ferruginea (Less.) H.Rob.	5B49L	Vernonanthura ferruginea (Less.) H.Rob.	1	SPECIES	ACCEPTED	Plantae	P	Tracheophyta	TP	Magnoliopsida	MG	Asterales	ST	Asteraceae	622TP	Vernonanthura	647MG	Vernonanthura ferruginea	5B49L	
54TFV	Tapirira obtusa (Benth.) J.D.Mitch.	54TFV	Tapirira obtusa (Benth.) J.D.Mitch.	2	SPECIES	ACCEPTED	Plantae	P	Tracheophyta	TP	Magnoliopsida	MG	Sapindales	3ZY	Anacardiaceae	6CK	Tapirira	7SPW	Tapirira obtusa	54TFV	LC
KKSZ	Banisteriopsis muricata (Cav.) Cuatrec.	KKSZ	Banisteriopsis muricata (Cav.) Cuatrec.	4	SPECIES	ACCEPTED	Plantae	P	Tracheophyta	TP	Magnoliopsida	MG	Malpighiales	MLP	Malpighiaceae	CD9	Banisteriopsis	37V2	Banisteriopsis muricata	KKSZ	
SBGC	Centrosema brasilianum (L.) Benth.	SBGC	Centrosema brasilianum (L.) Benth.	2	SPECIES	ACCEPTED	Plantae	P	Tracheophyta	TP	Magnoliopsida	MG	Fabales	383	Fabaceae	623QT	Centrosema	9CKBG	Centrosema brasilianum	SBGC	
9CL35	Inga Mill.	9CL35	Inga Mill.	4	GENUS	ACCEPTED	Plantae	P	Tracheophyta	TP	Magnoliopsida	MG	Fabales	383	Fabaceae	623QT	Inga	9CL35			
3FYTD	Gibasis geniculata (Jacq.) Rohweder	3FYTD	Gibasis geniculata (Jacq.) Rohweder	1	SPECIES	ACCEPTED	Plantae	P	Tracheophyta	TP	Liliopsida	L2L	Commelinales	ZC	Commelinaceae	8GR	Gibasis	8VXV5	Gibasis geniculata	3FYTD	
588NX	Trichilia claussenii C.DC.	588NX	Trichilia claussenii C.DC.	15	SPECIES	ACCEPTED	Plantae	P	Tracheophyta	TP	Magnoliopsida	MG	Sapindales	3ZY	Meliaceae	CKB	Trichilia	7Z63	Trichilia claussenii	588NX	
TQX3	Chautemsia calcicola A.O.Araujo & V.C.Souza	TQX3	Chautemsia calcicola A.O.Araujo & V.C.Souza	4	SPECIES	ACCEPTED	Plantae	P	Tracheophyta	TP	Magnoliopsida	MG	Lamiales	3F4	Gesneriaceae	623G4	Chautemsia	3MFS	Chautemsia calcicola	TQX3	
56XT2	Tillandsia loliacea Mart. ex Schult. & Schult.f.	56XT2	Tillandsia loliacea Mart. ex Schult. & Schult.f.	4	SPECIES	ACCEPTED	Plantae	P	Tracheophyta	TP	Liliopsida	L2L	Poales	627VM	Bromeliaceae	622GQ	Tillandsia	8W47T	Tillandsia loliacea	56XT2	
3YHX3	Maytenus gonoclados Mart.	6S27C	Monteverdia gonoclada (Mart.) Biral	1	SPECIES	SYNONYM	Plantae	P	Tracheophyta	TP	Magnoliopsida	MG	Celastrales	W8	Celastraceae	622JV	Monteverdia	63CXX	Monteverdia gonoclada	6S27C	
69849	Calliandra foliolosa Benth.	69849	Calliandra foliolosa Benth.	8	SPECIES	ACCEPTED	Plantae	P	Tracheophyta	TP	Magnoliopsida	MG	Fabales	383	Fabaceae	623QT	Calliandra	9CK8N	Calliandra foliolosa	69849	
8GR	Commelinaceae Mirb.	8GR	Commelinaceae Mirb.	1	FAMILY	ACCEPTED	Plantae	P	Tracheophyta	TP	Liliopsida	L2L	Commelinales	ZC	Commelinaceae	8GR					
56Y8Q	Tillandsia streptocarpa Baker	56Y8Q	Tillandsia streptocarpa Baker	1	SPECIES	ACCEPTED	Plantae	P	Tracheophyta	TP	Liliopsida	L2L	Poales	627VM	Bromeliaceae	622GQ	Tillandsia	8W47T	Tillandsia streptocarpa	56Y8Q	
7DT2G	Urera aurantiaca Wedd.	7DT2G	Urera aurantiaca Wedd.	2	SPECIES	ACCEPTED	Plantae	P	Tracheophyta	TP	Magnoliopsida	MG	Rosales	3Z6	Urticaceae	HQS	Urera	855L	Urera aurantiaca	7DT2G	
4LQZ2	Pombalia atropurpurea (A.St.-Hil.) Paula-Souza	4LQZ2	Pombalia atropurpurea (A.St.-Hil.) Paula-Souza	2	SPECIES	ACCEPTED	Plantae	P	Tracheophyta	TP	Magnoliopsida	MG	Malpighiales	MLP	Violaceae	6272Z	Pombalia	63P2J	Pombalia atropurpurea	4LQZ2	
87YHX	Begonia fischeri Schrank	87YHX	Begonia fischeri Schrank	4	SPECIES	ACCEPTED	Plantae	P	Tracheophyta	TP	Magnoliopsida	MG	Cucurbitales	32L	Begoniaceae	7NG4T	Begonia	7NQM3	Begonia fischeri	87YHX	
3HJDP	Guarea macrophylla M.Vahl	3HJDP	Guarea macrophylla M.Vahl	1	SPECIES	ACCEPTED	Plantae	P	Tracheophyta	TP	Magnoliopsida	MG	Sapindales	3ZY	Meliaceae	CKB	Guarea	4RDC	Guarea macrophylla	3HJDP	LC
6M98F	Hippeastrum reticulatum (L'Hér.) Herb.	6M98F	Hippeastrum reticulatum (L'Hér.) Herb.	2	SPECIES	ACCEPTED	Plantae	P	Tracheophyta	TP	Liliopsida	L2L	Asparagales	SP	Amaryllidaceae	694	Hippeastrum	8VY96	Hippeastrum reticulatum	6M98F	
76QWL	Peperomia gardneriana Miq.	76QWL	Peperomia gardneriana Miq.	3	SPECIES	ACCEPTED	Plantae	P	Tracheophyta	TP	Magnoliopsida	MG	Piperales	623FG	Piperaceae	625NL	Peperomia	6KXF	Peperomia gardneriana	76QWL	
6K8J6	Gardnerina angustata (Gardner) R.M.King & H.Rob.	6K8J6	Gardnerina angustata (Gardner) R.M.King & H.Rob.	12	SPECIES	ACCEPTED	Plantae	P	Tracheophyta	TP	Magnoliopsida	MG	Asterales	ST	Asteraceae	622TP	Gardnerina	4M7W	Gardnerina angustata	6K8J6	
4J3R5	Piper crassinervium Kunth	4J3R5	Piper crassinervium Kunth	2	SPECIES	ACCEPTED	Plantae	P	Tracheophyta	TP	Magnoliopsida	MG	Piperales	623FG	Piperaceae	625NL	Piper	6QRC	Piper crassinervium	4J3R5	LC
653FD	Adiantum calcareum Gaertn.	653FD	Adiantum calcareum Gaertn.	2	SPECIES	ACCEPTED	Plantae	P	Tracheophyta	TP	Polypodiopsida	GV	Polypodiales	3VL	Pteridaceae	FCF	Adiantum	P9F	Adiantum calcareum	653FD	
3ZSGZ	Mentzelia aspera L.	3ZSGZ	Mentzelia aspera L.	7	SPECIES	ACCEPTED	Plantae	P	Tracheophyta	TP	Magnoliopsida	MG	Cornales	ZT	Loasaceae	C5K	Mentzelia	5P5Z	Mentzelia aspera	3ZSGZ	
82C7	Triplaris Loefl. ex L.	82C7	Triplaris Loefl. ex L.	2	GENUS	ACCEPTED	Plantae	P	Tracheophyta	TP	Magnoliopsida	MG	Caryophyllales	VW	Polygonaceae	627KD	Triplaris	82C7			
5BYZT	Wilbrandia hibiscoides Silva Manso	5BYZT	Wilbrandia hibiscoides Silva Manso	4	SPECIES	ACCEPTED	Plantae	P	Tracheophyta	TP	Magnoliopsida	MG	Cucurbitales	32L	Cucurbitaceae	8SC	Wilbrandia	87YD	Wilbrandia hibiscoides	5BYZT	
588NL	Trichilia catigua A.Juss.	588NL	Trichilia catigua A.Juss.	4	SPECIES	ACCEPTED	Plantae	P	Tracheophyta	TP	Magnoliopsida	MG	Sapindales	3ZY	Meliaceae	CKB	Trichilia	7Z63	Trichilia catigua	588NL	LC
9XQ8S	Allophylus sericeus (Cambess.) Radlk.	65WRP	Allophylus racemosus (L.) Radlk.	1	SPECIES	AMBIGUOUS_SYNONYM	Plantae	P	Tracheophyta	TP	Magnoliopsida	MG	Sapindales	3ZY	Sapindaceae	FY3	Allophylus	SHF	Allophylus racemosus	65WRP	
N7LB	Brasiliopuntia brasiliensis (Willd.) A.Berger	N7LB	Brasiliopuntia brasiliensis (Willd.) A.Berger	2	SPECIES	ACCEPTED	Plantae	P	Tracheophyta	TP	Magnoliopsida	MG	Caryophyllales	VW	Cactaceae	7HS	Brasiliopuntia	3CVB	Brasiliopuntia brasiliensis	N7LB	LC
3S7LR	Lantana camara L.	3S7LR	Lantana camara L.	3	SPECIES	ACCEPTED	Plantae	P	Tracheophyta	TP	Magnoliopsida	MG	Lamiales	3F4	Verbenaceae	TMFZP	Lantana	99F9H	Lantana camara	3S7LR	
4XZG8	Solanum alternatopinnatum Steud.	4XZG8	Solanum alternatopinnatum Steud.	1	SPECIES	ACCEPTED	Plantae	P	Tracheophyta	TP	Magnoliopsida	MG	Solanales	43W	Solanaceae	626XM	Solanum	63SD9	Solanum alternatopinnatum	4XZG8	
5KFDH	Pilocarpus spicatus subsp. spicatus	5KFDH	Pilocarpus spicatus subsp. spicatus	2	SUBSPECIES	ACCEPTED	Plantae	P	Tracheophyta	TP	Magnoliopsida	MG	Sapindales	3ZY	Rutaceae	626WT	Pilocarpus	6QGL	Pilocarpus spicatus	4HTXN	
NR9KF	Erythrina mulungu Mart.	3BDF8	Erythrina verna Vell.	1	SPECIES	SYNONYM	Plantae	P	Tracheophyta	TP	Magnoliopsida	MG	Fabales	383	Fabaceae	623QT	Erythrina	9CKRG	Erythrina verna	3BDF8	
6JP4H	Fridericia triplinervia (Mart. ex DC.) L.G.Lohmann	6JP4H	Fridericia triplinervia (Mart. ex DC.) L.G.Lohmann	2	SPECIES	ACCEPTED	Plantae	P	Tracheophyta	TP	Magnoliopsida	MG	Lamiales	3F4	Bignoniaceae	77P	Fridericia	4L5L	Fridericia triplinervia	6JP4H	
4PNKC	Psychotria carthagenensis Jacq.	4PNKC	Psychotria carthagenensis Jacq.	2	SPECIES	ACCEPTED	Plantae	P	Tracheophyta	TP	Magnoliopsida	MG	Gentianales	39D	Rubiaceae	SGJN5	Psychotria	8VSFT	Psychotria carthagenensis	4PNKC	LC
3C3R5	Eugenia acutata Miq.	3C3R5	Eugenia acutata Miq.	2	SPECIES	ACCEPTED	Plantae	P	Tracheophyta	TP	Magnoliopsida	MG	Myrtales	3LY	Myrtaceae	D48	Eugenia	4FLN	Eugenia acutata	3C3R5	LC
5ZRG8	Combretum laxum Jacq.	5ZRG8	Combretum laxum Jacq.	2	SPECIES	ACCEPTED	Plantae	P	Tracheophyta	TP	Magnoliopsida	MG	Myrtales	3LY	Combretaceae	8GM	Combretum	3SRG	Combretum laxum	5ZRG8	LC
72PYQ	Lundia obliqua Sond.	72PYQ	Lundia obliqua Sond.	1	SPECIES	ACCEPTED	Plantae	P	Tracheophyta	TP	Magnoliopsida	MG	Lamiales	3F4	Bignoniaceae	77P	Lundia	639R8	Lundia obliqua	72PYQ	
YBTC	Cordia trichotoma (Vell.) Arráb. ex Steud.	YBTC	Cordia trichotoma (Vell.) Arráb. ex Steud.	1	SPECIES	ACCEPTED	Plantae	P	Tracheophyta	TP	Magnoliopsida	MG	Boraginales	TW	Cordiaceae	7NGXW	Cordia	62MK7	Cordia trichotoma	YBTC	LC
3C5HT	Eugenia moraviana O.Berg	3C5GY	Eugenia modesta DC.	2	SPECIES	SYNONYM	Plantae	P	Tracheophyta	TP	Magnoliopsida	MG	Myrtales	3LY	Myrtaceae	D48	Eugenia	4FLN	Eugenia modesta	3C5GY	
9ZBG	Adenocalymma coriaceum A.DC.	9ZBG	Adenocalymma coriaceum A.DC.	3	SPECIES	ACCEPTED	Plantae	P	Tracheophyta	TP	Magnoliopsida	MG	Lamiales	3F4	Bignoniaceae	77P	Adenocalymma	C8RNZ	Adenocalymma coriaceum	9ZBG	
3WK8H	Lycianthes repens (Spreng.) Bitter	3WK8H	Lycianthes repens (Spreng.) Bitter	2	SPECIES	ACCEPTED	Plantae	P	Tracheophyta	TP	Magnoliopsida	MG	Solanales	43W	Solanaceae	626XM	Lycianthes	5HJQ	Lycianthes repens	3WK8H	
3C648	Eugenia repanda O.Berg	3C648	Eugenia repanda O.Berg	2	SPECIES	ACCEPTED	Plantae	P	Tracheophyta	TP	Magnoliopsida	MG	Myrtales	3LY	Myrtaceae	D48	Eugenia	4FLN	Eugenia repanda	3C648	LC
6HYN9	Ficus obtusifolia Kunth	6HYN9	Ficus obtusifolia Kunth	5	SPECIES	ACCEPTED	Plantae	P	Tracheophyta	TP	Magnoliopsida	MG	Rosales	3Z6	Moraceae	CXM	Ficus	4JYX	Ficus obtusifolia	6HYN9	LC
3XW3V	Mansoa difficilis (Cham.) Bureau & K.Schum.	3XW3V	Mansoa difficilis (Cham.) Bureau & K.Schum.	2	SPECIES	ACCEPTED	Plantae	P	Tracheophyta	TP	Magnoliopsida	MG	Lamiales	3F4	Bignoniaceae	77P	Mansoa	5KYK	Mansoa difficilis	3XW3V	
MQWZ	Bouchea fluminensis (Vell.) Moldenke	LX6KV	Bouchea pseudogervoa (A.St.-Hil.) Cham.	4	SPECIES	SYNONYM	Plantae	P	Tracheophyta	TP	Magnoliopsida	MG	Lamiales	3F4	Verbenaceae	TMFZP	Bouchea	99DTH	Bouchea pseudogervoa	LX6KV	
4M7JJ	Pouteria gardneriana (A.DC.) Radlk.	CDFLZ	Labatia gardneriana (A.DC.) Alves-Araújo	2	SPECIES	SYNONYM	Plantae	P	Tracheophyta	TP	Magnoliopsida	MG	Ericales	625QY	Sapotaceae	SMQQD	Labatia	8WGYC	Labatia gardneriana	CDFLZ	
9YR3H	Guarea macrophylla subsp. spiciflora (A.Juss.) T.D.Penn.	9YR3H	Guarea macrophylla subsp. spiciflora (A.Juss.) T.D.Penn.	2	SUBSPECIES	ACCEPTED	Plantae	P	Tracheophyta	TP	Magnoliopsida	MG	Sapindales	3ZY	Meliaceae	CKB	Guarea	4RDC	Guarea macrophylla	3HJDP	
76R3Q	Peperomia circinnata Link	76R3Q	Peperomia circinnata Link	3	SPECIES	ACCEPTED	Plantae	P	Tracheophyta	TP	Magnoliopsida	MG	Piperales	623FG	Piperaceae	625NL	Peperomia	6KXF	Peperomia circinnata	76R3Q	
LQ8H	Bia alienata Didr.	LQ8H	Bia alienata Didr.	4	SPECIES	ACCEPTED	Plantae	P	Tracheophyta	TP	Magnoliopsida	MG	Malpighiales	MLP	Euphorbiaceae	N7XM4	Bia	8VVKG	Bia alienata	LQ8H	
6N8FM	Ipomoea ramosissima (Poir.) Choisy	6N8FM	Ipomoea ramosissima (Poir.) Choisy	2	SPECIES	ACCEPTED	Plantae	P	Tracheophyta	TP	Magnoliopsida	MG	Solanales	43W	Convolvulaceae	8J9	Ipomoea	62WB5	Ipomoea ramosissima	6N8FM	LC
3CCMN	Eumachia cephalantha (Müll.Arg.) Delprete & J.H.Kirkbr.	3CCMN	Eumachia cephalantha (Müll.Arg.) Delprete & J.H.Kirkbr.	2	SPECIES	ACCEPTED	Plantae	P	Tracheophyta	TP	Magnoliopsida	MG	Gentianales	39D	Rubiaceae	SGJN5	Eumachia	8WFP2	Eumachia cephalantha	3CCMN	LC
346X	Asplenium L.	346X	Asplenium L.	1	GENUS	ACCEPTED	Plantae	P	Tracheophyta	TP	Polypodiopsida	GV	Polypodiales	3VL	Aspleniaceae	6TQ	Asplenium	346X			
63FTJ	Odontadenia Benth.	63FTJ	Odontadenia Benth.	1	GENUS	ACCEPTED	Plantae	P	Tracheophyta	TP	Magnoliopsida	MG	Gentianales	39D	Apocynaceae	6L2	Odontadenia	63FTJ			
6RL3F	Mikania salviifolia Gardner	6RL3F	Mikania salviifolia Gardner	2	SPECIES	ACCEPTED	Plantae	P	Tracheophyta	TP	Magnoliopsida	MG	Asterales	ST	Asteraceae	622TP	Mikania	5SQY	Mikania salviifolia	6RL3F	
5J4SB	Inga vera subsp. affinis (DC.) T.D.Penn.	3PPCP	Inga affinis DC.	5	SUBSPECIES	SYNONYM	Plantae	P	Tracheophyta	TP	Magnoliopsida	MG	Fabales	383	Fabaceae	623QT	Inga	9CL35	Inga affinis	3PPCP	
765HJ	Paullinia elegans Cambess.	765HJ	Paullinia elegans Cambess.	3	SPECIES	ACCEPTED	Plantae	P	Tracheophyta	TP	Magnoliopsida	MG	Sapindales	3ZY	Sapindaceae	FY3	Paullinia	6JPH	Paullinia elegans	765HJ	
87Q3	Wedelia Jacq.	87Q3	Wedelia Jacq.	1	GENUS	ACCEPTED	Plantae	P	Tracheophyta	TP	Magnoliopsida	MG	Asterales	ST	Asteraceae	622TP	Wedelia	87Q3			
8W3MJ	Smilax L.	8W3MJ	Smilax L.	1	GENUS	ACCEPTED	Plantae	P	Tracheophyta	TP	Liliopsida	L2L	Liliales	623DL	Smilacaceae	GCL	Smilax	8W3MJ			
7NKM	Stigmaphyllon A.Juss.	7NKM	Stigmaphyllon A.Juss.	2	GENUS	ACCEPTED	Plantae	P	Tracheophyta	TP	Magnoliopsida	MG	Malpighiales	MLP	Malpighiaceae	CD9	Stigmaphyllon	7NKM			
62PPM	Cupania L.	62PPM	Cupania L.	2	GENUS	ACCEPTED	Plantae	P	Tracheophyta	TP	Magnoliopsida	MG	Sapindales	3ZY	Sapindaceae	FY3	Cupania	62PPM			
8W2ZL	Randia Houst. ex L.	8W2ZL	Randia Houst. ex L.	1	GENUS	ACCEPTED	Plantae	P	Tracheophyta	TP	Magnoliopsida	MG	Gentianales	39D	Rubiaceae	SGJN5	Randia	8W2ZL			
6TTJH	Paullinia rhomboidea Radlk.	6TTJH	Paullinia rhomboidea Radlk.	2	SPECIES	ACCEPTED	Plantae	P	Tracheophyta	TP	Magnoliopsida	MG	Sapindales	3ZY	Sapindaceae	FY3	Paullinia	6JPH	Paullinia rhomboidea	6TTJH	
76P9P	Peperomia armondii Yunck.	76P9P	Peperomia armondii Yunck.	1	SPECIES	ACCEPTED	Plantae	P	Tracheophyta	TP	Magnoliopsida	MG	Piperales	623FG	Piperaceae	625NL	Peperomia	6KXF	Peperomia armondii	76P9P	
4WP4S	Senegalia velutina (DC.) Seigler & Ebinger	4WP4S	Senegalia velutina (DC.) Seigler & Ebinger	1	SPECIES	ACCEPTED	Plantae	P	Tracheophyta	TP	Magnoliopsida	MG	Fabales	383	Fabaceae	623QT	Senegalia	63SM7	Senegalia velutina	4WP4S	
45KQ	Dimerostemma Cass.	45KQ	Dimerostemma Cass.	3	GENUS	ACCEPTED	Plantae	P	Tracheophyta	TP	Magnoliopsida	MG	Asterales	ST	Asteraceae	622TP	Dimerostemma	45KQ			
7FV4	Serjania Mill.	7FV4	Serjania Mill.	2	GENUS	ACCEPTED	Plantae	P	Tracheophyta	TP	Magnoliopsida	MG	Sapindales	3ZY	Sapindaceae	FY3	Serjania	7FV4			
4WVWC	Serjania caracasana (Jacq.) Willd.	4WVWC	Serjania caracasana (Jacq.) Willd.	1	SPECIES	ACCEPTED	Plantae	P	Tracheophyta	TP	Magnoliopsida	MG	Sapindales	3ZY	Sapindaceae	FY3	Serjania	7FV4	Serjania caracasana	4WVWC	
9CLTX	Pseudopiptadenia Rauschert	9CSXD	Pityrocarpa (Benth. & Hook.f.) Britton & Rose	1	GENUS	SYNONYM	Plantae	P	Tracheophyta	TP	Magnoliopsida	MG	Fabales	383	Fabaceae	623QT	Pityrocarpa	9CSXD			
76SVY	Pereskia aculeata Mill.	76SVY	Pereskia aculeata Mill.	2	SPECIES	ACCEPTED	Plantae	P	Tracheophyta	TP	Magnoliopsida	MG	Caryophyllales	VW	Cactaceae	7HS	Pereskia	63KWK	Pereskia aculeata	76SVY	LC
4X2MC	Setaria sulcata Raddi	4X2MC	Setaria sulcata Raddi	2	SPECIES	ACCEPTED	Plantae	P	Tracheophyta	TP	Liliopsida	L2L	Poales	627VM	Poaceae	627FW	Setaria	8W3JT	Setaria sulcata	4X2MC	
33ZZM	Dalechampia stipulacea Müll.Arg.	33ZZM	Dalechampia stipulacea Müll.Arg.	6	SPECIES	ACCEPTED	Plantae	P	Tracheophyta	TP	Magnoliopsida	MG	Malpighiales	MLP	Euphorbiaceae	N7XM4	Dalechampia	8VWQP	Dalechampia stipulacea	33ZZM	
56HCW	Thinouia ternata Radlk.	56HCW	Thinouia ternata Radlk.	2	SPECIES	ACCEPTED	Plantae	P	Tracheophyta	TP	Magnoliopsida	MG	Sapindales	3ZY	Sapindaceae	FY3	Thinouia	7VZ8	Thinouia ternata	56HCW	
4WVWS	Serjania communis Cambess.	4WVWS	Serjania communis Cambess.	1	SPECIES	ACCEPTED	Plantae	P	Tracheophyta	TP	Magnoliopsida	MG	Sapindales	3ZY	Sapindaceae	FY3	Serjania	7FV4	Serjania communis	4WVWS	
4QGM	Gouania Jacq.	4QGM	Gouania Jacq.	4	GENUS	ACCEPTED	Plantae	P	Tracheophyta	TP	Magnoliopsida	MG	Rosales	3Z6	Rhamnaceae	FN6	Gouania	4QGM			
CD9	Malpighiaceae Juss.	CD9	Malpighiaceae Juss.	3	FAMILY	ACCEPTED	Plantae	P	Tracheophyta	TP	Magnoliopsida	MG	Malpighiales	MLP	Malpighiaceae	CD9					
5Z2LL	Chrysophyllum gonocarpum (Mart. & Eichler) Engl.	CCXTK	Chloroluma gonocarpa (Mart. & Eichler) Baill. ex Aubrév.	1	SPECIES	SYNONYM	Plantae	P	Tracheophyta	TP	Magnoliopsida	MG	Ericales	625QY	Sapotaceae	SMQQD	Chloroluma	8WD9X	Chloroluma gonocarpa	CCXTK	
T5VY	Cestrum strigillatum Ruiz & Pav.	T5VY	Cestrum strigillatum Ruiz & Pav.	1	SPECIES	ACCEPTED	Plantae	P	Tracheophyta	TP	Magnoliopsida	MG	Solanales	43W	Solanaceae	626XM	Cestrum	3LBQ	Cestrum strigillatum	T5VY	LC
6MT3W	Hyptis mutabilis (Rich.) Briq.	QPLJ	Cantinoa mutabilis (Rich.) Harley & J.F.B.Pastore	1	SPECIES	SYNONYM	Plantae	P	Tracheophyta	TP	Magnoliopsida	MG	Lamiales	3F4	Lamiaceae	PR82T	Cantinoa	8WCYC	Cantinoa mutabilis	QPLJ	
4WW4T	Serjania pinnatifolia Radlk.	4WW4T	Serjania pinnatifolia Radlk.	3	SPECIES	ACCEPTED	Plantae	P	Tracheophyta	TP	Magnoliopsida	MG	Sapindales	3ZY	Sapindaceae	FY3	Serjania	7FV4	Serjania pinnatifolia	4WW4T	
6YTKV	Solanum oocarpum Sendtn.	6YTKV	Solanum oocarpum Sendtn.	2	SPECIES	ACCEPTED	Plantae	P	Tracheophyta	TP	Magnoliopsida	MG	Solanales	43W	Solanaceae	626XM	Solanum	63SD9	Solanum oocarpum	6YTKV	LC
3C4QL	Eugenia florida DC.	3C4QL	Eugenia florida DC.	2	SPECIES	ACCEPTED	Plantae	P	Tracheophyta	TP	Magnoliopsida	MG	Myrtales	3LY	Myrtaceae	D48	Eugenia	4FLN	Eugenia florida	3C4QL	LC
3SC8Q	Lasiacis ligulata Hitchc. & Chase	3SC8Q	Lasiacis ligulata Hitchc. & Chase	1	SPECIES	ACCEPTED	Plantae	P	Tracheophyta	TP	Liliopsida	L2L	Poales	627VM	Poaceae	627FW	Lasiacis	8VYQN	Lasiacis ligulata	3SC8Q	
7JDKD	Bauhinia forficata subsp. forficata	7JDKD	Bauhinia forficata subsp. forficata	2	SUBSPECIES	ACCEPTED	Plantae	P	Tracheophyta	TP	Magnoliopsida	MG	Fabales	383	Fabaceae	623QT	Bauhinia	9CK4T	Bauhinia forficata	L3Z4	
9CKBG	Centrosema (DC.) Benth.	9CKBG	Centrosema (DC.) Benth.	1	GENUS	ACCEPTED	Plantae	P	Tracheophyta	TP	Magnoliopsida	MG	Fabales	383	Fabaceae	623QT	Centrosema	9CKBG			
BTB	Lauraceae Juss.	BTB	Lauraceae Juss.	5	FAMILY	ACCEPTED	Plantae	P	Tracheophyta	TP	Magnoliopsida	MG	Laurales	3F8	Lauraceae	BTB					
4Y3N3	Solanum paniculatum L.	4Y3N3	Solanum paniculatum L.	3	SPECIES	ACCEPTED	Plantae	P	Tracheophyta	TP	Magnoliopsida	MG	Solanales	43W	Solanaceae	626XM	Solanum	63SD9	Solanum paniculatum	4Y3N3	LC
6VMHZ	Pisonia aculeata L.	6VMHZ	Pisonia aculeata L.	2	SPECIES	ACCEPTED	Plantae	P	Tracheophyta	TP	Magnoliopsida	MG	Caryophyllales	VW	Nyctaginaceae	DG4	Pisonia	6QWP	Pisonia aculeata	6VMHZ	LC
3QWQM	Justicia lythroides (Nees) V.A.W.Graham	3QWQM	Justicia lythroides (Nees) V.A.W.Graham	3	SPECIES	ACCEPTED	Plantae	P	Tracheophyta	TP	Magnoliopsida	MG	Lamiales	3F4	Acanthaceae	62332	Justicia	572G	Justicia lythroides	3QWQM	
64TFQ	Aechmea distichantha Lem.	64TFQ	Aechmea distichantha Lem.	2	SPECIES	ACCEPTED	Plantae	P	Tracheophyta	TP	Liliopsida	L2L	Poales	627VM	Bromeliaceae	622GQ	Aechmea	8VTBL	Aechmea distichantha	64TFQ	
6KXF	Peperomia Ruiz & Pav.	6KXF	Peperomia Ruiz & Pav.	2	GENUS	ACCEPTED	Plantae	P	Tracheophyta	TP	Magnoliopsida	MG	Piperales	623FG	Piperaceae	625NL	Peperomia	6KXF			
36CYL	Dioscorea multiflora Mart. ex Griseb.	36CYL	Dioscorea multiflora Mart. ex Griseb.	2	SPECIES	ACCEPTED	Plantae	P	Tracheophyta	TP	Liliopsida	L2L	Dioscoreales	34W	Dioscoreaceae	623Y5	Dioscorea	8VRRX	Dioscorea multiflora	36CYL	
67J25	Anthurium sellowianum Kunth	67J25	Anthurium sellowianum Kunth	1	SPECIES	ACCEPTED	Plantae	P	Tracheophyta	TP	Liliopsida	L2L	Alismatales	62287	Araceae	6M4	Anthurium	8VTYD	Anthurium sellowianum	67J25	
54TFJ	Tapirira guianensis Aubl.	54TFJ	Tapirira guianensis Aubl.	3	SPECIES	ACCEPTED	Plantae	P	Tracheophyta	TP	Magnoliopsida	MG	Sapindales	3ZY	Anacardiaceae	6CK	Tapirira	7SPW	Tapirira guianensis	54TFJ	LC
6V33R	Peperomia claussenii Yunck.	6V33R	Peperomia claussenii Yunck.	1	SPECIES	ACCEPTED	Plantae	P	Tracheophyta	TP	Magnoliopsida	MG	Piperales	623FG	Piperaceae	625NL	Peperomia	6KXF	Peperomia claussenii	6V33R	
45DDL	Myroxylon peruiferum L.f.	45DDL	Myroxylon peruiferum L.f.	3	SPECIES	ACCEPTED	Plantae	P	Tracheophyta	TP	Magnoliopsida	MG	Fabales	383	Fabaceae	623QT	Myroxylon	9CLDP	Myroxylon peruiferum	45DDL	LC
5VLX4	Aphelandra schottiana (Nees) Profice	5VLX4	Aphelandra schottiana (Nees) Profice	3	SPECIES	ACCEPTED	Plantae	P	Tracheophyta	TP	Magnoliopsida	MG	Lamiales	3F4	Acanthaceae	62332	Aphelandra	YCM	Aphelandra schottiana	5VLX4	
R5RW	Cardiospermum grandiflorum Sw.	R5RW	Cardiospermum grandiflorum Sw.	1	SPECIES	ACCEPTED	Plantae	P	Tracheophyta	TP	Magnoliopsida	MG	Sapindales	3ZY	Sapindaceae	FY3	Cardiospermum	3HFG	Cardiospermum grandiflorum	R5RW	
8VVV7	Calathea G.Mey.	8VVV7	Calathea G.Mey.	4	GENUS	ACCEPTED	Plantae	P	Tracheophyta	TP	Liliopsida	L2L	Zingiberales	4C2	Marantaceae	624K3	Calathea	8VVV7			
52KQG	Stifftia parviflora (Leandro) D.Don	52KQG	Stifftia parviflora (Leandro) D.Don	1	SPECIES	ACCEPTED	Plantae	P	Tracheophyta	TP	Magnoliopsida	MG	Asterales	ST	Asteraceae	622TP	Stifftia	7NK7	Stifftia parviflora	52KQG	LC
6Z4ZY	Solanum scuticum M.Nee	6Z4ZY	Solanum scuticum M.Nee	1	SPECIES	ACCEPTED	Plantae	P	Tracheophyta	TP	Magnoliopsida	MG	Solanales	43W	Solanaceae	626XM	Solanum	63SD9	Solanum scuticum	6Z4ZY	
3QVZH	Justicia brasiliana Roth	3QVZH	Justicia brasiliana Roth	9	SPECIES	ACCEPTED	Plantae	P	Tracheophyta	TP	Magnoliopsida	MG	Lamiales	3F4	Acanthaceae	62332	Justicia	572G	Justicia brasiliana	3QVZH	
5YH93	Chromolaena laevigata (Lam.) R.M.King & H.Rob.	5YH93	Chromolaena laevigata (Lam.) R.M.King & H.Rob.	9	SPECIES	ACCEPTED	Plantae	P	Tracheophyta	TP	Magnoliopsida	MG	Asterales	ST	Asteraceae	622TP	Chromolaena	3PBP	Chromolaena laevigata	5YH93	
4M7JZ	Pouteria grandiflora (A.DC.) Baehni	3WD33	Lucuma grandiflora A.DC.	1	SPECIES	SYNONYM	Plantae	P	Tracheophyta	TP	Magnoliopsida	MG	Ericales	625QY	Sapotaceae	SMQQD	Lucuma	8WHDB	Lucuma grandiflora	3WD33	
QJWM	Canavalia parviflora Benth.	QJWM	Canavalia parviflora Benth.	1	SPECIES	ACCEPTED	Plantae	P	Tracheophyta	TP	Magnoliopsida	MG	Fabales	383	Fabaceae	623QT	Canavalia	9CK9H	Canavalia parviflora	QJWM	
66LK	Ocotea Aubl.	66LK	Ocotea Aubl.	2	GENUS	ACCEPTED	Plantae	P	Tracheophyta	TP	Magnoliopsida	MG	Laurales	3F8	Lauraceae	BTB	Ocotea	66LK			
4WW4V	Serjania platycarpa Benth.	4WW4V	Serjania platycarpa Benth.	1	SPECIES	ACCEPTED	Plantae	P	Tracheophyta	TP	Magnoliopsida	MG	Sapindales	3ZY	Sapindaceae	FY3	Serjania	7FV4	Serjania platycarpa	4WW4V	
69DBN	Casearia sylvestris Sw.	69DBN	Casearia sylvestris Sw.	1	SPECIES	ACCEPTED	Plantae	P	Tracheophyta	TP	Magnoliopsida	MG	Malpighiales	MLP	Salicaceae	FWG	Casearia	3J29	Casearia sylvestris	69DBN	LC
53JFR	Swartzia pilulifera Benth.	53JFR	Swartzia pilulifera Benth.	1	SPECIES	ACCEPTED	Plantae	P	Tracheophyta	TP	Magnoliopsida	MG	Fabales	383	Fabaceae	623QT	Swartzia	9CM5R	Swartzia pilulifera	53JFR	LC
S4TP	Celtis pubescens (F.Dietr.) Spreng.	5XGJM	Celtis iguanaea (Jacq.) Sarg.	1	SPECIES	SYNONYM	Plantae	P	Tracheophyta	TP	Magnoliopsida	MG	Rosales	3Z6	Cannabaceae	7NV	Celtis	3K3G	Celtis iguanaea	5XGJM	
47DWX	Niedenzuella mogoriifolia (A.Juss.) W.R.Anderson	47DWX	Niedenzuella mogoriifolia (A.Juss.) W.R.Anderson	1	SPECIES	ACCEPTED	Plantae	P	Tracheophyta	TP	Magnoliopsida	MG	Malpighiales	MLP	Malpighiaceae	CD9	Niedenzuella	6429	Niedenzuella mogoriifolia	47DWX	
3LWVM	Hildaea ruprechtii (Döll) C.Silva & R.P.Oliveira	6MSD8	Ichnanthus ruprechtii Döll	3	SPECIES	SYNONYM	Plantae	P	Tracheophyta	TP	Liliopsida	L2L	Poales	627VM	Poaceae	627FW	Ichnanthus	8VYGM	Ichnanthus ruprechtii	6MSD8	
6YGPD	Senegalia paraensis (Ducke) Seigler & Ebinger	6YGPD	Senegalia paraensis (Ducke) Seigler & Ebinger	3	SPECIES	ACCEPTED	Plantae	P	Tracheophyta	TP	Magnoliopsida	MG	Fabales	383	Fabaceae	623QT	Senegalia	63SM7	Senegalia paraensis	6YGPD	
65337	Adenocalymma scabriusculum Mart. ex DC.	65337	Adenocalymma scabriusculum Mart. ex DC.	1	SPECIES	ACCEPTED	Plantae	P	Tracheophyta	TP	Magnoliopsida	MG	Lamiales	3F4	Bignoniaceae	77P	Adenocalymma	C8RNZ	Adenocalymma scabriusculum	65337	
5VJ2N	Anthurium solitarium Schott	5VJ2N	Anthurium solitarium Schott	1	SPECIES	ACCEPTED	Plantae	P	Tracheophyta	TP	Liliopsida	L2L	Alismatales	62287	Araceae	6M4	Anthurium	8VTYD	Anthurium solitarium	5VJ2N	
3JHJ8	Hamelia patens Jacq.	3JHJ8	Hamelia patens Jacq.	2	SPECIES	ACCEPTED	Plantae	P	Tracheophyta	TP	Magnoliopsida	MG	Gentianales	39D	Rubiaceae	SGJN5	Hamelia	8VY3L	Hamelia patens	3JHJ8	LC
67J6P	Anthurium pentaphyllum (Aubl.) G.Don	67J6P	Anthurium pentaphyllum (Aubl.) G.Don	1	SPECIES	ACCEPTED	Plantae	P	Tracheophyta	TP	Liliopsida	L2L	Alismatales	62287	Araceae	6M4	Anthurium	8VTYD	Anthurium pentaphyllum	67J6P	
BS3N	Alicia anisopetala (A.Juss.) W.R.Anderson	BS3N	Alicia anisopetala (A.Juss.) W.R.Anderson	1	SPECIES	ACCEPTED	Plantae	P	Tracheophyta	TP	Magnoliopsida	MG	Malpighiales	MLP	Malpighiaceae	CD9	Alicia	628R4	Alicia anisopetala	BS3N	
T5R8	Cestrum mariquitense Kunth	T5R8	Cestrum mariquitense Kunth	1	SPECIES	ACCEPTED	Plantae	P	Tracheophyta	TP	Magnoliopsida	MG	Solanales	43W	Solanaceae	626XM	Cestrum	3LBQ	Cestrum mariquitense	T5R8	LC
4J6BD	Piper umbellatum L.	4J6BD	Piper umbellatum L.	2	SPECIES	ACCEPTED	Plantae	P	Tracheophyta	TP	Magnoliopsida	MG	Piperales	623FG	Piperaceae	625NL	Piper	6QRC	Piper umbellatum	4J6BD	
62WB5	Ipomoea L.	62WB5	Ipomoea L.	1	GENUS	ACCEPTED	Plantae	P	Tracheophyta	TP	Magnoliopsida	MG	Solanales	43W	Convolvulaceae	8J9	Ipomoea	62WB5			
3H75	Capsicum L.	3H75	Capsicum L.	1	GENUS	ACCEPTED	Plantae	P	Tracheophyta	TP	Magnoliopsida	MG	Solanales	43W	Solanaceae	626XM	Capsicum	3H75			
9CKBY	Chamaecrista (L.) Moench	9CKBY	Chamaecrista (L.) Moench	1	GENUS	ACCEPTED	Plantae	P	Tracheophyta	TP	Magnoliopsida	MG	Fabales	383	Fabaceae	623QT	Chamaecrista	9CKBY			
8VRY5	Euphorbia L.	8VRY5	Euphorbia L.	1	GENUS	ACCEPTED	Plantae	P	Tracheophyta	TP	Magnoliopsida	MG	Malpighiales	MLP	Euphorbiaceae	N7XM4	Euphorbia	8VRY5			
3K3G	Celtis L.	3K3G	Celtis L.	1	GENUS	ACCEPTED	Plantae	P	Tracheophyta	TP	Magnoliopsida	MG	Rosales	3Z6	Cannabaceae	7NV	Celtis	3K3G			
8VYGH	Hyptis Jacq.	8VYGH	Hyptis Jacq.	1	GENUS	ACCEPTED	Plantae	P	Tracheophyta	TP	Magnoliopsida	MG	Lamiales	3F4	Lamiaceae	PR82T	Hyptis	8VYGH			
8VZ57	Manettia Mutis ex L.	8VZ57	Manettia Mutis ex L.	3	GENUS	ACCEPTED	Plantae	P	Tracheophyta	TP	Magnoliopsida	MG	Gentianales	39D	Rubiaceae	SGJN5	Manettia	8VZ57			
5468B	Syzygium jambos (L.) Alston	5468B	Syzygium jambos (L.) Alston	2	SPECIES	ACCEPTED	Plantae	P	Tracheophyta	TP	Magnoliopsida	MG	Myrtales	3LY	Myrtaceae	D48	Syzygium	7RPB	Syzygium jambos	5468B	LC
884G	Wissadula Medik.	884G	Wissadula Medik.	1	GENUS	ACCEPTED	Plantae	P	Tracheophyta	TP	Magnoliopsida	MG	Malvales	3HP	Malvaceae	CDB	Wissadula	884G			
638WV	Lepidaploa (Cass.) Cass.	638WV	Lepidaploa (Cass.) Cass.	1	GENUS	ACCEPTED	Plantae	P	Tracheophyta	TP	Magnoliopsida	MG	Asterales	ST	Asteraceae	622TP	Lepidaploa	638WV			
4J6VK	Piptadenia gonoacantha (Mart.) J.F.Macbr.	4J6VK	Piptadenia gonoacantha (Mart.) J.F.Macbr.	1	SPECIES	ACCEPTED	Plantae	P	Tracheophyta	TP	Magnoliopsida	MG	Fabales	383	Fabaceae	623QT	Piptadenia	9CLPM	Piptadenia gonoacantha	4J6VK	LC
4FLN	Eugenia P.Micheli ex L.	4FLN	Eugenia P.Micheli ex L.	7	GENUS	ACCEPTED	Plantae	P	Tracheophyta	TP	Magnoliopsida	MG	Myrtales	3LY	Myrtaceae	D48	Eugenia	4FLN			
7PVM	Styrax L.	7PVM	Styrax L.	1	GENUS	ACCEPTED	Plantae	P	Tracheophyta	TP	Magnoliopsida	MG	Ericales	625QY	Styracaceae	KVVQX	Styrax	7PVM			
8VSFT	Psychotria L.	8VSFT	Psychotria L.	1	GENUS	ACCEPTED	Plantae	P	Tracheophyta	TP	Magnoliopsida	MG	Gentianales	39D	Rubiaceae	SGJN5	Psychotria	8VSFT			
Z2SN	Coussarea hydrangeifolia (Benth.) Benth. & Hook. ex Müll.Arg.	Z2SN	Coussarea hydrangeifolia (Benth.) Benth. & Hook. ex Müll.Arg.	1	SPECIES	ACCEPTED	Plantae	P	Tracheophyta	TP	Magnoliopsida	MG	Gentianales	39D	Rubiaceae	SGJN5	Coussarea	8VWJ2	Coussarea hydrangeifolia	Z2SN	LC
6VHD	Praxelis Cass.	6VHD	Praxelis Cass.	1	GENUS	ACCEPTED	Plantae	P	Tracheophyta	TP	Magnoliopsida	MG	Asterales	ST	Asteraceae	622TP	Praxelis	6VHD			
3QJW6	Jacquemontia sphaerostigma (Cav.) Rusby	3QJW6	Jacquemontia sphaerostigma (Cav.) Rusby	1	SPECIES	ACCEPTED	Plantae	P	Tracheophyta	TP	Magnoliopsida	MG	Solanales	43W	Convolvulaceae	8J9	Jacquemontia	564N	Jacquemontia sphaerostigma	3QJW6	
8W3PM	Spermacoce L.	8W3PM	Spermacoce L.	1	GENUS	ACCEPTED	Plantae	P	Tracheophyta	TP	Magnoliopsida	MG	Gentianales	39D	Rubiaceae	SGJN5	Spermacoce	8W3PM			
62DYD	Aspidosperma Mart. & Zucc.	62DYD	Aspidosperma Mart. & Zucc.	3	GENUS	ACCEPTED	Plantae	P	Tracheophyta	TP	Magnoliopsida	MG	Gentianales	39D	Apocynaceae	6L2	Aspidosperma	62DYD			
663XR	Ageratum conyzoides L.	663XR	Ageratum conyzoides L.	2	SPECIES	ACCEPTED	Plantae	P	Tracheophyta	TP	Magnoliopsida	MG	Asterales	ST	Asteraceae	622TP	Ageratum	QPF	Ageratum conyzoides	663XR	
7VXZM	Ipomoea sidifolia Schrad.	7VXZM	Ipomoea sidifolia Schrad.	3	SPECIES	ACCEPTED	Plantae	P	Tracheophyta	TP	Magnoliopsida	MG	Solanales	43W	Convolvulaceae	8J9	Ipomoea	62WB5	Ipomoea sidifolia	7VXZM	
3KCWB	Heliotropium transalpinum Vell.	3KCWB	Heliotropium transalpinum Vell.	5	SPECIES	ACCEPTED	Plantae	P	Tracheophyta	TP	Magnoliopsida	MG	Boraginales	TW	Heliotropiaceae	6253L	Heliotropium	62VCK	Heliotropium transalpinum	3KCWB	
8VWCB	Cnidoscolus Pohl	8VWCB	Cnidoscolus Pohl	1	GENUS	ACCEPTED	Plantae	P	Tracheophyta	TP	Magnoliopsida	MG	Malpighiales	MLP	Euphorbiaceae	N7XM4	Cnidoscolus	8VWCB			
73GNK	Miconia crenata (Vahl) Michelang.	73GNK	Miconia crenata (Vahl) Michelang.	1	SPECIES	ACCEPTED	Plantae	P	Tracheophyta	TP	Magnoliopsida	MG	Myrtales	3LY	Melastomataceae	CK9	Miconia	63B9N	Miconia crenata	73GNK	
NZZY	Byrsonima clausseniana A.Juss.	NZZY	Byrsonima clausseniana A.Juss.	1	SPECIES	ACCEPTED	Plantae	P	Tracheophyta	TP	Magnoliopsida	MG	Malpighiales	MLP	Malpighiaceae	CD9	Byrsonima	62JMV	Byrsonima clausseniana	NZZY	LC
4N4FT	Protium heptaphyllum (Aubl.) Marchand	4N4FT	Protium heptaphyllum (Aubl.) Marchand	1	SPECIES	ACCEPTED	Plantae	P	Tracheophyta	TP	Magnoliopsida	MG	Sapindales	3ZY	Burseraceae	7GV	Protium	6XKD	Protium heptaphyllum	4N4FT	LC
4W7RJ	Sebastiania brasiliensis Spreng.	4W7RJ	Sebastiania brasiliensis Spreng.	3	SPECIES	ACCEPTED	Plantae	P	Tracheophyta	TP	Magnoliopsida	MG	Malpighiales	MLP	Euphorbiaceae	N7XM4	Sebastiania	8W3HF	Sebastiania brasiliensis	4W7RJ	LC
3QJS3	Jacquemontia blanchetii Moric.	3QJS3	Jacquemontia blanchetii Moric.	2	SPECIES	ACCEPTED	Plantae	P	Tracheophyta	TP	Magnoliopsida	MG	Solanales	43W	Convolvulaceae	8J9	Jacquemontia	564N	Jacquemontia blanchetii	3QJS3	
5GGSK	Cissus verticillata subsp. verticillata	5GGSK	Cissus verticillata subsp. verticillata	1	SUBSPECIES	ACCEPTED	Plantae	P	Tracheophyta	TP	Magnoliopsida	MG	Vitales	6237J	Vitaceae	6273G	Cissus	62LDS	Cissus verticillata	VL5J	
6B7MS	Cosmos caudatus Kunth	6B7MS	Cosmos caudatus Kunth	1	SPECIES	ACCEPTED	Plantae	P	Tracheophyta	TP	Magnoliopsida	MG	Asterales	ST	Asteraceae	622TP	Cosmos	62NRV	Cosmos caudatus	6B7MS	
8VZJQ	Myoxanthus Poepp. & Endl.	8VZJQ	Myoxanthus Poepp. & Endl.	1	GENUS	ACCEPTED	Plantae	P	Tracheophyta	TP	Liliopsida	L2L	Asparagales	SP	Orchidaceae	DPL	Myoxanthus	8VZJQ			
BYJT	Allophylus semidentatus (Miq.) Radlk. ex S.Moore	BYJT	Allophylus semidentatus (Miq.) Radlk. ex S.Moore	1	SPECIES	ACCEPTED	Plantae	P	Tracheophyta	TP	Magnoliopsida	MG	Sapindales	3ZY	Sapindaceae	FY3	Allophylus	SHF	Allophylus semidentatus	BYJT	
3WDDX	Ludwigia sericea (Cambess.) H.Hara	3WDDX	Ludwigia sericea (Cambess.) H.Hara	1	SPECIES	ACCEPTED	Plantae	P	Tracheophyta	TP	Magnoliopsida	MG	Myrtales	3LY	Onagraceae	DL8	Ludwigia	5H78	Ludwigia sericea	3WDDX	
68MCJ	Blainvillea rhomboidea Cass.	LZJZ	Blainvillea dichotoma (Murray) A.Stewart	2	SPECIES	SYNONYM	Plantae	P	Tracheophyta	TP	Magnoliopsida	MG	Asterales	ST	Asteraceae	622TP	Blainvillea	62FRK	Blainvillea dichotoma	LZJZ	
65XXH	Alternanthera brasiliana (L.) Kuntze	65XXH	Alternanthera brasiliana (L.) Kuntze	4	SPECIES	ACCEPTED	Plantae	P	Tracheophyta	TP	Magnoliopsida	MG	Caryophyllales	VW	Amaranthaceae	68Z	Alternanthera	628SX	Alternanthera brasiliana	65XXH	
47ZR4	Notylia odontonotos Rchb.f. & Warm.	47ZR4	Notylia odontonotos Rchb.f. & Warm.	1	SPECIES	ACCEPTED	Plantae	P	Tracheophyta	TP	Liliopsida	L2L	Asparagales	SP	Orchidaceae	DPL	Notylia	8VZSF	Notylia odontonotos	47ZR4	
4X2NJ	Setaria vulpiseta (Lam.) Roem. & Schult.	4X2NJ	Setaria vulpiseta (Lam.) Roem. & Schult.	8	SPECIES	ACCEPTED	Plantae	P	Tracheophyta	TP	Liliopsida	L2L	Poales	627VM	Poaceae	627FW	Setaria	8W3JT	Setaria vulpiseta	4X2NJ	
8W49K	Tragia Plum. ex L.	8W49K	Tragia Plum. ex L.	3	GENUS	ACCEPTED	Plantae	P	Tracheophyta	TP	Magnoliopsida	MG	Malpighiales	MLP	Euphorbiaceae	N7XM4	Tragia	8W49K			
RMQ	Aldama La Llave	RMQ	Aldama La Llave	1	GENUS	ACCEPTED	Plantae	P	Tracheophyta	TP	Magnoliopsida	MG	Asterales	ST	Asteraceae	622TP	Aldama	RMQ			
VL3W	Cissus tinctoria Mart.	VL3W	Cissus tinctoria Mart.	1	SPECIES	ACCEPTED	Plantae	P	Tracheophyta	TP	Magnoliopsida	MG	Vitales	6237J	Vitaceae	6273G	Cissus	62LDS	Cissus tinctoria	VL3W	
3ZWK7	Merremia dissecta (Jacq.) Hallier fil.	36XX8	Distimake dissectus (Jacq.) A.R.Simões & Staples	1	SPECIES	SYNONYM	Plantae	P	Tracheophyta	TP	Magnoliopsida	MG	Solanales	43W	Convolvulaceae	8J9	Distimake	4728	Distimake dissectus	36XX8	
QM2L	Canna coccinea Mill.	68XTV	Canna indica L.	1	SPECIES	SYNONYM	Plantae	P	Tracheophyta	TP	Liliopsida	L2L	Zingiberales	4C2	Cannaceae	7NW	Canna	8VVYB	Canna indica	68XTV	
5QL6W	Peperomia hydrocotyloides var. setosa Yunck.	5QL6W	Peperomia hydrocotyloides var. setosa Yunck.	1	VARIETY	ACCEPTED	Plantae	P	Tracheophyta	TP	Magnoliopsida	MG	Piperales	623FG	Piperaceae	625NL	Peperomia	6KXF	Peperomia hydrocotyloides	6V2VL	
44HC	Dicella Griseb.	44HC	Dicella Griseb.	1	GENUS	ACCEPTED	Plantae	P	Tracheophyta	TP	Magnoliopsida	MG	Malpighiales	MLP	Malpighiaceae	CD9	Dicella	44HC			
4XH5	Hiraea Jacq.	4XH5	Hiraea Jacq.	1	GENUS	ACCEPTED	Plantae	P	Tracheophyta	TP	Magnoliopsida	MG	Malpighiales	MLP	Malpighiaceae	CD9	Hiraea	4XH5			
62B4G	Amphilophium Kunth	62B4G	Amphilophium Kunth	2	GENUS	ACCEPTED	Plantae	P	Tracheophyta	TP	Magnoliopsida	MG	Lamiales	3F4	Bignoniaceae	77P	Amphilophium	62B4G			
99F9H	Lantana L.	99F9H	Lantana L.	1	GENUS	ACCEPTED	Plantae	P	Tracheophyta	TP	Magnoliopsida	MG	Lamiales	3F4	Verbenaceae	TMFZP	Lantana	99F9H			
TMMG	Chaptalia nutans (L.) Hemsl.	TMMG	Chaptalia nutans (L.) Hemsl.	1	SPECIES	ACCEPTED	Plantae	P	Tracheophyta	TP	Magnoliopsida	MG	Asterales	ST	Asteraceae	622TP	Chaptalia	3M6R	Chaptalia nutans	TMMG	
4TNGM	Ruellia rasa Hiern	4TNGM	Ruellia rasa Hiern	1	SPECIES	ACCEPTED	Plantae	P	Tracheophyta	TP	Magnoliopsida	MG	Lamiales	3F4	Acanthaceae	62332	Ruellia	63RJB	Ruellia rasa	4TNGM	
N7XM4	Euphorbiaceae A.Juss.	N7XM4	Euphorbiaceae A.Juss.	3	FAMILY	ACCEPTED	Plantae	P	Tracheophyta	TP	Magnoliopsida	MG	Malpighiales	MLP	Euphorbiaceae	N7XM4					
MR3B	Bougainvillea spectabilis Willd.	MR3B	Bougainvillea spectabilis Willd.	3	SPECIES	ACCEPTED	Plantae	P	Tracheophyta	TP	Magnoliopsida	MG	Caryophyllales	VW	Nyctaginaceae	DG4	Bougainvillea	3C29	Bougainvillea spectabilis	MR3B	
7LY93	Mimosa diplotricha var. diplotricha	7LY93	Mimosa diplotricha var. diplotricha	1	VARIETY	ACCEPTED	Plantae	P	Tracheophyta	TP	Magnoliopsida	MG	Fabales	383	Fabaceae	623QT	Mimosa	9CLCS	Mimosa diplotricha	9DCWS	
6C9R9	Cyrtopodium glutiniferum Raddi	6C9R9	Cyrtopodium glutiniferum Raddi	2	SPECIES	ACCEPTED	Plantae	P	Tracheophyta	TP	Liliopsida	L2L	Asparagales	SP	Orchidaceae	DPL	Cyrtopodium	8VWPQ	Cyrtopodium glutiniferum	6C9R9	
39DFP	Elvira biflora (L.) DC.	34GJ4	Delilia biflora (L.) Kuntze	1	SPECIES	SYNONYM	Plantae	P	Tracheophyta	TP	Magnoliopsida	MG	Asterales	ST	Asteraceae	622TP	Delilia	42MY	Delilia biflora	34GJ4	
RWJK	Cattleya walkeriana Gardner	RWJK	Cattleya walkeriana Gardner	1	SPECIES	ACCEPTED	Plantae	P	Tracheophyta	TP	Liliopsida	L2L	Asparagales	SP	Orchidaceae	DPL	Cattleya	8VW29	Cattleya walkeriana	RWJK	
5WNJJ	Bomarea edulis (Tussac) Herb.	5WNJJ	Bomarea edulis (Tussac) Herb.	3	SPECIES	ACCEPTED	Plantae	P	Tracheophyta	TP	Liliopsida	L2L	Liliales	623DL	Alstroemeriaceae	68G	Bomarea	8VVN7	Bomarea edulis	5WNJJ	
6YZQF	Spigelia scabra Cham. & Schltdl.	4Z35J	Spigelia humboldtiana Cham. & Schltdl.	1	SPECIES	SYNONYM	Plantae	P	Tracheophyta	TP	Magnoliopsida	MG	Gentianales	39D	Loganiaceae	C5Z	Spigelia	7KYL	Spigelia humboldtiana	4Z35J	
658Q3	Aegiphila vitelliniflora Klotzsch	658Q3	Aegiphila vitelliniflora Klotzsch	1	SPECIES	ACCEPTED	Plantae	P	Tracheophyta	TP	Magnoliopsida	MG	Lamiales	3F4	Lamiaceae	PR82T	Aegiphila	8VTC4	Aegiphila vitelliniflora	658Q3	LC
4Y9CR	Sonchus oleraceus L.	4Y9CR	Sonchus oleraceus L.	1	SPECIES	ACCEPTED	Plantae	P	Tracheophyta	TP	Magnoliopsida	MG	Asterales	ST	Asteraceae	622TP	Sonchus	7JMV	Sonchus oleraceus	4Y9CR	
L3Z4	Bauhinia forficata Link	L3Z4	Bauhinia forficata Link	3	SPECIES	ACCEPTED	Plantae	P	Tracheophyta	TP	Magnoliopsida	MG	Fabales	383	Fabaceae	623QT	Bauhinia	9CK4T	Bauhinia forficata	L3Z4	LC
3XV7N	Manihot pilosa Pohl	3XV7N	Manihot pilosa Pohl	1	SPECIES	ACCEPTED	Plantae	P	Tracheophyta	TP	Magnoliopsida	MG	Malpighiales	MLP	Euphorbiaceae	N7XM4	Manihot	8VZ5C	Manihot pilosa	3XV7N	LC
5D4L5	Zeyheria montana Mart.	5D4L5	Zeyheria montana Mart.	1	SPECIES	ACCEPTED	Plantae	P	Tracheophyta	TP	Magnoliopsida	MG	Lamiales	3F4	Bignoniaceae	77P	Zeyheria	63WKQ	Zeyheria montana	5D4L5	LC
6C7S9	Cyperus incomtus Kunth	6C7S9	Cyperus incomtus Kunth	2	SPECIES	ACCEPTED	Plantae	P	Tracheophyta	TP	Liliopsida	L2L	Poales	627VM	Cyperaceae	8W5	Cyperus	8VWNX	Cyperus incomtus	6C7S9	
75XQ4	Peixotoa tomentosa A.Juss.	75XQ4	Peixotoa tomentosa A.Juss.	1	SPECIES	ACCEPTED	Plantae	P	Tracheophyta	TP	Magnoliopsida	MG	Malpighiales	MLP	Malpighiaceae	CD9	Peixotoa	6K5W	Peixotoa tomentosa	75XQ4	
4WNZK	Senegalia loretensis (J.F.Macbr.) Seigler & Ebinger	4WNZK	Senegalia loretensis (J.F.Macbr.) Seigler & Ebinger	2	SPECIES	ACCEPTED	Plantae	P	Tracheophyta	TP	Magnoliopsida	MG	Fabales	383	Fabaceae	623QT	Senegalia	63SM7	Senegalia loretensis	4WNZK	
3HHTH	Guadua paniculata Munro	3HHTH	Guadua paniculata Munro	1	SPECIES	ACCEPTED	Plantae	P	Tracheophyta	TP	Liliopsida	L2L	Poales	627VM	Poaceae	627FW	Guadua	8VXZD	Guadua paniculata	3HHTH	LC
HHNP	Aspidosperma cylindrocarpon Müll.Arg.	HHNP	Aspidosperma cylindrocarpon Müll.Arg.	3	SPECIES	ACCEPTED	Plantae	P	Tracheophyta	TP	Magnoliopsida	MG	Gentianales	39D	Apocynaceae	6L2	Aspidosperma	62DYD	Aspidosperma cylindrocarpon	HHNP	LC
CQT7P	Parabignonia Bureau ex K.Schum.	6336K	Dolichandra Cham.	2	GENUS	SYNONYM	Plantae	P	Tracheophyta	TP	Magnoliopsida	MG	Lamiales	3F4	Bignoniaceae	77P	Dolichandra	6336K			
4WPBZ	Senna obtusifolia (L.) H.S.Irwin & Barneby	4WPBZ	Senna obtusifolia (L.) H.S.Irwin & Barneby	2	SPECIES	ACCEPTED	Plantae	P	Tracheophyta	TP	Magnoliopsida	MG	Fabales	383	Fabaceae	623QT	Senna	9CM2K	Senna obtusifolia	4WPBZ	LC
VL2V	Cissus sulcicaulis (Baker) Planch.	VL2V	Cissus sulcicaulis (Baker) Planch.	2	SPECIES	ACCEPTED	Plantae	P	Tracheophyta	TP	Magnoliopsida	MG	Vitales	6237J	Vitaceae	6273G	Cissus	62LDS	Cissus sulcicaulis	VL2V	
P25Y	Byrsonima pachyphylla A.Juss.	P25Y	Byrsonima pachyphylla A.Juss.	1	SPECIES	ACCEPTED	Plantae	P	Tracheophyta	TP	Magnoliopsida	MG	Malpighiales	MLP	Malpighiaceae	CD9	Byrsonima	62JMV	Byrsonima pachyphylla	P25Y	LC
57W25	Tragia volubilis L.	57W25	Tragia volubilis L.	4	SPECIES	ACCEPTED	Plantae	P	Tracheophyta	TP	Magnoliopsida	MG	Malpighiales	MLP	Euphorbiaceae	N7XM4	Tragia	8W49K	Tragia volubilis	57W25	
3ZXGP	Mesadenella cuspidata (Lindl.) Garay	CDPDF	Mesadenella pumila (Vell.) Campacci	1	SPECIES	SYNONYM	Plantae	P	Tracheophyta	TP	Liliopsida	L2L	Asparagales	SP	Orchidaceae	DPL	Mesadenella	8VZ9T	Mesadenella pumila	CDPDF	
4WW2B	Serjania lethalis A.St.-Hil.	4WW2B	Serjania lethalis A.St.-Hil.	2	SPECIES	ACCEPTED	Plantae	P	Tracheophyta	TP	Magnoliopsida	MG	Sapindales	3ZY	Sapindaceae	FY3	Serjania	7FV4	Serjania lethalis	4WW2B	
658PP	Aegiphila verticillata Vell.	658PP	Aegiphila verticillata Vell.	1	SPECIES	ACCEPTED	Plantae	P	Tracheophyta	TP	Magnoliopsida	MG	Lamiales	3F4	Lamiaceae	PR82T	Aegiphila	8VTC4	Aegiphila verticillata	658PP	LC
5GXZL	Doliocarpus dentatus subsp. dentatus	5GXZL	Doliocarpus dentatus subsp. dentatus	2	SUBSPECIES	ACCEPTED	Plantae	P	Tracheophyta	TP	Magnoliopsida	MG	Dilleniales	34T	Dilleniaceae	99Y	Doliocarpus	47L5	Doliocarpus dentatus	377LH	
6PWLH	Licania humilis Cham. & Schltdl.	6PFQT	Leptobalanus humilis (Cham. & Schltdl.) Sothers & Prance	1	SPECIES	SYNONYM	Plantae	P	Tracheophyta	TP	Magnoliopsida	MG	Malpighiales	MLP	Chrysobalanaceae	87L	Leptobalanus	62X9Q	Leptobalanus humilis	6PFQT	
4JW4J	Platypodium elegans Vogel	4JW4J	Platypodium elegans Vogel	3	SPECIES	ACCEPTED	Plantae	P	Tracheophyta	TP	Magnoliopsida	MG	Fabales	383	Fabaceae	623QT	Platypodium	9CLQC	Platypodium elegans	4JW4J	LC
63B9N	Miconia Ruiz & Pav.	63B9N	Miconia Ruiz & Pav.	1	GENUS	ACCEPTED	Plantae	P	Tracheophyta	TP	Magnoliopsida	MG	Myrtales	3LY	Melastomataceae	CK9	Miconia	63B9N			
CG57K	Mimosa invisa Mart. ex Colla	CG57K	Mimosa invisa Mart. ex Colla	1	SPECIES	ACCEPTED	Plantae	P	Tracheophyta	TP	Magnoliopsida	MG	Fabales	383	Fabaceae	623QT	Mimosa	9CLCS	Mimosa invisa	CG57K	
5YH89	Chromolaena maximiliani (Schrad. ex DC.) R.M.King & H.Rob.	5YH89	Chromolaena maximiliani (Schrad. ex DC.) R.M.King & H.Rob.	2	SPECIES	ACCEPTED	Plantae	P	Tracheophyta	TP	Magnoliopsida	MG	Asterales	ST	Asteraceae	622TP	Chromolaena	3PBP	Chromolaena maximiliani	5YH89	
65W94	Alchornea glandulosa Poepp.	65W94	Alchornea glandulosa Poepp.	2	SPECIES	ACCEPTED	Plantae	P	Tracheophyta	TP	Magnoliopsida	MG	Malpighiales	MLP	Euphorbiaceae	N7XM4	Alchornea	8VTJF	Alchornea glandulosa	65W94	LC
3YJ4D	Maytenus robusta Reissek	6RPWV	Monteverdia robusta (Reissek) Biral	1	SPECIES	SYNONYM	Plantae	P	Tracheophyta	TP	Magnoliopsida	MG	Celastrales	W8	Celastraceae	622JV	Monteverdia	63CXX	Monteverdia robusta	6RPWV	
76S9Z	Pera glabrata (Schott) Poepp. ex Baill.	76S9Z	Pera glabrata (Schott) Poepp. ex Baill.	3	SPECIES	ACCEPTED	Plantae	P	Tracheophyta	TP	Magnoliopsida	MG	Malpighiales	MLP	Peraceae	RCWB3	Pera	8W4YM	Pera glabrata	76S9Z	LC
S2C8	Ceiba pubiflora (A.St.-Hil.) K.Schum.	S2C8	Ceiba pubiflora (A.St.-Hil.) K.Schum.	1	SPECIES	ACCEPTED	Plantae	P	Tracheophyta	TP	Magnoliopsida	MG	Malvales	3HP	Malvaceae	CDB	Ceiba	3JXK	Ceiba pubiflora	S2C8	LC
3S7NC	Lantana fucata Lindl.	3S7NC	Lantana fucata Lindl.	1	SPECIES	ACCEPTED	Plantae	P	Tracheophyta	TP	Magnoliopsida	MG	Lamiales	3F4	Verbenaceae	TMFZP	Lantana	99F9H	Lantana fucata	3S7NC	
MKR5J	Cordia urticaefolia Cham.	7FJ5S	Varronia polycephala Lam.	1	SPECIES	SYNONYM	Plantae	P	Tracheophyta	TP	Magnoliopsida	MG	Boraginales	TW	Cordiaceae	7NGXW	Varronia	647JZ	Varronia polycephala	7FJ5S	
5Z8K7	Citronella paniculata (Mart.) R.A.Howard	5Z8K7	Citronella paniculata (Mart.) R.A.Howard	1	SPECIES	ACCEPTED	Plantae	P	Tracheophyta	TP	Magnoliopsida	MG	Cardiopteridales	8XHCH	Cardiopteridaceae	M2NNP	Citronella	8WDDM	Citronella paniculata	5Z8K7	LC
4TN29	Ruellia dissitifolia (Nees) Hiern	4TN29	Ruellia dissitifolia (Nees) Hiern	1	SPECIES	ACCEPTED	Plantae	P	Tracheophyta	TP	Magnoliopsida	MG	Lamiales	3F4	Acanthaceae	62332	Ruellia	63RJB	Ruellia dissitifolia	4TN29	
6YGRF	Senna splendida (Vogel) H.S.Irwin & Barneby	6YGRF	Senna splendida (Vogel) H.S.Irwin & Barneby	1	SPECIES	ACCEPTED	Plantae	P	Tracheophyta	TP	Magnoliopsida	MG	Fabales	383	Fabaceae	623QT	Senna	9CM2K	Senna splendida	6YGRF	
6B6T	Oxalis L.	6B6T	Oxalis L.	1	GENUS	ACCEPTED	Plantae	P	Tracheophyta	TP	Magnoliopsida	MG	Oxalidales	3QP	Oxalidaceae	DSG	Oxalis	6B6T			
33C9X	Cyperus friburgensis Boeckeler	CD729	Cyperus caducus Steud.	1	SPECIES	SYNONYM	Plantae	P	Tracheophyta	TP	Liliopsida	L2L	Poales	627VM	Cyperaceae	8W5	Cyperus	8VWNX	Cyperus caducus	CD729	
9CK4T	Bauhinia Plum. ex L.	9CK4T	Bauhinia Plum. ex L.	1	GENUS	ACCEPTED	Plantae	P	Tracheophyta	TP	Magnoliopsida	MG	Fabales	383	Fabaceae	623QT	Bauhinia	9CK4T			
8VZ5V	Maranta Plum. ex L.	8VZ5V	Maranta Plum. ex L.	2	GENUS	ACCEPTED	Plantae	P	Tracheophyta	TP	Liliopsida	L2L	Zingiberales	4C2	Marantaceae	624K3	Maranta	8VZ5V			
76LJD	Pennisetum pedicellatum Trin.	S5JD	Cenchrus pedicellatus (Trin.) Morrone	3	SPECIES	SYNONYM	Plantae	P	Tracheophyta	TP	Liliopsida	L2L	Poales	627VM	Poaceae	627FW	Cenchrus	8VW2R	Cenchrus pedicellatus	S5JD	
3C586	Eugenia ligustrina (Sw.) Willd.	3C586	Eugenia ligustrina (Sw.) Willd.	3	SPECIES	ACCEPTED	Plantae	P	Tracheophyta	TP	Magnoliopsida	MG	Myrtales	3LY	Myrtaceae	D48	Eugenia	4FLN	Eugenia ligustrina	3C586	LC
3FGVT	Geissomeria cincinnata Nees	FC82	Aphelandra longiflora (Lindl.) Profice	1	SPECIES	SYNONYM	Plantae	P	Tracheophyta	TP	Magnoliopsida	MG	Lamiales	3F4	Acanthaceae	62332	Aphelandra	YCM	Aphelandra longiflora	FC82	
6WWMD	Romanoa tamnoides (A.Juss.) Radcl.-Sm.	6WWMD	Romanoa tamnoides (A.Juss.) Radcl.-Sm.	6	SPECIES	ACCEPTED	Plantae	P	Tracheophyta	TP	Magnoliopsida	MG	Malpighiales	MLP	Euphorbiaceae	N7XM4	Romanoa	8W374	Romanoa tamnoides	6WWMD	
3PVX6	Ipomoea cynanchifolia Meisn.	3PVX6	Ipomoea cynanchifolia Meisn.	1	SPECIES	ACCEPTED	Plantae	P	Tracheophyta	TP	Magnoliopsida	MG	Solanales	43W	Convolvulaceae	8J9	Ipomoea	62WB5	Ipomoea cynanchifolia	3PVX6	LC
4288	Davilla Vand.	4288	Davilla Vand.	1	GENUS	ACCEPTED	Plantae	P	Tracheophyta	TP	Magnoliopsida	MG	Dilleniales	34T	Dilleniaceae	99Y	Davilla	4288			
3VLNR	Lithraea molleoides (Vell.) Engl.	3VLNR	Lithraea molleoides (Vell.) Engl.	1	SPECIES	ACCEPTED	Plantae	P	Tracheophyta	TP	Magnoliopsida	MG	Sapindales	3ZY	Anacardiaceae	6CK	Lithraea	5FPV	Lithraea molleoides	3VLNR	LC
H6BX	Asclepias curassavica L.	H6BX	Asclepias curassavica L.	1	SPECIES	ACCEPTED	Plantae	P	Tracheophyta	TP	Magnoliopsida	MG	Gentianales	39D	Apocynaceae	6L2	Asclepias	33PC	Asclepias curassavica	H6BX	
DHVD	Anathallis obovata (Lindl.) Pridgeon & M.W.Chase	DHVD	Anathallis obovata (Lindl.) Pridgeon & M.W.Chase	1	SPECIES	ACCEPTED	Plantae	P	Tracheophyta	TP	Liliopsida	L2L	Asparagales	SP	Orchidaceae	DPL	Anathallis	8VTRY	Anathallis obovata	DHVD	
622TP	Asteraceae Dumort.	622TP	Asteraceae Dumort.	4	FAMILY	ACCEPTED	Plantae	P	Tracheophyta	TP	Magnoliopsida	MG	Asterales	ST	Asteraceae	622TP					
3XV5H	Manihot janiphoides Müll.Arg.	3XV5H	Manihot janiphoides Müll.Arg.	3	SPECIES	ACCEPTED	Plantae	P	Tracheophyta	TP	Magnoliopsida	MG	Malpighiales	MLP	Euphorbiaceae	N7XM4	Manihot	8VZ5C	Manihot janiphoides	3XV5H	
SBGX	Centrosema hastatum (Kunth) Benth.	SBHV	Centrosema sagittatum (Humb. & Bonpl. ex Willd.) Brandegee	1	SPECIES	SYNONYM	Plantae	P	Tracheophyta	TP	Magnoliopsida	MG	Fabales	383	Fabaceae	623QT	Centrosema	9CKBG	Centrosema sagittatum	SBHV	
TLNH	Chamissoa acuminata Mart.	TLNH	Chamissoa acuminata Mart.	4	SPECIES	ACCEPTED	Plantae	P	Tracheophyta	TP	Magnoliopsida	MG	Caryophyllales	VW	Amaranthaceae	68Z	Chamissoa	62LRT	Chamissoa acuminata	TLNH	
8VWJ6	Cranichis Sw.	8VWJ6	Cranichis Sw.	2	GENUS	ACCEPTED	Plantae	P	Tracheophyta	TP	Liliopsida	L2L	Asparagales	SP	Orchidaceae	DPL	Cranichis	8VWJ6			
75GCL	Oxalis rhombeo-ovata A.St.-Hil.	75GCL	Oxalis rhombeo-ovata A.St.-Hil.	2	SPECIES	ACCEPTED	Plantae	P	Tracheophyta	TP	Magnoliopsida	MG	Oxalidales	3QP	Oxalidaceae	DSG	Oxalis	6B6T	Oxalis rhombeo-ovata	75GCL	
772NF	Peperomia punicea Dahlst.	772NF	Peperomia punicea Dahlst.	1	SPECIES	ACCEPTED	Plantae	P	Tracheophyta	TP	Magnoliopsida	MG	Piperales	623FG	Piperaceae	625NL	Peperomia	6KXF	Peperomia punicea	772NF	
8VZ5S	Maprounea Aubl.	8VZ5S	Maprounea Aubl.	1	GENUS	ACCEPTED	Plantae	P	Tracheophyta	TP	Magnoliopsida	MG	Malpighiales	MLP	Euphorbiaceae	N7XM4	Maprounea	8VZ5S			
87SDS	Begonia cucullata Willd.	87SDS	Begonia cucullata Willd.	5	SPECIES	ACCEPTED	Plantae	P	Tracheophyta	TP	Magnoliopsida	MG	Cucurbitales	32L	Begoniaceae	7NG4T	Begonia	7NQM3	Begonia cucullata	87SDS	
Q72Y2	Justicia allocota Leonard	3QXFC	Justicia thunbergioides (Lindau) Leonard	3	SPECIES	SYNONYM	Plantae	P	Tracheophyta	TP	Magnoliopsida	MG	Lamiales	3F4	Acanthaceae	62332	Justicia	572G	Justicia thunbergioides	3QXFC	
6C3SJ	Cupania vernalis Cambess.	6C3SJ	Cupania vernalis Cambess.	2	SPECIES	ACCEPTED	Plantae	P	Tracheophyta	TP	Magnoliopsida	MG	Sapindales	3ZY	Sapindaceae	FY3	Cupania	62PPM	Cupania vernalis	6C3SJ	LC
4XZLJ	Solanum asperolanatum Ruiz & Pav.	4XZLJ	Solanum asperolanatum Ruiz & Pav.	1	SPECIES	ACCEPTED	Plantae	P	Tracheophyta	TP	Magnoliopsida	MG	Solanales	43W	Solanaceae	626XM	Solanum	63SD9	Solanum asperolanatum	4XZLJ	LC
6TTGF	Paullinia meliifolia Juss.	6TTGF	Paullinia meliifolia Juss.	1	SPECIES	ACCEPTED	Plantae	P	Tracheophyta	TP	Magnoliopsida	MG	Sapindales	3ZY	Sapindaceae	FY3	Paullinia	6JPH	Paullinia meliifolia	6TTGF	
35MSX	Dichondra sericea Sw.	35MSX	Dichondra sericea Sw.	1	SPECIES	ACCEPTED	Plantae	P	Tracheophyta	TP	Magnoliopsida	MG	Solanales	43W	Convolvulaceae	8J9	Dichondra	44MQ	Dichondra sericea	35MSX	
VL5J	Cissus verticillata (L.) Nicolson & C.E.Jarvis	VL5J	Cissus verticillata (L.) Nicolson & C.E.Jarvis	6	SPECIES	ACCEPTED	Plantae	P	Tracheophyta	TP	Magnoliopsida	MG	Vitales	6237J	Vitaceae	6273G	Cissus	62LDS	Cissus verticillata	VL5J	LC
76DR	Qualea Aubl.	76DR	Qualea Aubl.	1	GENUS	ACCEPTED	Plantae	P	Tracheophyta	TP	Magnoliopsida	MG	Myrtales	3LY	Vochysiaceae	HV2	Qualea	76DR			
64Q2D	Actinostemon klotzschii (Didr.) Pax	64Q2D	Actinostemon klotzschii (Didr.) Pax	2	SPECIES	ACCEPTED	Plantae	P	Tracheophyta	TP	Magnoliopsida	MG	Malpighiales	MLP	Euphorbiaceae	N7XM4	Actinostemon	8VT8V	Actinostemon klotzschii	64Q2D	LC
6V2VL	Peperomia hydrocotyloides Miq.	6V2VL	Peperomia hydrocotyloides Miq.	1	SPECIES	ACCEPTED	Plantae	P	Tracheophyta	TP	Magnoliopsida	MG	Piperales	623FG	Piperaceae	625NL	Peperomia	6KXF	Peperomia hydrocotyloides	6V2VL	
VKZ8	Cissus serroniana (Glaz.) Lombardi	VKZ8	Cissus serroniana (Glaz.) Lombardi	1	SPECIES	ACCEPTED	Plantae	P	Tracheophyta	TP	Magnoliopsida	MG	Vitales	6237J	Vitaceae	6273G	Cissus	62LDS	Cissus serroniana	VKZ8	
6CK	Anacardiaceae R.Br.	6CK	Anacardiaceae R.Br.	1	FAMILY	ACCEPTED	Plantae	P	Tracheophyta	TP	Magnoliopsida	MG	Sapindales	3ZY	Anacardiaceae	6CK					
8W3TV	Stillingia L.	8W3TV	Stillingia L.	1	GENUS	ACCEPTED	Plantae	P	Tracheophyta	TP	Magnoliopsida	MG	Malpighiales	MLP	Euphorbiaceae	N7XM4	Stillingia	8W3TV			
62L7Q	Cleome L.	62L7Q	Cleome L.	1	GENUS	ACCEPTED	Plantae	P	Tracheophyta	TP	Magnoliopsida	MG	Capparales	V5D96	Cleomaceae	8BN	Cleome	62L7Q			
3XTT	Cyclanthera Schrad.	3XTT	Cyclanthera Schrad.	1	GENUS	ACCEPTED	Plantae	P	Tracheophyta	TP	Magnoliopsida	MG	Cucurbitales	32L	Cucurbitaceae	8SC	Cyclanthera	3XTT			
3FGW8	Geissomeria schottiana Nees	5VLX4	Aphelandra schottiana (Nees) Profice	2	SPECIES	SYNONYM	Plantae	P	Tracheophyta	TP	Magnoliopsida	MG	Lamiales	3F4	Acanthaceae	62332	Aphelandra	YCM	Aphelandra schottiana	5VLX4	
4WP73	Senna affinis (Benth.) H.S.Irwin & Barneby	4WP73	Senna affinis (Benth.) H.S.Irwin & Barneby	3	SPECIES	ACCEPTED	Plantae	P	Tracheophyta	TP	Magnoliopsida	MG	Fabales	383	Fabaceae	623QT	Senna	9CM2K	Senna affinis	4WP73	
39GXQ	Emilia sonchifolia (L.) DC. ex Wight	39GXQ	Emilia sonchifolia (L.) DC. ex Wight	2	SPECIES	ACCEPTED	Plantae	P	Tracheophyta	TP	Magnoliopsida	MG	Asterales	ST	Asteraceae	622TP	Emilia	4B9B	Emilia sonchifolia	39GXQ	
6HB66	Euphorbia zonosperma Müll.Arg.	6HB66	Euphorbia zonosperma Müll.Arg.	1	SPECIES	ACCEPTED	Plantae	P	Tracheophyta	TP	Magnoliopsida	MG	Malpighiales	MLP	Euphorbiaceae	N7XM4	Euphorbia	8VRY5	Euphorbia zonosperma	6HB66	
6L2	Apocynaceae Juss.	6L2	Apocynaceae Juss.	2	FAMILY	ACCEPTED	Plantae	P	Tracheophyta	TP	Magnoliopsida	MG	Gentianales	39D	Apocynaceae	6L2					
3CKB6	Eupatorium megaphyllum Baker	ZJKM	Critonia megaphylla (Baker) R.M.King & H.Rob.	2	SPECIES	AMBIGUOUS_SYNONYM	Plantae	P	Tracheophyta	TP	Magnoliopsida	MG	Asterales	ST	Asteraceae	622TP	Critonia	3VZT	Critonia megaphylla	ZJKM	
6QGL	Pilocarpus Vahl	6QGL	Pilocarpus Vahl	1	GENUS	ACCEPTED	Plantae	P	Tracheophyta	TP	Magnoliopsida	MG	Sapindales	3ZY	Rutaceae	626WT	Pilocarpus	6QGL			
3PQ24	Inga striata Benth.	3PQ24	Inga striata Benth.	2	SPECIES	ACCEPTED	Plantae	P	Tracheophyta	TP	Magnoliopsida	MG	Fabales	383	Fabaceae	623QT	Inga	9CL35	Inga striata	3PQ24	LC
36HF7	Diplazium cristatum (Desr.) Alston	36HF7	Diplazium cristatum (Desr.) Alston	4	SPECIES	ACCEPTED	Plantae	P	Tracheophyta	TP	Polypodiopsida	GV	Polypodiales	3VL	Athyriaceae	6VS	Diplazium	465R	Diplazium cristatum	36HF7	
6JJ8F	Forsteronia thyrsoidea (Vell.) Müll.Arg.	6JJ8F	Forsteronia thyrsoidea (Vell.) Müll.Arg.	2	SPECIES	ACCEPTED	Plantae	P	Tracheophyta	TP	Magnoliopsida	MG	Gentianales	39D	Apocynaceae	6L2	Forsteronia	62T2Y	Forsteronia thyrsoidea	6JJ8F	
68F7M	Bastardiopsis densiflora (Hook. & Arn.) Hassl.	68F7M	Bastardiopsis densiflora (Hook. & Arn.) Hassl.	3	SPECIES	ACCEPTED	Plantae	P	Tracheophyta	TP	Magnoliopsida	MG	Malvales	3HP	Malvaceae	CDB	Bastardiopsis	38GP	Bastardiopsis densiflora	68F7M	
VLG66	Baccharis trinervis Pers.	VLG66	Baccharis trinervis Pers.	1	SPECIES	PROVISIONALLY_ACCEPTED	Plantae	P	Tracheophyta	TP	Magnoliopsida	MG	Asterales	ST	Asteraceae	622TP	Baccharis	372Q	Baccharis trinervis	VLG66	
ZRCL	Croton urucurana Baill.	ZRCL	Croton urucurana Baill.	2	SPECIES	ACCEPTED	Plantae	P	Tracheophyta	TP	Magnoliopsida	MG	Malpighiales	MLP	Euphorbiaceae	N7XM4	Croton	8VWKB	Croton urucurana	ZRCL	LC
3H4P4	Gouania latifolia Reissek	3H4P4	Gouania latifolia Reissek	1	SPECIES	ACCEPTED	Plantae	P	Tracheophyta	TP	Magnoliopsida	MG	Rosales	3Z6	Rhamnaceae	FN6	Gouania	4QGM	Gouania latifolia	3H4P4	
6B2RP	Corchorus hirtus L.	6B2RP	Corchorus hirtus L.	1	SPECIES	ACCEPTED	Plantae	P	Tracheophyta	TP	Magnoliopsida	MG	Malvales	3HP	Malvaceae	CDB	Corchorus	3TYJ	Corchorus hirtus	6B2RP	
5XZY7	Chomelia obtusa Cham. & Schltdl.	5XZY7	Chomelia obtusa Cham. & Schltdl.	3	SPECIES	ACCEPTED	Plantae	P	Tracheophyta	TP	Magnoliopsida	MG	Gentianales	39D	Rubiaceae	SGJN5	Chomelia	8VW7S	Chomelia obtusa	5XZY7	LC
4FJCX	Pfaffia glomerata (Spreng.) Pedersen	4FJCX	Pfaffia glomerata (Spreng.) Pedersen	2	SPECIES	ACCEPTED	Plantae	P	Tracheophyta	TP	Magnoliopsida	MG	Caryophyllales	VW	Amaranthaceae	68Z	Pfaffia	6M9J	Pfaffia glomerata	4FJCX	
62MK7	Cordia L.	62MK7	Cordia L.	1	GENUS	ACCEPTED	Plantae	P	Tracheophyta	TP	Magnoliopsida	MG	Boraginales	TW	Cordiaceae	7NGXW	Cordia	62MK7			
4TMKT	Rudgea recurva Müll.Arg.	4TMKT	Rudgea recurva Müll.Arg.	5	SPECIES	ACCEPTED	Plantae	P	Tracheophyta	TP	Magnoliopsida	MG	Gentianales	39D	Rubiaceae	SGJN5	Rudgea	8W384	Rudgea recurva	4TMKT	LC
4PQQB	Psychotria tenuifolia Sw.	4PQQB	Psychotria tenuifolia Sw.	1	SPECIES	ACCEPTED	Plantae	P	Tracheophyta	TP	Magnoliopsida	MG	Gentianales	39D	Rubiaceae	SGJN5	Psychotria	8VSFT	Psychotria tenuifolia	4PQQB	
6FDB6	Enterolobium contortisiliquum (Vell.) Morong	6FDB6	Enterolobium contortisiliquum (Vell.) Morong	4	SPECIES	ACCEPTED	Plantae	P	Tracheophyta	TP	Magnoliopsida	MG	Fabales	383	Fabaceae	623QT	Enterolobium	9CKQ2	Enterolobium contortisiliquum	6FDB6	LC
3RR8P	Lacistema hasslerianum Chodat	3RR8P	Lacistema hasslerianum Chodat	2	SPECIES	ACCEPTED	Plantae	P	Tracheophyta	TP	Magnoliopsida	MG	Malpighiales	MLP	Lacistemataceae	BPZ	Lacistema	62VN4	Lacistema hasslerianum	3RR8P	LC
622JV	Celastraceae R.Br.	622JV	Celastraceae R.Br.	2	FAMILY	ACCEPTED	Plantae	P	Tracheophyta	TP	Magnoliopsida	MG	Celastrales	W8	Celastraceae	622JV					
48GJL	Ocimum selloi Benth.	48GC5	Ocimum carnosum (Spreng.) Link & Otto ex Benth.	1	SPECIES	SYNONYM	Plantae	P	Tracheophyta	TP	Magnoliopsida	MG	Lamiales	3F4	Lamiaceae	PR82T	Ocimum	8VZSY	Ocimum carnosum	48GC5	
BTTW9	Pseudalbizzia niopoides var. niopoides	BTTW9	Pseudalbizzia niopoides var. niopoides	1	VARIETY	ACCEPTED	Plantae	P	Tracheophyta	TP	Magnoliopsida	MG	Fabales	383	Fabaceae	623QT	Pseudalbizzia	9CSYT	Pseudalbizzia niopoides	BTSFH	
4L7SD	Polygala leptocaulis Torr. & A.Gray	BRHPQ	Senega appendiculata (Vell.) J.F.B.Pastore & J.R.Abbott	1	SPECIES	SYNONYM	Plantae	P	Tracheophyta	TP	Magnoliopsida	MG	Fabales	383	Polygalaceae	627KC	Senega	L2LDN	Senega appendiculata	BRHPQ	
4GZ6K	Phyla nodiflora (L.) Greene	4GZ6K	Phyla nodiflora (L.) Greene	1	SPECIES	ACCEPTED	Plantae	P	Tracheophyta	TP	Magnoliopsida	MG	Lamiales	3F4	Verbenaceae	TMFZP	Phyla	99CWM	Phyla nodiflora	4GZ6K	LC
S5JP	Cenchrus polystachios (L.) Morrone	4X2HZ	Setaria parviflora (Poir.) Kerguélen	1	SPECIES	SYNONYM	Plantae	P	Tracheophyta	TP	Liliopsida	L2L	Poales	627VM	Poaceae	627FW	Setaria	8W3JT	Setaria parviflora	4X2HZ	
3LZZR	Hippocratea volubilis L.	3LZZR	Hippocratea volubilis L.	2	SPECIES	ACCEPTED	Plantae	P	Tracheophyta	TP	Magnoliopsida	MG	Celastrales	W8	Celastraceae	622JV	Hippocratea	4XF5	Hippocratea volubilis	3LZZR	
RWC9	Cattleya bicolor Lindl.	RWC9	Cattleya bicolor Lindl.	2	SPECIES	ACCEPTED	Plantae	P	Tracheophyta	TP	Liliopsida	L2L	Asparagales	SP	Orchidaceae	DPL	Cattleya	8VW29	Cattleya bicolor	RWC9	
7GF8K	Zollernia ilicifolia (Brongn.) Vogel	7GF8K	Zollernia ilicifolia (Brongn.) Vogel	1	SPECIES	ACCEPTED	Plantae	P	Tracheophyta	TP	Magnoliopsida	MG	Fabales	383	Fabaceae	623QT	Zollernia	9CMHW	Zollernia ilicifolia	7GF8K	LC
QT7W	Capsicum praetermissum Heiser & P.G.Sm.	99M3Y	Capsicum rabenii Sendtn.	1	SPECIES	SYNONYM	Plantae	P	Tracheophyta	TP	Magnoliopsida	MG	Solanales	43W	Solanaceae	626XM	Capsicum	3H75	Capsicum rabenii	99M3Y	
47DWY	Niedenzuella multiglandulosa (A.Juss.) W.R.Anderson	47DWY	Niedenzuella multiglandulosa (A.Juss.) W.R.Anderson	2	SPECIES	ACCEPTED	Plantae	P	Tracheophyta	TP	Magnoliopsida	MG	Malpighiales	MLP	Malpighiaceae	CD9	Niedenzuella	6429	Niedenzuella multiglandulosa	47DWY	
3PW7N	Ipomoea hederifolia L.	3PW7N	Ipomoea hederifolia L.	4	SPECIES	ACCEPTED	Plantae	P	Tracheophyta	TP	Magnoliopsida	MG	Solanales	43W	Convolvulaceae	8J9	Ipomoea	62WB5	Ipomoea hederifolia	3PW7N	
5LQF	Mascagnia (Bertero ex DC.) Colla	5LQF	Mascagnia (Bertero ex DC.) Colla	1	GENUS	ACCEPTED	Plantae	P	Tracheophyta	TP	Magnoliopsida	MG	Malpighiales	MLP	Malpighiaceae	CD9	Mascagnia	5LQF			
8VWKB	Croton L.	8VWKB	Croton L.	3	GENUS	ACCEPTED	Plantae	P	Tracheophyta	TP	Magnoliopsida	MG	Malpighiales	MLP	Euphorbiaceae	N7XM4	Croton	8VWKB			
623QT	Fabaceae Lindl.	623QT	Fabaceae Lindl.	2	FAMILY	ACCEPTED	Plantae	P	Tracheophyta	TP	Magnoliopsida	MG	Fabales	383	Fabaceae	623QT					
6V2HQ	Peplonia axillaris (Vell.) Fontella & Rapini	6V2HQ	Peplonia axillaris (Vell.) Fontella & Rapini	1	SPECIES	ACCEPTED	Plantae	P	Tracheophyta	TP	Magnoliopsida	MG	Gentianales	39D	Apocynaceae	6L2	Peplonia	6KXY	Peplonia axillaris	6V2HQ	
44GKF	Mourera aspera (Bong.) Tul.	44GKF	Mourera aspera (Bong.) Tul.	1	SPECIES	ACCEPTED	Plantae	P	Tracheophyta	TP	Magnoliopsida	MG	Malpighiales	MLP	Podostemaceae	627H3	Mourera	5VG4	Mourera aspera	44GKF	
8WZRJ	Palicourea mamillaris (Müll.Arg.) C.M.Taylor	8WZRJ	Palicourea mamillaris (Müll.Arg.) C.M.Taylor	1	SPECIES	ACCEPTED	Plantae	P	Tracheophyta	TP	Magnoliopsida	MG	Gentianales	39D	Rubiaceae	SGJN5	Palicourea	8W237	Palicourea mamillaris	8WZRJ	LC
NSDZ	Bulbostylis junciformis (Kunth) C.B.Clarke	NSDZ	Bulbostylis junciformis (Kunth) C.B.Clarke	1	SPECIES	ACCEPTED	Plantae	P	Tracheophyta	TP	Liliopsida	L2L	Poales	627VM	Cyperaceae	8W5	Bulbostylis	8VVSM	Bulbostylis junciformis	NSDZ	
653N8	Adiantum pulverulentum L.	653N8	Adiantum pulverulentum L.	2	SPECIES	ACCEPTED	Plantae	P	Tracheophyta	TP	Polypodiopsida	GV	Polypodiales	3VL	Pteridaceae	FCF	Adiantum	P9F	Adiantum pulverulentum	653N8	
78L79	Pteris plumula Desv.	6WL5K	Pteris quadriaurita Retz.	1	SPECIES	SYNONYM	Plantae	P	Tracheophyta	TP	Polypodiopsida	GV	Polypodiales	3VL	Pteridaceae	FCF	Pteris	74M5	Pteris quadriaurita	6WL5K	
DX2Q	Anemia × candidoi Brade	DX2Q	Anemia × candidoi Brade	1	SPECIES	ACCEPTED	Plantae	P	Tracheophyta	TP	Polypodiopsida	GV	Schizaeales	42B	Anemiaceae	6233J	Anemia	VXL	Anemia candidoi	DX2Q	DD
HJQB	Asplenium abscissum Willd.	HJQB	Asplenium abscissum Willd.	4	SPECIES	ACCEPTED	Plantae	P	Tracheophyta	TP	Polypodiopsida	GV	Polypodiales	3VL	Aspleniaceae	6TQ	Asplenium	346X	Asplenium abscissum	HJQB	
4D9HM	Parapolystichum effusum (Sw.) Ching	4D9HM	Parapolystichum effusum (Sw.) Ching	1	SPECIES	ACCEPTED	Plantae	P	Tracheophyta	TP	Polypodiopsida	GV	Polypodiales	3VL	Dryopteridaceae	9H9	Parapolystichum	B8Z2M	Parapolystichum effusum	4D9HM	
3NHQW	Hymenasplenium laetum (Sw.) L.Regalado & Prada	3NHQW	Hymenasplenium laetum (Sw.) L.Regalado & Prada	2	SPECIES	ACCEPTED	Plantae	P	Tracheophyta	TP	Polypodiopsida	GV	Polypodiales	3VL	Aspleniaceae	6TQ	Hymenasplenium	5269	Hymenasplenium laetum	3NHQW	
64S5M	Adiantopsis perfasciculata Sehnem	64S5M	Adiantopsis perfasciculata Sehnem	6	SPECIES	ACCEPTED	Plantae	P	Tracheophyta	TP	Polypodiopsida	GV	Polypodiales	3VL	Pteridaceae	FCF	Adiantopsis	627W6	Adiantopsis perfasciculata	64S5M	
HJYL	Asplenium brasiliense Sw.	HJYL	Asplenium brasiliense Sw.	1	SPECIES	ACCEPTED	Plantae	P	Tracheophyta	TP	Polypodiopsida	GV	Polypodiales	3VL	Aspleniaceae	6TQ	Asplenium	346X	Asplenium brasiliense	HJYL	
64RLD	Adiantum pectinatum Kunze ex Ettingsh.	64RLD	Adiantum pectinatum Kunze ex Ettingsh.	1	SPECIES	ACCEPTED	Plantae	P	Tracheophyta	TP	Polypodiopsida	GV	Polypodiales	3VL	Pteridaceae	FCF	Adiantum	P9F	Adiantum pectinatum	64RLD	
653M9	Adiantum raddianum C.Presl	653M9	Adiantum raddianum C.Presl	1	SPECIES	ACCEPTED	Plantae	P	Tracheophyta	TP	Polypodiopsida	GV	Polypodiales	3VL	Pteridaceae	FCF	Adiantum	P9F	Adiantum raddianum	653M9	
653MR	Adiantum platyphyllum Sw.	653MR	Adiantum platyphyllum Sw.	1	SPECIES	ACCEPTED	Plantae	P	Tracheophyta	TP	Polypodiopsida	GV	Polypodiales	3VL	Pteridaceae	FCF	Adiantum	P9F	Adiantum platyphyllum	653MR	
553B6	Tectaria pilosa (Fée) R.C.Moran	553B6	Tectaria pilosa (Fée) R.C.Moran	1	SPECIES	ACCEPTED	Plantae	P	Tracheophyta	TP	Polypodiopsida	GV	Polypodiales	3VL	Tectariaceae	GY5	Tectaria	7T8Y	Tectaria pilosa	553B6	
64RG6	Adiantum diogoanum Glaz. ex Baker	64RG6	Adiantum diogoanum Glaz. ex Baker	4	SPECIES	ACCEPTED	Plantae	P	Tracheophyta	TP	Polypodiopsida	GV	Polypodiales	3VL	Pteridaceae	FCF	Adiantum	P9F	Adiantum diogoanum	64RG6	
3NWHD	Hypolepis aquilinaris (Fée) Christ	5KRMK	Pteridium esculentum subsp. arachnoideum (Kaulf.) J.A.Thomson	1	SPECIES	SYNONYM	Plantae	P	Tracheophyta	TP	Polypodiopsida	GV	Polypodiales	3VL	Dennstaedtiaceae	946	Pteridium	74L6	Pteridium esculentum	BB93W	
3SHSV	Lastreopsis effusa (Sw.) Tindale	5K745	Parapolystichum effusum subsp. effusum	1	SPECIES	SYNONYM	Plantae	P	Tracheophyta	TP	Polypodiopsida	GV	Polypodiales	3VL	Dryopteridaceae	9H9	Parapolystichum	B8Z2M	Parapolystichum effusum	4D9HM	
653CN	Adiantum subcordatum Sw.	653CN	Adiantum subcordatum Sw.	1	SPECIES	ACCEPTED	Plantae	P	Tracheophyta	TP	Polypodiopsida	GV	Polypodiales	3VL	Pteridaceae	FCF	Adiantum	P9F	Adiantum subcordatum	653CN	
DWZF	Anemia rotundifolia Schrad.	DWZF	Anemia rotundifolia Schrad.	1	SPECIES	ACCEPTED	Plantae	P	Tracheophyta	TP	Polypodiopsida	GV	Schizaeales	42B	Anemiaceae	6233J	Anemia	VXL	Anemia rotundifolia	DWZF	
8R86C	Christella berroi (C.Chr.) Salino & A.R.Sm.	8RTXR	Pelazoneuron berroi (C.Chr.) A.R.Sm. & S.E.Fawc.	1	SPECIES	SYNONYM	Plantae	P	Tracheophyta	TP	Polypodiopsida	GV	Polypodiales	3VL	Thelypteridaceae	626PQ	Pelazoneuron	8RTTY	Pelazoneuron berroi	8RTXR	
7BW5Q	Thelypteris patens (Sw.) Small	8RV2M	Pelazoneuron patens (Sw.) A.R.Sm. & S.E.Fawc.	1	SPECIES	SYNONYM	Plantae	P	Tracheophyta	TP	Polypodiopsida	GV	Polypodiales	3VL	Thelypteridaceae	626PQ	Pelazoneuron	8RTTY	Pelazoneuron patens	8RV2M	
4WCK4	Selaginella sulcata (Desv. ex Poir.) Spring ex Mart.	4WCK4	Selaginella sulcata (Desv. ex Poir.) Spring ex Mart.	3	SPECIES	ACCEPTED	Plantae	P	Tracheophyta	TP	Lycopodiopsida	LYC	Selaginellales	432	Selaginellaceae	B8VC6	Selaginella	7F6X	Selaginella sulcata	4WCK4	
699PS	Campyloneurum rigidum J.Sm.	699PS	Campyloneurum rigidum J.Sm.	1	SPECIES	ACCEPTED	Plantae	P	Tracheophyta	TP	Polypodiopsida	GV	Polypodiales	3VL	Polypodiaceae	627JZ	Campyloneurum	3GMJ	Campyloneurum rigidum	699PS	
42X6N	Microgramma lindbergii (Mett.) de la Sota	42X6N	Microgramma lindbergii (Mett.) de la Sota	2	SPECIES	ACCEPTED	Plantae	P	Tracheophyta	TP	Polypodiopsida	GV	Polypodiales	3VL	Polypodiaceae	627JZ	Microgramma	63B5J	Microgramma lindbergii	42X6N	
5YGRB	Christella dentata (Forssk.) Brownsey & Jermy	5YGRB	Christella dentata (Forssk.) Brownsey & Jermy	2	SPECIES	ACCEPTED	Plantae	P	Tracheophyta	TP	Polypodiopsida	GV	Polypodiales	3VL	Thelypteridaceae	626PQ	Christella	B8XMY	Christella dentata	5YGRB	
3GXDX	Goniopteris lugubris (Mett.) Brade	3GXDX	Goniopteris lugubris (Mett.) Brade	4	SPECIES	ACCEPTED	Plantae	P	Tracheophyta	TP	Polypodiopsida	GV	Polypodiales	3VL	Thelypteridaceae	626PQ	Goniopteris	4Q6Q	Goniopteris lugubris	3GXDX	
DWWV	Anemia hirsuta (L.) Sw.	DWWV	Anemia hirsuta (L.) Sw.	1	SPECIES	ACCEPTED	Plantae	P	Tracheophyta	TP	Polypodiopsida	GV	Schizaeales	42B	Anemiaceae	6233J	Anemia	VXL	Anemia hirsuta	DWWV	
653KN	Adiantum lorentzii Hieron.	653KN	Adiantum lorentzii Hieron.	2	SPECIES	ACCEPTED	Plantae	P	Tracheophyta	TP	Polypodiopsida	GV	Polypodiales	3VL	Pteridaceae	FCF	Adiantum	P9F	Adiantum lorentzii	653KN	
HJYF	Asplenium bradei Rosenst.	HJYF	Asplenium bradei Rosenst.	1	SPECIES	ACCEPTED	Plantae	P	Tracheophyta	TP	Polypodiopsida	GV	Polypodiales	3VL	Aspleniaceae	6TQ	Asplenium	346X	Asplenium bradei	HJYF	
7MG7S	Pleopeltis polypodioides var. burchellii (Baker) A.R.Sm.	4K7NN	Pleopeltis burchellii (Baker) Hickey & Sprunt ex A.R.Sm.	1	VARIETY	SYNONYM	Plantae	P	Tracheophyta	TP	Polypodiopsida	GV	Polypodiales	3VL	Polypodiaceae	627JZ	Pleopeltis	6SH4	Pleopeltis burchellii	4K7NN	
6WKQJ	Pteris denticulata Sw.	6WKQJ	Pteris denticulata Sw.	3	SPECIES	ACCEPTED	Plantae	P	Tracheophyta	TP	Polypodiopsida	GV	Polypodiales	3VL	Pteridaceae	FCF	Pteris	74M5	Pteris denticulata	6WKQJ	
3WLSD	Lycopodiella geometra B.Øllg. & P.G.Windisch	3WLSD	Lycopodiella geometra B.Øllg. & P.G.Windisch	1	SPECIES	ACCEPTED	Plantae	P	Tracheophyta	TP	Lycopodiopsida	LYC	Lycopodiales	3HC	Lycopodiaceae	C9G	Lycopodiella	5HLC	Lycopodiella geometra	3WLSD	
HKPT	Asplenium laetum Sw.	3NHQW	Hymenasplenium laetum (Sw.) L.Regalado & Prada	1	SPECIES	AMBIGUOUS_SYNONYM	Plantae	P	Tracheophyta	TP	Polypodiopsida	GV	Polypodiales	3VL	Aspleniaceae	6TQ	Hymenasplenium	5269	Hymenasplenium laetum	3NHQW	
B9DB3	Dennstaedtia globulifera (Poir.) Hieron.	BDMCN	Mucura globulifera (Poir.) L.A.Triana & Sundue	3	SPECIES	SYNONYM	Plantae	P	Tracheophyta	TP	Polypodiopsida	GV	Polypodiales	3VL	Dennstaedtiaceae	946	Mucura	BDMC5	Mucura globulifera	BDMCN	
653C6	Adiantum terminatum Kunze ex Miq.	653C6	Adiantum terminatum Kunze ex Miq.	1	SPECIES	ACCEPTED	Plantae	P	Tracheophyta	TP	Polypodiopsida	GV	Polypodiales	3VL	Pteridaceae	FCF	Adiantum	P9F	Adiantum terminatum	653C6	
3XBWT	Macrothelypteris torresiana (Gaudich.) Ching	3XBWT	Macrothelypteris torresiana (Gaudich.) Ching	2	SPECIES	ACCEPTED	Plantae	P	Tracheophyta	TP	Polypodiopsida	GV	Polypodiales	3VL	Thelypteridaceae	626PQ	Macrothelypteris	5JQR	Macrothelypteris torresiana	3XBWT	
64RLW	Adiantum ornithopodum C.Presl	64RLW	Adiantum ornithopodum C.Presl	1	SPECIES	ACCEPTED	Plantae	P	Tracheophyta	TP	Polypodiopsida	GV	Polypodiales	3VL	Pteridaceae	FCF	Adiantum	P9F	Adiantum ornithopodum	64RLW	
4LPC7	Polytaenium lineatum (Sw.) J.Sm.	4LPC7	Polytaenium lineatum (Sw.) J.Sm.	1	SPECIES	ACCEPTED	Plantae	P	Tracheophyta	TP	Polypodiopsida	GV	Polypodiales	3VL	Pteridaceae	FCF	Polytaenium	63P7L	Polytaenium lineatum	4LPC7	
CJXJ	Amauropelta concinna (Willd.) Pic.Serm.	CJXJ	Amauropelta concinna (Willd.) Pic.Serm.	1	SPECIES	ACCEPTED	Plantae	P	Tracheophyta	TP	Polypodiopsida	GV	Polypodiales	3VL	Thelypteridaceae	626PQ	Amauropelta	TBJ	Amauropelta concinna	CJXJ	
5W6VM	Asplenium pumilum Sw.	5W6VM	Asplenium pumilum Sw.	1	SPECIES	ACCEPTED	Plantae	P	Tracheophyta	TP	Polypodiopsida	GV	Polypodiales	3VL	Aspleniaceae	6TQ	Asplenium	346X	Asplenium pumilum	5W6VM	
DWYS	Anemia phyllitidis (L.) Sw.	DWYS	Anemia phyllitidis (L.) Sw.	1	SPECIES	ACCEPTED	Plantae	P	Tracheophyta	TP	Polypodiopsida	GV	Schizaeales	42B	Anemiaceae	6233J	Anemia	VXL	Anemia phyllitidis	DWYS	
HL46	Asplenium otites Link	HL46	Asplenium otites Link	1	SPECIES	ACCEPTED	Plantae	P	Tracheophyta	TP	Polypodiopsida	GV	Polypodiales	3VL	Aspleniaceae	6TQ	Asplenium	346X	Asplenium otites	HL46	
3WQ9J	Lygodium venustum Sw.	3WQ9J	Lygodium venustum Sw.	2	SPECIES	ACCEPTED	Plantae	P	Tracheophyta	TP	Polypodiopsida	GV	Schizaeales	42B	Lygodiaceae	C9R	Lygodium	639RW	Lygodium venustum	3WQ9J	
653TD	Adiantopsis chlorophylla (Sw.) Fée	653TD	Adiantopsis chlorophylla (Sw.) Fée	1	SPECIES	ACCEPTED	Plantae	P	Tracheophyta	TP	Polypodiopsida	GV	Polypodiales	3VL	Pteridaceae	FCF	Adiantopsis	627W6	Adiantopsis chlorophylla	653TD	
5NDDQ	Ctenitis submarginalis var. tenuifolia (C.Presl) R.S.Viveros & Salino	5NDDQ	Ctenitis submarginalis var. tenuifolia (C.Presl) R.S.Viveros & Salino	1	VARIETY	ACCEPTED	Plantae	P	Tracheophyta	TP	Polypodiopsida	GV	Polypodiales	3VL	Dryopteridaceae	9H9	Ctenitis	3WXY	Ctenitis submarginalis	324ZT	
8TJ	Cyatheaceae Kaulf.	8TJ	Cyatheaceae Kaulf.	1	FAMILY	ACCEPTED	Plantae	P	Tracheophyta	TP	Polypodiopsida	GV	Cyatheales	32S	Cyatheaceae	8TJ					
75VVS	Pecluma filicula (Kaulf.) M.G.Price	75VVS	Pecluma filicula (Kaulf.) M.G.Price	1	SPECIES	ACCEPTED	Plantae	P	Tracheophyta	TP	Polypodiopsida	GV	Polypodiales	3VL	Polypodiaceae	627JZ	Pecluma	63L5D	Pecluma filicula	75VVS	
RZZT	Cedrela odorata L.	RZZT	Cedrela odorata L.	4	SPECIES	ACCEPTED	Plantae	P	Tracheophyta	TP	Magnoliopsida	MG	Sapindales	3ZY	Meliaceae	CKB	Cedrela	3JX3	Cedrela odorata	RZZT	CR
4MNL7	Prockia crucis P.Browne ex L.	4MNL7	Prockia crucis P.Browne ex L.	2	SPECIES	ACCEPTED	Plantae	P	Tracheophyta	TP	Magnoliopsida	MG	Malpighiales	MLP	Salicaceae	FWG	Prockia	6W9K	Prockia crucis	4MNL7	LC
3YJ4R	Maytenus salicifolia Reissek	3YJ4R	Maytenus salicifolia Reissek	2	SPECIES	ACCEPTED	Plantae	P	Tracheophyta	TP	Magnoliopsida	MG	Celastrales	W8	Celastraceae	622JV	Maytenus	5M9R	Maytenus salicifolia	3YJ4R	
3PW5K	Ipomoea gigantea (Silva Manso) Choisy	3PW5K	Ipomoea gigantea (Silva Manso) Choisy	1	SPECIES	ACCEPTED	Plantae	P	Tracheophyta	TP	Magnoliopsida	MG	Solanales	43W	Convolvulaceae	8J9	Ipomoea	62WB5	Ipomoea gigantea	3PW5K	
6QWP	Pisonia L.	6QWP	Pisonia L.	1	GENUS	ACCEPTED	Plantae	P	Tracheophyta	TP	Magnoliopsida	MG	Caryophyllales	VW	Nyctaginaceae	DG4	Pisonia	6QWP			
62JPC	Byttneria Loefl.	62JPC	Byttneria Loefl.	1	GENUS	ACCEPTED	Plantae	P	Tracheophyta	TP	Magnoliopsida	MG	Malvales	3HP	Malvaceae	CDB	Byttneria	62JPC			
6H5GY	Erythroxylum strobilaceum Peyr.	6H5GY	Erythroxylum strobilaceum Peyr.	3	SPECIES	ACCEPTED	Plantae	P	Tracheophyta	TP	Magnoliopsida	MG	Malpighiales	MLP	Erythroxylaceae	9VH	Erythroxylum	62S56	Erythroxylum strobilaceum	6H5GY	
588PV	Trichilia elegans A.Juss.	588PV	Trichilia elegans A.Juss.	4	SPECIES	ACCEPTED	Plantae	P	Tracheophyta	TP	Magnoliopsida	MG	Sapindales	3ZY	Meliaceae	CKB	Trichilia	7Z63	Trichilia elegans	588PV	LC
9KMCF	Piper glabratum (Kunth) Steud.	77KLJ	Piper secundum Ruiz & Pav.	2	SPECIES	SYNONYM	Plantae	P	Tracheophyta	TP	Magnoliopsida	MG	Piperales	623FG	Piperaceae	625NL	Piper	6QRC	Piper secundum	77KLJ	
777ZX	Pfaffia velutina Mart.	777ZX	Pfaffia velutina Mart.	2	SPECIES	ACCEPTED	Plantae	P	Tracheophyta	TP	Magnoliopsida	MG	Caryophyllales	VW	Amaranthaceae	68Z	Pfaffia	6M9J	Pfaffia velutina	777ZX	
4HP3	Evolvulus L.	4HP3	Evolvulus L.	1	GENUS	ACCEPTED	Plantae	P	Tracheophyta	TP	Magnoliopsida	MG	Solanales	43W	Convolvulaceae	8J9	Evolvulus	4HP3			
TJDY	Chamaecrista nictitans (L.) Moench	TJDY	Chamaecrista nictitans (L.) Moench	1	SPECIES	ACCEPTED	Plantae	P	Tracheophyta	TP	Magnoliopsida	MG	Fabales	383	Fabaceae	623QT	Chamaecrista	9CKBY	Chamaecrista nictitans	TJDY	LC
3LD2Q	Heteropterys nervosa A.Juss.	3LD2Q	Heteropterys nervosa A.Juss.	1	SPECIES	ACCEPTED	Plantae	P	Tracheophyta	TP	Magnoliopsida	MG	Malpighiales	MLP	Malpighiaceae	CD9	Heteropterys	4WPV	Heteropterys nervosa	3LD2Q	LC
7D2R6	Trichilia pallens C.DC.	7D2R6	Trichilia pallens C.DC.	1	SPECIES	ACCEPTED	Plantae	P	Tracheophyta	TP	Magnoliopsida	MG	Sapindales	3ZY	Meliaceae	CKB	Trichilia	7Z63	Trichilia pallens	7D2R6	NT
7F3FL	Urvillea laevis Radlk.	7F3FL	Urvillea laevis Radlk.	2	SPECIES	ACCEPTED	Plantae	P	Tracheophyta	TP	Magnoliopsida	MG	Sapindales	3ZY	Sapindaceae	FY3	Urvillea	63VHW	Urvillea laevis	7F3FL	
6J58Y	Fissidens brevipes Besch.	6J58Y	Fissidens brevipes Besch.	3	SPECIES	ACCEPTED	Plantae	P	Bryophyta	BJ5TM	Bryopsida	CHTRW	Dicranales	KZYPJ	Fissidentaceae	9JG2T	Fissidens	9JKBH	Fissidens brevipes	6J58Y	
374KJ	Dolichandra quadrivalvis (Jacq.) L.G.Lohmann	374KJ	Dolichandra quadrivalvis (Jacq.) L.G.Lohmann	2	SPECIES	ACCEPTED	Plantae	P	Tracheophyta	TP	Magnoliopsida	MG	Lamiales	3F4	Bignoniaceae	77P	Dolichandra	6336K	Dolichandra quadrivalvis	374KJ	
426SY	Mesosphaerum suaveolens (L.) Kuntze	426SY	Mesosphaerum suaveolens (L.) Kuntze	2	SPECIES	ACCEPTED	Plantae	P	Tracheophyta	TP	Magnoliopsida	MG	Lamiales	3F4	Lamiaceae	PR82T	Mesosphaerum	8WHP7	Mesosphaerum suaveolens	426SY	
4WW34	Serjania meridionalis Cambess.	4WW34	Serjania meridionalis Cambess.	1	SPECIES	ACCEPTED	Plantae	P	Tracheophyta	TP	Magnoliopsida	MG	Sapindales	3ZY	Sapindaceae	FY3	Serjania	7FV4	Serjania meridionalis	4WW34	
59669	Trixis antimenorrhoea (Schrank) C.Mart. ex Baker	5LMK7	Trixis divaricata subsp. divaricata	1	SPECIES	SYNONYM	Plantae	P	Tracheophyta	TP	Magnoliopsida	MG	Asterales	ST	Asteraceae	622TP	Trixis	L2STF	Trixis divaricata	59672	
63MCK	Phytolacca L.	63MCK	Phytolacca L.	1	GENUS	ACCEPTED	Plantae	P	Tracheophyta	TP	Magnoliopsida	MG	Caryophyllales	VW	Phytolaccaceae	625L4	Phytolacca	63MCK			
4STDT	Rhynchospora pubera (Vahl) Boeckeler	4STDT	Rhynchospora pubera (Vahl) Boeckeler	1	SPECIES	ACCEPTED	Plantae	P	Tracheophyta	TP	Liliopsida	L2L	Poales	627VM	Cyperaceae	8W5	Rhynchospora	8W35J	Rhynchospora pubera	4STDT	
ZR2N	Croton salutaris Casar.	ZR2N	Croton salutaris Casar.	1	SPECIES	ACCEPTED	Plantae	P	Tracheophyta	TP	Magnoliopsida	MG	Malpighiales	MLP	Euphorbiaceae	N7XM4	Croton	8VWKB	Croton salutaris	ZR2N	LC
9DXQL	Senna multijuga var. verrucosa (Vogel) H.S.Irwin & Barneby	9DXQL	Senna multijuga var. verrucosa (Vogel) H.S.Irwin & Barneby	2	VARIETY	ACCEPTED	Plantae	P	Tracheophyta	TP	Magnoliopsida	MG	Fabales	383	Fabaceae	623QT	Senna	9CM2K	Senna multijuga	4WPBP	
53728	Strychnos bicolor Progel	53728	Strychnos bicolor Progel	1	SPECIES	ACCEPTED	Plantae	P	Tracheophyta	TP	Magnoliopsida	MG	Gentianales	39D	Loganiaceae	C5Z	Strychnos	63TQJ	Strychnos bicolor	53728	
ZQ66	Croton gracilipes Baill.	ZQ66	Croton gracilipes Baill.	2	SPECIES	ACCEPTED	Plantae	P	Tracheophyta	TP	Magnoliopsida	MG	Malpighiales	MLP	Euphorbiaceae	N7XM4	Croton	8VWKB	Croton gracilipes	ZQ66	
4X7Y4	Sida glutinosa Comm. ex Cav.	4X7Y4	Sida glutinosa Comm. ex Cav.	1	SPECIES	ACCEPTED	Plantae	P	Tracheophyta	TP	Magnoliopsida	MG	Malvales	3HP	Malvaceae	CDB	Sida	7GNH	Sida glutinosa	4X7Y4	
6S27C	Monteverdia gonoclada (Mart.) Biral	6S27C	Monteverdia gonoclada (Mart.) Biral	1	SPECIES	ACCEPTED	Plantae	P	Tracheophyta	TP	Magnoliopsida	MG	Celastrales	W8	Celastraceae	622JV	Monteverdia	63CXX	Monteverdia gonoclada	6S27C	LC
5RGQ4	Senna splendida var. splendida	6YGRF	Senna splendida (Vogel) H.S.Irwin & Barneby	1	VARIETY	SYNONYM	Plantae	P	Tracheophyta	TP	Magnoliopsida	MG	Fabales	383	Fabaceae	623QT	Senna	9CM2K	Senna splendida	6YGRF	
7D336	Trichilia pallida Sw.	7D336	Trichilia pallida Sw.	1	SPECIES	ACCEPTED	Plantae	P	Tracheophyta	TP	Magnoliopsida	MG	Sapindales	3ZY	Meliaceae	CKB	Trichilia	7Z63	Trichilia pallida	7D336	LC
S4MS	Celtis boliviensis Planch.	S4MV	Celtis brasiliensis (Gardner) Planch.	2	SPECIES	SYNONYM	Plantae	P	Tracheophyta	TP	Magnoliopsida	MG	Rosales	3Z6	Cannabaceae	7NV	Celtis	3K3G	Celtis brasiliensis	S4MV	
76QMN	Peperomia pereskiifolia (Jacq.) Kunth	76QMN	Peperomia pereskiifolia (Jacq.) Kunth	1	SPECIES	ACCEPTED	Plantae	P	Tracheophyta	TP	Magnoliopsida	MG	Piperales	623FG	Piperaceae	625NL	Peperomia	6KXF	Peperomia pereskiifolia	76QMN	
HHN6	Aspidosperma camporum Müll.Arg.	HHN6	Aspidosperma camporum Müll.Arg.	1	SPECIES	ACCEPTED	Plantae	P	Tracheophyta	TP	Magnoliopsida	MG	Gentianales	39D	Apocynaceae	6L2	Aspidosperma	62DYD	Aspidosperma camporum	HHN6	LC
747PZ	Neonotonia wightii (Wight & Arn.) J.A.Lackey	747PZ	Neonotonia wightii (Wight & Arn.) J.A.Lackey	1	SPECIES	ACCEPTED	Plantae	P	Tracheophyta	TP	Magnoliopsida	MG	Fabales	383	Fabaceae	623QT	Neonotonia	9CLFX	Neonotonia wightii	747PZ	LC
8J9	Convolvulaceae Juss.	8J9	Convolvulaceae Juss.	3	FAMILY	ACCEPTED	Plantae	P	Tracheophyta	TP	Magnoliopsida	MG	Solanales	43W	Convolvulaceae	8J9					
462JT	Nectandra reticulata (Ruiz & Pav.) Mez	462LS	Nectandra villosa Nees & Mart. ex Nees	1	SPECIES	SYNONYM	Plantae	P	Tracheophyta	TP	Magnoliopsida	MG	Laurales	3F8	Lauraceae	BTB	Nectandra	5Y73	Nectandra villosa	462LS	
SBHV	Centrosema sagittatum (Humb. & Bonpl. ex Willd.) Brandegee	SBHV	Centrosema sagittatum (Humb. & Bonpl. ex Willd.) Brandegee	1	SPECIES	ACCEPTED	Plantae	P	Tracheophyta	TP	Magnoliopsida	MG	Fabales	383	Fabaceae	623QT	Centrosema	9CKBG	Centrosema sagittatum	SBHV	
B3QXV	Dyssochroma viridiflorum (Sims) Miers	B3QXV	Dyssochroma viridiflorum (Sims) Miers	1	SPECIES	ACCEPTED	Plantae	P	Tracheophyta	TP	Magnoliopsida	MG	Solanales	43W	Solanaceae	626XM	Dyssochroma	497M	Dyssochroma viridiflorum	B3QXV	
9CXWK	Camptosema bellum (Mart. ex Benth.) Benth.	9FPM4	Mantiqueira bella (Mart. ex Benth.) L.P.Queiroz	1	SPECIES	SYNONYM	Plantae	P	Tracheophyta	TP	Magnoliopsida	MG	Fabales	383	Fabaceae	623QT	Mantiqueira	9FNZF	Mantiqueira bella	9FPM4	
3VXWN	Lonchocarpus muehlbergianus Hassl.	9D2Q7	Dahlstedtia muehlbergiana (Hassl.) M.J.Silva & A.M.G.Azevedo	1	SPECIES	SYNONYM	Plantae	P	Tracheophyta	TP	Magnoliopsida	MG	Fabales	383	Fabaceae	623QT	Dahlstedtia	9CKHN	Dahlstedtia muehlbergiana	9D2Q7	
69ZY2	Chomelia pohliana Müll.Arg.	69ZY2	Chomelia pohliana Müll.Arg.	1	SPECIES	ACCEPTED	Plantae	P	Tracheophyta	TP	Magnoliopsida	MG	Gentianales	39D	Rubiaceae	SGJN5	Chomelia	8VW7S	Chomelia pohliana	69ZY2	LC
LV7	Acacia Mill.	LV7	Acacia Mill.	2	GENUS	ACCEPTED	Plantae	P	Tracheophyta	TP	Magnoliopsida	MG	Fabales	383	Fabaceae	623QT	Acacia	LV7			
64PQN	Actinostemon verticillatus (Klotzsch) Baill.	64PQN	Actinostemon verticillatus (Klotzsch) Baill.	1	SPECIES	ACCEPTED	Plantae	P	Tracheophyta	TP	Magnoliopsida	MG	Malpighiales	MLP	Euphorbiaceae	N7XM4	Actinostemon	8VT8V	Actinostemon verticillatus	64PQN	LC
3XRFL	Malvastrum americanum (L.) Torr.	3XRFL	Malvastrum americanum (L.) Torr.	1	SPECIES	ACCEPTED	Plantae	P	Tracheophyta	TP	Magnoliopsida	MG	Malvales	3HP	Malvaceae	CDB	Malvastrum	5KQG	Malvastrum americanum	3XRFL	
78Q59	Pyrostegia venusta (Ker Gawl.) Miers	78Q59	Pyrostegia venusta (Ker Gawl.) Miers	1	SPECIES	ACCEPTED	Plantae	P	Tracheophyta	TP	Magnoliopsida	MG	Lamiales	3F4	Bignoniaceae	77P	Pyrostegia	642VF	Pyrostegia venusta	78Q59	
6N8G6	Ipomoea quamoclit L.	6N8G6	Ipomoea quamoclit L.	1	SPECIES	ACCEPTED	Plantae	P	Tracheophyta	TP	Magnoliopsida	MG	Solanales	43W	Convolvulaceae	8J9	Ipomoea	62WB5	Ipomoea quamoclit	6N8G6	
3C5ZS	Eugenia punicifolia (Kunth) DC.	3C5ZS	Eugenia punicifolia (Kunth) DC.	1	SPECIES	ACCEPTED	Plantae	P	Tracheophyta	TP	Magnoliopsida	MG	Myrtales	3LY	Myrtaceae	D48	Eugenia	4FLN	Eugenia punicifolia	3C5ZS	LC
72Y96	Melochia argentina Hassl.	72XX6	Melochia argentina R.E.Fr.	1	SPECIES	SYNONYM	Plantae	P	Tracheophyta	TP	Magnoliopsida	MG	Malvales	3HP	Malvaceae	CDB	Melochia	62Z4W	Melochia argentina	72XX6	
T5JS	Cestrum axillare Vell.	T5PZ	Cestrum laevigatum Schltdl.	1	SPECIES	SYNONYM	Plantae	P	Tracheophyta	TP	Magnoliopsida	MG	Solanales	43W	Solanaceae	626XM	Cestrum	3LBQ	Cestrum laevigatum	T5PZ	
7GD5D	Zanthoxylum rhoifolium Lam.	7GD5D	Zanthoxylum rhoifolium Lam.	1	SPECIES	ACCEPTED	Plantae	P	Tracheophyta	TP	Magnoliopsida	MG	Sapindales	3ZY	Rutaceae	626WT	Zanthoxylum	6497N	Zanthoxylum rhoifolium	7GD5D	LC
W57C	Clidemia hirta (L.) D.Don	73GNK	Miconia crenata (Vahl) Michelang.	1	SPECIES	SYNONYM	Plantae	P	Tracheophyta	TP	Magnoliopsida	MG	Myrtales	3LY	Melastomataceae	CK9	Miconia	63B9N	Miconia crenata	73GNK	
4G7R	Eupatorium L.	4G7R	Eupatorium L.	1	GENUS	ACCEPTED	Plantae	P	Tracheophyta	TP	Magnoliopsida	MG	Asterales	ST	Asteraceae	622TP	Eupatorium	4G7R			
627FW	Poaceae Barnhart	627FW	Poaceae Barnhart	2	FAMILY	ACCEPTED	Plantae	P	Tracheophyta	TP	Liliopsida	L2L	Poales	627VM	Poaceae	627FW					
64TFC	Aechmea bromeliifolia (Rudge) Baker ex Benth. & Hook.f.	64TFC	Aechmea bromeliifolia (Rudge) Baker ex Benth. & Hook.f.	1	SPECIES	ACCEPTED	Plantae	P	Tracheophyta	TP	Liliopsida	L2L	Poales	627VM	Bromeliaceae	622GQ	Aechmea	8VTBL	Aechmea bromeliifolia	64TFC	
4WPDS	Senna silvestris (Vell.) H.S.Irwin & Barneby	4WPDS	Senna silvestris (Vell.) H.S.Irwin & Barneby	1	SPECIES	ACCEPTED	Plantae	P	Tracheophyta	TP	Magnoliopsida	MG	Fabales	383	Fabaceae	623QT	Senna	9CM2K	Senna silvestris	4WPDS	LC
62T2Y	Forsteronia G.Mey.	62T2Y	Forsteronia G.Mey.	4	GENUS	ACCEPTED	Plantae	P	Tracheophyta	TP	Magnoliopsida	MG	Gentianales	39D	Apocynaceae	6L2	Forsteronia	62T2Y			
64R2P	Adenocalymma acutissimum (Cham.) Miers	64R2P	Adenocalymma acutissimum (Cham.) Miers	1	SPECIES	ACCEPTED	Plantae	P	Tracheophyta	TP	Magnoliopsida	MG	Lamiales	3F4	Bignoniaceae	77P	Adenocalymma	C8RNZ	Adenocalymma acutissimum	64R2P	
42JQK	Metrodorea nigra A.St.-Hil.	42JQK	Metrodorea nigra A.St.-Hil.	2	SPECIES	ACCEPTED	Plantae	P	Tracheophyta	TP	Magnoliopsida	MG	Sapindales	3ZY	Rutaceae	626WT	Metrodorea	5R35	Metrodorea nigra	42JQK	LC
3JJS7	Handroanthus serratifolius (Vahl) S.O.Grose	3JJS7	Handroanthus serratifolius (Vahl) S.O.Grose	1	SPECIES	ACCEPTED	Plantae	P	Tracheophyta	TP	Magnoliopsida	MG	Lamiales	3F4	Bignoniaceae	77P	Handroanthus	4T83	Handroanthus serratifolius	3JJS7	EN
3F57F	Galipea jasminiflora (A.St.-Hil.) Engl.	3F57F	Galipea jasminiflora (A.St.-Hil.) Engl.	2	SPECIES	ACCEPTED	Plantae	P	Tracheophyta	TP	Magnoliopsida	MG	Sapindales	3ZY	Rutaceae	626WT	Galipea	4LWN	Galipea jasminiflora	3F57F	LC
54NLJ	Tanaecium selloi (Spreng.) L.G.Lohmann	54NLJ	Tanaecium selloi (Spreng.) L.G.Lohmann	1	SPECIES	ACCEPTED	Plantae	P	Tracheophyta	TP	Magnoliopsida	MG	Lamiales	3F4	Bignoniaceae	77P	Tanaecium	7SCQ	Tanaecium selloi	54NLJ	
63KWK	Pereskia Mill.	63KWK	Pereskia Mill.	1	GENUS	ACCEPTED	Plantae	P	Tracheophyta	TP	Magnoliopsida	MG	Caryophyllales	VW	Cactaceae	7HS	Pereskia	63KWK			
3L46	Cereus Mill.	3L46	Cereus Mill.	1	GENUS	ACCEPTED	Plantae	P	Tracheophyta	TP	Magnoliopsida	MG	Caryophyllales	VW	Cactaceae	7HS	Cereus	3L46			
8VZ5C	Manihot Mill.	8VZ5C	Manihot Mill.	5	GENUS	ACCEPTED	Plantae	P	Tracheophyta	TP	Magnoliopsida	MG	Malpighiales	MLP	Euphorbiaceae	N7XM4	Manihot	8VZ5C			
5ZPLR	Combretum fruticosum (Loefl.) Stuntz	5ZPLR	Combretum fruticosum (Loefl.) Stuntz	1	SPECIES	ACCEPTED	Plantae	P	Tracheophyta	TP	Magnoliopsida	MG	Myrtales	3LY	Combretaceae	8GM	Combretum	3SRG	Combretum fruticosum	5ZPLR	
9VSVV	Venturiella glaziovii (Hampe) Pursell	9VSVV	Venturiella glaziovii (Hampe) Pursell	1	SPECIES	ACCEPTED	Plantae	P	Bryophyta	BJ5TM	Bryopsida	CHTRW	Erpodiales	BW6V7	Erpodiaceae	KSSDY	Venturiella	9JP6C	Venturiella glaziovii	9VSVV	
RZYL	Cedrela fissilis Vell.	RZYL	Cedrela fissilis Vell.	1	SPECIES	ACCEPTED	Plantae	P	Tracheophyta	TP	Magnoliopsida	MG	Sapindales	3ZY	Meliaceae	CKB	Cedrela	3JX3	Cedrela fissilis	RZYL	VU
SGJN5	Rubiaceae Juss.	SGJN5	Rubiaceae Juss.	1	FAMILY	ACCEPTED	Plantae	P	Tracheophyta	TP	Magnoliopsida	MG	Gentianales	39D	Rubiaceae	SGJN5					
8VT5Y	Acalypha L.	8VT5Y	Acalypha L.	1	GENUS	ACCEPTED	Plantae	P	Tracheophyta	TP	Magnoliopsida	MG	Malpighiales	MLP	Euphorbiaceae	N7XM4	Acalypha	8VT5Y			
68LGV	Boehmeria caudata Sw.	68LGV	Boehmeria caudata Sw.	1	SPECIES	ACCEPTED	Plantae	P	Tracheophyta	TP	Magnoliopsida	MG	Rosales	3Z6	Urticaceae	HQS	Boehmeria	3B2D	Boehmeria caudata	68LGV	LC
737KY	Mascagnia cordifolia (A.Juss.) Griseb.	737KY	Mascagnia cordifolia (A.Juss.) Griseb.	1	SPECIES	ACCEPTED	Plantae	P	Tracheophyta	TP	Magnoliopsida	MG	Malpighiales	MLP	Malpighiaceae	CD9	Mascagnia	5LQF	Mascagnia cordifolia	737KY	
3PWL6	Ipomoea nil (L.) Roth	3PWL6	Ipomoea nil (L.) Roth	1	SPECIES	ACCEPTED	Plantae	P	Tracheophyta	TP	Magnoliopsida	MG	Solanales	43W	Convolvulaceae	8J9	Ipomoea	62WB5	Ipomoea nil	3PWL6	
3LCY9	Heteropterys crenulata Mart. ex Griseb.	3LCY9	Heteropterys crenulata Mart. ex Griseb.	1	SPECIES	ACCEPTED	Plantae	P	Tracheophyta	TP	Magnoliopsida	MG	Malpighiales	MLP	Malpighiaceae	CD9	Heteropterys	4WPV	Heteropterys crenulata	3LCY9	
4H36N	Phyllanthus acuminatus Vahl	4H36N	Phyllanthus acuminatus Vahl	1	SPECIES	ACCEPTED	Plantae	P	Tracheophyta	TP	Magnoliopsida	MG	Malpighiales	MLP	Phyllanthaceae	RCXBV	Phyllanthus	8VSF4	Phyllanthus acuminatus	4H36N	LC
8H53V	Niedenzuella lasiandra (A.Juss.) R.F.Almeida	8H53V	Niedenzuella lasiandra (A.Juss.) R.F.Almeida	1	SPECIES	ACCEPTED	Plantae	P	Tracheophyta	TP	Magnoliopsida	MG	Malpighiales	MLP	Malpighiaceae	CD9	Niedenzuella	6429	Niedenzuella lasiandra	8H53V	
5X8QW	Camonea umbellata (L.) A.R.Simões & Staples	5X8QW	Camonea umbellata (L.) A.R.Simões & Staples	2	SPECIES	ACCEPTED	Plantae	P	Tracheophyta	TP	Magnoliopsida	MG	Solanales	43W	Convolvulaceae	8J9	Camonea	62L42	Camonea umbellata	5X8QW	
8WZN5	Palicourea brevicollis (Müll.Arg.) C.M.Taylor	8WZN5	Palicourea brevicollis (Müll.Arg.) C.M.Taylor	1	SPECIES	ACCEPTED	Plantae	P	Tracheophyta	TP	Magnoliopsida	MG	Gentianales	39D	Rubiaceae	SGJN5	Palicourea	8W237	Palicourea brevicollis	8WZN5	LC
8VZVJ	Olyra L.	8VZVJ	Olyra L.	2	GENUS	ACCEPTED	Plantae	P	Tracheophyta	TP	Liliopsida	L2L	Poales	627VM	Poaceae	627FW	Olyra	8VZVJ			
44JLB	Muhlenbergia pereilema P.M.Peterson	44JLB	Muhlenbergia pereilema P.M.Peterson	1	SPECIES	ACCEPTED	Plantae	P	Tracheophyta	TP	Liliopsida	L2L	Poales	627VM	Poaceae	627FW	Muhlenbergia	8VZHY	Muhlenbergia pereilema	44JLB	
66PH6	Andropogon leucostachyus Kunth	LML2L	Anatherum leucostachyum (Kunth) Voronts. & E.A.Kellogg	1	SPECIES	SYNONYM	Plantae	P	Tracheophyta	TP	Liliopsida	L2L	Poales	627VM	Poaceae	627FW	Anatherum	8WBXT	Anatherum leucostachyum	LML2L	
4WPB6	Senna macranthera (DC. ex Collad.) H.S.Irwin & Barneby	4WPB6	Senna macranthera (DC. ex Collad.) H.S.Irwin & Barneby	2	SPECIES	ACCEPTED	Plantae	P	Tracheophyta	TP	Magnoliopsida	MG	Fabales	383	Fabaceae	623QT	Senna	9CM2K	Senna macranthera	4WPB6	LC
8VX72	Echinochloa P.Beauv.	8VX72	Echinochloa P.Beauv.	1	GENUS	ACCEPTED	Plantae	P	Tracheophyta	TP	Liliopsida	L2L	Poales	627VM	Poaceae	627FW	Echinochloa	8VX72			
6YTSX	Solandra grandiflora Sw.	6YTSX	Solandra grandiflora Sw.	2	SPECIES	ACCEPTED	Plantae	P	Tracheophyta	TP	Magnoliopsida	MG	Solanales	43W	Solanaceae	626XM	Solandra	7JD7	Solandra grandiflora	6YTSX	
5RQ34	Swartzia apetala var. glabra (Vogel) R.S.Cowan	5RQ34	Swartzia apetala var. glabra (Vogel) R.S.Cowan	1	VARIETY	ACCEPTED	Plantae	P	Tracheophyta	TP	Magnoliopsida	MG	Fabales	383	Fabaceae	623QT	Swartzia	9CM5R	Swartzia apetala	53JB3	
MHS6B	Celtis chichape (Wedd.) Miq.	S4NG	Celtis chicape (Wedd.) Miq.	1	SPECIES	SYNONYM	Plantae	P	Tracheophyta	TP	Magnoliopsida	MG	Rosales	3Z6	Cannabaceae	7NV	Celtis	3K3G	Celtis chicape	S4NG	
CZ99M	Capsicum baccatum var. baccatum	CZ99M	Capsicum baccatum var. baccatum	1	VARIETY	ACCEPTED	Plantae	P	Tracheophyta	TP	Magnoliopsida	MG	Solanales	43W	Solanaceae	626XM	Capsicum	3H75	Capsicum baccatum	QT4Z	
7B6P	Ruprechtia C.A.Mey.	7B6P	Ruprechtia C.A.Mey.	1	GENUS	ACCEPTED	Plantae	P	Tracheophyta	TP	Magnoliopsida	MG	Caryophyllales	VW	Polygonaceae	627KD	Ruprechtia	7B6P			
6JP4W	Fridericia speciosa Mart.	6JP4W	Fridericia speciosa Mart.	1	SPECIES	ACCEPTED	Plantae	P	Tracheophyta	TP	Magnoliopsida	MG	Lamiales	3F4	Bignoniaceae	77P	Fridericia	4L5L	Fridericia speciosa	6JP4W	
5M783	Anadenanthera colubrina var. cebil (Griseb.) Altschul	DCKP	Anadenanthera macrocarpa (Benth.) Brenan	1	VARIETY	SYNONYM	Plantae	P	Tracheophyta	TP	Magnoliopsida	MG	Fabales	383	Fabaceae	623QT	Anadenanthera	9CJRG	Anadenanthera macrocarpa	DCKP	
4FVLQ	Pharus lappulaceus Aubl.	4FVLQ	Pharus lappulaceus Aubl.	2	SPECIES	ACCEPTED	Plantae	P	Tracheophyta	TP	Liliopsida	L2L	Poales	627VM	Poaceae	627FW	Pharus	8W2BG	Pharus lappulaceus	4FVLQ	
Z2XX	Coutarea hexandra (Jacq.) K.Schum.	VBM8Z	Coutaportla campanilla (DC.) Delprete	1	SPECIES	SYNONYM	Plantae	P	Tracheophyta	TP	Magnoliopsida	MG	Gentianales	39D	Rubiaceae	SGJN5	Coutaportla	8VWJ3	Coutaportla campanilla	VBM8Z	
C5TJ	Aloysia virgata (Ruiz & Pav.) Juss.	C5TJ	Aloysia virgata (Ruiz & Pav.) Juss.	1	SPECIES	ACCEPTED	Plantae	P	Tracheophyta	TP	Magnoliopsida	MG	Lamiales	3F4	Verbenaceae	TMFZP	Aloysia	8VTMG	Aloysia virgata	C5TJ	LC
3QXFC	Justicia thunbergioides (Lindau) Leonard	3QXFC	Justicia thunbergioides (Lindau) Leonard	2	SPECIES	ACCEPTED	Plantae	P	Tracheophyta	TP	Magnoliopsida	MG	Lamiales	3F4	Acanthaceae	62332	Justicia	572G	Justicia thunbergioides	3QXFC	
9TPP8	Ocotea pulchella var. ferruginea Hassl.	7W8FD	Mespilodaphne pulchella Meisn.	1	VARIETY	SYNONYM	Plantae	P	Tracheophyta	TP	Magnoliopsida	MG	Laurales	3F8	Lauraceae	BTB	Mespilodaphne	7PNVW	Mespilodaphne pulchella	7W8FD	
L49M	Bauhinia pulchella Benth.	L49M	Bauhinia pulchella Benth.	1	SPECIES	ACCEPTED	Plantae	P	Tracheophyta	TP	Magnoliopsida	MG	Fabales	383	Fabaceae	623QT	Bauhinia	9CK4T	Bauhinia pulchella	L49M	LC
62W2Q	Lagerstroemia L.	62W2Q	Lagerstroemia L.	1	GENUS	ACCEPTED	Plantae	P	Tracheophyta	TP	Magnoliopsida	MG	Myrtales	3LY	Lythraceae	624JG	Lagerstroemia	62W2Q			
68FJY	Bauhinia rufa (Bong.) Steud.	68FJY	Bauhinia rufa (Bong.) Steud.	2	SPECIES	ACCEPTED	Plantae	P	Tracheophyta	TP	Magnoliopsida	MG	Fabales	383	Fabaceae	623QT	Bauhinia	9CK4T	Bauhinia rufa	68FJY	LC
4WNPN	Senecio vernonioides Sch.Bip.	4WKPQ	Senecio erubescens Aiton	1	SPECIES	AMBIGUOUS_SYNONYM	Plantae	P	Tracheophyta	TP	Magnoliopsida	MG	Asterales	ST	Asteraceae	622TP	Senecio	7FJL	Senecio erubescens	4WKPQ	
6G3T3	Epidendrum patens Sw.	6G3T3	Epidendrum patens Sw.	1	SPECIES	ACCEPTED	Plantae	P	Tracheophyta	TP	Liliopsida	L2L	Asparagales	SP	Orchidaceae	DPL	Epidendrum	8VXDM	Epidendrum patens	6G3T3	
899WQ	Tetrapterys salicifolia (A.Juss.) Nied.	8H4ST	Glicophyllum salicifolium (A.Juss.) R.F.Almeida	1	SPECIES	SYNONYM	Plantae	P	Tracheophyta	TP	Magnoliopsida	MG	Malpighiales	MLP	Malpighiaceae	CD9	Glicophyllum	8H527	Glicophyllum salicifolium	8H4ST	
L3X2	Bauhinia cupulata Benth.	L3X2	Bauhinia cupulata Benth.	1	SPECIES	ACCEPTED	Plantae	P	Tracheophyta	TP	Magnoliopsida	MG	Fabales	383	Fabaceae	623QT	Bauhinia	9CK4T	Bauhinia cupulata	L3X2	LC
7WH6M	Habenaria platydactyla Kraenzl.	3J3ZD	Habenaria leprieurii Rchb.f.	1	SPECIES	SYNONYM	Plantae	P	Tracheophyta	TP	Liliopsida	L2L	Asparagales	SP	Orchidaceae	DPL	Habenaria	8VY2N	Habenaria leprieurii	3J3ZD	
3PWZY	Ipomoea sidifolia (Kunth) Choisy	59MNL	Turbina corymbosa (L.) Raf.	1	SPECIES	AMBIGUOUS_SYNONYM	Plantae	P	Tracheophyta	TP	Magnoliopsida	MG	Solanales	43W	Convolvulaceae	8J9	Turbina	5THTL	Turbina corymbosa	59MNL	
6V2KK	Peperomia nitida Dahlst.	6V2KK	Peperomia nitida Dahlst.	5	SPECIES	ACCEPTED	Plantae	P	Tracheophyta	TP	Magnoliopsida	MG	Piperales	623FG	Piperaceae	625NL	Peperomia	6KXF	Peperomia nitida	6V2KK	
4JYX	Ficus L.	4JYX	Ficus L.	1	GENUS	ACCEPTED	Plantae	P	Tracheophyta	TP	Magnoliopsida	MG	Rosales	3Z6	Moraceae	CXM	Ficus	4JYX			
4GQXX	Phoradendron piperoides (Kunth) Trel.	4GQXX	Phoradendron piperoides (Kunth) Trel.	2	SPECIES	ACCEPTED	Plantae	P	Tracheophyta	TP	Magnoliopsida	MG	Santalales	3ZX	Viscaceae	626RG	Phoradendron	6NZT	Phoradendron piperoides	4GQXX	
6M2V	Petiveria L.	6M2V	Petiveria L.	1	GENUS	ACCEPTED	Plantae	P	Tracheophyta	TP	Magnoliopsida	MG	Caryophyllales	VW	Petiveriaceae	62686	Petiveria	6M2V			
B3ST4	Buddleja brasiliensis J.Jacq. ex Spreng.	NN74	Buddleja perfoliata Kunth	1	SPECIES	SYNONYM	Plantae	P	Tracheophyta	TP	Magnoliopsida	MG	Lamiales	3F4	Scrophulariaceae	G5R	Buddleja	62H6F	Buddleja perfoliata	NN74	
4DY6J	Passiflora alata Curtis	4DY6J	Passiflora alata Curtis	1	SPECIES	ACCEPTED	Plantae	P	Tracheophyta	TP	Magnoliopsida	MG	Malpighiales	MLP	Passifloraceae	626DD	Passiflora	6JGB	Passiflora alata	4DY6J	
9CN4D	Acacia plumosa Colla	6VKMY	Piptadenia trisperma (Vell.) Benth.	1	SPECIES	AMBIGUOUS_SYNONYM	Plantae	P	Tracheophyta	TP	Magnoliopsida	MG	Fabales	383	Fabaceae	623QT	Piptadenia	9CLPM	Piptadenia trisperma	6VKMY	
38NB2	Eclipta prostrata (L.) L.	38NB2	Eclipta prostrata (L.) L.	1	SPECIES	ACCEPTED	Plantae	P	Tracheophyta	TP	Magnoliopsida	MG	Asterales	ST	Asteraceae	622TP	Eclipta	49T3	Eclipta prostrata	38NB2	LC
6429	Niedenzuella W.R.Anderson	6429	Niedenzuella W.R.Anderson	1	GENUS	ACCEPTED	Plantae	P	Tracheophyta	TP	Magnoliopsida	MG	Malpighiales	MLP	Malpighiaceae	CD9	Niedenzuella	6429			
369N	Austrocritonia R.M.King & H.Rob.	369N	Austrocritonia R.M.King & H.Rob.	1	GENUS	ACCEPTED	Plantae	P	Tracheophyta	TP	Magnoliopsida	MG	Asterales	ST	Asteraceae	622TP	Austrocritonia	369N			
6X6SL	Rhodocalyx riedelii (Müll.Arg.) J.F.Morales, M.E.Endress & Liede	6X6SL	Rhodocalyx riedelii (Müll.Arg.) J.F.Morales, M.E.Endress & Liede	1	SPECIES	ACCEPTED	Plantae	P	Tracheophyta	TP	Magnoliopsida	MG	Gentianales	39D	Apocynaceae	6L2	Rhodocalyx	794C	Rhodocalyx riedelii	6X6SL	
7VY8Z	Ipomoea tubata Nees	7VXZM	Ipomoea sidifolia Schrad.	1	SPECIES	SYNONYM	Plantae	P	Tracheophyta	TP	Magnoliopsida	MG	Solanales	43W	Convolvulaceae	8J9	Ipomoea	62WB5	Ipomoea sidifolia	7VXZM	
462FL	Nectandra lanceolata Nees & Mart. ex Nees	462FL	Nectandra lanceolata Nees & Mart. ex Nees	1	SPECIES	ACCEPTED	Plantae	P	Tracheophyta	TP	Magnoliopsida	MG	Laurales	3F8	Lauraceae	BTB	Nectandra	5Y73	Nectandra lanceolata	462FL	LC
8W4YM	Pera Mutis	8W4YM	Pera Mutis	1	GENUS	ACCEPTED	Plantae	P	Tracheophyta	TP	Magnoliopsida	MG	Malpighiales	MLP	Peraceae	RCWB3	Pera	8W4YM			
3XYCT	Maranta incrassata L.Andersson	3XYCT	Maranta incrassata L.Andersson	2	SPECIES	ACCEPTED	Plantae	P	Tracheophyta	TP	Liliopsida	L2L	Zingiberales	4C2	Marantaceae	624K3	Maranta	8VZ5V	Maranta incrassata	3XYCT	
8RZ9	Acalypha gracilis Spreng.	8RZ9	Acalypha gracilis Spreng.	1	SPECIES	ACCEPTED	Plantae	P	Tracheophyta	TP	Magnoliopsida	MG	Malpighiales	MLP	Euphorbiaceae	N7XM4	Acalypha	8VT5Y	Acalypha gracilis	8RZ9	
62S56	Erythroxylum Browne	62S56	Erythroxylum Browne	1	GENUS	ACCEPTED	Plantae	P	Tracheophyta	TP	Magnoliopsida	MG	Malpighiales	MLP	Erythroxylaceae	9VH	Erythroxylum	62S56			
6462K	Struthanthus Mart.	6462K	Struthanthus Mart.	1	GENUS	ACCEPTED	Plantae	P	Tracheophyta	TP	Magnoliopsida	MG	Santalales	3ZX	Loranthaceae	C7D	Struthanthus	6462K			
53KBG	Syagrus oleracea (Mart.) Becc.	53KBG	Syagrus oleracea (Mart.) Becc.	1	SPECIES	ACCEPTED	Plantae	P	Tracheophyta	TP	Liliopsida	L2L	Arecales	QY	Arecaceae	6234D	Syagrus	8W3WV	Syagrus oleracea	53KBG	LC
6NWPG	Lantana trifolia L.	6NWPG	Lantana trifolia L.	1	SPECIES	ACCEPTED	Plantae	P	Tracheophyta	TP	Magnoliopsida	MG	Lamiales	3F4	Verbenaceae	TMFZP	Lantana	99F9H	Lantana trifolia	6NWPG	
8T2BR	Tassadia subulata (Vell.) Fontella & E.A.Schwarz	8TKFF	Orthosia subulata (Vell.) Liede & Meve	2	SPECIES	SYNONYM	Plantae	P	Tracheophyta	TP	Magnoliopsida	MG	Gentianales	39D	Apocynaceae	6L2	Orthosia	63GXJ	Orthosia subulata	8TKFF	
3ZWNG	Merremia umbellata (L.) Hallier fil.	5X8QW	Camonea umbellata (L.) A.R.Simões & Staples	1	SPECIES	SYNONYM	Plantae	P	Tracheophyta	TP	Magnoliopsida	MG	Solanales	43W	Convolvulaceae	8J9	Camonea	62L42	Camonea umbellata	5X8QW	
4X2JV	Setaria poiretiana (Schult.) Kunth	4X2JV	Setaria poiretiana (Schult.) Kunth	2	SPECIES	ACCEPTED	Plantae	P	Tracheophyta	TP	Liliopsida	L2L	Poales	627VM	Poaceae	627FW	Setaria	8W3JT	Setaria poiretiana	4X2JV	
BMKYL	Ruellia macrantha (Nees) Hiern	BMKYL	Ruellia macrantha (Nees) Hiern	1	SPECIES	ACCEPTED	Plantae	P	Tracheophyta	TP	Magnoliopsida	MG	Lamiales	3F4	Acanthaceae	62332	Ruellia	63RJB	Ruellia macrantha	BMKYL	
ZQ3Y	Croton floribundus Spreng.	ZQ3Y	Croton floribundus Spreng.	1	SPECIES	ACCEPTED	Plantae	P	Tracheophyta	TP	Magnoliopsida	MG	Malpighiales	MLP	Euphorbiaceae	N7XM4	Croton	8VWKB	Croton floribundus	ZQ3Y	
4QZQ6	Qualea parviflora Mart.	4QZQ6	Qualea parviflora Mart.	1	SPECIES	ACCEPTED	Plantae	P	Tracheophyta	TP	Magnoliopsida	MG	Myrtales	3LY	Vochysiaceae	HV2	Qualea	76DR	Qualea parviflora	4QZQ6	
62WJ5	Ilex L.L.	62WJ5	Ilex L.L.	1	GENUS	ACCEPTED	Plantae	P	Tracheophyta	TP	Magnoliopsida	MG	Aquifoliales	QG	Aquifoliaceae	6LY	Ilex	62WJ5			
4Y2M3	Solanum granulosoleprosum Dunal	4Y2M3	Solanum granulosoleprosum Dunal	1	SPECIES	ACCEPTED	Plantae	P	Tracheophyta	TP	Magnoliopsida	MG	Solanales	43W	Solanaceae	626XM	Solanum	63SD9	Solanum granulosoleprosum	4Y2M3	LC
8W3HF	Sebastiania Spreng.	8W3HF	Sebastiania Spreng.	1	GENUS	ACCEPTED	Plantae	P	Tracheophyta	TP	Magnoliopsida	MG	Malpighiales	MLP	Euphorbiaceae	N7XM4	Sebastiania	8W3HF			
7WDBC	Ocotea odorifera (Vell.) Rohwer	7W8FH	Mespilodaphne quixos (Lam.) Rohwer	1	SPECIES	SYNONYM	Plantae	P	Tracheophyta	TP	Magnoliopsida	MG	Laurales	3F8	Lauraceae	BTB	Mespilodaphne	7PNVW	Mespilodaphne quixos	7W8FH	
34R4R	Dendropanax cuneatus (DC.) Decne. & Planch.	34R4R	Dendropanax cuneatus (DC.) Decne. & Planch.	1	SPECIES	ACCEPTED	Plantae	P	Tracheophyta	TP	Magnoliopsida	MG	Apiales	B7VXH	Araliaceae	B7VYB	Dendropanax	8VWTD	Dendropanax cuneatus	34R4R	LC
595R8	Triumfetta semitriloba Jacq.	595R8	Triumfetta semitriloba Jacq.	1	SPECIES	ACCEPTED	Plantae	P	Tracheophyta	TP	Magnoliopsida	MG	Malvales	3HP	Malvaceae	CDB	Triumfetta	82N4	Triumfetta semitriloba	595R8	LC
69FF9	Cattleya cernua (Lindl.) Van den Berg	69FF9	Cattleya cernua (Lindl.) Van den Berg	1	SPECIES	ACCEPTED	Plantae	P	Tracheophyta	TP	Liliopsida	L2L	Asparagales	SP	Orchidaceae	DPL	Cattleya	8VW29	Cattleya cernua	69FF9	
76L74	Pentacalia desiderabilis (Velloso) Cuatrec.	76L74	Pentacalia desiderabilis (Velloso) Cuatrec.	1	SPECIES	ACCEPTED	Plantae	P	Tracheophyta	TP	Magnoliopsida	MG	Asterales	ST	Asteraceae	622TP	Pentacalia	6KQ5	Pentacalia desiderabilis	76L74	
764ZT	Parodiolyra micrantha (Kunth) Davidse & Zuloaga	9V568	Taquara micrantha (Kunth) I.L.C.Oliveira & R.P.Oliveira	1	SPECIES	SYNONYM	Plantae	P	Tracheophyta	TP	Liliopsida	L2L	Poales	627VM	Poaceae	627FW	Taquara	9K444	Taquara micrantha	9V568	
629T3	Amorimia W.R.Anderson	629T3	Amorimia W.R.Anderson	3	GENUS	ACCEPTED	Plantae	P	Tracheophyta	TP	Magnoliopsida	MG	Malpighiales	MLP	Malpighiaceae	CD9	Amorimia	629T3			
9CM5R	Swartzia Schreb.	9CM5R	Swartzia Schreb.	1	GENUS	ACCEPTED	Plantae	P	Tracheophyta	TP	Magnoliopsida	MG	Fabales	383	Fabaceae	623QT	Swartzia	9CM5R			
6N6D	Phenax Wedd.	6N6D	Phenax Wedd.	1	GENUS	ACCEPTED	Plantae	P	Tracheophyta	TP	Magnoliopsida	MG	Rosales	3Z6	Urticaceae	HQS	Phenax	6N6D			
6GSYX	Esenbeckia febrifuga (A.St.-Hil.) A.Juss. ex Mart.	6GSYX	Esenbeckia febrifuga (A.St.-Hil.) A.Juss. ex Mart.	2	SPECIES	ACCEPTED	Plantae	P	Tracheophyta	TP	Magnoliopsida	MG	Sapindales	3ZY	Rutaceae	626WT	Esenbeckia	62RDJ	Esenbeckia febrifuga	6GSYX	
4TJMG	Rubus brasiliensis Mart.	CRDY4	Rubus neobrasiliensis Espinel-Ortiz, Böhnert, Romol. & Weigend	1	SPECIES	SYNONYM	Plantae	P	Tracheophyta	TP	Magnoliopsida	MG	Rosales	3Z6	Rosaceae	FTK	Rubus	643JJ	Rubus neobrasiliensis	CRDY4	
QDCQ	Campomanesia guaviroba (DC.) Kiaersk.	QDCP	Campomanesia guaviroba (DC.) Bertoni	1	SPECIES	SYNONYM	Plantae	P	Tracheophyta	TP	Magnoliopsida	MG	Myrtales	3LY	Myrtaceae	D48	Campomanesia	3GG9	Campomanesia guaviroba	QDCP	
349GH	Dasyphyllum vagans (Gardner) Cabrera	349GH	Dasyphyllum vagans (Gardner) Cabrera	1	SPECIES	ACCEPTED	Plantae	P	Tracheophyta	TP	Magnoliopsida	MG	Asterales	ST	Asteraceae	622TP	Dasyphyllum	423X	Dasyphyllum vagans	349GH	
5WH5	Myrcia DC. ex Guill.	5WH5	Myrcia DC. ex Guill.	1	GENUS	ACCEPTED	Plantae	P	Tracheophyta	TP	Magnoliopsida	MG	Myrtales	3LY	Myrtaceae	D48	Myrcia	5WH5			
3M24	Chamaeranthemum Nees	3M24	Chamaeranthemum Nees	1	GENUS	ACCEPTED	Plantae	P	Tracheophyta	TP	Magnoliopsida	MG	Lamiales	3F4	Acanthaceae	62332	Chamaeranthemum	3M24			
6F4HB	Elephantopus mollis Kunth	6F4HB	Elephantopus mollis Kunth	1	SPECIES	ACCEPTED	Plantae	P	Tracheophyta	TP	Magnoliopsida	MG	Asterales	ST	Asteraceae	622TP	Elephantopus	632HF	Elephantopus mollis	6F4HB	
3PPJ5	Inga cylindrica (Vell.) Mart.	3PPJ5	Inga cylindrica (Vell.) Mart.	1	SPECIES	ACCEPTED	Plantae	P	Tracheophyta	TP	Magnoliopsida	MG	Fabales	383	Fabaceae	623QT	Inga	9CL35	Inga cylindrica	3PPJ5	LC
374KN	Dolichandra unguis-cati (L.) L.G.Lohmann	374KN	Dolichandra unguis-cati (L.) L.G.Lohmann	2	SPECIES	ACCEPTED	Plantae	P	Tracheophyta	TP	Magnoliopsida	MG	Lamiales	3F4	Bignoniaceae	77P	Dolichandra	6336K	Dolichandra unguis-cati	374KN	
8RTV	Acalypha communis Müll.Arg.	8RTV	Acalypha communis Müll.Arg.	1	SPECIES	ACCEPTED	Plantae	P	Tracheophyta	TP	Magnoliopsida	MG	Malpighiales	MLP	Euphorbiaceae	N7XM4	Acalypha	8VT5Y	Acalypha communis	8RTV	
N8RG	Bredemeyera floribunda Willd.	N8RG	Bredemeyera floribunda Willd.	1	SPECIES	ACCEPTED	Plantae	P	Tracheophyta	TP	Magnoliopsida	MG	Fabales	383	Polygalaceae	627KC	Bredemeyera	3CY8	Bredemeyera floribunda	N8RG	LC
62332	Acanthaceae Juss.	62332	Acanthaceae Juss.	2	FAMILY	ACCEPTED	Plantae	P	Tracheophyta	TP	Magnoliopsida	MG	Lamiales	3F4	Acanthaceae	62332					
8X853	Thaumatophyllum bipinnatifidum (Schott ex Endl.) Sakur., Calazans & Mayo	4G7VW	Philodendron bipinnatifidum Schott ex Endl.	1	SPECIES	SYNONYM	Plantae	P	Tracheophyta	TP	Liliopsida	L2L	Alismatales	62287	Araceae	6M4	Philodendron	8W2BX	Philodendron bipinnatifidum	4G7VW	
7XLWQ	Oncidium pumilum Lindl.	7D2K5	Trichocentrum pumilum (Lindl.) M.W.Chase & N.H.Williams	1	SPECIES	SYNONYM	Plantae	P	Tracheophyta	TP	Liliopsida	L2L	Asparagales	SP	Orchidaceae	DPL	Trichocentrum	8W4BM	Trichocentrum pumilum	7D2K5	
64L7J	Acmella brachyglossa Cass.	64L7J	Acmella brachyglossa Cass.	1	SPECIES	ACCEPTED	Plantae	P	Tracheophyta	TP	Magnoliopsida	MG	Asterales	ST	Asteraceae	622TP	Acmella	N37	Acmella brachyglossa	64L7J	
3CVSJ	Euploca procumbens (Mill.) Diane & Hilger	3CVSJ	Euploca procumbens (Mill.) Diane & Hilger	1	SPECIES	ACCEPTED	Plantae	P	Tracheophyta	TP	Magnoliopsida	MG	Boraginales	TW	Heliotropiaceae	6253L	Euploca	4GDN	Euploca procumbens	3CVSJ	LC
55G6Y	Terminalia glabrescens Mart.	55G6Y	Terminalia glabrescens Mart.	1	SPECIES	ACCEPTED	Plantae	P	Tracheophyta	TP	Magnoliopsida	MG	Myrtales	3LY	Combretaceae	8GM	Terminalia	647GM	Terminalia glabrescens	55G6Y	
345V	Aspilia Thouars	345V	Aspilia Thouars	1	GENUS	ACCEPTED	Plantae	P	Tracheophyta	TP	Magnoliopsida	MG	Asterales	ST	Asteraceae	622TP	Aspilia	345V			
4ZSSF	Stemodia verticillata (Mill.) Hassl.	4ZSSF	Stemodia verticillata (Mill.) Hassl.	2	SPECIES	ACCEPTED	Plantae	P	Tracheophyta	TP	Magnoliopsida	MG	Lamiales	3F4	Plantaginaceae	6262K	Stemodia	7MCB	Stemodia verticillata	4ZSSF	
4WP8K	Senna cernua (Balb.) H.S.Irwin & Barneby	4WP8K	Senna cernua (Balb.) H.S.Irwin & Barneby	1	SPECIES	ACCEPTED	Plantae	P	Tracheophyta	TP	Magnoliopsida	MG	Fabales	383	Fabaceae	623QT	Senna	9CM2K	Senna cernua	4WP8K	
6JPH	Paullinia L.	6JPH	Paullinia L.	1	GENUS	ACCEPTED	Plantae	P	Tracheophyta	TP	Magnoliopsida	MG	Sapindales	3ZY	Sapindaceae	FY3	Paullinia	6JPH			
9VH	Erythroxylaceae Kunth	9VH	Erythroxylaceae Kunth	1	FAMILY	ACCEPTED	Plantae	P	Tracheophyta	TP	Magnoliopsida	MG	Malpighiales	MLP	Erythroxylaceae	9VH					
5WFZL	Bauhinia longifolia (Bong.) Steud.	5WFZL	Bauhinia longifolia (Bong.) Steud.	1	SPECIES	ACCEPTED	Plantae	P	Tracheophyta	TP	Magnoliopsida	MG	Fabales	383	Fabaceae	623QT	Bauhinia	9CK4T	Bauhinia longifolia	5WFZL	LC
K7S3	Baccharis trinervis (Lam.) Pers.	K7S3	Baccharis trinervis (Lam.) Pers.	1	SPECIES	ACCEPTED	Plantae	P	Tracheophyta	TP	Magnoliopsida	MG	Asterales	ST	Asteraceae	622TP	Baccharis	372Q	Baccharis trinervis	K7S3	DD
6K5W	Peixotoa A.Juss.	6K5W	Peixotoa A.Juss.	1	GENUS	ACCEPTED	Plantae	P	Tracheophyta	TP	Magnoliopsida	MG	Malpighiales	MLP	Malpighiaceae	CD9	Peixotoa	6K5W			
ZQZM	Croton rottlerifolius Baill.	ZQZM	Croton rottlerifolius Baill.	1	SPECIES	ACCEPTED	Plantae	P	Tracheophyta	TP	Magnoliopsida	MG	Malpighiales	MLP	Euphorbiaceae	N7XM4	Croton	8VWKB	Croton rottlerifolius	ZQZM	
349FF	Dasyphyllum brasiliense (Spreng.) Cabrera	349FF	Dasyphyllum brasiliense (Spreng.) Cabrera	1	SPECIES	ACCEPTED	Plantae	P	Tracheophyta	TP	Magnoliopsida	MG	Asterales	ST	Asteraceae	622TP	Dasyphyllum	423X	Dasyphyllum brasiliense	349FF	LC
3T76H	Leonurus japonicus Houtt.	V2PLY	Paraleonurus japonicus (Houtt.) M.L.Qian, Y.P.Chen & C.L.Xiang	1	SPECIES	AMBIGUOUS_SYNONYM	Plantae	P	Tracheophyta	TP	Magnoliopsida	MG	Lamiales	3F4	Lamiaceae	PR82T	Paraleonurus	V2PF4	Paraleonurus japonicus	V2PLY	
7W5F3	Oncidium cebolleta (Jacq.) Sw.	7CQGX	Trichocentrum cebolleta (Jacq.) M.W.Chase & N.H.Williams	1	SPECIES	SYNONYM	Plantae	P	Tracheophyta	TP	Liliopsida	L2L	Asparagales	SP	Orchidaceae	DPL	Trichocentrum	8W4BM	Trichocentrum cebolleta	7CQGX	
VLMJ5	Talinum patens Juss.	54LM4	Talinum paniculatum (Jacq.) Gaertn.	2	SPECIES	SYNONYM	Plantae	P	Tracheophyta	TP	Magnoliopsida	MG	Caryophyllales	VW	Talinaceae	GWJ	Talinum	7S7R	Talinum paniculatum	54LM4	
7FQ5C	Vernonanthura polyanthes (Spreng.) A.J.Vega & Dematt.	7FQ5C	Vernonanthura polyanthes (Spreng.) A.J.Vega & Dematt.	2	SPECIES	ACCEPTED	Plantae	P	Tracheophyta	TP	Magnoliopsida	MG	Asterales	ST	Asteraceae	622TP	Vernonanthura	647MG	Vernonanthura polyanthes	7FQ5C	
VKZM	Cissus simsiana Roem. & Schult.	BRK87	Clematicissus pruinata (Weinm.) C.A.Zanotti & Panizza	1	SPECIES	SYNONYM	Plantae	P	Tracheophyta	TP	Magnoliopsida	MG	Vitales	6237J	Vitaceae	6273G	Clematicissus	3QT9	Clematicissus pruinata	BRK87	
LSHR	Bidens riparia Kunth	LSHR	Bidens riparia Kunth	1	SPECIES	ACCEPTED	Plantae	P	Tracheophyta	TP	Magnoliopsida	MG	Asterales	ST	Asteraceae	622TP	Bidens	62GF8	Bidens riparia	LSHR	
77F47	Phyllanthus klotzschianus Müll.Arg.	77F47	Phyllanthus klotzschianus Müll.Arg.	1	SPECIES	ACCEPTED	Plantae	P	Tracheophyta	TP	Magnoliopsida	MG	Malpighiales	MLP	Phyllanthaceae	RCXBV	Phyllanthus	8VSF4	Phyllanthus klotzschianus	77F47	
TKMT	Chamaeranthemum beyrichii Nees	TKMT	Chamaeranthemum beyrichii Nees	1	SPECIES	ACCEPTED	Plantae	P	Tracheophyta	TP	Magnoliopsida	MG	Lamiales	3F4	Acanthaceae	62332	Chamaeranthemum	3M24	Chamaeranthemum beyrichii	TKMT	
5BK63	Virola sebifera Aubl.	5BK63	Virola sebifera Aubl.	1	SPECIES	ACCEPTED	Plantae	P	Tracheophyta	TP	Magnoliopsida	MG	Magnoliales	3HL	Myristicaceae	D3Q	Virola	63VP2	Virola sebifera	5BK63	LC
6599K	Aegiphila lhotzkiana Cham.	658PP	Aegiphila verticillata Vell.	1	SPECIES	SYNONYM	Plantae	P	Tracheophyta	TP	Magnoliopsida	MG	Lamiales	3F4	Lamiaceae	PR82T	Aegiphila	8VTC4	Aegiphila verticillata	658PP	
5GGSC	Cissus erosa subsp. erosa	5GGSC	Cissus erosa subsp. erosa	1	SUBSPECIES	ACCEPTED	Plantae	P	Tracheophyta	TP	Magnoliopsida	MG	Vitales	6237J	Vitaceae	6273G	Cissus	62LDS	Cissus erosa	VKHQ	
64GNP	Acianthera aphthosa (Lindl.) Pridgeon & M.W.Chase	64GNP	Acianthera aphthosa (Lindl.) Pridgeon & M.W.Chase	1	SPECIES	ACCEPTED	Plantae	P	Tracheophyta	TP	Liliopsida	L2L	Asparagales	SP	Orchidaceae	DPL	Acianthera	8VT74	Acianthera aphthosa	64GNP	
4WPV	Heteropterys Kunth	4WPV	Heteropterys Kunth	2	GENUS	ACCEPTED	Plantae	P	Tracheophyta	TP	Magnoliopsida	MG	Malpighiales	MLP	Malpighiaceae	CD9	Heteropterys	4WPV			
3S7LS	Lantana canescens Kunth	3S7LS	Lantana canescens Kunth	1	SPECIES	ACCEPTED	Plantae	P	Tracheophyta	TP	Magnoliopsida	MG	Lamiales	3F4	Verbenaceae	TMFZP	Lantana	99F9H	Lantana canescens	3S7LS	
63RJB	Ruellia Plum. ex L.	63RJB	Ruellia Plum. ex L.	1	GENUS	ACCEPTED	Plantae	P	Tracheophyta	TP	Magnoliopsida	MG	Lamiales	3F4	Acanthaceae	62332	Ruellia	63RJB			
3LCYG	Heteropterys dumetorum (Griseb.) Nied.	3LCYG	Heteropterys dumetorum (Griseb.) Nied.	1	SPECIES	ACCEPTED	Plantae	P	Tracheophyta	TP	Magnoliopsida	MG	Malpighiales	MLP	Malpighiaceae	CD9	Heteropterys	4WPV	Heteropterys dumetorum	3LCYG	
3BD9M	Erythrina dominguezii Hassl.	3BDCJ	Erythrina mulungu Mart. ex Benth.	1	SPECIES	SYNONYM	Plantae	P	Tracheophyta	TP	Magnoliopsida	MG	Fabales	383	Fabaceae	623QT	Erythrina	9CKRG	Erythrina mulungu	3BDCJ	
6MFWS	Humiria balsamifera (Aubl.) A.St.-Hil.	6MFWS	Humiria balsamifera (Aubl.) A.St.-Hil.	1	SPECIES	ACCEPTED	Plantae	P	Tracheophyta	TP	Magnoliopsida	MG	Malpighiales	MLP	Humiriaceae	B6W	Humiria	636YC	Humiria balsamifera	6MFWS	
4M7DQ	Pouteria brachyandra (Aubrév. & Pellegr.) T.D.Penn.	CDMP7	Lucuma brachyandra (Aubrév. & Pellegr.) Swenson	1	SPECIES	SYNONYM	Plantae	P	Tracheophyta	TP	Magnoliopsida	MG	Ericales	625QY	Sapotaceae	SMQQD	Lucuma	8WHDB	Lucuma brachyandra	CDMP7	
56V8R	Tibouchina candolleana (DC.) Cogn.	4K93F	Pleroma candolleanum (DC.) Triana	1	SPECIES	SYNONYM	Plantae	P	Tracheophyta	TP	Magnoliopsida	MG	Myrtales	3LY	Melastomataceae	CK9	Pleroma	6SJD	Pleroma candolleanum	4K93F	
6JGB	Passiflora L.	6JGB	Passiflora L.	1	GENUS	ACCEPTED	Plantae	P	Tracheophyta	TP	Magnoliopsida	MG	Malpighiales	MLP	Passifloraceae	626DD	Passiflora	6JGB			
499L7	Olyra latifolia L.	499L7	Olyra latifolia L.	1	SPECIES	ACCEPTED	Plantae	P	Tracheophyta	TP	Liliopsida	L2L	Poales	627VM	Poaceae	627FW	Olyra	8VZVJ	Olyra latifolia	499L7	
3SRG	Combretum Loefl.	3SRG	Combretum Loefl.	1	GENUS	ACCEPTED	Plantae	P	Tracheophyta	TP	Magnoliopsida	MG	Myrtales	3LY	Combretaceae	8GM	Combretum	3SRG			
6N96S	Ipomoea indica (Burm.) Merr.	6N96S	Ipomoea indica (Burm.) Merr.	1	SPECIES	ACCEPTED	Plantae	P	Tracheophyta	TP	Magnoliopsida	MG	Solanales	43W	Convolvulaceae	8J9	Ipomoea	62WB5	Ipomoea indica	6N96S	
MWFX4	Croton rottleraefolius Baill.	ZQZM	Croton rottlerifolius Baill.	1	SPECIES	SYNONYM	Plantae	P	Tracheophyta	TP	Magnoliopsida	MG	Malpighiales	MLP	Euphorbiaceae	N7XM4	Croton	8VWKB	Croton rottlerifolius	ZQZM	
7KYL	Spigelia L.	7KYL	Spigelia L.	1	GENUS	ACCEPTED	Plantae	P	Tracheophyta	TP	Magnoliopsida	MG	Gentianales	39D	Loganiaceae	C5Z	Spigelia	7KYL			
3JJRL	Handroanthus heptaphyllus (Vell.) Mattos	3JJRL	Handroanthus heptaphyllus (Vell.) Mattos	1	SPECIES	ACCEPTED	Plantae	P	Tracheophyta	TP	Magnoliopsida	MG	Lamiales	3F4	Bignoniaceae	77P	Handroanthus	4T83	Handroanthus heptaphyllus	3JJRL	LC
3XV26	Manihot anomala Pohl	3XV26	Manihot anomala Pohl	1	SPECIES	ACCEPTED	Plantae	P	Tracheophyta	TP	Magnoliopsida	MG	Malpighiales	MLP	Euphorbiaceae	N7XM4	Manihot	8VZ5C	Manihot anomala	3XV26	LC
76PH5	Peperomia alata Ruiz & Pav.	76PH5	Peperomia alata Ruiz & Pav.	1	SPECIES	ACCEPTED	Plantae	P	Tracheophyta	TP	Magnoliopsida	MG	Piperales	623FG	Piperaceae	625NL	Peperomia	6KXF	Peperomia alata	76PH5	
9CM2K	Senna Mill.	9CM2K	Senna Mill.	1	GENUS	ACCEPTED	Plantae	P	Tracheophyta	TP	Magnoliopsida	MG	Fabales	383	Fabaceae	623QT	Senna	9CM2K			
65336	Adenocalymma bracteatum (Cham.) DC.	65336	Adenocalymma bracteatum (Cham.) DC.	1	SPECIES	ACCEPTED	Plantae	P	Tracheophyta	TP	Magnoliopsida	MG	Lamiales	3F4	Bignoniaceae	77P	Adenocalymma	C8RNZ	Adenocalymma bracteatum	65336	
647MG	Vernonanthura H.Rob.	647MG	Vernonanthura H.Rob.	1	GENUS	ACCEPTED	Plantae	P	Tracheophyta	TP	Magnoliopsida	MG	Asterales	ST	Asteraceae	622TP	Vernonanthura	647MG			
4NQ3W	Pseudobombax grandiflorum (Cav.) A.Robyns	4NQ3W	Pseudobombax grandiflorum (Cav.) A.Robyns	1	SPECIES	ACCEPTED	Plantae	P	Tracheophyta	TP	Magnoliopsida	MG	Malvales	3HP	Malvaceae	CDB	Pseudobombax	6ZC5	Pseudobombax grandiflorum	4NQ3W	LC
RSXM	Catasetum fimbriatum (C.Morren) Lindl.	RSXM	Catasetum fimbriatum (C.Morren) Lindl.	1	SPECIES	ACCEPTED	Plantae	P	Tracheophyta	TP	Liliopsida	L2L	Asparagales	SP	Orchidaceae	DPL	Catasetum	8VW22	Catasetum fimbriatum	RSXM	
6G4D9	Epidendrum campaccii Hágsater & L.Sánchez	6FS68	Epidendrum pseudodifforme Hoehne & Schltr.	1	SPECIES	SYNONYM	Plantae	P	Tracheophyta	TP	Liliopsida	L2L	Asparagales	SP	Orchidaceae	DPL	Epidendrum	8VXDM	Epidendrum pseudodifforme	6FS68	
644RP	Sinningia Nees	644RP	Sinningia Nees	1	GENUS	ACCEPTED	Plantae	P	Tracheophyta	TP	Magnoliopsida	MG	Lamiales	3F4	Gesneriaceae	623G4	Sinningia	644RP			
74HWB	Oeceoclades maculata (Lindl.) Lindl.	7W4P6	Eulophia maculata (Lindl.) Rchb.f.	1	SPECIES	SYNONYM	Plantae	P	Tracheophyta	TP	Liliopsida	L2L	Asparagales	SP	Orchidaceae	DPL	Eulophia	8VXKD	Eulophia maculata	7W4P6	
62VCK	Heliotropium L.	62VCK	Heliotropium L.	1	GENUS	ACCEPTED	Plantae	P	Tracheophyta	TP	Magnoliopsida	MG	Boraginales	TW	Heliotropiaceae	6253L	Heliotropium	62VCK			
ZRBN	Croton triqueter Lam.	ZRBN	Croton triqueter Lam.	1	SPECIES	ACCEPTED	Plantae	P	Tracheophyta	TP	Magnoliopsida	MG	Malpighiales	MLP	Euphorbiaceae	N7XM4	Croton	8VWKB	Croton triqueter	ZRBN	
6G44S	Epidendrum paniculatum Ruiz & Pav.	6G44S	Epidendrum paniculatum Ruiz & Pav.	1	SPECIES	ACCEPTED	Plantae	P	Tracheophyta	TP	Liliopsida	L2L	Asparagales	SP	Orchidaceae	DPL	Epidendrum	8VXDM	Epidendrum paniculatum	6G44S	DD
33D4P	Cyperus pearcei C.B.Clarke	33D4P	Cyperus pearcei C.B.Clarke	1	SPECIES	ACCEPTED	Plantae	P	Tracheophyta	TP	Liliopsida	L2L	Poales	627VM	Cyperaceae	8W5	Cyperus	8VWNX	Cyperus pearcei	33D4P	
